-- begin_signature
-- Piece_ROM
-- end_signature
WIDTH=24;
DEPTH=4900;

ADDRESS_RADIX=UNS;
DATA_RADIX=BIN;

CONTENT BEGIN
	4899 :	000000000000000101101010;
	4898 :	000000000000000001101011;
	4897 :	000000000000000001101011;
	4896 :	000000000000000001101011;
	4895 :	000011000000110011111011;
	4894 :	000011000000110111111011;
	4893 :	000011000000110011111011;
	4892 :	000011000000110111111011;
	4891 :	000011000000110011111011;
	4890 :	000011000000110011111011;
	4889 :	000011000000110111111011;
	4888 :	000011000000110011111011;
	4887 :	000011000000110011111010;
	4886 :	000011010000110111111011;
	4885 :	000011000000110011111011;
	4884 :	000011010000110011111011;
	4883 :	000011010000110011111011;
	4882 :	000011000000110011111011;
	4881 :	000011010000110011111011;
	4880 :	000011000000110011111011;
	4879 :	000011000000110011111010;
	4878 :	000011000000110011111011;
	4877 :	000011000000110011111011;
	4876 :	000011000000110011111011;
	4875 :	000011000000110111111011;
	4874 :	000011000000110011111010;
	4873 :	000011000000110011111010;
	4872 :	000011000000110011111011;
	4871 :	000011000000110011111011;
	4870 :	000011000000110011111011;
	4869 :	000011000000110011111011;
	4868 :	000011000000110011111011;
	4867 :	000011010000110011111011;
	4866 :	000011010000110111111011;
	4865 :	000011000000110011111011;
	4864 :	000011000000110111111011;
	4863 :	000011000000110011111011;
	4862 :	000011010000110011111011;
	4861 :	000011000000110011111011;
	4860 :	000011000000110011111011;
	4859 :	000011010000110111111011;
	4858 :	000011000000110111111011;
	4857 :	000011000000110011111011;
	4856 :	000011000000110111111011;
	4855 :	000011000000110011111011;
	4854 :	000011000000110011111011;
	4853 :	000011000000110011111011;
	4852 :	000011000000110011111011;
	4851 :	000011000000110011111010;
	4850 :	000011010000110011111011;
	4849 :	000011000000110011111011;
	4848 :	000011000000110111111011;
	4847 :	000011000000110011111011;
	4846 :	000011000000110011111010;
	4845 :	000011000000110011111011;
	4844 :	000011000000110111111011;
	4843 :	000011000000110011111011;
	4842 :	000011000000110011111011;
	4841 :	000011000000110011111011;
	4840 :	000011000000110111111011;
	4839 :	000011000000110011111010;
	4838 :	000011000000110011111011;
	4837 :	000011000000110011111011;
	4836 :	000011000000110011111011;
	4835 :	000011000000110011111011;
	4834 :	000011000000110111111011;
	4833 :	000000000000000001101011;
	4832 :	000000000000000001101011;
	4831 :	000000000000000001101011;
	4830 :	000000000000000001101011;
	4829 :	000000000000000001101011;
	4828 :	000000000000000101101011;
	4827 :	000000000000000101101011;
	4826 :	000000000000000101101011;
	4825 :	000011000000110011111011;
	4824 :	000011000000110011111011;
	4823 :	000011000000110011111011;
	4822 :	000011000000110011111011;
	4821 :	000011000000110011111011;
	4820 :	000011000000110011111011;
	4819 :	000011000000110111111011;
	4818 :	000011000000110111111011;
	4817 :	000011000000110111111011;
	4816 :	000011000000110011111011;
	4815 :	000011000000110011111011;
	4814 :	000011000000110011111011;
	4813 :	000011010000110011111010;
	4812 :	000011000000110011111011;
	4811 :	000011000000110011111011;
	4810 :	000011000000110011111011;
	4809 :	000011000000110011111011;
	4808 :	000011000000110011111011;
	4807 :	000011000000110011111011;
	4806 :	000011010000110011111011;
	4805 :	000011000000110011111011;
	4804 :	000011000000110011111011;
	4803 :	000011000000110111111011;
	4802 :	000011010000110011111011;
	4801 :	000011000000110111111011;
	4800 :	000011010000110011111011;
	4799 :	000011000000110111111011;
	4798 :	000011000000110011111011;
	4797 :	000011000000110111111011;
	4796 :	000011000000110011111011;
	4795 :	000011000000110011111011;
	4794 :	000011000000110011111011;
	4793 :	000011000000110011111011;
	4792 :	000011000000110011111011;
	4791 :	000011000000110011111011;
	4790 :	000011000000110111111011;
	4789 :	000011000000110011111011;
	4788 :	000011000000110011111011;
	4787 :	000011000000110011111011;
	4786 :	000011000000110011111011;
	4785 :	000011000000110011111011;
	4784 :	000011000000110011111011;
	4783 :	000011000000110011111011;
	4782 :	000011000000110011111011;
	4781 :	000011000000110011111011;
	4780 :	000011000000110011111011;
	4779 :	000011000000110011111011;
	4778 :	000011000000110011111011;
	4777 :	000011000000110011111010;
	4776 :	000011000000110011111011;
	4775 :	000011000000110011111011;
	4774 :	000011000000110011111011;
	4773 :	000011000000110011111011;
	4772 :	000011000000110011111011;
	4771 :	000011000000110011111011;
	4770 :	000011000000110011111011;
	4769 :	000011000000110111111011;
	4768 :	000011010000110011111011;
	4767 :	000011000000110011111011;
	4766 :	000011000000110011111011;
	4765 :	000011000000110011111011;
	4764 :	000011000000110011111011;
	4763 :	000000000000000001101011;
	4762 :	000000000000000101101011;
	4761 :	000000000000000001101011;
	4760 :	000000000000000001101011;
	4759 :	000000000000000001101011;
	4758 :	000000000000000001101011;
	4757 :	000000000000000001101011;
	4756 :	000000000000000001101011;
	4755 :	000011000000110111111011;
	4754 :	000011010000110011111011;
	4753 :	000011000000110011111011;
	4752 :	000011000000110011111011;
	4751 :	000011000000110011111011;
	4750 :	000011000000110011111011;
	4749 :	000011000000110011111011;
	4748 :	000011000000110011111011;
	4747 :	000011000000110011111011;
	4746 :	000011000000110011111011;
	4745 :	000011000000110011111011;
	4744 :	000011000000110011111011;
	4743 :	000011000000110011111011;
	4742 :	000011000000110111111011;
	4741 :	000011000000110111111011;
	4740 :	000011000000110011111011;
	4739 :	000011000000110011111010;
	4738 :	000011010000110011111011;
	4737 :	000011000000110011111011;
	4736 :	000011000000110011111011;
	4735 :	000011010000110011111011;
	4734 :	000011000000110011111010;
	4733 :	000011000000110111111011;
	4732 :	000011000000110011111011;
	4731 :	000011000000110011111011;
	4730 :	000011000000110011111011;
	4729 :	000011000000110011111011;
	4728 :	000011000000110011111011;
	4727 :	000011010000110011111011;
	4726 :	000011000000110011111011;
	4725 :	000011000000110011111011;
	4724 :	000011000000110011111011;
	4723 :	000011000000110011111011;
	4722 :	000011000000110011111011;
	4721 :	000011000000110011111011;
	4720 :	000011000000110011111011;
	4719 :	000011000000110011111011;
	4718 :	000011000000110011111011;
	4717 :	000011000000110011111011;
	4716 :	000011000000110011111011;
	4715 :	000011000000110011111011;
	4714 :	000011000000110011111011;
	4713 :	000011000000110011111011;
	4712 :	000011000000110011111011;
	4711 :	000011010000110011111010;
	4710 :	000011000000110011111011;
	4709 :	000011000000110011111010;
	4708 :	000011000000110011111011;
	4707 :	000011000000110011111011;
	4706 :	000011000000110011111011;
	4705 :	000011010000110011111011;
	4704 :	000011000000110011111011;
	4703 :	000011000000110111111011;
	4702 :	000011000000110111111011;
	4701 :	000011000000110011111011;
	4700 :	000011000000110011111011;
	4699 :	000011000000110011111011;
	4698 :	000011000000110011111011;
	4697 :	000011000000110011111010;
	4696 :	000011000000110011111011;
	4695 :	000011000000110011111011;
	4694 :	000011000000110011111010;
	4693 :	000000010000000001101011;
	4692 :	000000010000000001101011;
	4691 :	000000000000000001101011;
	4690 :	000000000000000001101011;
	4689 :	000000000000000001101011;
	4688 :	000000000000000001101011;
	4687 :	000000000000000001101011;
	4686 :	000000010000000001101011;
	4685 :	000011000000110011111011;
	4684 :	000011000000110011111011;
	4683 :	000011000000110011111011;
	4682 :	000011000000110011111011;
	4681 :	000011000000110011111011;
	4680 :	000011000000110011111010;
	4679 :	000011000000110011111011;
	4678 :	000011000000110011111011;
	4677 :	000011010000110011111011;
	4676 :	000011000000110111111011;
	4675 :	000011000000110011111011;
	4674 :	000011000000110011111011;
	4673 :	000011000000110011111011;
	4672 :	000011000000110011111011;
	4671 :	000011000000110011111011;
	4670 :	000011000000110011111011;
	4669 :	000011010000110011111011;
	4668 :	000011000000110011111011;
	4667 :	000011010000110011111011;
	4666 :	000011000000110011111011;
	4665 :	000011000000110011111011;
	4664 :	000011000000110011111011;
	4663 :	000011000000110011111011;
	4662 :	000011000000110011111011;
	4661 :	000011000000110011111011;
	4660 :	000011000000110011111011;
	4659 :	000011000000110011111011;
	4658 :	000011010000110011111011;
	4657 :	000011000000110011111011;
	4656 :	000011000000110011111011;
	4655 :	000011010000110011111011;
	4654 :	000011000000110111111011;
	4653 :	000011000000110011111011;
	4652 :	000011000000110011111011;
	4651 :	000011000000110011111011;
	4650 :	000011000000110011111011;
	4649 :	000011000000110011111011;
	4648 :	000011000000110011111011;
	4647 :	000011000000110011111011;
	4646 :	000011000000110011111011;
	4645 :	000011000000110011111011;
	4644 :	000011000000110011111011;
	4643 :	000011010000110011111011;
	4642 :	000011000000110011111011;
	4641 :	000011000000110011111011;
	4640 :	000011010000110011111011;
	4639 :	000011000000110011111011;
	4638 :	000011010000110011111011;
	4637 :	000011000000110011111011;
	4636 :	000011000000110111111011;
	4635 :	000011000000110111111011;
	4634 :	000011010000110011111010;
	4633 :	000011000000110011111010;
	4632 :	000011000000110011111011;
	4631 :	000011000000110011111011;
	4630 :	000011000000110011111011;
	4629 :	000011000000110011111011;
	4628 :	000011000000110011111011;
	4627 :	000011000000110011111011;
	4626 :	000011010000110111111011;
	4625 :	000011000000110011111011;
	4624 :	000011000000110011111010;
	4623 :	000000000000000001101011;
	4622 :	000000000000000001101011;
	4621 :	000000000000000001101011;
	4620 :	000000000000000001101011;
	4619 :	000011000000110011111011;
	4618 :	000011000000110011111011;
	4617 :	000011000000110011111011;
	4616 :	000011000000110011111011;
	4615 :	000011000000110011111011;
	4614 :	000011000000110111111011;
	4613 :	000011000000110011111011;
	4612 :	000011000000110011111010;
	4611 :	000011000000110011111011;
	4610 :	000011000000110011111011;
	4609 :	000011000000110011111011;
	4608 :	000011000000110011111011;
	4607 :	000011000000110011111011;
	4606 :	000011010000110011111011;
	4605 :	000011000000110011111011;
	4604 :	000011000000110011111011;
	4603 :	000011000000110111111011;
	4602 :	000011000000110011111011;
	4601 :	000011000000110011111011;
	4600 :	000011000000110011111010;
	4599 :	000011000000110011111011;
	4598 :	000011000000110111111011;
	4597 :	000011000000110011111011;
	4596 :	000011000000110011111011;
	4595 :	000011000000110011111011;
	4594 :	000011000000110011111011;
	4593 :	000011000000110011111011;
	4592 :	000011000000110011111011;
	4591 :	000011000000110011111010;
	4590 :	000011000000110011111010;
	4589 :	000000000000000001101011;
	4588 :	000000000000000001101011;
	4587 :	000000000000000001101010;
	4586 :	000000000000000001101011;
	4585 :	000000000000000001101011;
	4584 :	000000000000000001101011;
	4583 :	000000000000000001101011;
	4582 :	000000000000000001101011;
	4581 :	000000000000000001101011;
	4580 :	000000000000000001101011;
	4579 :	000000000000000001101010;
	4578 :	000000000000000001101011;
	4577 :	000011010000110011111011;
	4576 :	000011000000110011111011;
	4575 :	000011000000110011111011;
	4574 :	000011000000110011111011;
	4573 :	000011000000110011111011;
	4572 :	000011000000110011111011;
	4571 :	000011000000110011111011;
	4570 :	000011000000110011111011;
	4569 :	000011000000110011111011;
	4568 :	000011000000110011111011;
	4567 :	000011000000110011111011;
	4566 :	000011000000110011111011;
	4565 :	000011000000110011111011;
	4564 :	000011000000110011111011;
	4563 :	000011000000110011111011;
	4562 :	000011000000110011111011;
	4561 :	000011000000110111111011;
	4560 :	000011000000110011111011;
	4559 :	000011000000110011111011;
	4558 :	000011000000110011111011;
	4557 :	000011010000110011111011;
	4556 :	000011000000110011111011;
	4555 :	000011000000110011111011;
	4554 :	000011000000110011111011;
	4553 :	000011000000110111111011;
	4552 :	000011000000110111111011;
	4551 :	000011000000110011111011;
	4550 :	000011000000110011111011;
	4549 :	000011000000110011111011;
	4548 :	000011000000110011111011;
	4547 :	000011000000110111111011;
	4546 :	000011000000110011111011;
	4545 :	000011010000110011111011;
	4544 :	000011000000110011111011;
	4543 :	000011000000110011111011;
	4542 :	000011000000110011111011;
	4541 :	000011000000110111111011;
	4540 :	000011000000110011111011;
	4539 :	000011010000110011111011;
	4538 :	000011000000110011111011;
	4537 :	000011000000110011111011;
	4536 :	000011000000110011111011;
	4535 :	000011000000110011111011;
	4534 :	000011000000110011111011;
	4533 :	000011000000110011111010;
	4532 :	000011000000110011111011;
	4531 :	000011000000110011111010;
	4530 :	000011000000110011111011;
	4529 :	000011000000110011111011;
	4528 :	000011000000110011111011;
	4527 :	000011000000110011111011;
	4526 :	000011000000110011111011;
	4525 :	000011000000110011111011;
	4524 :	000011010000110011111010;
	4523 :	000011000000110011111011;
	4522 :	000000000000000101101011;
	4521 :	000000000000000101101011;
	4520 :	000000000000000001101011;
	4519 :	000000000000000001101011;
	4518 :	000000000000000101101011;
	4517 :	000000000000000001101011;
	4516 :	000000000000000001101011;
	4515 :	000000000000000001101011;
	4514 :	000000000000000001101011;
	4513 :	000000000000000001101011;
	4512 :	000000000000000001101011;
	4511 :	000000000000000001101011;
	4510 :	000000000000000001101011;
	4509 :	000000000000000001101011;
	4508 :	000000000000000001101011;
	4507 :	000000000000000001101011;
	4506 :	000000010000000001101011;
	4505 :	000000000000000001101011;
	4504 :	000011000000110011111010;
	4503 :	000011000000110011111011;
	4502 :	000011000000110011111010;
	4501 :	000011000000110011111011;
	4500 :	000011000000110111111011;
	4499 :	000011000000110011111011;
	4498 :	000011000000110011111010;
	4497 :	000011000000110011111011;
	4496 :	000011000000110011111011;
	4495 :	000011000000110011111011;
	4494 :	000011000000110011111011;
	4493 :	000011000000110011111011;
	4492 :	000011000000110011111011;
	4491 :	000011010000110011111011;
	4490 :	000011000000110011111011;
	4489 :	000011000000110011111011;
	4488 :	000011000000110011111010;
	4487 :	000011000000110011111011;
	4486 :	000011000000110011111011;
	4485 :	000011000000110011111010;
	4484 :	000011000000110011111011;
	4483 :	000011000000110011111011;
	4482 :	000011000000110011111011;
	4481 :	000011000000110011111011;
	4480 :	000011000000110011111011;
	4479 :	000011000000110011111011;
	4478 :	000011000000110011111011;
	4477 :	000011000000110011111011;
	4476 :	000011000000110011111011;
	4475 :	000011000000110011111011;
	4474 :	000011000000110011111011;
	4473 :	000011000000110011111011;
	4472 :	000011000000110011111011;
	4471 :	000011010000110011111011;
	4470 :	000011000000110011111011;
	4469 :	000011000000110011111011;
	4468 :	000011000000110011111011;
	4467 :	000011000000110011111011;
	4466 :	000011000000110011111011;
	4465 :	000011010000110011111011;
	4464 :	000011000000110011111011;
	4463 :	000011000000110011111011;
	4462 :	000011000000110011111011;
	4461 :	000011000000110011111011;
	4460 :	000011000000110011111010;
	4459 :	000011000000110011111011;
	4458 :	000011010000110011111011;
	4457 :	000011000000110011111010;
	4456 :	000011000000110011111011;
	4455 :	000000000000000001101011;
	4454 :	000000000000000001101010;
	4453 :	000000000000000001101011;
	4452 :	000000000000000001101011;
	4451 :	000000000000000001101011;
	4450 :	000000000000000001101011;
	4449 :	000000000000000101101011;
	4448 :	000000000000000001101011;
	4447 :	000000000000000001101011;
	4446 :	000000000000000001101011;
	4445 :	000000000000000001101011;
	4444 :	000000000000000001101011;
	4443 :	000000000000000001101011;
	4442 :	000000000000000001101011;
	4441 :	000000000000000001101011;
	4440 :	000000000000000001101011;
	4439 :	000000010000000001101011;
	4438 :	000000000000000001101011;
	4437 :	000000000000000001101011;
	4436 :	000000000000000001101011;
	4435 :	000000000000000001101011;
	4434 :	000000000000000001101011;
	4433 :	000000000000000001101011;
	4432 :	000000000000000001101011;
	4431 :	000011000000110011111011;
	4430 :	000011000000110011111011;
	4429 :	000011000000110011111011;
	4428 :	000011010000110011111011;
	4427 :	000011000000110011111011;
	4426 :	000011000000110011111011;
	4425 :	000011000000110011111011;
	4424 :	000011000000110011111011;
	4423 :	000011000000110111111010;
	4422 :	000011000000110011111011;
	4421 :	000011000000110011111010;
	4420 :	000011000000110011111011;
	4419 :	000011000000110011111011;
	4418 :	000011000000110011111011;
	4417 :	000011000000110011111011;
	4416 :	000011000000110111111011;
	4415 :	000011000000110111111011;
	4414 :	000011010000110011111011;
	4413 :	000011000000110011111011;
	4412 :	000011000000110111111011;
	4411 :	000011000000110011111011;
	4410 :	000011000000110011111011;
	4409 :	000011000000110011111011;
	4408 :	000011000000110011111011;
	4407 :	000011000000110011111011;
	4406 :	000011000000110011111011;
	4405 :	000011010000110011111011;
	4404 :	000011000000110011111011;
	4403 :	000011000000110011111011;
	4402 :	000011000000110011111011;
	4401 :	000011000000110011111011;
	4400 :	000011000000110011111011;
	4399 :	000011000000110011111011;
	4398 :	000011000000110011111011;
	4397 :	000011000000110011111011;
	4396 :	000011000000110011111011;
	4395 :	000011000000110111111011;
	4394 :	000000000000000010110111;
	4393 :	000000000000000010110111;
	4392 :	000011000000110011111011;
	4391 :	000011000000110011111011;
	4390 :	000011000000110111111011;
	4389 :	000011000000110011111011;
	4388 :	000011000000110011111011;
	4387 :	000000000000000001101011;
	4386 :	000000000000000001101011;
	4385 :	000000000000000001101011;
	4384 :	000000000000000001101011;
	4383 :	000000000000000001101011;
	4382 :	000000000000000001101011;
	4381 :	000000010000000001101011;
	4380 :	000000000000000001101011;
	4379 :	000000000000000001101011;
	4378 :	000000000000000001101011;
	4377 :	000000000000000001101011;
	4376 :	000000000000000001101011;
	4375 :	000000000000000001101011;
	4374 :	000000000000000001101011;
	4373 :	000000000000000001101011;
	4372 :	000000000000000001101011;
	4371 :	000000010000000001101011;
	4370 :	000000000000000001101011;
	4369 :	000000000000000001101011;
	4368 :	000000000000000001101011;
	4367 :	000000000000000001101011;
	4366 :	000000000000000001101011;
	4365 :	000000000000000001101011;
	4364 :	000000000000000101101011;
	4363 :	000000000000000001101011;
	4362 :	000000010000000001101010;
	4361 :	000000000000000001101011;
	4360 :	000000010000000001101011;
	4359 :	000011000000110011111011;
	4358 :	000011000000110011111011;
	4357 :	000011000000110011111011;
	4356 :	000011000000110011111011;
	4355 :	000011000000110011111011;
	4354 :	000011000000110011111011;
	4353 :	000011000000110011111011;
	4352 :	000011000000110011111011;
	4351 :	000011000000110011111011;
	4350 :	000011000000110011111010;
	4349 :	000011000000110011111011;
	4348 :	000011000000110111111011;
	4347 :	000011000000110011111011;
	4346 :	000011000000110011111011;
	4345 :	000011000000110011111010;
	4344 :	000011000000110011111011;
	4343 :	000011000000110011111011;
	4342 :	000011000000110011111011;
	4341 :	000011010000110011111011;
	4340 :	000011000000110011111011;
	4339 :	000011000000110011111011;
	4338 :	000011000000110011111011;
	4337 :	000011000000110011111011;
	4336 :	000011000000110011111011;
	4335 :	000011000000110011111011;
	4334 :	000011000000110011111011;
	4333 :	000011000000110011111011;
	4332 :	000011000000110011111011;
	4331 :	000011000000110011111010;
	4330 :	000011000000110011111011;
	4329 :	000011000000110011111011;
	4328 :	000011000000110011111011;
	4327 :	000011000000110011111011;
	4326 :	000011000000110011111011;
	4325 :	000011000000110011111011;
	4324 :	000000000000000010110111;
	4323 :	000000000000000010110110;
	4322 :	000011000000110011111011;
	4321 :	000011000000110011111011;
	4320 :	000011010000110011111011;
	4319 :	000000000000000101101011;
	4318 :	000000000000000001101010;
	4317 :	000000000000000001101011;
	4316 :	000000000000000001101011;
	4315 :	000000000000000001101011;
	4314 :	000000000000000001101011;
	4313 :	000000010000000001101011;
	4312 :	000000000000000001101011;
	4311 :	000000000000000001101011;
	4310 :	000000000000000001101011;
	4309 :	000000000000000001101011;
	4308 :	010011100100111011111111;
	4307 :	010011100100111011111110;
	4306 :	010011100100111011111111;
	4305 :	010011100100111011111111;
	4304 :	010011100100111011111111;
	4303 :	010011100100111111111111;
	4302 :	010011110100111011111111;
	4301 :	010011100100111011111111;
	4300 :	010011110100111011111111;
	4299 :	010011100100111011111111;
	4298 :	000000000000000001101011;
	4297 :	000000000000000001101011;
	4296 :	000000000000000001101011;
	4295 :	000000000000000001101011;
	4294 :	000000000000000001101011;
	4293 :	000000000000000101101010;
	4292 :	000000000000000001101011;
	4291 :	000000000000000001101011;
	4290 :	000000000000000001101011;
	4289 :	000000000000000001101010;
	4288 :	000000000000000001101011;
	4287 :	000011000000110011111011;
	4286 :	000011010000110011111011;
	4285 :	000011000000110011111011;
	4284 :	000011000000110011111011;
	4283 :	000011000000110011111011;
	4282 :	000011000000110111111011;
	4281 :	000011000000110011111011;
	4280 :	000011000000110111111011;
	4279 :	000011000000110011111011;
	4278 :	000011010000110011111011;
	4277 :	000011000000110011111011;
	4276 :	000011000000110011111011;
	4275 :	000011000000110111111011;
	4274 :	000011000000110011111011;
	4273 :	000011000000110011111010;
	4272 :	000011000000110011111010;
	4271 :	000011000000110011111011;
	4270 :	000011000000110011111011;
	4269 :	000011010000110011111011;
	4268 :	000011000000110011111011;
	4267 :	000011000000110011111011;
	4266 :	000011000000110011111011;
	4265 :	000011000000110011111011;
	4264 :	000011000000110011111011;
	4263 :	000011000000110011111011;
	4262 :	000011000000110011111011;
	4261 :	000011000000110011111011;
	4260 :	000011000000110011111011;
	4259 :	000011000000110011111010;
	4258 :	000011000000110011111011;
	4257 :	000011000000110011111011;
	4256 :	000000000000000010110111;
	4255 :	000000000000000010110111;
	4254 :	000011000000110111111011;
	4253 :	000011000000110011111010;
	4252 :	000011000000110011111011;
	4251 :	000011000000110011111011;
	4250 :	000000000000000001101011;
	4249 :	000000000000000101101011;
	4248 :	000000000000000001101011;
	4247 :	000000000000000001101011;
	4246 :	000000000000000001101011;
	4245 :	000000000000000001101011;
	4244 :	000000000000000001101011;
	4243 :	000000000000000001101011;
	4242 :	010011100100111011111111;
	4241 :	010011100100111111111111;
	4240 :	010011100100111111111111;
	4239 :	010011100100111011111111;
	4238 :	010011100100111011111111;
	4237 :	010011100100111011111111;
	4236 :	010011100100111011111111;
	4235 :	010011100100111011111111;
	4234 :	010011100100111011111111;
	4233 :	010011100100111011111111;
	4232 :	010011100100111011111111;
	4231 :	010011100100111011111111;
	4230 :	010011100100111011111111;
	4229 :	010011100100111011111111;
	4228 :	010011100100111011111111;
	4227 :	010011100100111011111111;
	4226 :	010011100100111011111111;
	4225 :	010011100100111011111110;
	4224 :	000000000000000001101011;
	4223 :	000000000000000001101011;
	4222 :	000000000000000001101011;
	4221 :	000000000000000001101011;
	4220 :	000000000000000001101011;
	4219 :	000000000000000101101011;
	4218 :	000000000000000001101011;
	4217 :	000000000000000001101011;
	4216 :	000011000000110111111011;
	4215 :	000011000000110011111011;
	4214 :	000011000000110011111011;
	4213 :	000011000000110011111011;
	4212 :	000011000000110011111011;
	4211 :	000011000000110011111011;
	4210 :	000011000000110011111011;
	4209 :	000011000000110011111011;
	4208 :	000011000000110011111011;
	4207 :	000011000000110011111011;
	4206 :	000011000000110011111011;
	4205 :	000011000000110011111011;
	4204 :	000011010000110011111011;
	4203 :	000011000000110111111011;
	4202 :	000011000000110011111011;
	4201 :	000011010000110011111011;
	4200 :	000011000000110011111011;
	4199 :	000011000000110011111011;
	4198 :	000011000000110011111011;
	4197 :	000011010000110011111011;
	4196 :	000011000000110011111011;
	4195 :	000011000000110011111010;
	4194 :	000011000000110011111011;
	4193 :	000011010000110011111011;
	4192 :	000011000000110011111011;
	4191 :	000011000000110011111011;
	4190 :	000011000000110011111011;
	4189 :	000011000000110011111010;
	4188 :	000011000000110011111011;
	4187 :	000011000000110011111011;
	4186 :	000000000000000010110111;
	4185 :	000000000000000010110111;
	4184 :	000011000000110011111011;
	4183 :	000011010000110011111011;
	4182 :	000011000000110011111011;
	4181 :	000000000000000001101011;
	4180 :	000000000000000001101011;
	4179 :	000000000000000001101011;
	4178 :	000000000000000101101010;
	4177 :	000000000000000001101011;
	4176 :	000000000000000001101011;
	4175 :	000000000000000001101011;
	4174 :	010011100100111111111111;
	4173 :	010011100100111011111111;
	4172 :	010011100100111011111111;
	4171 :	010011100100111011111111;
	4170 :	010011100100111111111110;
	4169 :	010011100100111011111111;
	4168 :	010011100100111011111111;
	4167 :	010011100100111111111111;
	4166 :	010011100100111011111111;
	4165 :	010011100100111011111111;
	4164 :	010011100100111011111111;
	4163 :	010011100100111111111111;
	4162 :	010011110100111011111111;
	4161 :	010011100100111011111111;
	4160 :	010011110100111011111110;
	4159 :	010011100100111011111111;
	4158 :	010011100100111011111111;
	4157 :	010011100100111011111111;
	4156 :	010011100100111011111111;
	4155 :	010011100100111011111111;
	4154 :	010011100100111011111111;
	4153 :	010011100100111011111111;
	4152 :	000000000000000001101011;
	4151 :	000000010000000001101011;
	4150 :	000000000000000001101011;
	4149 :	000000000000000101101011;
	4148 :	000000000000000001101010;
	4147 :	000000000000000001101011;
	4146 :	000000010000000001101011;
	4145 :	000011000000110011111010;
	4144 :	000011000000110011111010;
	4143 :	000011000000110011111011;
	4142 :	000011000000110011111011;
	4141 :	000011000000110011111010;
	4140 :	000011000000110111111011;
	4139 :	000011000000110011111011;
	4138 :	000011000000110011111011;
	4137 :	000011000000110011111011;
	4136 :	000011000000110011111010;
	4135 :	000011010000110011111011;
	4134 :	000011000000110011111011;
	4133 :	000011000000110011111011;
	4132 :	000011010000110111111011;
	4131 :	000011000000110011111011;
	4130 :	000011000000110011111011;
	4129 :	000011000000110011111011;
	4128 :	000011000000110111111011;
	4127 :	000011000000110011111011;
	4126 :	000011000000110011111011;
	4125 :	000011000000110011111010;
	4124 :	000011010000110111111011;
	4123 :	000011000000110011111011;
	4122 :	000011000000110011111011;
	4121 :	000011010000110011111011;
	4120 :	000011000000110011111011;
	4119 :	000011000000110011111011;
	4118 :	000000000000000010110111;
	4117 :	000000000000000010110110;
	4116 :	000011000000110011111011;
	4115 :	000011000000110011111011;
	4114 :	000011000000110011111011;
	4113 :	000011000000110011111011;
	4112 :	000000000000000001101011;
	4111 :	000000000000000001101011;
	4110 :	000000000000000001101011;
	4109 :	000000000000000101101011;
	4108 :	000000000000000001101011;
	4107 :	000000000000000001101011;
	4106 :	010011100100111011111111;
	4105 :	010011110100111011111111;
	4104 :	010011100100111011111111;
	4103 :	010011100100111011111111;
	4102 :	010011100100111011111111;
	4101 :	010011100100111011111111;
	4100 :	010011100100111011111111;
	4099 :	010011100100111011111111;
	4098 :	010011100100111011111111;
	4097 :	010011100100111011111111;
	4096 :	010011100100111011111111;
	4095 :	010011100100111011111111;
	4094 :	010011100100111011111111;
	4093 :	010011100100111011111111;
	4092 :	010011100100111011111111;
	4091 :	010011100100111011111111;
	4090 :	010011100100111011111111;
	4089 :	010011100100111011111111;
	4088 :	010011100100111011111111;
	4087 :	010011100100111011111111;
	4086 :	010011100100111011111111;
	4085 :	010011100100111011111111;
	4084 :	010011100100111011111111;
	4083 :	010011110100111011111111;
	4082 :	010011100100111111111111;
	4081 :	010011110100111011111111;
	4080 :	000000000000000001101011;
	4079 :	000000000000000101101011;
	4078 :	000000000000000101101011;
	4077 :	000000000000000101101011;
	4076 :	000000000000000001101011;
	4075 :	000000000000000001101011;
	4074 :	000011000000110011111011;
	4073 :	000011000000110011111011;
	4072 :	000011000000110011111011;
	4071 :	000011000000110111111011;
	4070 :	000011000000110011111011;
	4069 :	000011000000110011111011;
	4068 :	000011000000110011111011;
	4067 :	000011000000110011111011;
	4066 :	000011010000110011111011;
	4065 :	000011000000110011111011;
	4064 :	000011000000110011111011;
	4063 :	000011000000110011111011;
	4062 :	000011000000110011111011;
	4061 :	000011000000110011111011;
	4060 :	000011000000110011111010;
	4059 :	000011000000110011111011;
	4058 :	000011000000110011111011;
	4057 :	000011000000110011111011;
	4056 :	000011000000110011111011;
	4055 :	000011000000110111111011;
	4054 :	000011000000110011111011;
	4053 :	000011000000110111111011;
	4052 :	000011000000110011111011;
	4051 :	000011000000110011111011;
	4050 :	000011000000110011111010;
	4049 :	000011000000110011111011;
	4048 :	000000000000000010110111;
	4047 :	000000000000000010110110;
	4046 :	000011000000110111111011;
	4045 :	000011000000110011111011;
	4044 :	000000000000000001101011;
	4043 :	000000000000000001101011;
	4042 :	000000000000000101101011;
	4041 :	000000010000000001101011;
	4040 :	000000000000000001101011;
	4039 :	000000000000000001101011;
	4038 :	000000000000000001101011;
	4037 :	010011100100111011111111;
	4036 :	010011100100111011111111;
	4035 :	010011110100111011111110;
	4034 :	010011100100111011111111;
	4033 :	010011100100111111111110;
	4032 :	010011100100111011111111;
	4031 :	010011100100111011111110;
	4030 :	010011100100111011111111;
	4029 :	010011100100111011111111;
	4028 :	010011100100111011111111;
	4027 :	010011100100111011111111;
	4026 :	010011100100111011111111;
	4025 :	010011100100111011111111;
	4024 :	010011100100111011111111;
	4023 :	010011100100111011111111;
	4022 :	010011110100111011111110;
	4021 :	010011100100111011111111;
	4020 :	010011100100111011111110;
	4019 :	010011100100111011111111;
	4018 :	010011100100111011111111;
	4017 :	010011100100111011111111;
	4016 :	010011100100111011111111;
	4015 :	010011100100111011111111;
	4014 :	010011100100111011111111;
	4013 :	010011100100111011111111;
	4012 :	010011100100111011111111;
	4011 :	010011100100111011111111;
	4010 :	010011100100111011111111;
	4009 :	000000000000000001101011;
	4008 :	000000000000000001101011;
	4007 :	000000000000000001101011;
	4006 :	000000000000000001101011;
	4005 :	000000000000000001101011;
	4004 :	000000000000000001101011;
	4003 :	000000010000000001101011;
	4002 :	000011000000110111111011;
	4001 :	000011000000110011111011;
	4000 :	000011000000110011111011;
	3999 :	000011000000110011111011;
	3998 :	000011000000110111111011;
	3997 :	000011010000110011111011;
	3996 :	000011000000110011111011;
	3995 :	000011000000110011111011;
	3994 :	000011000000110011111010;
	3993 :	000011000000110011111011;
	3992 :	000011000000110011111011;
	3991 :	000011000000110111111011;
	3990 :	000011000000110011111011;
	3989 :	000011000000110011111011;
	3988 :	000011000000110011111011;
	3987 :	000011000000110011111011;
	3986 :	000011000000110011111011;
	3985 :	000011000000110011111011;
	3984 :	000011000000110011111011;
	3983 :	000011000000110011111011;
	3982 :	000011000000110011111011;
	3981 :	000011010000110011111011;
	3980 :	000000000000000010110111;
	3979 :	000000010000000010110111;
	3978 :	000011000000110011111011;
	3977 :	000011000000110011111011;
	3976 :	000011000000110011111011;
	3975 :	000011000000110011111011;
	3974 :	000000000000000001101011;
	3973 :	000000000000000001101011;
	3972 :	000000000000000001101011;
	3971 :	000000010000000001101011;
	3970 :	000000000000000001101011;
	3969 :	010011100100111011111111;
	3968 :	010011100100111011111110;
	3967 :	010011100100111011111111;
	3966 :	010011100100111011111111;
	3965 :	010011100100111011111111;
	3964 :	010011100100111011111111;
	3963 :	010011100100111011111111;
	3962 :	010011100100111011111111;
	3961 :	111111111111111111111111;
	3960 :	111111101111111111111111;
	3959 :	111111111111111111111111;
	3958 :	111111111111111011111111;
	3957 :	111111111111111111111111;
	3956 :	111111111111111111111111;
	3955 :	111111111111111111111111;
	3954 :	111111111111111111111111;
	3953 :	111111111111111011111110;
	3952 :	111111111111111111111111;
	3951 :	010011100100111011111111;
	3950 :	010011100100111011111111;
	3949 :	010011100100111011111111;
	3948 :	010011100100111011111111;
	3947 :	010011100100111011111111;
	3946 :	010011100100111011111111;
	3945 :	010011100100111011111111;
	3944 :	010011100100111011111111;
	3943 :	010011100100111011111111;
	3942 :	010011100100111011111111;
	3941 :	010011100100111011111111;
	3940 :	010011100100111111111111;
	3939 :	010011110100111011111111;
	3938 :	010011100100111011111111;
	3937 :	000000000000000001101011;
	3936 :	000000000000000001101011;
	3935 :	000000000000000001101011;
	3934 :	000000000000000001101011;
	3933 :	000000000000000001101011;
	3932 :	000011000000110011111011;
	3931 :	000011010000110011111010;
	3930 :	000011000000110011111011;
	3929 :	000011000000110011111011;
	3928 :	000011000000110011111011;
	3927 :	000011000000110111111010;
	3926 :	000011000000110011111011;
	3925 :	000011000000110011111011;
	3924 :	000011000000110011111011;
	3923 :	000011000000110011111011;
	3922 :	000011010000110011111011;
	3921 :	000011000000110011111011;
	3920 :	000011000000110011111011;
	3919 :	000011010000110011111011;
	3918 :	000011010000110011111011;
	3917 :	000011000000110011111010;
	3916 :	000011000000110011111011;
	3915 :	000011000000110011111011;
	3914 :	000011000000110011111011;
	3913 :	000011000000110011111011;
	3912 :	000011000000110011111011;
	3911 :	000011000000110011111011;
	3910 :	000000000000000010110111;
	3909 :	000000000000000010110111;
	3908 :	000011000000110011111011;
	3907 :	000011000000110011111011;
	3906 :	000011000000110011111011;
	3905 :	000000000000000001101011;
	3904 :	000000000000000001101011;
	3903 :	000000000000000101101011;
	3902 :	000000000000000001101011;
	3901 :	000000000000000001101011;
	3900 :	010011100100111111111111;
	3899 :	010011100100111011111110;
	3898 :	010011100100111011111111;
	3897 :	010011100100111011111111;
	3896 :	010011100100111111111110;
	3895 :	010011100100111011111111;
	3894 :	010011100100111011111111;
	3893 :	111111111111111111111111;
	3892 :	111111111111111111111111;
	3891 :	111111111111111111111111;
	3890 :	111111111111111111111111;
	3889 :	111111111111111111111111;
	3888 :	111111111111111111111111;
	3887 :	111111111111111111111111;
	3886 :	111111111111111111111111;
	3885 :	111111111111111111111111;
	3884 :	111111111111111111111111;
	3883 :	111111111111111111111111;
	3882 :	111111111111111111111111;
	3881 :	111111101111111111111111;
	3880 :	111111111111111111111111;
	3879 :	111111111111111111111111;
	3878 :	111111111111111111111111;
	3877 :	111111101111111111111111;
	3876 :	010011100100111011111111;
	3875 :	010011110100111011111111;
	3874 :	010011100100111011111111;
	3873 :	010011100100111011111111;
	3872 :	010011100100111011111111;
	3871 :	010011100100111011111111;
	3870 :	010011100100111011111111;
	3869 :	010011100100111011111111;
	3868 :	010011100100111011111111;
	3867 :	010011100100111011111111;
	3866 :	000000000000000101101011;
	3865 :	000000000000000001101011;
	3864 :	000000000000000001101011;
	3863 :	000000000000000001101011;
	3862 :	000000000000000001101011;
	3861 :	000011010000110011111011;
	3860 :	000011000000110011111011;
	3859 :	000011000000110011111011;
	3858 :	000011000000110011111011;
	3857 :	000011000000110011111011;
	3856 :	000011000000110011111010;
	3855 :	000011000000110011111010;
	3854 :	000011000000110011111011;
	3853 :	000011000000110011111011;
	3852 :	000011000000110011111011;
	3851 :	000011010000110011111010;
	3850 :	000011010000110111111011;
	3849 :	000011010000110011111011;
	3848 :	000011000000110111111011;
	3847 :	000011000000110011111011;
	3846 :	000011000000110011111011;
	3845 :	000011000000110011111011;
	3844 :	000011000000110011111011;
	3843 :	000011000000110111111011;
	3842 :	000011000000110011111011;
	3841 :	000011000000110011111011;
	3840 :	000011000000110011111011;
	3839 :	000011000000110011111011;
	3838 :	000011000000110011111010;
	3837 :	000011000000110011111011;
	3836 :	000000000000000001101011;
	3835 :	000000000000000001101011;
	3834 :	000000010000000001101011;
	3833 :	000000000000000001101011;
	3832 :	000000000000000001101011;
	3831 :	010011100100111011111111;
	3830 :	010011110100111011111111;
	3829 :	010011100100111011111111;
	3828 :	010011100100111011111111;
	3827 :	010011100100111011111111;
	3826 :	010011100100111011111111;
	3825 :	010011100100111011111111;
	3824 :	111111111111111111111111;
	3823 :	111111101111111111111111;
	3822 :	111111111111111111111111;
	3821 :	111111111111111111111111;
	3820 :	111111111111111111111111;
	3819 :	111111111111111111111111;
	3818 :	111111111111111111111111;
	3817 :	111111111111111111111111;
	3816 :	111111111111111111111111;
	3815 :	111111111111111111111111;
	3814 :	111111111111111111111111;
	3813 :	111111111111111111111111;
	3812 :	111111111111111111111111;
	3811 :	111111111111111111111111;
	3810 :	111111111111111111111111;
	3809 :	111111111111111111111111;
	3808 :	111111101111111011111111;
	3807 :	111111111111111111111111;
	3806 :	111111111111111011111111;
	3805 :	111111111111111111111111;
	3804 :	010011100100111011111111;
	3803 :	010011100100111011111111;
	3802 :	010011100100111011111111;
	3801 :	010011100100111111111110;
	3800 :	010011100100111011111111;
	3799 :	010011100100111011111110;
	3798 :	010011110100111011111111;
	3797 :	010011100100111011111111;
	3796 :	010011100100111011111111;
	3795 :	000000000000000001101011;
	3794 :	000000000000000001101011;
	3793 :	000000000000000101101010;
	3792 :	000000000000000001101011;
	3791 :	000000000000000001101011;
	3790 :	000011010000110011111010;
	3789 :	000011000000110011111011;
	3788 :	000011000000110111111011;
	3787 :	000011000000110011111011;
	3786 :	000011000000110011111010;
	3785 :	000011000000110011111010;
	3784 :	000011000000110011111011;
	3783 :	000011000000110011111011;
	3782 :	000011000000110011111011;
	3781 :	000011000000110011111011;
	3780 :	000011000000110011111010;
	3779 :	000011000000110011111011;
	3778 :	000011000000110011111011;
	3777 :	000011000000110011111011;
	3776 :	000011000000110011111011;
	3775 :	000011000000110011111011;
	3774 :	000011010000110011111011;
	3773 :	000011000000110011111011;
	3772 :	000011000000110011111011;
	3771 :	000011000000110011111011;
	3770 :	000011000000110011111011;
	3769 :	000011000000110011111011;
	3768 :	000011000000110011111011;
	3767 :	000000000000000001101011;
	3766 :	000000000000000001101011;
	3765 :	000000000000000001101011;
	3764 :	000000000000000001101011;
	3763 :	000000000000000001101011;
	3762 :	010011100100111011111111;
	3761 :	010011110100111011111111;
	3760 :	010011100100111011111111;
	3759 :	010011100100111011111111;
	3758 :	010011100100111011111111;
	3757 :	010011100100111011111111;
	3756 :	111111111111111111111111;
	3755 :	111111111111111111111111;
	3754 :	111111111111111111111110;
	3753 :	111111111111111111111111;
	3752 :	111111111111111011111111;
	3751 :	111111111111111111111111;
	3750 :	111111111111111111111111;
	3749 :	111111111111111111111111;
	3748 :	111111111111111111111111;
	3747 :	111111111111111111111111;
	3746 :	111111111111111111111111;
	3745 :	111111111111111111111111;
	3744 :	111111111111111111111111;
	3743 :	111111111111111111111111;
	3742 :	111111111111111111111111;
	3741 :	111111101111111111111111;
	3740 :	111111111111111111111111;
	3739 :	111111111111111011111111;
	3738 :	111111111111111111111111;
	3737 :	111111111111111111111111;
	3736 :	111111111111111111111111;
	3735 :	111111111111111111111111;
	3734 :	111111111111111111111111;
	3733 :	111111111111111111111111;
	3732 :	010011100100111011111111;
	3731 :	010011100100111011111111;
	3730 :	010011100100111011111111;
	3729 :	010011100100111011111111;
	3728 :	010011100100111011111111;
	3727 :	010011100100111011111111;
	3726 :	010011100100111011111111;
	3725 :	010011100100111011111110;
	3724 :	000000000000000001101011;
	3723 :	000000000000000001101011;
	3722 :	000000000000000001101011;
	3721 :	000000000000000001101011;
	3720 :	000000000000000001101011;
	3719 :	000011000000110011111011;
	3718 :	000011000000110111111011;
	3717 :	000011000000110011111011;
	3716 :	000011000000110011111011;
	3715 :	000011000000110111111011;
	3714 :	000011000000110011111011;
	3713 :	000011000000110011111011;
	3712 :	000011000000110011111011;
	3711 :	000011000000110011111011;
	3710 :	000011010000110011111011;
	3709 :	000011000000110011111010;
	3708 :	000011000000110011111011;
	3707 :	000011010000110011111011;
	3706 :	000011000000110011111011;
	3705 :	000011000000110011111010;
	3704 :	000011000000110011111011;
	3703 :	000011000000110011111011;
	3702 :	000011000000110011111010;
	3701 :	000011000000110011111011;
	3700 :	000011000000110111111011;
	3699 :	000011000000110011111011;
	3698 :	000011000000110011111011;
	3697 :	000000000000000001101011;
	3696 :	000000000000000001101011;
	3695 :	000000000000000001101011;
	3694 :	000000000000000101101011;
	3693 :	010011100100111011111111;
	3692 :	010011100100111011111111;
	3691 :	010011110100111011111111;
	3690 :	010011100100111011111111;
	3689 :	010011100100111011111111;
	3688 :	010011100100111011111111;
	3687 :	111111101111111111111111;
	3686 :	111111101111111111111110;
	3685 :	111111111111111111111111;
	3684 :	111111111111111111111111;
	3683 :	111111111111111111111111;
	3682 :	111111111111111111111111;
	3681 :	111111111111111111111111;
	3680 :	111111111111111111111111;
	3679 :	111111111111111111111111;
	3678 :	111111111111111111111110;
	3677 :	111111111111111011111111;
	3676 :	111111111111111111111111;
	3675 :	111111111111111111111111;
	3674 :	111111111111111111111111;
	3673 :	111111111111111111111111;
	3672 :	111111111111111111111111;
	3671 :	111111111111111111111111;
	3670 :	111111111111111111111111;
	3669 :	111111111111111111111111;
	3668 :	111111111111111111111111;
	3667 :	111111111111111111111110;
	3666 :	111111111111111111111111;
	3665 :	111111111111111111111111;
	3664 :	111111111111111111111111;
	3663 :	111111111111111011111111;
	3662 :	111111111111111111111111;
	3661 :	111111111111111111111111;
	3660 :	010011110100111011111111;
	3659 :	010011100100111011111111;
	3658 :	010011100100111011111111;
	3657 :	010011100100111011111111;
	3656 :	010011100100111011111110;
	3655 :	010011100100111011111110;
	3654 :	010011100100111011111111;
	3653 :	000000000000000001101011;
	3652 :	000000000000000001101011;
	3651 :	000000000000000001101011;
	3650 :	000000000000000001101011;
	3649 :	000011010000110011111011;
	3648 :	000011000000110011111011;
	3647 :	000011000000110011111011;
	3646 :	000011000000110011111011;
	3645 :	000011000000110011111011;
	3644 :	000011010000110011111010;
	3643 :	000011000000110011111011;
	3642 :	000011000000110011111011;
	3641 :	000011000000110111111011;
	3640 :	000011000000110011111011;
	3639 :	000011000000110011111011;
	3638 :	000011010000110011111011;
	3637 :	000011000000110011111011;
	3636 :	000011010000110011111011;
	3635 :	000011000000110011111011;
	3634 :	000011010000110011111011;
	3633 :	000011000000110011111011;
	3632 :	000011000000110011111010;
	3631 :	000011000000110011111011;
	3630 :	000011000000110011111011;
	3629 :	000011000000110111111011;
	3628 :	000000000000000001101011;
	3627 :	000000000000000001101011;
	3626 :	000000000000000001101011;
	3625 :	000000000000000001101011;
	3624 :	000000010000000001101011;
	3623 :	010011100100111011111111;
	3622 :	010011100100111011111111;
	3621 :	010011100100111011111111;
	3620 :	010011100100111011111111;
	3619 :	010011100100111011111111;
	3618 :	111111111111111111111111;
	3617 :	111111111111111111111111;
	3616 :	111111111111111111111111;
	3615 :	111111111111111111111111;
	3614 :	111111111111111111111111;
	3613 :	111111111111111111111111;
	3612 :	111111111111111011111111;
	3611 :	111111111111111111111111;
	3610 :	111111101111111111111110;
	3609 :	111111111111111111111111;
	3608 :	111111101111111111111111;
	3607 :	111111111111111111111111;
	3606 :	111111111111111111111110;
	3605 :	111111111111111111111111;
	3604 :	111111111111111111111111;
	3603 :	111111111111111111111111;
	3602 :	111111111111111111111111;
	3601 :	111111111111111111111111;
	3600 :	111111111111111111111111;
	3599 :	111111111111111111111111;
	3598 :	111111101111111111111111;
	3597 :	111111111111111111111111;
	3596 :	111111111111111111111111;
	3595 :	111111111111111111111111;
	3594 :	111111111111111111111111;
	3593 :	111111111111111111111111;
	3592 :	111111111111111111111111;
	3591 :	111111111111111111111111;
	3590 :	111111111111111111111111;
	3589 :	111111111111111111111111;
	3588 :	010011100100111011111110;
	3587 :	010011100100111011111111;
	3586 :	010011100100111011111111;
	3585 :	010011100100111011111111;
	3584 :	010011100100111011111110;
	3583 :	000000000000000001101011;
	3582 :	000000000000000001101011;
	3581 :	000000000000000001101011;
	3580 :	000000000000000001101011;
	3579 :	000000000000000001101011;
	3578 :	000011000000110011111011;
	3577 :	000011000000110011111011;
	3576 :	000011000000110011111011;
	3575 :	000011000000110011111011;
	3574 :	000011000000110011111011;
	3573 :	000011000000110011111010;
	3572 :	000011000000110011111011;
	3571 :	000011000000110011111011;
	3570 :	000011000000110011111010;
	3569 :	000011000000110011111011;
	3568 :	000011000000110011111011;
	3567 :	000011000000110111111011;
	3566 :	000011000000110011111011;
	3565 :	000011000000110011111011;
	3564 :	000011000000110011111010;
	3563 :	000011010000110011111011;
	3562 :	000011000000110011111011;
	3561 :	000011000000110011111011;
	3560 :	000011000000110011111011;
	3559 :	000000000000000001101011;
	3558 :	000000000000000001101011;
	3557 :	000000000000000001101011;
	3556 :	000000000000000001101011;
	3555 :	000000000000000001101011;
	3554 :	010011100100111011111111;
	3553 :	010011100100111011111111;
	3552 :	010011100100111011111111;
	3551 :	010011100100111011111111;
	3550 :	010011100100111011111111;
	3549 :	111111111111111111111111;
	3548 :	111111111111111111111111;
	3547 :	111111111111111111111111;
	3546 :	111111111111111111111111;
	3545 :	111111111111111111111111;
	3544 :	111111111111111111111111;
	3543 :	111111111111111111111111;
	3542 :	111111101111111111111111;
	3541 :	111111111111111111111111;
	3540 :	111111111111111111111111;
	3539 :	111111111111111011111111;
	3538 :	111111101111111111111111;
	3537 :	111111111111111111111111;
	3536 :	111111111111111111111111;
	3535 :	111111111111111111111111;
	3534 :	111111111111111111111111;
	3533 :	111111111111111111111110;
	3532 :	111111111111111111111111;
	3531 :	111111111111111111111111;
	3530 :	111111111111111111111111;
	3529 :	111111111111111111111111;
	3528 :	111111111111111111111111;
	3527 :	111111111111111111111110;
	3526 :	111111111111111111111111;
	3525 :	111111111111111111111111;
	3524 :	111111111111111111111111;
	3523 :	111111111111111111111111;
	3522 :	111111111111111111111111;
	3521 :	111111111111111111111111;
	3520 :	111111111111111111111110;
	3519 :	111111111111111111111111;
	3518 :	010011100100111011111111;
	3517 :	010011100100111011111111;
	3516 :	010011100100111011111111;
	3515 :	010011100100111011111111;
	3514 :	010011100100111011111111;
	3513 :	010011100100111111111111;
	3512 :	000000000000000001101011;
	3511 :	000000000000000001101011;
	3510 :	000000000000000001101011;
	3509 :	000000010000000001101011;
	3508 :	000000000000000001101011;
	3507 :	000011000000110011111011;
	3506 :	000011000000110011111010;
	3505 :	000011000000110011111011;
	3504 :	000011000000110011111011;
	3503 :	000011000000110011111011;
	3502 :	000011000000110011111011;
	3501 :	000011000000110011111011;
	3500 :	000011000000110011111011;
	3499 :	000011000000110011111011;
	3498 :	000011000000110011111011;
	3497 :	000011000000110011111011;
	3496 :	000011000000110011111011;
	3495 :	000011010000110011111011;
	3494 :	000011000000110011111011;
	3493 :	000011000000110011111011;
	3492 :	000011000000110011111010;
	3491 :	000011000000110011111011;
	3490 :	000011000000110011111011;
	3489 :	000000000000000001101010;
	3488 :	000000000000000001101011;
	3487 :	000000000000000001101011;
	3486 :	000000000000000001101011;
	3485 :	010011100100111011111111;
	3484 :	010011100100111011111110;
	3483 :	010011100100111111111111;
	3482 :	010011100100111011111111;
	3481 :	010011100100111011111111;
	3480 :	111111111111111111111111;
	3479 :	111111111111111111111111;
	3478 :	111111111111111111111111;
	3477 :	111111111111111111111111;
	3476 :	111111111111111111111111;
	3475 :	111111111111111111111111;
	3474 :	111111111111111111111111;
	3473 :	111111111111111111111111;
	3472 :	111111111111111111111111;
	3471 :	111111111111111111111111;
	3470 :	111111111111111111111111;
	3469 :	111111111111111011111111;
	3468 :	111111111111111111111111;
	3467 :	111111111111111011111111;
	3466 :	111111111111111111111111;
	3465 :	111111111111111011111110;
	3464 :	111111101111111111111111;
	3463 :	111111111111111111111110;
	3462 :	111111111111111111111111;
	3461 :	111111111111111111111111;
	3460 :	111111111111111111111111;
	3459 :	111111111111111111111111;
	3458 :	111111111111111111111111;
	3457 :	111111111111111111111111;
	3456 :	111111111111111111111111;
	3455 :	111111101111111111111111;
	3454 :	111111111111111111111110;
	3453 :	111111111111111111111111;
	3452 :	111111111111111111111111;
	3451 :	111111111111111111111111;
	3450 :	111111111111111111111111;
	3449 :	111111111111111111111111;
	3448 :	111111111111111111111111;
	3447 :	010011100100111111111111;
	3446 :	010011100100111011111111;
	3445 :	010011100100111011111111;
	3444 :	010011100100111011111111;
	3443 :	010011100100111011111111;
	3442 :	010011100100111011111111;
	3441 :	000000000000000001101010;
	3440 :	000000000000000001101011;
	3439 :	000000000000000001101011;
	3438 :	000000010000000001101011;
	3437 :	000011000000110111111011;
	3436 :	000011000000110011111011;
	3435 :	000011000000110011111011;
	3434 :	000011010000110011111011;
	3433 :	000011000000110011111011;
	3432 :	000011000000110011111011;
	3431 :	000011000000110011111011;
	3430 :	000011000000110011111010;
	3429 :	000011000000110011111011;
	3428 :	000011000000110011111010;
	3427 :	000011000000110111111011;
	3426 :	000011000000110011111011;
	3425 :	000011000000110111111011;
	3424 :	000011000000110011111011;
	3423 :	000011000000110011111011;
	3422 :	000011000000110011111011;
	3421 :	000011010000110111111011;
	3420 :	000000000000000001101011;
	3419 :	000000010000000001101011;
	3418 :	000000000000000001101011;
	3417 :	000000000000000001101011;
	3416 :	000000000000000001101011;
	3415 :	010011100100111011111111;
	3414 :	010011100100111011111111;
	3413 :	010011100100111011111111;
	3412 :	010011100100111011111111;
	3411 :	111111111111111111111111;
	3410 :	111111111111111111111111;
	3409 :	111111111111111111111111;
	3408 :	111111111111111111111111;
	3407 :	111111111111111111111111;
	3406 :	111111111111111111111110;
	3405 :	111111111111111111111111;
	3404 :	111111111111111111111111;
	3403 :	111111101111111111111111;
	3402 :	111111111111111011111111;
	3401 :	111111111111111111111111;
	3400 :	111111111111111111111111;
	3399 :	111111111111111111111111;
	3398 :	111111111111111111111111;
	3397 :	111111101111111011111111;
	3396 :	111111111111111111111111;
	3395 :	111111111111111111111111;
	3394 :	111111111111111111111111;
	3393 :	111111111111111111111111;
	3392 :	111111111111111111111111;
	3391 :	111111111111111111111110;
	3390 :	111111111111111111111111;
	3389 :	111111111111111111111111;
	3388 :	111111111111111111111110;
	3387 :	111111111111111111111111;
	3386 :	111111111111111111111111;
	3385 :	111111111111111111111111;
	3384 :	111111111111111111111111;
	3383 :	111111111111111111111111;
	3382 :	111111111111111111111111;
	3381 :	111111111111111111111111;
	3380 :	111111111111111111111111;
	3379 :	111111111111111111111111;
	3378 :	111111111111111111111111;
	3377 :	111111111111111111111111;
	3376 :	010011110100111011111111;
	3375 :	010011100100111011111111;
	3374 :	010011100100111011111111;
	3373 :	010011100100111111111111;
	3372 :	010011110100111111111111;
	3371 :	000000010000000001101011;
	3370 :	000000000000000001101011;
	3369 :	000000000000000101101011;
	3368 :	000000000000000001101011;
	3367 :	000000000000000001101011;
	3366 :	000011000000110011111011;
	3365 :	000011000000110011111010;
	3364 :	000011010000110011111011;
	3363 :	000011000000110011111011;
	3362 :	000011000000110011111011;
	3361 :	000011000000110011111011;
	3360 :	000011000000110011111011;
	3359 :	000011000000110011111010;
	3358 :	000011000000110011111011;
	3357 :	000011000000110011111011;
	3356 :	000011000000110011111011;
	3355 :	000011000000110011111011;
	3354 :	000011010000110011111011;
	3353 :	000011000000110011111011;
	3352 :	000011000000110011111010;
	3351 :	000011000000110011111011;
	3350 :	000000000000000001101011;
	3349 :	000000000000000001101011;
	3348 :	000000010000000001101011;
	3347 :	000000000000000001101011;
	3346 :	010011100100111011111111;
	3345 :	010011100100111011111111;
	3344 :	010011100100111011111111;
	3343 :	010011100100111011111111;
	3342 :	010011100100111011111111;
	3341 :	111111111111111111111111;
	3340 :	111111111111111111111111;
	3339 :	111111111111111111111111;
	3338 :	111111111111111011111111;
	3337 :	111111111111111111111111;
	3336 :	111111111111111111111111;
	3335 :	111111111111111111111111;
	3334 :	111111111111111111111111;
	3333 :	111111111111111111111111;
	3332 :	111111111111111111111110;
	3331 :	111111111111111111111111;
	3330 :	111111111111111111111111;
	3329 :	111111111111111111111110;
	3328 :	111111111111111111111111;
	3327 :	111111111111111111111111;
	3326 :	111111111111111011111111;
	3325 :	111111111111111111111111;
	3324 :	111111111111111111111111;
	3323 :	111111111111111011111111;
	3322 :	111111111111111111111111;
	3321 :	111111101111111011111111;
	3320 :	111111111111111111111111;
	3319 :	111111111111111011111111;
	3318 :	111111111111111111111111;
	3317 :	111111111111111111111111;
	3316 :	111111111111111111111111;
	3315 :	111111111111111111111111;
	3314 :	111111111111111011111111;
	3313 :	111111111111111111111111;
	3312 :	111111111111111111111111;
	3311 :	111111111111111111111111;
	3310 :	111111101111111111111111;
	3309 :	111111111111111111111111;
	3308 :	111111111111111111111111;
	3307 :	111111111111111111111111;
	3306 :	111111111111111111111111;
	3305 :	010011100100111011111111;
	3304 :	010011100100111011111111;
	3303 :	010011110100111011111111;
	3302 :	010011100100111011111111;
	3301 :	010011100100111011111111;
	3300 :	000000000000000001101011;
	3299 :	000000000000000001101011;
	3298 :	000000000000000001101011;
	3297 :	000000010000000001101010;
	3296 :	000011000000110011111011;
	3295 :	000011000000110011111011;
	3294 :	000011000000110011111010;
	3293 :	000011000000110011111011;
	3292 :	000011010000110011111010;
	3291 :	000011000000110011111011;
	3290 :	000011000000110011111011;
	3289 :	000011000000110011111011;
	3288 :	000011000000110011111011;
	3287 :	000011000000110011111011;
	3286 :	000011000000110011111011;
	3285 :	000011000000110111111011;
	3284 :	000011000000110111111011;
	3283 :	000011000000110011111011;
	3282 :	000011000000110011111011;
	3281 :	000011000000110111111011;
	3280 :	000000000000000001101011;
	3279 :	000000010000000001101011;
	3278 :	000000000000000001101011;
	3277 :	000000000000000001101011;
	3276 :	010011110100111011111111;
	3275 :	010011100100111011111111;
	3274 :	010011100100111011111111;
	3273 :	010011100100111011111111;
	3272 :	111111111111111111111111;
	3271 :	111111111111111111111111;
	3270 :	111111111111111111111111;
	3269 :	111111111111111111111111;
	3268 :	111111111111111111111111;
	3267 :	111111111111111011111111;
	3266 :	111111111111111111111110;
	3265 :	111111111111111111111111;
	3264 :	111111111111111111111111;
	3263 :	111111111111111111111111;
	3262 :	111111111111111111111111;
	3261 :	111111111111111111111111;
	3260 :	111111111111111011111111;
	3259 :	111111111111111111111111;
	3258 :	111111111111111111111111;
	3257 :	111111111111111011111111;
	3256 :	111111111111111111111111;
	3255 :	111111111111111111111111;
	3254 :	111111111111111111111111;
	3253 :	111111101111111111111111;
	3252 :	111111111111111111111111;
	3251 :	111111111111111111111111;
	3250 :	111111111111111111111111;
	3249 :	111111111111111111111111;
	3248 :	111111111111111011111111;
	3247 :	111111111111111111111111;
	3246 :	111111101111111111111111;
	3245 :	111111111111111111111111;
	3244 :	111111111111111111111111;
	3243 :	111111111111111011111111;
	3242 :	111111111111111111111111;
	3241 :	111111111111111111111111;
	3240 :	111111111111111111111111;
	3239 :	111111111111111111111111;
	3238 :	111111111111111111111110;
	3237 :	111111111111111111111111;
	3236 :	111111111111111111111111;
	3235 :	111111111111111111111111;
	3234 :	010011100100111011111111;
	3233 :	010011100100111011111111;
	3232 :	010011100100111011111111;
	3231 :	010011100100111011111111;
	3230 :	000000010000000001101011;
	3229 :	000000000000000001101011;
	3228 :	000000000000000001101011;
	3227 :	000000000000000101101011;
	3226 :	000011000000110011111011;
	3225 :	000011000000110011111011;
	3224 :	000011000000110011111011;
	3223 :	000011000000110011111011;
	3222 :	000011000000110011111011;
	3221 :	000011010000110011111011;
	3220 :	000011000000110011111010;
	3219 :	000011000000110011111011;
	3218 :	000011000000110011111011;
	3217 :	000011000000110111111011;
	3216 :	000011000000110011111011;
	3215 :	000011000000110011111011;
	3214 :	000011000000110011111011;
	3213 :	000011000000110011111010;
	3212 :	000011000000110011111011;
	3211 :	000000000000000001101011;
	3210 :	000000000000000001101011;
	3209 :	000000000000000001101011;
	3208 :	000000000000000001101011;
	3207 :	000000000000000001101011;
	3206 :	010011100100111011111110;
	3205 :	010011100100111011111111;
	3204 :	010011100100111111111111;
	3203 :	010011100100111011111111;
	3202 :	111111111111111111111111;
	3201 :	111111111111111111111111;
	3200 :	111111111111111111111111;
	3199 :	111111111111111111111111;
	3198 :	111111111111111111111111;
	3197 :	111111111111111011111111;
	3196 :	111111111111111111111111;
	3195 :	111111111111111111111110;
	3194 :	111111111111111011111111;
	3193 :	111111101111111111111111;
	3192 :	111111111111111011111110;
	3191 :	111111111111111111111111;
	3190 :	111111111111111111111111;
	3189 :	111111111111111111111111;
	3188 :	111111101111111111111111;
	3187 :	111111111111111111111111;
	3186 :	111111111111111111111111;
	3185 :	111111111111111011111111;
	3184 :	111111111111111111111111;
	3183 :	111111111111111111111111;
	3182 :	111111111111111111111111;
	3181 :	111111111111111111111111;
	3180 :	111111111111111111111111;
	3179 :	111111111111111111111111;
	3178 :	111111111111111111111111;
	3177 :	111111111111111111111111;
	3176 :	111111111111111111111111;
	3175 :	111111111111111111111111;
	3174 :	111111111111111111111111;
	3173 :	111111111111111111111111;
	3172 :	111111111111111011111111;
	3171 :	111111101111111111111110;
	3170 :	111111111111111111111110;
	3169 :	111111111111111111111111;
	3168 :	111111111111111111111111;
	3167 :	111111111111111111111111;
	3166 :	111111111111111111111111;
	3165 :	111111111111111011111111;
	3164 :	111111111111111111111111;
	3163 :	010011100100111011111111;
	3162 :	010011100100111011111111;
	3161 :	010011100100111011111111;
	3160 :	000000000000000001101011;
	3159 :	000000000000000001101011;
	3158 :	000000000000000001101011;
	3157 :	000000000000000001101010;
	3156 :	000000000000000001101011;
	3155 :	000011000000110011111011;
	3154 :	000011000000110011111011;
	3153 :	000011000000110011111011;
	3152 :	000011000000110011111011;
	3151 :	000011000000110011111011;
	3150 :	000011010000110011111011;
	3149 :	000011000000110011111011;
	3148 :	000011000000110011111011;
	3147 :	000011000000110011111011;
	3146 :	000011000000110011111010;
	3145 :	000011000000110011111011;
	3144 :	000011000000110011111011;
	3143 :	000011010000110011111011;
	3142 :	000011000000110011111011;
	3141 :	000000010000000101101011;
	3140 :	000000000000000001101011;
	3139 :	000000000000000001101011;
	3138 :	000000000000000001101011;
	3137 :	010011100100111111111111;
	3136 :	010011100100111011111111;
	3135 :	010011100100111111111111;
	3134 :	010011100100111011111111;
	3133 :	111111111111111111111111;
	3132 :	111111111111111111111111;
	3131 :	111111111111111111111111;
	3130 :	111111111111111111111111;
	3129 :	111111111111111111111111;
	3128 :	111111111111111111111111;
	3127 :	111111111111111011111111;
	3126 :	111111111111111111111111;
	3125 :	111111101111111111111111;
	3124 :	111111111111111111111111;
	3123 :	111111111111111111111111;
	3122 :	111111111111111111111111;
	3121 :	111111111111111111111111;
	3120 :	111111111111111111111111;
	3119 :	111111111111111111111111;
	3118 :	111111101111111111111110;
	3117 :	111111111111111111111111;
	3116 :	111111111111111111111111;
	3115 :	111111111111111111111111;
	3114 :	111111111111111111111111;
	3113 :	111111111111111111111111;
	3112 :	111111111111111111111111;
	3111 :	111111111111111011111111;
	3110 :	111111111111111111111111;
	3109 :	111111111111111111111111;
	3108 :	111111111111111111111111;
	3107 :	111111101111111111111111;
	3106 :	111111111111111111111111;
	3105 :	111111101111111111111111;
	3104 :	111111111111111111111111;
	3103 :	111111111111111111111110;
	3102 :	111111111111111111111111;
	3101 :	111111111111111111111111;
	3100 :	111111111111111111111111;
	3099 :	111111111111111111111111;
	3098 :	111111101111111111111111;
	3097 :	111111111111111111111111;
	3096 :	111111111111111111111111;
	3095 :	111111111111111111111111;
	3094 :	111111111111111111111111;
	3093 :	010011100100111011111111;
	3092 :	010011100100111011111111;
	3091 :	010011100100111011111111;
	3090 :	010011100100111011111111;
	3089 :	000000000000000001101011;
	3088 :	000000000000000001101011;
	3087 :	000000000000000001101011;
	3086 :	000000000000000001101010;
	3085 :	000011000000110011111011;
	3084 :	000011000000110011111011;
	3083 :	000011000000110011111011;
	3082 :	000011000000110011111011;
	3081 :	000011000000110111111011;
	3080 :	000011000000110111111011;
	3079 :	000011000000110011111010;
	3078 :	000011000000110011111011;
	3077 :	000011000000110011111011;
	3076 :	000011000000110011111011;
	3075 :	000011000000110011111011;
	3074 :	000011000000110111111011;
	3073 :	000011000000110011111011;
	3072 :	000011000000110011111011;
	3071 :	000000000000000001101011;
	3070 :	000000010000000001101011;
	3069 :	000000000000000001101011;
	3068 :	000000000000000001101011;
	3067 :	010011100100111011111111;
	3066 :	010011100100111011111111;
	3065 :	010011100100111011111111;
	3064 :	111111101111111111111111;
	3063 :	111111111111111111111111;
	3062 :	111111111111111111111111;
	3061 :	111111111111111111111111;
	3060 :	111111111111111111111111;
	3059 :	111111111111111111111111;
	3058 :	111111111111111011111111;
	3057 :	111111101111111111111111;
	3056 :	111111111111111011111111;
	3055 :	111111101111111111111111;
	3054 :	111111111111111111111111;
	3053 :	111111111111111011111111;
	3052 :	111111111111111111111111;
	3051 :	111111111111111111111111;
	3050 :	111111111111111011111111;
	3049 :	111111111111111111111111;
	3048 :	111111111111111111111111;
	3047 :	111111101111111111111111;
	3046 :	111111111111111111111111;
	3045 :	111111111111111111111111;
	3044 :	111111111111111111111111;
	3043 :	111111111111111111111111;
	3042 :	111111111111111111111111;
	3041 :	111111111111111111111111;
	3040 :	111111111111111111111110;
	3039 :	111111111111111111111111;
	3038 :	111111111111111111111111;
	3037 :	111111111111111011111111;
	3036 :	111111111111111111111111;
	3035 :	111111111111111111111111;
	3034 :	111111101111111111111111;
	3033 :	111111111111111011111111;
	3032 :	111111111111111111111111;
	3031 :	111111111111111111111111;
	3030 :	111111111111111111111110;
	3029 :	111111111111111111111111;
	3028 :	111111111111111011111111;
	3027 :	111111111111111111111111;
	3026 :	111111111111111111111111;
	3025 :	111111111111111111111111;
	3024 :	111111111111111111111111;
	3023 :	111111111111111011111111;
	3022 :	010011100100111011111111;
	3021 :	010011100100111111111111;
	3020 :	010011100100111011111110;
	3019 :	000000000000000001101011;
	3018 :	000000000000000001101011;
	3017 :	000000000000000001101011;
	3016 :	000000000000000001101011;
	3015 :	000011010000110011111011;
	3014 :	000011000000110011111011;
	3013 :	000011000000110111111011;
	3012 :	000011000000110011111010;
	3011 :	000011000000110011111011;
	3010 :	000011000000110011111011;
	3009 :	000011000000110011111010;
	3008 :	000011010000110011111011;
	3007 :	000011000000110011111011;
	3006 :	000011000000110011111011;
	3005 :	000011000000110011111011;
	3004 :	000011000000110011111011;
	3003 :	000011000000110011111011;
	3002 :	000011000000110011111011;
	3001 :	000000000000000001101010;
	3000 :	000000000000000001101011;
	2999 :	000000000000000001101010;
	2998 :	000000000000000001101011;
	2997 :	010011100100111011111111;
	2996 :	010011100100111011111111;
	2995 :	010011100100111011111111;
	2994 :	111111111111111111111111;
	2993 :	111111111111111111111111;
	2992 :	111111111111111111111111;
	2991 :	111111111111111011111111;
	2990 :	111111111111111111111111;
	2989 :	111111111111111111111111;
	2988 :	111111111111111111111111;
	2987 :	111111111111111111111111;
	2986 :	111111111111111111111111;
	2985 :	111111111111111111111111;
	2984 :	111111111111111111111111;
	2983 :	111111111111111111111110;
	2982 :	111111111111111111111111;
	2981 :	111111111111111111111111;
	2980 :	111111111111111111111111;
	2979 :	111111111111111111111111;
	2978 :	111111111111111111111111;
	2977 :	111111101111111111111111;
	2976 :	111111111111111111111111;
	2975 :	111111101111111111111111;
	2974 :	111111111111111111111111;
	2973 :	111111111111111111111111;
	2972 :	111111111111111011111111;
	2971 :	111111111111111111111111;
	2970 :	111111111111111111111111;
	2969 :	111111111111111111111111;
	2968 :	111111111111111111111110;
	2967 :	111111111111111111111111;
	2966 :	111111111111111111111111;
	2965 :	111111111111111111111110;
	2964 :	111111111111111111111111;
	2963 :	111111111111111111111111;
	2962 :	111111111111111011111111;
	2961 :	111111111111111011111111;
	2960 :	111111111111111111111110;
	2959 :	111111111111111111111111;
	2958 :	111111111111111111111111;
	2957 :	111111111111111111111111;
	2956 :	111111111111111111111111;
	2955 :	111111111111111011111111;
	2954 :	111111101111111111111111;
	2953 :	111111111111111111111111;
	2952 :	010011100100111011111111;
	2951 :	010011100100111011111111;
	2950 :	010011100100111011111111;
	2949 :	000000000000000001101011;
	2948 :	000000000000000101101011;
	2947 :	000000000000000001101011;
	2946 :	000000000000000001101011;
	2945 :	000011000000110011111010;
	2944 :	000011000000110011111011;
	2943 :	000011000000110011111010;
	2942 :	000011010000110011111011;
	2941 :	000011000000110011111011;
	2940 :	000011000000110011111011;
	2939 :	000011000000110011111011;
	2938 :	000011000000110011111011;
	2937 :	000011000000110011111011;
	2936 :	000011000000110011111010;
	2935 :	000011000000110111111011;
	2934 :	000011000000110011111011;
	2933 :	000011000000110011111011;
	2932 :	000000000000000001101011;
	2931 :	000000000000000001101011;
	2930 :	000000000000000001101011;
	2929 :	000000000000000001101011;
	2928 :	010011110100111011111111;
	2927 :	010011100100111011111110;
	2926 :	010011100100111011111111;
	2925 :	010011100100111011111111;
	2924 :	111111111111111111111111;
	2923 :	111111111111111011111111;
	2922 :	111111111111111111111111;
	2921 :	111111111111111111111111;
	2920 :	111111111111111111111111;
	2919 :	111111111111111111111111;
	2918 :	111111111111111011111111;
	2917 :	111111111111111111111111;
	2916 :	111111111111111111111111;
	2915 :	111111111111111111111111;
	2914 :	111111111111111111111111;
	2913 :	111111111111111111111111;
	2912 :	111111111111111111111110;
	2911 :	111111111111111011111111;
	2910 :	111111111111111111111111;
	2909 :	111111111111111111111110;
	2908 :	111111111111111111111111;
	2907 :	111111111111111111111111;
	2906 :	111111111111111111111111;
	2905 :	111111111111111111111111;
	2904 :	111111111111111111111111;
	2903 :	111111111111111111111111;
	2902 :	111111111111111111111111;
	2901 :	111111111111111111111111;
	2900 :	111111101111111111111111;
	2899 :	111111111111111111111111;
	2898 :	111111111111111111111111;
	2897 :	111111111111111111111111;
	2896 :	111111111111111011111111;
	2895 :	111111111111111111111111;
	2894 :	111111111111111111111111;
	2893 :	111111111111111011111111;
	2892 :	111111111111111111111111;
	2891 :	111111111111111111111111;
	2890 :	111111111111111111111111;
	2889 :	111111111111111111111111;
	2888 :	111111111111111011111111;
	2887 :	111111111111111111111111;
	2886 :	111111111111111111111111;
	2885 :	111111101111111111111111;
	2884 :	111111111111111111111111;
	2883 :	111111111111111111111111;
	2882 :	010011100100111011111111;
	2881 :	010011100100111011111111;
	2880 :	010011100100111011111111;
	2879 :	010011100100111011111111;
	2878 :	000000000000000001101011;
	2877 :	000000000000000001101011;
	2876 :	000000010000000001101011;
	2875 :	000000000000000101101011;
	2874 :	000011000000110011111011;
	2873 :	000011000000110011111011;
	2872 :	000011000000110011111011;
	2871 :	000011000000110111111011;
	2870 :	000011000000110111111010;
	2869 :	000011000000110111111010;
	2868 :	000011000000110011111011;
	2867 :	000011000000110011111011;
	2866 :	000011000000110011111011;
	2865 :	000011000000110011111010;
	2864 :	000011000000110011111011;
	2863 :	000011000000110111111011;
	2862 :	000000000000000101101011;
	2861 :	000000000000000001101011;
	2860 :	000000000000000001101011;
	2859 :	000000000000000101101011;
	2858 :	010011100100111011111111;
	2857 :	010011100100111111111111;
	2856 :	010011100100111011111111;
	2855 :	111111111111111111111111;
	2854 :	111111111111111111111111;
	2853 :	111111111111111111111111;
	2852 :	111111111111111011111111;
	2851 :	111111111111111111111111;
	2850 :	111111111111111111111111;
	2849 :	111111111111111011111111;
	2848 :	111111111111111111111111;
	2847 :	111111111111111111111111;
	2846 :	111111111111111111111111;
	2845 :	111111111111111111111111;
	2844 :	111111111111111111111111;
	2843 :	111111111111111011111111;
	2842 :	111111111111111111111111;
	2841 :	111111111111111111111111;
	2840 :	111111111111111111111111;
	2839 :	111111111111111111111111;
	2838 :	111111111111111111111111;
	2837 :	111111111111111111111110;
	2836 :	111111111111111111111111;
	2835 :	111111111111111111111111;
	2834 :	111111111111111111111111;
	2833 :	111111111111111111111111;
	2832 :	111111111111111111111111;
	2831 :	111111101111111111111111;
	2830 :	111111111111111111111111;
	2829 :	111111101111111111111111;
	2828 :	111111111111111111111111;
	2827 :	111111111111111111111111;
	2826 :	111111111111111111111111;
	2825 :	111111111111111111111111;
	2824 :	111111111111111011111110;
	2823 :	111111111111111111111111;
	2822 :	111111111111111111111111;
	2821 :	111111111111111111111111;
	2820 :	111111111111111111111111;
	2819 :	111111111111111111111110;
	2818 :	111111111111111111111111;
	2817 :	111111111111111111111110;
	2816 :	111111111111111111111111;
	2815 :	111111111111111111111111;
	2814 :	111111111111111111111111;
	2813 :	111111111111111111111111;
	2812 :	111111111111111111111111;
	2811 :	010011100100111011111111;
	2810 :	010011100100111011111111;
	2809 :	010011100100111011111110;
	2808 :	000000000000000001101011;
	2807 :	000000010000000001101011;
	2806 :	000000010000000001101011;
	2805 :	000000000000000001101011;
	2804 :	000011000000110011111011;
	2803 :	000011000000110111111011;
	2802 :	000011000000110011111010;
	2801 :	000011000000110011111011;
	2800 :	000011000000110111111011;
	2799 :	000011000000110011111011;
	2798 :	000011000000110011111011;
	2797 :	000011000000110011111011;
	2796 :	000011010000110011111010;
	2795 :	000011000000110011111011;
	2794 :	000011000000110011111011;
	2793 :	000011000000110011111011;
	2792 :	000000010000000001101011;
	2791 :	000000000000000001101011;
	2790 :	000000010000000001101011;
	2789 :	000000000000000001101011;
	2788 :	010011100100111011111111;
	2787 :	010011100100111011111111;
	2786 :	010011100100111011111111;
	2785 :	111111111111111111111111;
	2784 :	111111111111111111111111;
	2783 :	111111111111111111111111;
	2782 :	111111111111111111111111;
	2781 :	111111111111111111111111;
	2780 :	111111111111111111111111;
	2779 :	111111111111111111111110;
	2778 :	111111111111111111111111;
	2777 :	111111111111111111111111;
	2776 :	111111111111111111111111;
	2775 :	111111111111111011111111;
	2774 :	111111111111111111111111;
	2773 :	111111111111111111111110;
	2772 :	111111111111111111111111;
	2771 :	111111111111111111111111;
	2770 :	111111111111111111111111;
	2769 :	111111101111111111111111;
	2768 :	111111111111111111111111;
	2767 :	111111111111111111111111;
	2766 :	111111111111111111111111;
	2765 :	111111111111111111111111;
	2764 :	111111111111111111111111;
	2763 :	111111111111111111111110;
	2762 :	111111101111111111111111;
	2761 :	111111111111111111111111;
	2760 :	111111111111111111111111;
	2759 :	111111111111111111111111;
	2758 :	111111111111111111111111;
	2757 :	111111111111111111111111;
	2756 :	111111111111111011111111;
	2755 :	111111111111111111111111;
	2754 :	111111111111111111111111;
	2753 :	111111111111111111111111;
	2752 :	111111111111111111111111;
	2751 :	111111111111111111111111;
	2750 :	111111111111111111111111;
	2749 :	111111111111111111111110;
	2748 :	111111101111111111111111;
	2747 :	111111111111111111111111;
	2746 :	111111111111111011111111;
	2745 :	111111111111111111111111;
	2744 :	111111111111111111111111;
	2743 :	111111111111111111111111;
	2742 :	111111111111111111111111;
	2741 :	111111111111111111111111;
	2740 :	010011100100111011111111;
	2739 :	010011100100111011111111;
	2738 :	000000000000000001101011;
	2737 :	000000000000000001101011;
	2736 :	000000000000000001101011;
	2735 :	000000000000000001101011;
	2734 :	000011000000110111111011;
	2733 :	000011000000110011111011;
	2732 :	000011010000110011111011;
	2731 :	000011010000110011111011;
	2730 :	000011000000110011111011;
	2729 :	000011000000110111111011;
	2728 :	000011000000110011111011;
	2727 :	000011000000110011111011;
	2726 :	000011000000110011111011;
	2725 :	000011000000110011111011;
	2724 :	000011000000110011111011;
	2723 :	000011010000110011111011;
	2722 :	000000000000000001101011;
	2721 :	000000000000000001101011;
	2720 :	000000000000000001101011;
	2719 :	000000000000000001101011;
	2718 :	010011100100111011111111;
	2717 :	010011100100111011111111;
	2716 :	111111111111111011111111;
	2715 :	111111101111111111111110;
	2714 :	111111111111111111111111;
	2713 :	111111111111111111111111;
	2712 :	111111111111111111111111;
	2711 :	111111111111111111111111;
	2710 :	111111111111111111111111;
	2709 :	111111111111111111111111;
	2708 :	111111111111111111111111;
	2707 :	111111111111111111111111;
	2706 :	111111111111111111111111;
	2705 :	111111111111111111111111;
	2704 :	111111111111111111111111;
	2703 :	111111111111111111111111;
	2702 :	111111101111111111111111;
	2701 :	111111111111111111111111;
	2700 :	111111111111111111111111;
	2699 :	111111111111111111111111;
	2698 :	111111111111111111111111;
	2697 :	111111111111111111111111;
	2696 :	111111111111111111111111;
	2695 :	111111111111111111111111;
	2694 :	111111111111111111111111;
	2693 :	111111111111111111111110;
	2692 :	111111111111111111111111;
	2691 :	111111111111111111111111;
	2690 :	111111101111111111111111;
	2689 :	111111101111111011111111;
	2688 :	111111111111111111111111;
	2687 :	111111111111111111111111;
	2686 :	111111111111111111111111;
	2685 :	111111111111111111111111;
	2684 :	111111111111111111111111;
	2683 :	111111111111111111111111;
	2682 :	111111111111111111111111;
	2681 :	111111111111111111111110;
	2680 :	111111111111111111111111;
	2679 :	111111111111111111111111;
	2678 :	111111111111111111111111;
	2677 :	111111111111111111111110;
	2676 :	111111111111111111111111;
	2675 :	111111111111111111111111;
	2674 :	111111111111111111111111;
	2673 :	111111111111111111111111;
	2672 :	111111111111111111111111;
	2671 :	111111111111111111111111;
	2670 :	010011100100111111111111;
	2669 :	010011110100111011111111;
	2668 :	000000000000000001101011;
	2667 :	000000000000000101101011;
	2666 :	000000010000000001101011;
	2665 :	000000010000000001101011;
	2664 :	000011000000110011111011;
	2663 :	000011000000110011111011;
	2662 :	000011000000110011111011;
	2661 :	000011000000110011111011;
	2660 :	000011000000110011111010;
	2659 :	000011010000110011111010;
	2658 :	000011000000110011111011;
	2657 :	000011000000110011111011;
	2656 :	000011000000110011111011;
	2655 :	000011000000110011111011;
	2654 :	000011010000110011111011;
	2653 :	000011000000110011111011;
	2652 :	000000010000000001101010;
	2651 :	000000000000000001101011;
	2650 :	000000000000000001101011;
	2649 :	000000000000000001101011;
	2648 :	010011100100111011111111;
	2647 :	010011100100111011111111;
	2646 :	111111111111111111111111;
	2645 :	111111111111111111111111;
	2644 :	111111111111111111111111;
	2643 :	111111111111111111111111;
	2642 :	111111111111111111111111;
	2641 :	111111111111111011111111;
	2640 :	111111111111111011111111;
	2639 :	111111111111111111111111;
	2638 :	111111111111111111111111;
	2637 :	111111111111111111111111;
	2636 :	111111111111111111111111;
	2635 :	111111101111111111111111;
	2634 :	111111111111111111111111;
	2633 :	111111111111111111111111;
	2632 :	111111111111111111111111;
	2631 :	111111101111111111111111;
	2630 :	111111111111111111111111;
	2629 :	111111111111111111111111;
	2628 :	111111111111111111111111;
	2627 :	111111111111111111111111;
	2626 :	111111111111111011111111;
	2625 :	111111111111111111111111;
	2624 :	111111111111111111111110;
	2623 :	111111111111111111111111;
	2622 :	111111111111111111111111;
	2621 :	111111111111111111111111;
	2620 :	111111111111111111111111;
	2619 :	111111111111111111111111;
	2618 :	111111111111111111111111;
	2617 :	111111101111111011111111;
	2616 :	111111111111111111111111;
	2615 :	111111111111111111111111;
	2614 :	111111101111111111111111;
	2613 :	111111111111111111111111;
	2612 :	111111111111111111111111;
	2611 :	111111111111111111111111;
	2610 :	111111111111111111111111;
	2609 :	111111111111111111111111;
	2608 :	111111101111111111111111;
	2607 :	111111111111111111111111;
	2606 :	111111111111111111111111;
	2605 :	111111111111111111111111;
	2604 :	111111101111111111111111;
	2603 :	111111111111111111111111;
	2602 :	111111111111111111111111;
	2601 :	111111111111111111111111;
	2600 :	010011100100111011111111;
	2599 :	010011100100111011111111;
	2598 :	000000000000000001101011;
	2597 :	000000000000000001101011;
	2596 :	000000000000000001101011;
	2595 :	000000000000000001101011;
	2594 :	000011000000110011111011;
	2593 :	000011000000110011111010;
	2592 :	000011000000110011111011;
	2591 :	000011000000110011111011;
	2590 :	000011000000110011111011;
	2589 :	000011000000110011111011;
	2588 :	000011000000110011111011;
	2587 :	000011000000110111111011;
	2586 :	000011000000110011111011;
	2585 :	000011000000110011111011;
	2584 :	000011000000110011111011;
	2583 :	000011000000110011111011;
	2582 :	000000000000000001101011;
	2581 :	000000000000000001101011;
	2580 :	000000000000000001101011;
	2579 :	000000000000000001101011;
	2578 :	010011100100111011111111;
	2577 :	010011100100111011111111;
	2576 :	111111111111111111111110;
	2575 :	111111101111111111111111;
	2574 :	111111111111111111111111;
	2573 :	111111111111111111111111;
	2572 :	111111111111111111111110;
	2571 :	111111111111111111111111;
	2570 :	111111111111111011111111;
	2569 :	111111111111111111111111;
	2568 :	111111111111111111111111;
	2567 :	111111101111111111111111;
	2566 :	111111111111111111111111;
	2565 :	111111111111111111111111;
	2564 :	111111111111111111111111;
	2563 :	111111111111111111111111;
	2562 :	111111111111111111111110;
	2561 :	111111111111111111111111;
	2560 :	111111111111111111111110;
	2559 :	111111111111111111111110;
	2558 :	111111111111111111111111;
	2557 :	111111111111111111111111;
	2556 :	111111111111111111111111;
	2555 :	111111111111111111111111;
	2554 :	111111111111111111111111;
	2553 :	111111111111111111111111;
	2552 :	111111111111111111111111;
	2551 :	111111111111111111111111;
	2550 :	111111101111111111111111;
	2549 :	111111111111111111111111;
	2548 :	111111111111111111111111;
	2547 :	111111111111111111111111;
	2546 :	111111111111111111111111;
	2545 :	111111111111111111111111;
	2544 :	111111111111111111111111;
	2543 :	111111111111111111111111;
	2542 :	111111101111111111111111;
	2541 :	111111111111111111111111;
	2540 :	111111111111111111111111;
	2539 :	111111111111111111111111;
	2538 :	111111111111111111111111;
	2537 :	111111111111111011111111;
	2536 :	111111111111111111111111;
	2535 :	111111111111111111111111;
	2534 :	111111111111111111111110;
	2533 :	111111111111111111111111;
	2532 :	111111111111111111111111;
	2531 :	111111111111111111111110;
	2530 :	010011100100111011111111;
	2529 :	010011100100111011111110;
	2528 :	000000010000000001101011;
	2527 :	000000000000000001101011;
	2526 :	000000000000000101101011;
	2525 :	000000000000000001101011;
	2524 :	000011000000110011111011;
	2523 :	000011000000110011111011;
	2522 :	000011000000110011111011;
	2521 :	000011000000110011111011;
	2520 :	000011000000110011111011;
	2519 :	000011000000110011111011;
	2518 :	000011000000110111111011;
	2517 :	000011000000110011111011;
	2516 :	000011000000110011111011;
	2515 :	000011000000110011111011;
	2514 :	000011000000110111111011;
	2513 :	000011000000110011111011;
	2512 :	000000000000000001101011;
	2511 :	000000000000000001101011;
	2510 :	000000000000000001101011;
	2509 :	000000000000000001101011;
	2508 :	010011100100111011111111;
	2507 :	111111111111111111111111;
	2506 :	111111111111111111111111;
	2505 :	111111111111111111111111;
	2504 :	111111101111111111111111;
	2503 :	111111111111111111111111;
	2502 :	111111101111111111111111;
	2501 :	111111111111111111111110;
	2500 :	111111101111111111111111;
	2499 :	111111111111111111111111;
	2498 :	111111111111111111111111;
	2497 :	111111111111111111111111;
	2496 :	111111111111111011111110;
	2495 :	111111111111111111111111;
	2494 :	111111111111111111111111;
	2493 :	111111111111111011111111;
	2492 :	111111111111111111111110;
	2491 :	111111111111111111111111;
	2490 :	111111111111111111111111;
	2489 :	111111111111111111111111;
	2488 :	111111101111111111111111;
	2487 :	111111111111111111111111;
	2486 :	111111111111111111111111;
	2485 :	111111111111111111111111;
	2484 :	111111111111111111111111;
	2483 :	111111111111111111111111;
	2482 :	111111111111111011111111;
	2481 :	111111111111111111111111;
	2480 :	111111111111111111111111;
	2479 :	111111101111111111111111;
	2478 :	111111111111111111111111;
	2477 :	111111111111111111111111;
	2476 :	111111111111111011111111;
	2475 :	111111111111111111111111;
	2474 :	111111111111111111111111;
	2473 :	111111111111111111111111;
	2472 :	111111111111111111111111;
	2471 :	111111101111111111111111;
	2470 :	111111111111111111111111;
	2469 :	111111111111111111111111;
	2468 :	111111111111111111111111;
	2467 :	111111111111111011111111;
	2466 :	111111101111111111111111;
	2465 :	111111111111111011111111;
	2464 :	111111111111111111111111;
	2463 :	111111111111111111111111;
	2462 :	111111111111111111111111;
	2461 :	111111101111111111111111;
	2460 :	010011100100111011111111;
	2459 :	010011100100111011111111;
	2458 :	000000000000000001101011;
	2457 :	000000000000000001101011;
	2456 :	000000000000000001101011;
	2455 :	000000000000000001101011;
	2454 :	000011000000110011111011;
	2453 :	000011000000110011111011;
	2452 :	000011000000110111111011;
	2451 :	000011000000110011111011;
	2450 :	000011000000110011111011;
	2449 :	000011000000110011111011;
	2448 :	000011000000110011111011;
	2447 :	000011000000110011111011;
	2446 :	000011000000110011111011;
	2445 :	000011000000110011111011;
	2444 :	000011000000110011111011;
	2443 :	000011010000110011111011;
	2442 :	000000010000000101101011;
	2441 :	000000000000000101101011;
	2440 :	000000000000000001101011;
	2439 :	000000000000000101101011;
	2438 :	010011100100111011111111;
	2437 :	111111111111111111111111;
	2436 :	111111111111111011111111;
	2435 :	111111111111111111111111;
	2434 :	111111111111111111111110;
	2433 :	111111111111111111111111;
	2432 :	111111111111111111111111;
	2431 :	111111111111111011111111;
	2430 :	111111111111111111111111;
	2429 :	111111111111111111111111;
	2428 :	111111111111111111111111;
	2427 :	111111111111111111111111;
	2426 :	111111111111111011111111;
	2425 :	111111111111111111111111;
	2424 :	111111111111111111111111;
	2423 :	111111111111111111111111;
	2422 :	111111101111111111111111;
	2421 :	111111101111111111111110;
	2420 :	111111111111111111111111;
	2419 :	111111111111111111111111;
	2418 :	111111111111111111111111;
	2417 :	111111111111111111111110;
	2416 :	111111101111111111111111;
	2415 :	111111111111111111111111;
	2414 :	111111111111111111111111;
	2413 :	111111101111111111111111;
	2412 :	111111111111111111111111;
	2411 :	111111111111111111111111;
	2410 :	111111111111111011111110;
	2409 :	111111111111111111111111;
	2408 :	111111111111111111111111;
	2407 :	111111111111111111111111;
	2406 :	111111111111111111111111;
	2405 :	111111111111111011111111;
	2404 :	111111111111111111111111;
	2403 :	111111111111111111111111;
	2402 :	111111111111111111111110;
	2401 :	111111111111111111111111;
	2400 :	111111111111111111111110;
	2399 :	111111111111111111111110;
	2398 :	111111111111111011111111;
	2397 :	111111101111111111111111;
	2396 :	111111111111111111111111;
	2395 :	111111101111111111111111;
	2394 :	111111111111111111111111;
	2393 :	111111111111111111111111;
	2392 :	111111111111111011111111;
	2391 :	111111111111111111111111;
	2390 :	111111111111111111111111;
	2389 :	010011110100111111111111;
	2388 :	000000000000000001101011;
	2387 :	000000000000000001101011;
	2386 :	000000000000000001101011;
	2385 :	000000000000000001101011;
	2384 :	000011000000110111111010;
	2383 :	000011000000110011111011;
	2382 :	000011000000110011111011;
	2381 :	000011000000110011111011;
	2380 :	000011000000110011111011;
	2379 :	000011000000110011111011;
	2378 :	000011000000110011111011;
	2377 :	000011000000110111111011;
	2376 :	000011000000110011111011;
	2375 :	000011010000110011111011;
	2374 :	000011000000110011111011;
	2373 :	000011000000110011111011;
	2372 :	000000000000000001101011;
	2371 :	000000010000000001101011;
	2370 :	000000000000000001101011;
	2369 :	000000000000000001101011;
	2368 :	010011100100111011111111;
	2367 :	111111101111111111111110;
	2366 :	111111111111111011111111;
	2365 :	111111101111111111111111;
	2364 :	111111111111111111111110;
	2363 :	111111111111111111111111;
	2362 :	111111111111111111111111;
	2361 :	111111111111111111111111;
	2360 :	111111111111111111111111;
	2359 :	111111111111111111111111;
	2358 :	111111111111111111111111;
	2357 :	111111111111111111111111;
	2356 :	111111111111111111111111;
	2355 :	111111111111111111111111;
	2354 :	111111111111111011111111;
	2353 :	111111111111111111111111;
	2352 :	111111111111111111111110;
	2351 :	111111111111111111111111;
	2350 :	111111111111111111111111;
	2349 :	111111111111111111111111;
	2348 :	111111111111111111111111;
	2347 :	111111101111111111111111;
	2346 :	111111111111111111111111;
	2345 :	111111111111111111111111;
	2344 :	111111111111111111111111;
	2343 :	111111111111111111111111;
	2342 :	111111111111111111111111;
	2341 :	111111111111111011111111;
	2340 :	111111111111111111111111;
	2339 :	111111111111111111111111;
	2338 :	111111101111111011111111;
	2337 :	111111111111111011111111;
	2336 :	111111111111111111111110;
	2335 :	111111111111111111111111;
	2334 :	111111111111111111111111;
	2333 :	111111101111111111111111;
	2332 :	111111111111111111111111;
	2331 :	111111111111111111111111;
	2330 :	111111111111111111111111;
	2329 :	111111111111111111111111;
	2328 :	111111111111111111111111;
	2327 :	111111101111111111111111;
	2326 :	111111111111111011111111;
	2325 :	111111111111111111111111;
	2324 :	111111111111111111111111;
	2323 :	111111111111111111111111;
	2322 :	111111111111111111111111;
	2321 :	111111111111111111111111;
	2320 :	111111111111111011111111;
	2319 :	010011100100111011111111;
	2318 :	000000000000000001101011;
	2317 :	000000000000000001101011;
	2316 :	000000000000000001101011;
	2315 :	000000000000000001101011;
	2314 :	000011000000110011111011;
	2313 :	000011000000110111111010;
	2312 :	000011010000110011111010;
	2311 :	000011000000110011111011;
	2310 :	000011000000110011111011;
	2309 :	000011010000110011111011;
	2308 :	000011000000110011111011;
	2307 :	000011000000110011111011;
	2306 :	000011000000110011111011;
	2305 :	000011000000110011111010;
	2304 :	000011000000110011111011;
	2303 :	000011000000110011111011;
	2302 :	000000000000000001101011;
	2301 :	000000000000000001101011;
	2300 :	000000000000000001101011;
	2299 :	000000000000000001101011;
	2298 :	010011100100111011111111;
	2297 :	111111111111111111111111;
	2296 :	111111111111111111111111;
	2295 :	111111111111111011111111;
	2294 :	111111111111111111111110;
	2293 :	111111111111111111111111;
	2292 :	111111111111111111111111;
	2291 :	111111111111111111111111;
	2290 :	111111111111111111111111;
	2289 :	111111111111111111111110;
	2288 :	111111111111111111111111;
	2287 :	111111111111111111111111;
	2286 :	111111111111111111111111;
	2285 :	111111111111111111111111;
	2284 :	111111111111111011111111;
	2283 :	111111111111111111111111;
	2282 :	111111101111111111111111;
	2281 :	111111111111111111111111;
	2280 :	111111111111111111111111;
	2279 :	111111111111111111111111;
	2278 :	111111111111111111111111;
	2277 :	111111111111111011111111;
	2276 :	111111111111111111111111;
	2275 :	111111111111111111111111;
	2274 :	111111111111111111111111;
	2273 :	111111111111111011111111;
	2272 :	111111101111111111111111;
	2271 :	111111111111111111111111;
	2270 :	111111101111111111111110;
	2269 :	111111111111111111111111;
	2268 :	111111111111111111111110;
	2267 :	111111111111111111111111;
	2266 :	111111111111111111111111;
	2265 :	111111111111111111111111;
	2264 :	111111111111111011111111;
	2263 :	111111111111111111111111;
	2262 :	111111111111111111111111;
	2261 :	111111111111111111111111;
	2260 :	111111101111111111111111;
	2259 :	111111111111111111111111;
	2258 :	111111111111111111111110;
	2257 :	111111111111111111111111;
	2256 :	111111111111111111111111;
	2255 :	111111111111111111111111;
	2254 :	111111111111111111111111;
	2253 :	111111111111111011111111;
	2252 :	111111111111111111111111;
	2251 :	111111111111111111111110;
	2250 :	111111111111111111111111;
	2249 :	010011100100111111111111;
	2248 :	000000000000000001101011;
	2247 :	000000000000000001101011;
	2246 :	000000000000000001101011;
	2245 :	000000000000000001101011;
	2244 :	000011000000110011111011;
	2243 :	000011000000110011111011;
	2242 :	000011000000110011111011;
	2241 :	000011000000110011111011;
	2240 :	000011000000110011111011;
	2239 :	000011000000110011111011;
	2238 :	000011000000110011111011;
	2237 :	000011000000110011111011;
	2236 :	000011000000110011111011;
	2235 :	000011010000110011111011;
	2234 :	000011000000110011111011;
	2233 :	000011000000110011111011;
	2232 :	000000000000000001101011;
	2231 :	000000000000000001101011;
	2230 :	000000000000000001101011;
	2229 :	000000000000000001101010;
	2228 :	111111111111111111111111;
	2227 :	111111111111111111111111;
	2226 :	111111111111111111111110;
	2225 :	111111111111111111111111;
	2224 :	111111111111111111111110;
	2223 :	111111111111111111111111;
	2222 :	111111111111111111111111;
	2221 :	111111111111111111111111;
	2220 :	111111111111111011111111;
	2219 :	111111111111111111111111;
	2218 :	111111111111111011111111;
	2217 :	111111111111111011111111;
	2216 :	111111111111111111111111;
	2215 :	111111111111111111111111;
	2214 :	111111111111111111111111;
	2213 :	111111111111111111111111;
	2212 :	111111111111111111111111;
	2211 :	111111111111111011111111;
	2210 :	111111111111111111111111;
	2209 :	111111101111111111111111;
	2208 :	111111111111111111111111;
	2207 :	111111111111111011111111;
	2206 :	111111111111111111111111;
	2205 :	111111111111111111111111;
	2204 :	111111111111111111111111;
	2203 :	111111111111111111111111;
	2202 :	111111111111111111111111;
	2201 :	111111111111111111111111;
	2200 :	111111111111111111111110;
	2199 :	111111111111111111111110;
	2198 :	111111111111111111111111;
	2197 :	111111111111111111111111;
	2196 :	111111111111111111111111;
	2195 :	111111111111111111111111;
	2194 :	111111111111111111111111;
	2193 :	111111111111111111111111;
	2192 :	111111111111111111111111;
	2191 :	111111111111111111111111;
	2190 :	111111111111111111111110;
	2189 :	111111111111111111111111;
	2188 :	111111111111111111111111;
	2187 :	111111111111111111111110;
	2186 :	111111111111111111111111;
	2185 :	111111111111111111111111;
	2184 :	111111111111111111111111;
	2183 :	111111111111111011111111;
	2182 :	111111111111111111111111;
	2181 :	111111101111111111111111;
	2180 :	111111111111111111111111;
	2179 :	111111111111111111111111;
	2178 :	000000010000000001101011;
	2177 :	000000000000000001101011;
	2176 :	000000000000000001101011;
	2175 :	000000010000000001101011;
	2174 :	000011000000110011111011;
	2173 :	000011010000110011111010;
	2172 :	000011000000110111111011;
	2171 :	000011000000110011111011;
	2170 :	000011000000110011111011;
	2169 :	000011000000110011111011;
	2168 :	000011000000110011111011;
	2167 :	000011000000110011111011;
	2166 :	000011000000110011111010;
	2165 :	000011000000110011111011;
	2164 :	000011000000110011111011;
	2163 :	000011000000110011111011;
	2162 :	000000000000000001101010;
	2161 :	000000010000000001101011;
	2160 :	000000000000000101101011;
	2159 :	000000000000000001101011;
	2158 :	111111111111111111111111;
	2157 :	111111111111111111111111;
	2156 :	111111111111111111111111;
	2155 :	111111111111111111111111;
	2154 :	111111111111111011111110;
	2153 :	111111111111111111111111;
	2152 :	111111111111111111111111;
	2151 :	111111111111111111111111;
	2150 :	111111101111111111111111;
	2149 :	111111111111111111111111;
	2148 :	111111111111111111111111;
	2147 :	111111111111111111111111;
	2146 :	111111111111111111111111;
	2145 :	111111111111111111111111;
	2144 :	111111101111111011111111;
	2143 :	111111111111111111111111;
	2142 :	111111111111111111111111;
	2141 :	111111111111111011111111;
	2140 :	111111111111111111111111;
	2139 :	111111111111111111111111;
	2138 :	111111111111111111111111;
	2137 :	111111111111111111111111;
	2136 :	111111111111111111111111;
	2135 :	111111111111111111111111;
	2134 :	111111111111111111111111;
	2133 :	111111111111111111111111;
	2132 :	111111111111111111111111;
	2131 :	111111111111111111111111;
	2130 :	111111111111111111111111;
	2129 :	111111111111111111111110;
	2128 :	111111111111111111111111;
	2127 :	111111111111111111111111;
	2126 :	111111111111111111111111;
	2125 :	111111111111111111111110;
	2124 :	111111111111111111111111;
	2123 :	111111111111111111111111;
	2122 :	111111111111111111111111;
	2121 :	111111101111111111111111;
	2120 :	111111111111111111111111;
	2119 :	111111111111111111111111;
	2118 :	111111111111111111111111;
	2117 :	111111111111111111111111;
	2116 :	111111111111111111111111;
	2115 :	111111111111111111111111;
	2114 :	111111111111111111111110;
	2113 :	111111111111111111111111;
	2112 :	111111111111111111111111;
	2111 :	111111111111111111111111;
	2110 :	111111111111111111111111;
	2109 :	111111111111111111111111;
	2108 :	000000000000000001101011;
	2107 :	000000000000000001101011;
	2106 :	000000000000000001101011;
	2105 :	000000000000000001101011;
	2104 :	000011010000110011111011;
	2103 :	000011010000110011111011;
	2102 :	000011010000110011111011;
	2101 :	000011000000110011111011;
	2100 :	000011000000110011111011;
	2099 :	000011000000110011111011;
	2098 :	000011010000110011111011;
	2097 :	000011000000110011111011;
	2096 :	000011000000110011111011;
	2095 :	000011000000110011111011;
	2094 :	000011000000110011111010;
	2093 :	000011000000110011111011;
	2092 :	000011000000110011111011;
	2091 :	000000000000000101101011;
	2090 :	000000000000000001101011;
	2089 :	000000000000000001101011;
	2088 :	000000000000000001101011;
	2087 :	111111111111111111111111;
	2086 :	111111101111111111111111;
	2085 :	111111111111111011111111;
	2084 :	111111111111111111111111;
	2083 :	111111111111111111111111;
	2082 :	111111111111111111111111;
	2081 :	111111111111111111111111;
	2080 :	111111111111111111111111;
	2079 :	111111111111111111111111;
	2078 :	111111111111111011111111;
	2077 :	111111111111111111111110;
	2076 :	111111111111111111111111;
	2075 :	111111111111111111111111;
	2074 :	111111111111111111111111;
	2073 :	111111111111111011111111;
	2072 :	111111111111111111111110;
	2071 :	111111111111111111111111;
	2070 :	111111111111111111111111;
	2069 :	111111111111111111111111;
	2068 :	111111111111111111111110;
	2067 :	111111111111111111111111;
	2066 :	111111101111111111111110;
	2065 :	111111111111111111111111;
	2064 :	111111111111111011111111;
	2063 :	111111111111111111111111;
	2062 :	111111111111111111111111;
	2061 :	111111111111111111111110;
	2060 :	111111111111111111111111;
	2059 :	111111111111111111111111;
	2058 :	111111111111111111111111;
	2057 :	111111111111111111111111;
	2056 :	111111111111111111111111;
	2055 :	111111111111111111111111;
	2054 :	111111111111111111111111;
	2053 :	111111111111111111111111;
	2052 :	111111101111111111111111;
	2051 :	111111111111111111111111;
	2050 :	111111111111111111111110;
	2049 :	111111111111111011111111;
	2048 :	111111111111111111111111;
	2047 :	111111111111111111111111;
	2046 :	111111111111111111111111;
	2045 :	111111111111111111111111;
	2044 :	111111111111111111111111;
	2043 :	111111111111111111111111;
	2042 :	111111111111111111111111;
	2041 :	111111111111111111111111;
	2040 :	111111111111111011111111;
	2039 :	000000010000000001101011;
	2038 :	000000000000000001101011;
	2037 :	000000000000000001101011;
	2036 :	000000000000000001101011;
	2035 :	000011000000110011111011;
	2034 :	000011010000110011111011;
	2033 :	000011000000110011111011;
	2032 :	000011000000110111111011;
	2031 :	000011000000110111111011;
	2030 :	000011000000110011111011;
	2029 :	000011010000110011111011;
	2028 :	000011000000110011111011;
	2027 :	000011000000110011111011;
	2026 :	000011000000110011111011;
	2025 :	000011000000110011111011;
	2024 :	000011000000110011111011;
	2023 :	000011010000110011111011;
	2022 :	000011000000110011111011;
	2021 :	000000000000000001101011;
	2020 :	000000000000000001101011;
	2019 :	000000000000000001101011;
	2018 :	000000000000000001101011;
	2017 :	111111111111111011111111;
	2016 :	111111111111111011111111;
	2015 :	111111111111111111111111;
	2014 :	111111111111111111111111;
	2013 :	111111111111111111111111;
	2012 :	111111111111111111111111;
	2011 :	111111111111111111111111;
	2010 :	111111111111111011111111;
	2009 :	111111101111111111111111;
	2008 :	111111111111111111111111;
	2007 :	111111101111111111111111;
	2006 :	111111111111111111111111;
	2005 :	111111111111111011111111;
	2004 :	111111111111111011111111;
	2003 :	111111111111111111111111;
	2002 :	111111111111111111111111;
	2001 :	111111111111111111111111;
	2000 :	111111111111111111111111;
	1999 :	111111101111111111111111;
	1998 :	111111101111111111111111;
	1997 :	111111111111111111111111;
	1996 :	111111111111111111111111;
	1995 :	111111111111111011111111;
	1994 :	111111101111111111111111;
	1993 :	111111111111111111111111;
	1992 :	111111111111111111111111;
	1991 :	111111111111111111111111;
	1990 :	111111111111111111111111;
	1989 :	111111111111111111111111;
	1988 :	111111111111111111111111;
	1987 :	111111111111111111111111;
	1986 :	111111111111111111111111;
	1985 :	111111111111111111111111;
	1984 :	111111111111111111111111;
	1983 :	111111111111111111111111;
	1982 :	111111111111111111111111;
	1981 :	111111111111111011111110;
	1980 :	111111111111111111111111;
	1979 :	111111111111111111111111;
	1978 :	111111111111111111111111;
	1977 :	111111111111111111111110;
	1976 :	111111111111111111111110;
	1975 :	111111111111111111111111;
	1974 :	111111111111111111111111;
	1973 :	111111111111111111111111;
	1972 :	111111111111111111111111;
	1971 :	111111111111111111111111;
	1970 :	111111111111111111111111;
	1969 :	000000000000000001101011;
	1968 :	000000000000000101101011;
	1967 :	000000000000000001101011;
	1966 :	000000000000000001101011;
	1965 :	000011000000110111111011;
	1964 :	000011000000110011111011;
	1963 :	000011000000110011111011;
	1962 :	000011000000110011111011;
	1961 :	000011000000110011111011;
	1960 :	000011000000110011111011;
	1959 :	000011010000110011111011;
	1958 :	000011000000110011111011;
	1957 :	000011000000110011111011;
	1956 :	000011000000110011111011;
	1955 :	000011000000110111111010;
	1954 :	000011000000110011111011;
	1953 :	000011000000110011111011;
	1952 :	000011010000110011111011;
	1951 :	000000000000000001101011;
	1950 :	000000000000000001101011;
	1949 :	000000000000000001101011;
	1948 :	000000000000000001101010;
	1947 :	111111111111111111111110;
	1946 :	111111111111111111111111;
	1945 :	111111111111111011111111;
	1944 :	111111111111111111111111;
	1943 :	111111111111111111111111;
	1942 :	111111111111111111111111;
	1941 :	111111111111111111111111;
	1940 :	111111111111111111111111;
	1939 :	111111111111111111111111;
	1938 :	111111111111111111111111;
	1937 :	111111111111111111111111;
	1936 :	111111101111111111111111;
	1935 :	111111111111111111111111;
	1934 :	111111111111111111111111;
	1933 :	111111111111111111111111;
	1932 :	111111111111111011111111;
	1931 :	111111111111111111111111;
	1930 :	111111111111111011111111;
	1929 :	111111111111111111111111;
	1928 :	111111111111111111111111;
	1927 :	111111111111111111111111;
	1926 :	111111111111111111111111;
	1925 :	111111111111111111111111;
	1924 :	111111111111111111111111;
	1923 :	111111111111111111111111;
	1922 :	111111111111111111111111;
	1921 :	111111111111111111111111;
	1920 :	111111111111111111111111;
	1919 :	111111111111111111111110;
	1918 :	111111111111111111111111;
	1917 :	111111111111111011111111;
	1916 :	111111111111111111111111;
	1915 :	111111111111111111111111;
	1914 :	111111111111111111111111;
	1913 :	111111111111111111111111;
	1912 :	111111111111111111111111;
	1911 :	111111111111111111111111;
	1910 :	111111111111111111111111;
	1909 :	111111111111111111111111;
	1908 :	111111111111111111111111;
	1907 :	111111101111111111111111;
	1906 :	111111111111111111111111;
	1905 :	111111111111111111111111;
	1904 :	111111111111111111111111;
	1903 :	111111111111111111111111;
	1902 :	111111111111111011111111;
	1901 :	111111111111111111111111;
	1900 :	111111111111111011111111;
	1899 :	000000000000000101101011;
	1898 :	000000000000000001101011;
	1897 :	000000000000000001101011;
	1896 :	000000000000000001101010;
	1895 :	000011000000110011111011;
	1894 :	000011000000110011111011;
	1893 :	000011000000110011111011;
	1892 :	000011000000110111111011;
	1891 :	000011010000110011111011;
	1890 :	000011000000110011111011;
	1889 :	000011010000110011111011;
	1888 :	000011000000110011111011;
	1887 :	000011000000110011111011;
	1886 :	000011000000110011111011;
	1885 :	000011000000110011111011;
	1884 :	000011000000110011111011;
	1883 :	000011000000110011111011;
	1882 :	000011000000110011111011;
	1881 :	000000000000000001101011;
	1880 :	000000000000000001101011;
	1879 :	000000000000000001101011;
	1878 :	000000000000000001101011;
	1877 :	000000000000000001101011;
	1876 :	111111111111111111111111;
	1875 :	111111111111111111111111;
	1874 :	111111111111111111111111;
	1873 :	111111111111111111111111;
	1872 :	111111111111111011111111;
	1871 :	111111111111111111111111;
	1870 :	111111111111111111111111;
	1869 :	111111111111111111111111;
	1868 :	111111111111111111111111;
	1867 :	111111111111111111111111;
	1866 :	111111111111111011111111;
	1865 :	111111111111111111111110;
	1864 :	111111111111111111111111;
	1863 :	111111111111111111111111;
	1862 :	111111111111111111111111;
	1861 :	111111111111111111111111;
	1860 :	111111111111111111111111;
	1859 :	111111111111111111111111;
	1858 :	111111111111111111111111;
	1857 :	111111111111111111111111;
	1856 :	111111111111111111111111;
	1855 :	111111111111111111111111;
	1854 :	111111111111111111111111;
	1853 :	111111111111111111111111;
	1852 :	111111111111111011111110;
	1851 :	111111111111111111111111;
	1850 :	111111111111111111111111;
	1849 :	111111111111111111111111;
	1848 :	111111111111111111111111;
	1847 :	111111101111111111111111;
	1846 :	111111101111111111111111;
	1845 :	111111111111111011111111;
	1844 :	111111111111111111111111;
	1843 :	111111101111111011111111;
	1842 :	111111111111111111111111;
	1841 :	111111111111111111111111;
	1840 :	111111111111111111111111;
	1839 :	111111111111111111111111;
	1838 :	111111111111111111111111;
	1837 :	111111111111111111111111;
	1836 :	111111111111111111111111;
	1835 :	111111111111111111111111;
	1834 :	111111111111111111111111;
	1833 :	111111111111111111111111;
	1832 :	111111111111111111111111;
	1831 :	111111111111111111111111;
	1830 :	000000000000000001101011;
	1829 :	000000000000000001101011;
	1828 :	000000000000000001101010;
	1827 :	000000000000000101101011;
	1826 :	000000000000000001101011;
	1825 :	000011000000110011111011;
	1824 :	000011000000110011111011;
	1823 :	000011000000110011111011;
	1822 :	000011000000110011111011;
	1821 :	000011000000110011111011;
	1820 :	000011000000110011111010;
	1819 :	000011000000110111111011;
	1818 :	000011000000110011111011;
	1817 :	000011000000110011111011;
	1816 :	000011000000110011111011;
	1815 :	000011000000110011111011;
	1814 :	000011000000110011111011;
	1813 :	000011000000110111111011;
	1812 :	000011000000110011111011;
	1811 :	000011000000110011111011;
	1810 :	000000000000000001101011;
	1809 :	000000000000000001101010;
	1808 :	000000000000000001101011;
	1807 :	000000000000000001101011;
	1806 :	111111111111111111111111;
	1805 :	111111111111111111111111;
	1804 :	111111111111111111111111;
	1803 :	111111111111111111111111;
	1802 :	111111111111111111111111;
	1801 :	111111111111111111111110;
	1800 :	111111111111111111111111;
	1799 :	111111111111111011111111;
	1798 :	111111111111111111111111;
	1797 :	111111111111111011111110;
	1796 :	111111111111111011111111;
	1795 :	111111111111111111111111;
	1794 :	111111101111111011111111;
	1793 :	111111111111111111111111;
	1792 :	111111111111111111111110;
	1791 :	111111111111111111111111;
	1790 :	111111111111111111111111;
	1789 :	111111111111111111111111;
	1788 :	111111111111111111111110;
	1787 :	111111111111111111111111;
	1786 :	111111111111111011111111;
	1785 :	111111111111111011111111;
	1784 :	111111111111111111111111;
	1783 :	111111111111111111111110;
	1782 :	111111111111111111111111;
	1781 :	111111111111111111111111;
	1780 :	111111111111111111111111;
	1779 :	111111111111111111111111;
	1778 :	111111111111111111111111;
	1777 :	111111111111111111111111;
	1776 :	111111111111111111111111;
	1775 :	111111101111111111111111;
	1774 :	111111111111111111111111;
	1773 :	111111111111111111111111;
	1772 :	111111111111111011111111;
	1771 :	111111111111111011111111;
	1770 :	111111111111111111111111;
	1769 :	111111111111111011111111;
	1768 :	111111101111111111111111;
	1767 :	111111111111111111111111;
	1766 :	111111111111111111111111;
	1765 :	111111101111111111111111;
	1764 :	111111101111111111111111;
	1763 :	111111111111111111111111;
	1762 :	111111111111111111111111;
	1761 :	111111111111111111111111;
	1760 :	000000000000000001101011;
	1759 :	000000000000000001101011;
	1758 :	000000000000000001101010;
	1757 :	000000000000000001101011;
	1756 :	000011000000110011111011;
	1755 :	000011000000110011111011;
	1754 :	000011000000110011111011;
	1753 :	000011000000110011111011;
	1752 :	000011000000110011111011;
	1751 :	000011000000110011111011;
	1750 :	000011000000110011111011;
	1749 :	000011000000110111111011;
	1748 :	000011000000110011111011;
	1747 :	000011000000110011111011;
	1746 :	000011010000110111111011;
	1745 :	000011010000110111111010;
	1744 :	000011000000110111111011;
	1743 :	000011010000110011111011;
	1742 :	000011010000110011111011;
	1741 :	000011010000110011111011;
	1740 :	000000000000000001101011;
	1739 :	000000000000000001101011;
	1738 :	000000000000000001101010;
	1737 :	000000000000000001101011;
	1736 :	111111111111111111111111;
	1735 :	111111111111111111111111;
	1734 :	111111111111111111111111;
	1733 :	111111111111111111111111;
	1732 :	111111111111111111111111;
	1731 :	111111111111111111111111;
	1730 :	111111111111111111111111;
	1729 :	111111111111111111111111;
	1728 :	111111111111111111111111;
	1727 :	111111111111111111111111;
	1726 :	111111111111111111111111;
	1725 :	111111111111111111111111;
	1724 :	111111111111111111111111;
	1723 :	111111111111111111111111;
	1722 :	111111111111111111111111;
	1721 :	111111111111111111111111;
	1720 :	111111111111111011111110;
	1719 :	111111111111111111111111;
	1718 :	111111111111111011111111;
	1717 :	111111111111111111111111;
	1716 :	111111111111111111111111;
	1715 :	111111111111111111111110;
	1714 :	111111111111111111111111;
	1713 :	111111111111111111111111;
	1712 :	111111101111111111111111;
	1711 :	111111111111111011111111;
	1710 :	111111111111111111111110;
	1709 :	111111111111111011111110;
	1708 :	111111111111111111111111;
	1707 :	111111101111111111111111;
	1706 :	111111111111111111111111;
	1705 :	111111111111111111111111;
	1704 :	111111111111111111111110;
	1703 :	111111111111111111111111;
	1702 :	111111111111111111111111;
	1701 :	111111111111111111111111;
	1700 :	111111111111111111111111;
	1699 :	111111101111111111111111;
	1698 :	111111111111111011111111;
	1697 :	111111111111111111111111;
	1696 :	111111111111111111111111;
	1695 :	111111111111111011111111;
	1694 :	111111101111111111111111;
	1693 :	111111111111111111111111;
	1692 :	111111111111111111111110;
	1691 :	111111111111111111111111;
	1690 :	000000000000000001101011;
	1689 :	000000000000000001101011;
	1688 :	000000000000000001101011;
	1687 :	000000000000000101101011;
	1686 :	000011000000110111111011;
	1685 :	000011010000110011111011;
	1684 :	000011000000110011111011;
	1683 :	000011000000110011111011;
	1682 :	000011000000110011111011;
	1681 :	000011000000110011111011;
	1680 :	000011000000110011111011;
	1679 :	000011000000110011111011;
	1678 :	000011000000110111111011;
	1677 :	000011000000110111111011;
	1676 :	000011000000110011111011;
	1675 :	000011000000110011111011;
	1674 :	000011010000110011111011;
	1673 :	000011000000110011111010;
	1672 :	000011000000110011111011;
	1671 :	000011000000110011111011;
	1670 :	000000000000000001101011;
	1669 :	000000000000000001101010;
	1668 :	000000000000000001101011;
	1667 :	000000000000000001101011;
	1666 :	000000000000000001101011;
	1665 :	111111111111111111111111;
	1664 :	111111111111111111111111;
	1663 :	111111111111111111111111;
	1662 :	111111111111111111111111;
	1661 :	111111111111111111111111;
	1660 :	111111111111111111111110;
	1659 :	111111111111111111111111;
	1658 :	111111111111111011111111;
	1657 :	111111111111111111111111;
	1656 :	111111111111111111111111;
	1655 :	111111111111111011111111;
	1654 :	111111111111111111111111;
	1653 :	111111101111111111111111;
	1652 :	111111111111111111111111;
	1651 :	111111111111111111111111;
	1650 :	111111111111111111111111;
	1649 :	111111111111111111111111;
	1648 :	111111111111111011111111;
	1647 :	111111111111111111111111;
	1646 :	111111111111111011111110;
	1645 :	111111111111111111111111;
	1644 :	111111111111111111111111;
	1643 :	111111111111111111111111;
	1642 :	111111101111111111111111;
	1641 :	111111111111111111111111;
	1640 :	111111111111111111111110;
	1639 :	111111111111111111111111;
	1638 :	111111111111111111111111;
	1637 :	111111111111111111111111;
	1636 :	111111111111111111111111;
	1635 :	111111111111111111111110;
	1634 :	111111101111111111111111;
	1633 :	111111111111111111111111;
	1632 :	111111111111111111111111;
	1631 :	111111111111111111111111;
	1630 :	111111111111111111111111;
	1629 :	111111111111111111111111;
	1628 :	111111111111111111111111;
	1627 :	111111111111111111111111;
	1626 :	111111111111111111111111;
	1625 :	111111111111111111111111;
	1624 :	111111111111111011111111;
	1623 :	111111111111111011111111;
	1622 :	111111111111111111111111;
	1621 :	000000010000000001101010;
	1620 :	000000000000000001101011;
	1619 :	000000000000000001101011;
	1618 :	000000000000000001101011;
	1617 :	000000000000000001101011;
	1616 :	000011000000110011111011;
	1615 :	000011000000110011111011;
	1614 :	000011010000110011111011;
	1613 :	000011000000110011111011;
	1612 :	000011000000110011111011;
	1611 :	000011000000110011111011;
	1610 :	000011000000110011111011;
	1609 :	000011010000110011111011;
	1608 :	000011000000110011111010;
	1607 :	000011000000110011111011;
	1606 :	000011000000110011111011;
	1605 :	000011000000110011111011;
	1604 :	000011000000110011111011;
	1603 :	000011000000110011111010;
	1602 :	000011000000110011111011;
	1601 :	000011000000110011111011;
	1600 :	000011000000110011111011;
	1599 :	000000000000000001101011;
	1598 :	000000000000000101101011;
	1597 :	000000000000000001101011;
	1596 :	000000000000000001101011;
	1595 :	111111111111111111111111;
	1594 :	111111111111111111111111;
	1593 :	111111111111111111111111;
	1592 :	111111111111111111111111;
	1591 :	111111111111111111111111;
	1590 :	111111111111111111111111;
	1589 :	111111111111111111111111;
	1588 :	111111111111111111111111;
	1587 :	111111111111111111111111;
	1586 :	111111111111111111111111;
	1585 :	111111111111111111111110;
	1584 :	111111111111111111111111;
	1583 :	111111111111111111111111;
	1582 :	111111111111111111111111;
	1581 :	111111111111111111111111;
	1580 :	111111111111111111111111;
	1579 :	111111111111111111111111;
	1578 :	111111111111111111111111;
	1577 :	111111111111111111111111;
	1576 :	111111101111111111111110;
	1575 :	111111111111111111111111;
	1574 :	111111111111111111111111;
	1573 :	111111111111111111111111;
	1572 :	111111111111111111111111;
	1571 :	111111101111111111111110;
	1570 :	111111111111111111111111;
	1569 :	111111111111111111111111;
	1568 :	111111111111111111111111;
	1567 :	111111111111111111111110;
	1566 :	111111111111111011111111;
	1565 :	111111111111111111111111;
	1564 :	111111111111111111111111;
	1563 :	111111111111111111111111;
	1562 :	111111111111111111111111;
	1561 :	111111111111111111111111;
	1560 :	111111111111111111111111;
	1559 :	111111111111111111111111;
	1558 :	111111101111111111111111;
	1557 :	111111111111111111111110;
	1556 :	111111111111111011111111;
	1555 :	111111101111111111111111;
	1554 :	111111111111111111111111;
	1553 :	111111111111111111111111;
	1552 :	111111111111111111111111;
	1551 :	000000000000000001101011;
	1550 :	000000000000000001101010;
	1549 :	000000000000000001101011;
	1548 :	000000000000000001101011;
	1547 :	000011000000110011111011;
	1546 :	000011000000110011111011;
	1545 :	000011000000110011111011;
	1544 :	000011000000110011111011;
	1543 :	000011000000110011111011;
	1542 :	000011000000110011111011;
	1541 :	000011000000110011111011;
	1540 :	000011000000110011111010;
	1539 :	000011000000110011111011;
	1538 :	000011000000110011111011;
	1537 :	000011000000110011111011;
	1536 :	000011000000110011111011;
	1535 :	000011000000110111111011;
	1534 :	000011000000110111111011;
	1533 :	000011000000110011111010;
	1532 :	000011000000110011111011;
	1531 :	000011000000110011111011;
	1530 :	000011000000110011111011;
	1529 :	000000000000000001101011;
	1528 :	000000010000000001101011;
	1527 :	000000000000000001101011;
	1526 :	000000000000000001101011;
	1525 :	000000000000000001101011;
	1524 :	111111111111111111111111;
	1523 :	111111111111111111111111;
	1522 :	111111111111111111111111;
	1521 :	111111111111111111111111;
	1520 :	111111111111111111111111;
	1519 :	111111111111111111111111;
	1518 :	111111111111111111111111;
	1517 :	111111111111111111111111;
	1516 :	111111111111111111111111;
	1515 :	111111111111111111111111;
	1514 :	111111111111111111111111;
	1513 :	111111111111111111111111;
	1512 :	111111111111111111111111;
	1511 :	111111111111111111111111;
	1510 :	111111111111111111111111;
	1509 :	111111111111111111111111;
	1508 :	111111111111111111111111;
	1507 :	111111111111111111111111;
	1506 :	111111111111111111111111;
	1505 :	111111111111111011111111;
	1504 :	111111111111111011111111;
	1503 :	111111101111111111111111;
	1502 :	111111111111111111111110;
	1501 :	111111101111111111111111;
	1500 :	111111111111111011111111;
	1499 :	111111111111111111111111;
	1498 :	111111111111111011111111;
	1497 :	111111111111111011111111;
	1496 :	111111111111111111111111;
	1495 :	111111111111111111111111;
	1494 :	111111111111111111111111;
	1493 :	111111111111111111111111;
	1492 :	111111111111111111111111;
	1491 :	111111111111111011111111;
	1490 :	111111111111111011111111;
	1489 :	111111111111111111111111;
	1488 :	111111101111111111111111;
	1487 :	111111101111111111111111;
	1486 :	111111111111111111111111;
	1485 :	111111111111111111111111;
	1484 :	111111101111111111111111;
	1483 :	111111111111111111111111;
	1482 :	000000000000000001101011;
	1481 :	000000000000000001101011;
	1480 :	000000000000000001101011;
	1479 :	000000000000000001101011;
	1478 :	000000000000000001101010;
	1477 :	000011000000110011111011;
	1476 :	000011000000110011111011;
	1475 :	000011010000110011111011;
	1474 :	000011000000110011111011;
	1473 :	000011000000110011111011;
	1472 :	000011000000110111111011;
	1471 :	000011000000110011111011;
	1470 :	000011000000110011111011;
	1469 :	000011000000110011111011;
	1468 :	000011000000110011111011;
	1467 :	000011000000110011111011;
	1466 :	000011000000110011111011;
	1465 :	000011000000110011111011;
	1464 :	000011000000110111111011;
	1463 :	000011010000110111111011;
	1462 :	000011000000110011111010;
	1461 :	000011000000110011111011;
	1460 :	000011000000110011111011;
	1459 :	000011000000110011111011;
	1458 :	000000010000000001101011;
	1457 :	000000000000000001101011;
	1456 :	000000000000000001101011;
	1455 :	000000000000000001101011;
	1454 :	000000000000000001101011;
	1453 :	111111111111111111111111;
	1452 :	111111111111111111111111;
	1451 :	111111111111111111111111;
	1450 :	111111111111111111111111;
	1449 :	111111111111111011111111;
	1448 :	111111111111111111111110;
	1447 :	111111111111111111111111;
	1446 :	111111111111111111111111;
	1445 :	111111111111111111111110;
	1444 :	111111111111111111111111;
	1443 :	111111111111111111111111;
	1442 :	111111111111111111111111;
	1441 :	111111111111111111111111;
	1440 :	111111111111111111111111;
	1439 :	111111111111111111111111;
	1438 :	111111111111111111111110;
	1437 :	111111111111111111111111;
	1436 :	111111111111111111111111;
	1435 :	111111111111111111111111;
	1434 :	111111111111111111111111;
	1433 :	111111111111111011111111;
	1432 :	111111111111111011111111;
	1431 :	111111101111111111111110;
	1430 :	111111111111111011111111;
	1429 :	111111111111111111111111;
	1428 :	111111111111111111111111;
	1427 :	111111111111111111111111;
	1426 :	111111111111111111111111;
	1425 :	111111111111111111111111;
	1424 :	111111111111111111111111;
	1423 :	111111111111111111111111;
	1422 :	111111111111111111111111;
	1421 :	111111111111111111111111;
	1420 :	111111111111111111111111;
	1419 :	111111111111111111111111;
	1418 :	111111111111111111111110;
	1417 :	111111101111111111111111;
	1416 :	111111111111111111111111;
	1415 :	111111111111111111111111;
	1414 :	111111101111111111111111;
	1413 :	000000000000000001101011;
	1412 :	000000000000000001101011;
	1411 :	000000000000000001101011;
	1410 :	000000000000000001101011;
	1409 :	000000000000000001101011;
	1408 :	000011000000110011111011;
	1407 :	000011010000110011111011;
	1406 :	000011000000110011111010;
	1405 :	000011010000110111111011;
	1404 :	000011000000110011111011;
	1403 :	000011000000110111111011;
	1402 :	000011000000110011111010;
	1401 :	000011000000110011111011;
	1400 :	000011010000110011111011;
	1399 :	000011010000110011111011;
	1398 :	000011000000110011111011;
	1397 :	000011000000110111111011;
	1396 :	000011000000110011111011;
	1395 :	000011000000110011111011;
	1394 :	000011000000110011111011;
	1393 :	000011000000110011111011;
	1392 :	000011000000110011111011;
	1391 :	000011000000110011111011;
	1390 :	000011000000110011111011;
	1389 :	000011000000110011111010;
	1388 :	000011000000110011111011;
	1387 :	000000000000000001101011;
	1386 :	000000000000000001101011;
	1385 :	000000000000000101101011;
	1384 :	000000010000000101101011;
	1383 :	111111111111111111111111;
	1382 :	111111111111111111111111;
	1381 :	111111101111111111111111;
	1380 :	111111111111111111111111;
	1379 :	111111111111111111111111;
	1378 :	111111101111111011111111;
	1377 :	111111111111111111111110;
	1376 :	111111111111111111111111;
	1375 :	111111111111111111111111;
	1374 :	111111111111111111111111;
	1373 :	111111111111111111111111;
	1372 :	111111111111111111111111;
	1371 :	111111111111111111111111;
	1370 :	111111101111111111111111;
	1369 :	111111111111111111111111;
	1368 :	111111111111111111111111;
	1367 :	111111111111111111111111;
	1366 :	111111111111111111111111;
	1365 :	111111111111111111111111;
	1364 :	111111111111111111111111;
	1363 :	111111111111111111111111;
	1362 :	111111111111111111111111;
	1361 :	111111111111111111111111;
	1360 :	111111111111111111111110;
	1359 :	111111111111111111111111;
	1358 :	111111111111111111111111;
	1357 :	111111111111111111111111;
	1356 :	111111111111111111111111;
	1355 :	111111111111111111111111;
	1354 :	111111101111111111111111;
	1353 :	111111111111111111111111;
	1352 :	111111111111111111111111;
	1351 :	111111111111111111111111;
	1350 :	111111111111111111111111;
	1349 :	111111111111111111111111;
	1348 :	111111111111111111111111;
	1347 :	111111111111111111111111;
	1346 :	111111111111111111111111;
	1345 :	111111111111111111111111;
	1344 :	111111101111111111111110;
	1343 :	000000000000000001101011;
	1342 :	000000000000000001101011;
	1341 :	000000000000000001101011;
	1340 :	000000000000000001101011;
	1339 :	000011000000110011111011;
	1338 :	000011000000110011111011;
	1337 :	000011000000110011111010;
	1336 :	000011000000110011111011;
	1335 :	000011010000110111111010;
	1334 :	000011000000110011111011;
	1333 :	000011000000110011111011;
	1332 :	000011000000110011111011;
	1331 :	000011000000110011111011;
	1330 :	000011000000110011111011;
	1329 :	000011010000110011111010;
	1328 :	000011000000110011111011;
	1327 :	000011000000110111111011;
	1326 :	000011000000110011111010;
	1325 :	000011000000110011111011;
	1324 :	000011000000110011111011;
	1323 :	000011000000110011111011;
	1322 :	000011010000110011111010;
	1321 :	000011000000110011111011;
	1320 :	000011000000110011111011;
	1319 :	000011000000110011111010;
	1318 :	000011000000110011111011;
	1317 :	000000000000000001101011;
	1316 :	000000000000000001101011;
	1315 :	000000010000000001101011;
	1314 :	000000000000000001101011;
	1313 :	000000000000000101101010;
	1312 :	111111111111111111111110;
	1311 :	111111111111111111111111;
	1310 :	111111111111111111111111;
	1309 :	111111101111111111111111;
	1308 :	111111111111111111111111;
	1307 :	111111111111111011111111;
	1306 :	111111111111111011111111;
	1305 :	111111111111111111111111;
	1304 :	111111111111111111111111;
	1303 :	111111101111111111111111;
	1302 :	111111111111111111111111;
	1301 :	111111111111111111111111;
	1300 :	111111111111111011111111;
	1299 :	111111111111111111111111;
	1298 :	111111111111111111111111;
	1297 :	111111111111111111111111;
	1296 :	111111111111111111111111;
	1295 :	111111111111111111111111;
	1294 :	111111111111111111111111;
	1293 :	111111111111111111111111;
	1292 :	111111111111111111111111;
	1291 :	111111111111111111111111;
	1290 :	111111111111111111111111;
	1289 :	111111111111111111111111;
	1288 :	111111111111111111111111;
	1287 :	111111111111111111111110;
	1286 :	111111101111111111111111;
	1285 :	111111111111111111111111;
	1284 :	111111111111111111111111;
	1283 :	111111111111111111111110;
	1282 :	111111111111111111111111;
	1281 :	111111111111111111111111;
	1280 :	111111111111111111111111;
	1279 :	111111111111111111111111;
	1278 :	111111111111111111111111;
	1277 :	111111111111111111111111;
	1276 :	111111111111111111111111;
	1275 :	111111111111111111111111;
	1274 :	000000000000000001101011;
	1273 :	000000000000000001101011;
	1272 :	000000000000000001101011;
	1271 :	000000000000000001101011;
	1270 :	000000010000000001101011;
	1269 :	000011010000110011111011;
	1268 :	000011000000110011111011;
	1267 :	000011000000110011111011;
	1266 :	000011000000110011111011;
	1265 :	000011010000110011111011;
	1264 :	000011000000110111111011;
	1263 :	000011000000110111111011;
	1262 :	000011000000110011111011;
	1261 :	000011000000110011111011;
	1260 :	000011010000110011111011;
	1259 :	000011000000110011111011;
	1258 :	000011000000110011111010;
	1257 :	000011000000110111111011;
	1256 :	000011000000110011111011;
	1255 :	000011000000110011111011;
	1254 :	000011000000110011111011;
	1253 :	000011000000110011111011;
	1252 :	000011000000110011111011;
	1251 :	000011000000110011111011;
	1250 :	000011000000110011111011;
	1249 :	000011000000110011111011;
	1248 :	000011000000110011111010;
	1247 :	000011000000110011111011;
	1246 :	000000000000000001101011;
	1245 :	000000000000000001101011;
	1244 :	000000000000000101101011;
	1243 :	000000010000000001101011;
	1242 :	000000000000000001101011;
	1241 :	111111111111111111111111;
	1240 :	111111111111111111111111;
	1239 :	111111111111111111111111;
	1238 :	111111111111111111111111;
	1237 :	111111101111111111111111;
	1236 :	111111111111111111111111;
	1235 :	111111111111111111111111;
	1234 :	111111111111111111111111;
	1233 :	111111111111111111111111;
	1232 :	111111111111111111111110;
	1231 :	111111111111111011111111;
	1230 :	111111111111111111111111;
	1229 :	111111101111111111111111;
	1228 :	111111111111111111111111;
	1227 :	111111111111111111111111;
	1226 :	111111111111111111111111;
	1225 :	111111111111111111111111;
	1224 :	111111111111111111111111;
	1223 :	111111111111111111111111;
	1222 :	111111111111111111111111;
	1221 :	111111111111111111111111;
	1220 :	111111111111111111111111;
	1219 :	111111111111111111111110;
	1218 :	111111111111111111111111;
	1217 :	111111101111111111111111;
	1216 :	111111111111111111111111;
	1215 :	111111111111111111111111;
	1214 :	111111111111111111111111;
	1213 :	111111111111111111111111;
	1212 :	111111111111111111111111;
	1211 :	111111111111111111111111;
	1210 :	111111111111111011111111;
	1209 :	111111111111111111111110;
	1208 :	111111111111111111111111;
	1207 :	111111111111111111111111;
	1206 :	111111111111111111111111;
	1205 :	000000000000000001101011;
	1204 :	000000000000000001101011;
	1203 :	000000000000000001101011;
	1202 :	000000000000000001101011;
	1201 :	000000010000000001101011;
	1200 :	000011010000110011111010;
	1199 :	000011010000110111111011;
	1198 :	000011000000110111111011;
	1197 :	000011000000110011111011;
	1196 :	000011000000110011111011;
	1195 :	000011010000110011111011;
	1194 :	000011000000110011111011;
	1193 :	000011000000110011111011;
	1192 :	000011000000110011111011;
	1191 :	000011000000110011111011;
	1190 :	000011000000110011111011;
	1189 :	000011000000110011111011;
	1188 :	000011000000110011111011;
	1187 :	000011010000110011111011;
	1186 :	000011000000110111111011;
	1185 :	000011000000110111111011;
	1184 :	000011000000110011111011;
	1183 :	000011000000110011111011;
	1182 :	000011000000110011111011;
	1181 :	000011000000110011111011;
	1180 :	000011000000110011111011;
	1179 :	000011000000110011111011;
	1178 :	000011010000110011111011;
	1177 :	000011010000110011111011;
	1176 :	000011000000110011111010;
	1175 :	000000000000000001101011;
	1174 :	000000000000000001101011;
	1173 :	000000000000000101101011;
	1172 :	000000000000000001101011;
	1171 :	000000000000000001101011;
	1170 :	111111101111111111111111;
	1169 :	111111101111111111111111;
	1168 :	111111111111111111111110;
	1167 :	111111111111111111111111;
	1166 :	111111111111111111111111;
	1165 :	111111111111111011111111;
	1164 :	111111111111111111111111;
	1163 :	111111101111111111111111;
	1162 :	111111111111111111111111;
	1161 :	111111111111111111111110;
	1160 :	111111101111111011111111;
	1159 :	111111111111111111111111;
	1158 :	111111101111111111111111;
	1157 :	111111111111111111111111;
	1156 :	111111111111111111111111;
	1155 :	111111111111111111111111;
	1154 :	111111111111111111111111;
	1153 :	111111101111111111111111;
	1152 :	111111111111111111111111;
	1151 :	111111111111111011111111;
	1150 :	111111111111111111111111;
	1149 :	111111111111111111111111;
	1148 :	111111111111111111111111;
	1147 :	111111111111111111111110;
	1146 :	111111111111111111111111;
	1145 :	111111111111111111111111;
	1144 :	111111111111111111111111;
	1143 :	111111111111111111111111;
	1142 :	111111111111111111111111;
	1141 :	111111111111111111111111;
	1140 :	111111111111111111111111;
	1139 :	111111111111111111111111;
	1138 :	111111101111111111111111;
	1137 :	111111111111111111111111;
	1136 :	000000000000000001101010;
	1135 :	000000010000000001101011;
	1134 :	000000000000000001101011;
	1133 :	000000010000000001101011;
	1132 :	000000010000000001101011;
	1131 :	000011000000110011111011;
	1130 :	000011000000110011111011;
	1129 :	000011000000110011111010;
	1128 :	000000000000000010110111;
	1127 :	000000010000000010110111;
	1126 :	000011000000110011111011;
	1125 :	000011000000110011111010;
	1124 :	000011000000110011111011;
	1123 :	000011000000110011111011;
	1122 :	000011000000110011111011;
	1121 :	000011000000110011111011;
	1120 :	000011000000110011111011;
	1119 :	000011000000110011111011;
	1118 :	000011000000110011111011;
	1117 :	000011000000110011111011;
	1116 :	000011000000110011111011;
	1115 :	000011010000110011111011;
	1114 :	000011000000110011111011;
	1113 :	000011000000110011111011;
	1112 :	000011000000110011111010;
	1111 :	000011000000110011111011;
	1110 :	000011000000110011111011;
	1109 :	000011000000110011111011;
	1108 :	000011010000110011111010;
	1107 :	000011000000110011111011;
	1106 :	000011000000110011111011;
	1105 :	000011000000110011111011;
	1104 :	000000000000000001101011;
	1103 :	000000000000000001101011;
	1102 :	000000000000000101101011;
	1101 :	000000000000000001101011;
	1100 :	000000000000000001101010;
	1099 :	111111111111111111111111;
	1098 :	111111111111111111111111;
	1097 :	111111111111111111111111;
	1096 :	111111111111111111111111;
	1095 :	111111101111111111111110;
	1094 :	111111111111111111111111;
	1093 :	111111111111111011111111;
	1092 :	111111101111111111111111;
	1091 :	111111111111111111111111;
	1090 :	111111111111111111111111;
	1089 :	111111111111111111111111;
	1088 :	111111111111111111111111;
	1087 :	111111111111111111111111;
	1086 :	111111111111111111111111;
	1085 :	111111111111111111111111;
	1084 :	111111111111111111111111;
	1083 :	111111111111111111111111;
	1082 :	111111111111111111111111;
	1081 :	111111111111111111111111;
	1080 :	111111101111111011111111;
	1079 :	111111111111111111111111;
	1078 :	111111111111111111111111;
	1077 :	111111111111111111111111;
	1076 :	111111111111111111111111;
	1075 :	111111111111111011111111;
	1074 :	111111111111111111111110;
	1073 :	111111111111111111111111;
	1072 :	111111101111111011111111;
	1071 :	111111111111111111111111;
	1070 :	111111111111111111111111;
	1069 :	111111111111111111111111;
	1068 :	111111111111111111111111;
	1067 :	000000000000000101101011;
	1066 :	000000000000000101101011;
	1065 :	000000000000000001101011;
	1064 :	000000000000000101101011;
	1063 :	000000000000000001101011;
	1062 :	000011010000110011111011;
	1061 :	000011000000110111111011;
	1060 :	000011010000110011111011;
	1059 :	000011000000110011111010;
	1058 :	000000000000000010110111;
	1057 :	000000000000000010110111;
	1056 :	000011000000110011111011;
	1055 :	000011000000110011111010;
	1054 :	000011000000110011111010;
	1053 :	000011000000110011111011;
	1052 :	000011000000110011111011;
	1051 :	000011010000110011111011;
	1050 :	000011000000110011111011;
	1049 :	000011000000110011111011;
	1048 :	000011000000110011111011;
	1047 :	000011000000110011111011;
	1046 :	000011000000110011111011;
	1045 :	000011000000110011111010;
	1044 :	000011000000110011111011;
	1043 :	000011000000110011111011;
	1042 :	000011000000110011111011;
	1041 :	000011000000110011111011;
	1040 :	000011000000110011111011;
	1039 :	000011000000110011111011;
	1038 :	000011000000110011111011;
	1037 :	000011000000110011111011;
	1036 :	000011010000110011111010;
	1035 :	000011000000110011111011;
	1034 :	000000000000000101101011;
	1033 :	000000000000000001101011;
	1032 :	000000010000000001101011;
	1031 :	000000000000000001101011;
	1030 :	000000000000000001101011;
	1029 :	000000000000000001101011;
	1028 :	000000000000000001101011;
	1027 :	111111111111111111111111;
	1026 :	111111101111111111111111;
	1025 :	111111111111111111111111;
	1024 :	111111111111111111111110;
	1023 :	111111111111111111111110;
	1022 :	111111111111111111111111;
	1021 :	111111111111111111111111;
	1020 :	111111111111111111111111;
	1019 :	111111101111111111111111;
	1018 :	111111111111111111111111;
	1017 :	111111111111111111111111;
	1016 :	111111111111111111111111;
	1015 :	111111111111111111111110;
	1014 :	111111111111111011111111;
	1013 :	111111111111111111111110;
	1012 :	111111111111111111111111;
	1011 :	111111111111111111111111;
	1010 :	111111111111111111111111;
	1009 :	111111111111111111111110;
	1008 :	111111111111111111111111;
	1007 :	111111111111111111111111;
	1006 :	111111111111111111111111;
	1005 :	111111111111111111111111;
	1004 :	111111111111111111111111;
	1003 :	111111101111111111111111;
	1002 :	111111111111111111111111;
	1001 :	111111111111111111111111;
	1000 :	111111111111111111111111;
	999 :	000000000000000001101011;
	998 :	000000000000000001101011;
	997 :	000000000000000001101011;
	996 :	000000010000000001101011;
	995 :	000000000000000001101011;
	994 :	000000000000000001101011;
	993 :	000000000000000101101011;
	992 :	000011000000110011111011;
	991 :	000011000000110011111011;
	990 :	000011000000110011111011;
	989 :	000000000000000010110111;
	988 :	000000000000000010110111;
	987 :	000011000000110011111011;
	986 :	000011000000110011111011;
	985 :	000011000000110111111011;
	984 :	000011010000110011111011;
	983 :	000011000000110011111011;
	982 :	000011000000110011111011;
	981 :	000011000000110011111011;
	980 :	000011000000110011111011;
	979 :	000011000000110011111011;
	978 :	000011000000110111111011;
	977 :	000011000000110011111010;
	976 :	000011000000110011111011;
	975 :	000011000000110011111011;
	974 :	000011000000110011111011;
	973 :	000011000000110011111011;
	972 :	000011000000110011111010;
	971 :	000011000000110011111010;
	970 :	000011000000110011111011;
	969 :	000011000000110011111011;
	968 :	000011000000110111111011;
	967 :	000011010000110011111011;
	966 :	000011000000110111111011;
	965 :	000011000000110011111011;
	964 :	000011000000110011111011;
	963 :	000011000000110011111011;
	962 :	000000000000000001101010;
	961 :	000000000000000001101011;
	960 :	000000000000000001101011;
	959 :	000000000000000001101011;
	958 :	000000000000000001101011;
	957 :	000000000000000001101011;
	956 :	111111111111111111111111;
	955 :	111111101111111011111111;
	954 :	111111111111111111111111;
	953 :	111111111111111111111111;
	952 :	111111111111111111111111;
	951 :	111111111111111111111111;
	950 :	111111111111111111111111;
	949 :	111111111111111111111111;
	948 :	111111111111111111111111;
	947 :	111111111111111111111110;
	946 :	111111111111111111111110;
	945 :	111111111111111011111111;
	944 :	111111101111111111111111;
	943 :	111111111111111111111111;
	942 :	111111111111111111111111;
	941 :	111111111111111011111111;
	940 :	111111111111111111111111;
	939 :	111111111111111111111111;
	938 :	111111111111111111111111;
	937 :	111111111111111111111111;
	936 :	111111111111111111111111;
	935 :	111111111111111111111111;
	934 :	111111111111111111111111;
	933 :	111111111111111111111111;
	932 :	111111111111111111111111;
	931 :	111111111111111111111111;
	930 :	000000000000000001101011;
	929 :	000000000000000001101011;
	928 :	000000000000000001101011;
	927 :	000000000000000001101011;
	926 :	000000000000000001101011;
	925 :	000000000000000001101011;
	924 :	000011000000110011111010;
	923 :	000011000000110011111011;
	922 :	000011010000110011111010;
	921 :	000011000000110011111011;
	920 :	000011010000110011111011;
	919 :	000000000000000010110111;
	918 :	000000000000000010110111;
	917 :	000011000000110111111011;
	916 :	000011010000110011111011;
	915 :	000011000000110111111011;
	914 :	000011000000110011111011;
	913 :	000011000000110011111011;
	912 :	000011000000110011111011;
	911 :	000011000000110011111011;
	910 :	000011000000110111111010;
	909 :	000011000000110011111010;
	908 :	000011000000110011111011;
	907 :	000011000000110011111011;
	906 :	000011000000110011111011;
	905 :	000011000000110011111011;
	904 :	000011010000110011111011;
	903 :	000011010000110011111011;
	902 :	000011000000110011111011;
	901 :	000011010000110011111011;
	900 :	000011000000110011111011;
	899 :	000011000000110011111010;
	898 :	000011000000110011111011;
	897 :	000011000000110011111011;
	896 :	000011000000110011111011;
	895 :	000011000000110011111011;
	894 :	000011000000110011111010;
	893 :	000011000000110111111011;
	892 :	000011000000110011111010;
	891 :	000000000000000001101011;
	890 :	000000000000000001101011;
	889 :	000000010000000001101011;
	888 :	000000000000000001101011;
	887 :	000000000000000001101011;
	886 :	000000000000000001101010;
	885 :	000000000000000001101011;
	884 :	111111111111111011111111;
	883 :	111111111111111111111111;
	882 :	111111111111111111111111;
	881 :	111111111111111111111111;
	880 :	111111111111111111111111;
	879 :	111111101111111111111111;
	878 :	111111111111111111111110;
	877 :	111111111111111111111111;
	876 :	111111111111111111111111;
	875 :	111111111111111111111111;
	874 :	111111101111111111111111;
	873 :	111111111111111111111111;
	872 :	111111111111111111111111;
	871 :	111111111111111011111111;
	870 :	111111111111111111111111;
	869 :	111111111111111111111111;
	868 :	111111111111111111111111;
	867 :	111111111111111111111111;
	866 :	111111111111111011111111;
	865 :	111111111111111111111111;
	864 :	111111111111111111111111;
	863 :	111111101111111111111110;
	862 :	000000000000000001101011;
	861 :	000000000000000001101011;
	860 :	000000000000000001101011;
	859 :	000000010000000001101011;
	858 :	000000000000000001101011;
	857 :	000000000000000001101010;
	856 :	000000000000000001101011;
	855 :	000011000000110011111011;
	854 :	000011000000110111111011;
	853 :	000011000000110011111011;
	852 :	000011000000110011111011;
	851 :	000000000000000010110111;
	850 :	000000000000000010110111;
	849 :	000011000000110011111011;
	848 :	000011000000110011111011;
	847 :	000011000000110011111011;
	846 :	000011000000110011111011;
	845 :	000011010000110011111011;
	844 :	000011000000110011111011;
	843 :	000011000000110011111011;
	842 :	000011010000110011111011;
	841 :	000011000000110111111010;
	840 :	000011000000110011111010;
	839 :	000011000000110011111011;
	838 :	000011000000110011111011;
	837 :	000011000000110011111011;
	836 :	000011000000110111111011;
	835 :	000011000000110011111011;
	834 :	000011000000110011111011;
	833 :	000011000000110011111011;
	832 :	000011000000110011111011;
	831 :	000011000000110011111011;
	830 :	000011000000110011111011;
	829 :	000011010000110011111011;
	828 :	000011000000110011111011;
	827 :	000011000000110011111011;
	826 :	000011010000110011111011;
	825 :	000011000000110011111011;
	824 :	000011000000110011111011;
	823 :	000011010000110011111011;
	822 :	000011000000110011111011;
	821 :	000011000000110011111011;
	820 :	000000000000000001101010;
	819 :	000000010000000001101011;
	818 :	000000000000000001101011;
	817 :	000000000000000001101011;
	816 :	000000000000000001101011;
	815 :	000000000000000001101011;
	814 :	000000010000000001101011;
	813 :	000000000000000101101011;
	812 :	111111101111111111111111;
	811 :	111111111111111111111111;
	810 :	111111111111111111111111;
	809 :	111111111111111111111110;
	808 :	111111111111111111111111;
	807 :	111111111111111111111111;
	806 :	111111111111111111111111;
	805 :	111111111111111111111111;
	804 :	111111101111111111111111;
	803 :	111111111111111111111111;
	802 :	111111111111111111111111;
	801 :	111111111111111111111111;
	800 :	111111101111111111111111;
	799 :	111111111111111111111111;
	798 :	111111111111111111111111;
	797 :	111111111111111111111111;
	796 :	111111111111111111111111;
	795 :	111111111111111111111111;
	794 :	000000000000000001101011;
	793 :	000000000000000001101010;
	792 :	000000000000000001101011;
	791 :	000000010000000001101011;
	790 :	000000000000000001101011;
	789 :	000000000000000001101011;
	788 :	000000000000000001101011;
	787 :	000000000000000001101011;
	786 :	000011000000110011111011;
	785 :	000011000000110011111011;
	784 :	000011000000110011111010;
	783 :	000011010000110011111011;
	782 :	000011000000110011111011;
	781 :	000000000000000010110111;
	780 :	000000000000000010110111;
	779 :	000011000000110011111011;
	778 :	000011000000110011111011;
	777 :	000011000000110011111011;
	776 :	000011000000110011111011;
	775 :	000011000000110011111011;
	774 :	000011000000110011111011;
	773 :	000011000000110011111011;
	772 :	000011000000110011111011;
	771 :	000011000000110011111011;
	770 :	000011000000110011111011;
	769 :	000011000000110011111011;
	768 :	000011000000110011111011;
	767 :	000011000000110011111011;
	766 :	000011000000110011111011;
	765 :	000011010000110011111011;
	764 :	000011000000110111111011;
	763 :	000011000000110011111011;
	762 :	000011000000110111111011;
	761 :	000011010000110011111011;
	760 :	000011000000110011111011;
	759 :	000011000000110011111011;
	758 :	000011000000110011111011;
	757 :	000011000000110011111011;
	756 :	000011000000110011111011;
	755 :	000011000000110011111011;
	754 :	000011000000110011111011;
	753 :	000011000000110011111011;
	752 :	000011010000110011111011;
	751 :	000011000000110011111011;
	750 :	000011000000110011111011;
	749 :	000000010000000001101010;
	748 :	000000000000000001101011;
	747 :	000000000000000001101011;
	746 :	000000000000000001101011;
	745 :	000000000000000101101011;
	744 :	000000000000000001101011;
	743 :	000000000000000001101011;
	742 :	000000000000000101101011;
	741 :	000000000000000001101011;
	740 :	000000000000000001101011;
	739 :	000000000000000001101010;
	738 :	111111111111111111111110;
	737 :	111111111111111111111111;
	736 :	111111111111111111111111;
	735 :	111111111111111111111110;
	734 :	111111111111111111111111;
	733 :	111111111111111111111110;
	732 :	111111101111111111111111;
	731 :	111111111111111111111110;
	730 :	111111111111111111111111;
	729 :	111111111111111111111111;
	728 :	000000000000000001101011;
	727 :	000000000000000001101011;
	726 :	000000000000000001101011;
	725 :	000000000000000001101011;
	724 :	000000000000000001101010;
	723 :	000000000000000001101011;
	722 :	000000000000000001101011;
	721 :	000000010000000001101011;
	720 :	000000000000000001101011;
	719 :	000000000000000001101011;
	718 :	000000000000000001101011;
	717 :	000011000000110011111011;
	716 :	000011000000110011111011;
	715 :	000011000000110011111011;
	714 :	000011000000110111111011;
	713 :	000000000000000110110111;
	712 :	000000000000000010110111;
	711 :	000011000000110011111011;
	710 :	000011000000110011111011;
	709 :	000011000000110111111010;
	708 :	000011000000110011111011;
	707 :	000011010000110011111011;
	706 :	000011010000110011111011;
	705 :	000011010000110011111011;
	704 :	000011000000110011111011;
	703 :	000011000000110011111011;
	702 :	000011000000110011111011;
	701 :	000011010000110011111011;
	700 :	000011000000110011111011;
	699 :	000011000000110011111011;
	698 :	000011000000110011111011;
	697 :	000011000000110111111010;
	696 :	000011000000110011111011;
	695 :	000011000000110011111010;
	694 :	000011000000110011111011;
	693 :	000011000000110011111011;
	692 :	000011000000110111111011;
	691 :	000011000000110011111011;
	690 :	000011000000110011111011;
	689 :	000011000000110011111011;
	688 :	000011000000110111111011;
	687 :	000011000000110011111011;
	686 :	000011000000110011111011;
	685 :	000011000000110011111011;
	684 :	000011000000110111111011;
	683 :	000011000000110011111011;
	682 :	000011000000110011111011;
	681 :	000011000000110011111011;
	680 :	000011000000110011111010;
	679 :	000011000000110011111011;
	678 :	000011000000110011111011;
	677 :	000000000000000001101011;
	676 :	000000000000000001101011;
	675 :	000000000000000001101011;
	674 :	000000000000000101101011;
	673 :	000000000000000001101011;
	672 :	000000000000000001101011;
	671 :	000000000000000001101011;
	670 :	000000000000000001101011;
	669 :	000000000000000001101011;
	668 :	000000000000000001101011;
	667 :	000000000000000001101011;
	666 :	000000000000000001101011;
	665 :	000000000000000001101011;
	664 :	000000010000000001101011;
	663 :	000000000000000001101011;
	662 :	000000000000000001101011;
	661 :	000000000000000001101011;
	660 :	000000000000000001101011;
	659 :	000000000000000001101011;
	658 :	000000000000000001101010;
	657 :	000000000000000001101011;
	656 :	000000000000000001101010;
	655 :	000000000000000001101011;
	654 :	000000000000000001101011;
	653 :	000000000000000001101011;
	652 :	000000010000000001101011;
	651 :	000000000000000101101011;
	650 :	000000010000000001101011;
	649 :	000011000000110011111011;
	648 :	000011000000110011111011;
	647 :	000011000000110011111011;
	646 :	000011000000110011111010;
	645 :	000011000000110011111011;
	644 :	000011000000110011111011;
	643 :	000000000000000010110111;
	642 :	000000000000000010110111;
	641 :	000011000000110011111011;
	640 :	000011000000110011111011;
	639 :	000011000000110011111011;
	638 :	000011000000110011111011;
	637 :	000011010000110111111011;
	636 :	000011000000110011111011;
	635 :	000011000000110011111011;
	634 :	000011000000110011111010;
	633 :	000011000000110011111010;
	632 :	000011000000110011111011;
	631 :	000011000000110011111011;
	630 :	000011000000110011111011;
	629 :	000011000000110011111011;
	628 :	000011000000110011111010;
	627 :	000011000000110111111011;
	626 :	000011000000110011111010;
	625 :	000011000000110011111011;
	624 :	000011000000110011111011;
	623 :	000011000000110011111011;
	622 :	000011000000110011111011;
	621 :	000011000000110011111011;
	620 :	000011000000110011111011;
	619 :	000011000000110011111010;
	618 :	000011000000110011111011;
	617 :	000011000000110011111011;
	616 :	000011000000110011111011;
	615 :	000011000000110011111011;
	614 :	000011000000110011111011;
	613 :	000011000000110011111011;
	612 :	000011000000110011111011;
	611 :	000011000000110011111011;
	610 :	000011000000110011111011;
	609 :	000011000000110111111010;
	608 :	000011000000110011111011;
	607 :	000011000000110011111011;
	606 :	000011000000110011111011;
	605 :	000000000000000001101011;
	604 :	000000000000000101101011;
	603 :	000000000000000001101011;
	602 :	000000000000000001101011;
	601 :	000000010000000001101011;
	600 :	000000000000000101101011;
	599 :	000000010000000001101011;
	598 :	000000000000000001101011;
	597 :	000000000000000001101011;
	596 :	000000000000000101101011;
	595 :	000000000000000001101011;
	594 :	000000000000000001101011;
	593 :	000000000000000001101011;
	592 :	000000000000000001101010;
	591 :	000000000000000001101011;
	590 :	000000000000000001101011;
	589 :	000000000000000001101011;
	588 :	000000000000000001101011;
	587 :	000000000000000001101011;
	586 :	000000000000000001101011;
	585 :	000000000000000001101011;
	584 :	000000000000000001101011;
	583 :	000000000000000001101011;
	582 :	000000000000000001101011;
	581 :	000011000000110011111010;
	580 :	000011000000110011111011;
	579 :	000011000000110011111011;
	578 :	000011000000110011111011;
	577 :	000011010000110011111011;
	576 :	000011000000110011111011;
	575 :	000011000000110011111010;
	574 :	000011000000110011111011;
	573 :	000011000000110011111011;
	572 :	000011000000110011111011;
	571 :	000011000000110011111011;
	570 :	000011000000110011111011;
	569 :	000111000001110011110111;
	568 :	000111000001110011110111;
	567 :	000011000000110011111011;
	566 :	000011000000110111111011;
	565 :	000011000000110011111011;
	564 :	000011000000110111111011;
	563 :	000011010000110011111011;
	562 :	000011000000110011111011;
	561 :	000011000000110011111011;
	560 :	000011000000110011111011;
	559 :	000011000000110011111011;
	558 :	000011000000110011111011;
	557 :	000011000000110011111011;
	556 :	000011000000110011111011;
	555 :	000011000000110011111011;
	554 :	000011000000110011111011;
	553 :	000011000000110011111011;
	552 :	000011000000110011111011;
	551 :	000011000000110011111011;
	550 :	000011010000110011111011;
	549 :	000011000000110011111011;
	548 :	000011000000110011111011;
	547 :	000011010000110011111011;
	546 :	000011000000110011111011;
	545 :	000011000000110111111011;
	544 :	000011000000110011111011;
	543 :	000011000000110011111010;
	542 :	000011000000110011111011;
	541 :	000011000000110011111011;
	540 :	000011000000110011111011;
	539 :	000011000000110011111011;
	538 :	000011000000110011111011;
	537 :	000011010000110011111011;
	536 :	000011000000110011111011;
	535 :	000011000000110011111011;
	534 :	000011000000110011111011;
	533 :	000011000000110011111011;
	532 :	000000000000000001101011;
	531 :	000000000000000001101011;
	530 :	000000000000000001101011;
	529 :	000000000000000001101011;
	528 :	000000000000000001101011;
	527 :	000000000000000001101011;
	526 :	000000000000000001101011;
	525 :	000000000000000001101011;
	524 :	000000000000000001101011;
	523 :	000000000000000001101011;
	522 :	000000000000000001101011;
	521 :	000000000000000001101011;
	520 :	000000000000000101101011;
	519 :	000000000000000101101011;
	518 :	000000000000000101101011;
	517 :	000000000000000001101011;
	516 :	000000000000000001101011;
	515 :	000000000000000001101011;
	514 :	000011000000110011111011;
	513 :	000011010000110011111011;
	512 :	000011000000110011111010;
	511 :	000011000000110111111011;
	510 :	000011000000110011111011;
	509 :	000011000000110011111011;
	508 :	000011000000110011111011;
	507 :	000011010000110011111011;
	506 :	000011000000110011111011;
	505 :	000011010000110111111011;
	504 :	000011000000110011111011;
	503 :	000011000000110011111011;
	502 :	000011000000110111111011;
	501 :	000011000000110011111011;
	500 :	000011000000110011111011;
	499 :	000111000001110011110111;
	498 :	000111000001110011110111;
	497 :	000011000000110011111011;
	496 :	000011000000110011111011;
	495 :	000011000000110011111011;
	494 :	000011000000110011111011;
	493 :	000011000000110011111011;
	492 :	000011000000110011111010;
	491 :	000011000000110011111011;
	490 :	000011000000110011111011;
	489 :	000011000000110011111011;
	488 :	000011000000110011111011;
	487 :	000011000000110111111011;
	486 :	000011000000110011111011;
	485 :	000011010000110011111011;
	484 :	000011000000110011111011;
	483 :	000011010000110011111011;
	482 :	000011000000110011111011;
	481 :	000011000000110011111011;
	480 :	000011000000110011111011;
	479 :	000011010000110011111011;
	478 :	000011010000110011111011;
	477 :	000011010000110011111011;
	476 :	000011000000110011111011;
	475 :	000011000000110011111011;
	474 :	000011000000110011111011;
	473 :	000011000000110011111010;
	472 :	000011000000110011111011;
	471 :	000011000000110011111011;
	470 :	000011000000110011111011;
	469 :	000011000000110011111011;
	468 :	000011000000110011111011;
	467 :	000011000000110011111011;
	466 :	000011000000110011111011;
	465 :	000011000000110011111011;
	464 :	000011000000110111111011;
	463 :	000011000000110011111011;
	462 :	000011000000110011111011;
	461 :	000011000000110011111011;
	460 :	000011000000110111111011;
	459 :	000000000000000001101011;
	458 :	000000000000000001101011;
	457 :	000000000000000101101011;
	456 :	000000000000000001101011;
	455 :	000000000000000001101011;
	454 :	000000000000000001101011;
	453 :	000000000000000001101011;
	452 :	000000000000000001101011;
	451 :	000000000000000001101011;
	450 :	000000000000000001101010;
	449 :	000000000000000101101011;
	448 :	000000000000000001101011;
	447 :	000011000000110011111011;
	446 :	000011010000110011111011;
	445 :	000011000000110011111011;
	444 :	000011000000110011111011;
	443 :	000011000000110011111011;
	442 :	000011000000110011111010;
	441 :	000011000000110011111011;
	440 :	000011010000110011111011;
	439 :	000011010000110011111010;
	438 :	000011000000110011111011;
	437 :	000011010000110011111010;
	436 :	000011000000110011111011;
	435 :	000111000001110011110111;
	434 :	000111000001110011110111;
	433 :	000011010000110011111011;
	432 :	000011000000110011111011;
	431 :	000011000000110111111011;
	430 :	000011000000110011111011;
	429 :	000011000000110011111011;
	428 :	000011000000110011111011;
	427 :	000011000000110011111011;
	426 :	000011010000110111111011;
	425 :	000011010000110111111011;
	424 :	000011000000110011111011;
	423 :	000011000000110011111011;
	422 :	000011000000110011111011;
	421 :	000011000000110011111011;
	420 :	000011000000110011111010;
	419 :	000011000000110111111011;
	418 :	000011010000110111111011;
	417 :	000011000000110011111011;
	416 :	000011000000110011111011;
	415 :	000011000000110111111011;
	414 :	000011010000110011111011;
	413 :	000011000000110011111011;
	412 :	000011000000110011111011;
	411 :	000011010000110011111011;
	410 :	000011010000110011111011;
	409 :	000011010000110011111011;
	408 :	000011000000110011111011;
	407 :	000011000000110011111010;
	406 :	000011000000110011111011;
	405 :	000011000000110011111011;
	404 :	000011000000110011111011;
	403 :	000011000000110011111011;
	402 :	000011000000110011111011;
	401 :	000011000000110111111011;
	400 :	000011000000110011111011;
	399 :	000011000000110011111011;
	398 :	000011000000110011111011;
	397 :	000011000000110011111011;
	396 :	000011000000110011111011;
	395 :	000011000000110011111010;
	394 :	000011000000110011111011;
	393 :	000011000000110011111011;
	392 :	000011000000110011111010;
	391 :	000011010000110011111011;
	390 :	000011000000110011111011;
	389 :	000011000000110111111011;
	388 :	000011000000110011111010;
	387 :	000011000000110011111011;
	386 :	000011000000110011111011;
	385 :	000011000000110011111011;
	384 :	000011010000110011111011;
	383 :	000011000000110011111011;
	382 :	000011000000110011111011;
	381 :	000011000000110011111011;
	380 :	000011010000110011111011;
	379 :	000011000000110011111011;
	378 :	000011000000110011111011;
	377 :	000011000000110011111011;
	376 :	000011000000110011111011;
	375 :	000011000000110011111011;
	374 :	000011000000110111111011;
	373 :	000011000000110011111011;
	372 :	000011000000110011111011;
	371 :	000011000000110011111011;
	370 :	000011000000110011111011;
	369 :	000011000000110111111011;
	368 :	000011000000110111111011;
	367 :	000011000000110011111011;
	366 :	000011000000110011111011;
	365 :	000111000001110011110111;
	364 :	000111000001110011110111;
	363 :	000011000000110011111011;
	362 :	000011000000110011111011;
	361 :	000011000000110111111011;
	360 :	000011010000110011111011;
	359 :	000011000000110011111011;
	358 :	000011000000110011111010;
	357 :	000011000000110011111011;
	356 :	000011000000110011111010;
	355 :	000011000000110011111011;
	354 :	000011000000110011111011;
	353 :	000011000000110011111011;
	352 :	000011000000110011111011;
	351 :	000011000000110011111011;
	350 :	000011000000110111111011;
	349 :	000011000000110111111011;
	348 :	000011000000110011111011;
	347 :	000011000000110011111011;
	346 :	000011000000110011111011;
	345 :	000011000000110011111011;
	344 :	000011000000110011111011;
	343 :	000011000000110011111011;
	342 :	000011000000110011111011;
	341 :	000011000000110011111011;
	340 :	000011000000110011111011;
	339 :	000011010000110011111011;
	338 :	000011000000110111111011;
	337 :	000011000000110111111011;
	336 :	000011000000110011111011;
	335 :	000011000000110011111011;
	334 :	000011000000110011111011;
	333 :	000011000000110011111011;
	332 :	000011000000110011111011;
	331 :	000011000000110011111011;
	330 :	000011000000110111111011;
	329 :	000011000000110011111011;
	328 :	000011000000110011111011;
	327 :	000011000000110011111011;
	326 :	000011000000110011111011;
	325 :	000011000000110011111010;
	324 :	000011000000110011111011;
	323 :	000011000000110011111011;
	322 :	000011000000110011111011;
	321 :	000011000000110011111011;
	320 :	000011000000110111111011;
	319 :	000011000000110011111011;
	318 :	000011000000110011111011;
	317 :	000011000000110111111011;
	316 :	000011000000110011111011;
	315 :	000011000000110011111011;
	314 :	000011000000110011111011;
	313 :	000011000000110011111011;
	312 :	000011000000110011111011;
	311 :	000011000000110011111011;
	310 :	000011000000110011111011;
	309 :	000011000000110011111011;
	308 :	000011000000110111111011;
	307 :	000011000000110011111011;
	306 :	000011000000110011111011;
	305 :	000011000000110011111011;
	304 :	000011000000110011111011;
	303 :	000011000000110011111010;
	302 :	000011000000110011111011;
	301 :	000011000000110011111011;
	300 :	000011000000110111111011;
	299 :	000011010000110111111011;
	298 :	000011000000110011111011;
	297 :	000011010000110011111011;
	296 :	000011000000110011111011;
	295 :	000011000000110011111010;
	294 :	000011000000110011111011;
	293 :	000011000000110011111011;
	292 :	000011000000110011111010;
	291 :	000011000000110011111011;
	290 :	000011000000110111111011;
	289 :	000011000000110011111011;
	288 :	000011000000110111111011;
	287 :	000011000000110111111011;
	286 :	000011000000110011111011;
	285 :	000011000000110011111011;
	284 :	000011000000110011111011;
	283 :	000011010000110011111011;
	282 :	000011000000110111111010;
	281 :	000011000000110011111011;
	280 :	000011000000110011111011;
	279 :	000000000000000001101011;
	278 :	000000000000000001101011;
	277 :	000000000000000001101011;
	276 :	000000000000000001101011;
	275 :	000011000000110011111010;
	274 :	000011000000110011111011;
	273 :	000011000000110011111010;
	272 :	000011000000110011111010;
	271 :	000011000000110011111011;
	270 :	000011000000110011111011;
	269 :	000011000000110011111011;
	268 :	000011000000110011111011;
	267 :	000011000000110011111011;
	266 :	000011000000110011111011;
	265 :	000011000000110011111011;
	264 :	000011000000110011111010;
	263 :	000011000000110111111011;
	262 :	000011000000110011111011;
	261 :	000011000000110011111011;
	260 :	000011000000110011111011;
	259 :	000011000000110011111010;
	258 :	000011000000110011111010;
	257 :	000011000000110011111011;
	256 :	000011010000110011111011;
	255 :	000011000000110011111011;
	254 :	000011000000110011111011;
	253 :	000011000000110011111011;
	252 :	000011010000110011111011;
	251 :	000011000000110011111011;
	250 :	000011000000110011111011;
	249 :	000011000000110011111011;
	248 :	000011000000110011111011;
	247 :	000011000000110011111011;
	246 :	000011010000110011111011;
	245 :	000011000000110111111011;
	244 :	000011000000110011111011;
	243 :	000011000000110011111011;
	242 :	000011000000110111111011;
	241 :	000011000000110011111011;
	240 :	000011000000110011111011;
	239 :	000011000000110111111011;
	238 :	000011000000110111111011;
	237 :	000011000000110011111011;
	236 :	000011000000110111111011;
	235 :	000011000000110011111011;
	234 :	000011000000110111111011;
	233 :	000011000000110011111011;
	232 :	000011000000110011111011;
	231 :	000011000000110011111011;
	230 :	000011000000110011111011;
	229 :	000011000000110011111011;
	228 :	000011000000110011111011;
	227 :	000011000000110011111011;
	226 :	000011000000110011111011;
	225 :	000011000000110011111011;
	224 :	000011000000110011111011;
	223 :	000011000000110011111010;
	222 :	000011000000110011111010;
	221 :	000011000000110011111011;
	220 :	000011000000110011111011;
	219 :	000011000000110011111011;
	218 :	000011000000110011111010;
	217 :	000011000000110011111011;
	216 :	000011000000110011111011;
	215 :	000011000000110011111011;
	214 :	000011000000110011111011;
	213 :	000000000000000001101011;
	212 :	000000000000000001101010;
	211 :	000000000000000001101011;
	210 :	000000000000000001101011;
	209 :	000000000000000001101011;
	208 :	000000000000000001101011;
	207 :	000000000000000001101011;
	206 :	000000000000000001101011;
	205 :	000011000000110011111011;
	204 :	000011000000110011111011;
	203 :	000011000000110111111011;
	202 :	000011000000110011111011;
	201 :	000011000000110011111011;
	200 :	000011000000110011111010;
	199 :	000011000000110011111011;
	198 :	000011000000110011111010;
	197 :	000011000000110011111011;
	196 :	000011000000110011111011;
	195 :	000011000000110011111011;
	194 :	000011000000110011111010;
	193 :	000011000000110011111011;
	192 :	000011000000110011111011;
	191 :	000011000000110011111011;
	190 :	000011000000110011111011;
	189 :	000011000000110011111011;
	188 :	000011000000110011111011;
	187 :	000011000000110011111011;
	186 :	000011000000110011111011;
	185 :	000011000000110011111011;
	184 :	000011010000110011111010;
	183 :	000011000000110011111011;
	182 :	000011000000110011111011;
	181 :	000011000000110011111011;
	180 :	000011000000110011111011;
	179 :	000011000000110011111011;
	178 :	000011000000110011111011;
	177 :	000011000000110011111011;
	176 :	000011000000110111111011;
	175 :	000011000000110011111011;
	174 :	000011000000110011111011;
	173 :	000011000000110011111011;
	172 :	000011000000110011111011;
	171 :	000011000000110011111011;
	170 :	000011000000110011111011;
	169 :	000011000000110011111011;
	168 :	000011000000110011111011;
	167 :	000011000000110011111011;
	166 :	000011000000110011111011;
	165 :	000011000000110011111011;
	164 :	000011000000110011111011;
	163 :	000011000000110011111011;
	162 :	000011000000110011111011;
	161 :	000011000000110011111011;
	160 :	000011000000110011111011;
	159 :	000011000000110011111011;
	158 :	000011000000110011111011;
	157 :	000011010000110011111011;
	156 :	000011000000110011111011;
	155 :	000011000000110111111011;
	154 :	000011010000110011111011;
	153 :	000011000000110011111011;
	152 :	000011000000110011111010;
	151 :	000011000000110011111010;
	150 :	000011000000110011111011;
	149 :	000011000000110011111011;
	148 :	000011010000110011111011;
	147 :	000011000000110011111011;
	146 :	000011000000110011111011;
	145 :	000011000000110011111011;
	144 :	000011000000110011111011;
	143 :	000000000000000001101010;
	142 :	000000000000000001101011;
	141 :	000000000000000101101011;
	140 :	000000000000000001101011;
	139 :	000000000000000001101011;
	138 :	000000000000000001101011;
	137 :	000000000000000001101011;
	136 :	000000000000000001101011;
	135 :	000011000000110011111011;
	134 :	000011000000110111111011;
	133 :	000011000000110011111011;
	132 :	000011000000110011111011;
	131 :	000011000000110011111010;
	130 :	000011010000110011111010;
	129 :	000011000000110011111011;
	128 :	000011000000110111111011;
	127 :	000011000000110011111011;
	126 :	000011000000110011111011;
	125 :	000011000000110011111011;
	124 :	000011000000110011111011;
	123 :	000011000000110111111011;
	122 :	000011000000110011111011;
	121 :	000011000000110011111011;
	120 :	000011000000110011111011;
	119 :	000011000000110011111011;
	118 :	000011000000110011111011;
	117 :	000011000000110011111011;
	116 :	000011010000110011111011;
	115 :	000011000000110011111011;
	114 :	000011000000110011111011;
	113 :	000011000000110011111011;
	112 :	000011000000110111111011;
	111 :	000011000000110011111011;
	110 :	000011000000110011111010;
	109 :	000011000000110111111011;
	108 :	000011000000110011111011;
	107 :	000011000000110111111011;
	106 :	000011010000110011111011;
	105 :	000011000000110011111011;
	104 :	000011000000110011111010;
	103 :	000011000000110111111011;
	102 :	000011000000110111111011;
	101 :	000011010000110011111011;
	100 :	000011000000110011111011;
	99 :	000011000000110011111011;
	98 :	000011000000110011111011;
	97 :	000011000000110011111011;
	96 :	000011000000110011111011;
	95 :	000011000000110011111011;
	94 :	000011000000110011111011;
	93 :	000011000000110011111010;
	92 :	000011000000110011111011;
	91 :	000011000000110011111011;
	90 :	000011000000110011111011;
	89 :	000011000000110011111011;
	88 :	000011000000110011111011;
	87 :	000011010000110011111011;
	86 :	000011000000110011111010;
	85 :	000011000000110011111011;
	84 :	000011000000110011111010;
	83 :	000011000000110011111011;
	82 :	000011000000110011111011;
	81 :	000011010000110011111011;
	80 :	000011000000110011111011;
	79 :	000011000000110011111011;
	78 :	000011010000110011111011;
	77 :	000011000000110111111011;
	76 :	000011000000110011111011;
	75 :	000011000000110011111010;
	74 :	000011000000110011111011;
	73 :	000000000000000001101011;
	72 :	000000000000000001101011;
	71 :	000000000000000001101011;
	70 :	000000000000000001101011;
	69 :	000000000000000001101011;
	68 :	000000000000000001101011;
	67 :	000000010000000001101011;
	66 :	000000000000000001101011;
	65 :	000011000000110011111010;
	64 :	000011000000110011111011;
	63 :	000011000000110011111011;
	62 :	000011000000110011111011;
	61 :	000011000000110011111011;
	60 :	000011000000110011111011;
	59 :	000011000000110011111011;
	58 :	000011000000110011111010;
	57 :	000011000000110011111011;
	56 :	000011000000110111111011;
	55 :	000011000000110011111011;
	54 :	000011000000110111111011;
	53 :	000011000000110111111011;
	52 :	000011000000110011111011;
	51 :	000011010000110011111010;
	50 :	000011000000110011111011;
	49 :	000011000000110011111011;
	48 :	000011000000110011111011;
	47 :	000011000000110011111011;
	46 :	000011000000110011111011;
	45 :	000011000000110011111011;
	44 :	000011000000110011111011;
	43 :	000011000000110011111011;
	42 :	000011000000110011111011;
	41 :	000011010000110011111011;
	40 :	000011000000110011111011;
	39 :	000011000000110011111011;
	38 :	000011000000110011111011;
	37 :	000011000000110011111011;
	36 :	000011000000110011111011;
	35 :	000011000000110011111011;
	34 :	000011000000110011111011;
	33 :	000011000000110011111011;
	32 :	000011000000110111111011;
	31 :	000011000000110011111011;
	30 :	000011000000110011111011;
	29 :	000011000000110011111011;
	28 :	000011000000110011111011;
	27 :	000011000000110011111011;
	26 :	000011000000110011111011;
	25 :	000011000000110011111011;
	24 :	000011000000110011111011;
	23 :	000011000000110011111011;
	22 :	000011000000110011111011;
	21 :	000011000000110011111011;
	20 :	000011010000110011111011;
	19 :	000011000000110011111011;
	18 :	000011000000110011111011;
	17 :	000011000000110011111010;
	16 :	000011000000110011111011;
	15 :	000011000000110111111011;
	14 :	000011000000110011111011;
	13 :	000011000000110011111011;
	12 :	000011000000110011111011;
	11 :	000011000000110011111011;
	10 :	000011000000110111111011;
	9 :	000011000000110011111010;
	8 :	000011000000110011111011;
	7 :	000011000000110011111011;
	6 :	000011000000110011111010;
	5 :	000011000000110011111010;
	4 :	000011010000110111111011;
	3 :	000000000000000001101011;
	2 :	000000000000000101101011;
	1 :	000000000000000001101011;
	0 :	000000000000000001101011;
END;
