-- begin_signature
-- Start_B_ROM
-- end_signature
WIDTH=24;
DEPTH=24050;

ADDRESS_RADIX=UNS;
DATA_RADIX=BIN;

CONTENT BEGIN
	24049 :	000000000000000000000000;
	24048 :	000000000000000000000000;
	24047 :	000000000000000000000000;
	24046 :	000000000000000000000000;
	24045 :	000000000000000000000000;
	24044 :	000000000000000000000000;
	24043 :	000000000000000000000000;
	24042 :	000000000000000000000000;
	24041 :	000000000000000000000000;
	24040 :	000000000000000000000000;
	24039 :	000000000000000000000000;
	24038 :	000000000000000000000000;
	24037 :	000000000000000000000000;
	24036 :	000000000000000000000000;
	24035 :	000000000000000000000000;
	24034 :	000000000000000000000000;
	24033 :	000000000000000000000000;
	24032 :	000000000000000000000000;
	24031 :	000000000000000000000000;
	24030 :	000000000000000000000000;
	24029 :	000000000000000000000000;
	24028 :	000000000000000000000000;
	24027 :	000000000000000000000000;
	24026 :	000000000000000000000000;
	24025 :	000000000000000000000000;
	24024 :	000000000000000000000000;
	24023 :	000000000000000000000000;
	24022 :	000000000000000000000000;
	24021 :	000000000000000000000000;
	24020 :	000000000000000000000000;
	24019 :	000000000000000000000000;
	24018 :	000000000000000000000000;
	24017 :	000000000000000000000000;
	24016 :	000000000000000000000000;
	24015 :	000000000000000000000000;
	24014 :	000000000000000000000000;
	24013 :	000000000000000000000000;
	24012 :	000000000000000000000000;
	24011 :	000000000000000000000000;
	24010 :	000000000000000000000000;
	24009 :	000000000000000000000000;
	24008 :	000000000000000000000000;
	24007 :	000000000000000000000000;
	24006 :	000000000000000000000000;
	24005 :	000000000000000000000000;
	24004 :	000000000000000000000000;
	24003 :	000000000000000000000000;
	24002 :	000000000000000000000000;
	24001 :	000000000000000000000000;
	24000 :	000000000000000000000000;
	23999 :	000000000000000000000000;
	23998 :	000000000000000000000000;
	23997 :	000000000000000000000000;
	23996 :	000000000000000000000000;
	23995 :	000000000000000000000000;
	23994 :	000000000000000000000000;
	23993 :	000000000000000000000000;
	23992 :	000000000000000000000000;
	23991 :	000000000000000000000000;
	23990 :	000000000000000000000000;
	23989 :	000000000000000000000000;
	23988 :	000000000000000000000000;
	23987 :	000000000000000000000000;
	23986 :	000000000000000000000000;
	23985 :	000000000000000000000000;
	23984 :	000000000000000000000000;
	23983 :	000000000000000000000000;
	23982 :	000000000000000000000000;
	23981 :	000000000000000000000000;
	23980 :	000000000000000000000000;
	23979 :	000000000000000000000000;
	23978 :	000000000000000000000000;
	23977 :	000000000000000000000000;
	23976 :	000000000000000000000000;
	23975 :	000000000000000000000000;
	23974 :	000000000000000000000000;
	23973 :	000000000000000000000000;
	23972 :	000000000000000000000000;
	23971 :	000000000000000000000000;
	23970 :	000000000000000000000000;
	23969 :	000000000000000000000000;
	23968 :	000000000000000000000000;
	23967 :	000000000000000000000000;
	23966 :	000000000000000000000000;
	23965 :	000000000000000000000000;
	23964 :	000000000000000000000000;
	23963 :	000000000000000000000000;
	23962 :	000000000000000000000000;
	23961 :	000000000000000000000000;
	23960 :	000000000000000000000000;
	23959 :	000000000000000000000000;
	23958 :	000000000000000000000000;
	23957 :	000000000000000000000000;
	23956 :	000000000000000000000000;
	23955 :	000000000000000000000000;
	23954 :	000000000000000000000000;
	23953 :	000000000000000000000000;
	23952 :	000000000000000000000000;
	23951 :	000000000000000000000000;
	23950 :	000000000000000000000000;
	23949 :	000000000000000000000000;
	23948 :	000000000000000000000000;
	23947 :	000000000000000000000000;
	23946 :	000000000000000000000000;
	23945 :	000000000000000000000000;
	23944 :	000000000000000000000000;
	23943 :	000000000000000000000000;
	23942 :	000000000000000000000000;
	23941 :	000000000000000000000000;
	23940 :	000000000000000000000000;
	23939 :	000000000000000000000000;
	23938 :	000000000000000000000000;
	23937 :	000000000000000000000000;
	23936 :	000000000000000000000000;
	23935 :	000000000000000000000000;
	23934 :	000000000000000000000000;
	23933 :	000000000000000000000000;
	23932 :	000000000000000000000000;
	23931 :	000000000000000000000000;
	23930 :	000000000000000000000000;
	23929 :	000000000000000000000000;
	23928 :	000000000000000000000000;
	23927 :	000000000000000000000000;
	23926 :	000000000000000000000000;
	23925 :	000000000000000000000000;
	23924 :	000000000000000000000000;
	23923 :	000000000000000000000000;
	23922 :	000000000000000000000000;
	23921 :	000000000000000000000000;
	23920 :	000000000000000000000000;
	23919 :	000000000000000000000000;
	23918 :	000000000000000000000000;
	23917 :	000000000000000000000000;
	23916 :	000000000000000000000000;
	23915 :	000000000000000000000000;
	23914 :	000000000000000000000000;
	23913 :	000000000000000000000000;
	23912 :	000000000000000000000000;
	23911 :	000000000000000000000000;
	23910 :	000000000000000000000000;
	23909 :	000000000000000000000000;
	23908 :	000000000000000000000000;
	23907 :	000000000000000000000000;
	23906 :	000000000000000000000000;
	23905 :	000000000000000000000000;
	23904 :	000000000000000000000000;
	23903 :	000000000000000000000000;
	23902 :	000000000000000000000000;
	23901 :	000000000000000000000000;
	23900 :	000000000000000000000000;
	23899 :	000000000000000000000000;
	23898 :	000000000000000000000000;
	23897 :	000000000000000000000000;
	23896 :	000000000000000000000000;
	23895 :	000000000000000000000000;
	23894 :	000000000000000000000000;
	23893 :	000000000000000000000000;
	23892 :	000000000000000000000000;
	23891 :	000000000000000000000000;
	23890 :	000000000000000000000000;
	23889 :	000000000000000000000000;
	23888 :	000000000000000000000000;
	23887 :	000000000000000000000000;
	23886 :	000000000000000000000000;
	23885 :	000000000000000000000000;
	23884 :	000000000000000000000000;
	23883 :	000000000000000000000000;
	23882 :	000000000000000000000000;
	23881 :	000000000000000000000000;
	23880 :	000000000000000000000000;
	23879 :	000000000000000000000000;
	23878 :	000000000000000000000000;
	23877 :	000000000000000000000000;
	23876 :	000000000000000000000000;
	23875 :	000000000000000000000000;
	23874 :	000000000000000000000000;
	23873 :	000000000000000000000000;
	23872 :	000000000000000000000000;
	23871 :	000000000000000000000000;
	23870 :	000000000000000000000000;
	23869 :	000000000000000000000000;
	23868 :	000000000000000000000000;
	23867 :	000000000000000000000000;
	23866 :	000000000000000000000000;
	23865 :	000000000000000000000000;
	23864 :	000000000000000000000000;
	23863 :	000000000000000000000000;
	23862 :	000000000000000000000000;
	23861 :	000000000000000000000000;
	23860 :	000000000000000000000000;
	23859 :	000000000000000000000000;
	23858 :	000000000000000000000000;
	23857 :	000000000000000000000000;
	23856 :	000000000000000000000000;
	23855 :	000000000000000000000000;
	23854 :	000000000000000000000000;
	23853 :	000000000000000000000000;
	23852 :	000000000000000000000000;
	23851 :	000000000000000000000000;
	23850 :	000000000000000000000000;
	23849 :	000000000000000000000000;
	23848 :	000000000000000000000000;
	23847 :	000000000000000000000000;
	23846 :	000000000000000000000000;
	23845 :	000000000000000000000000;
	23844 :	000000000000000000000000;
	23843 :	000000000000000000000000;
	23842 :	000000000000000000000000;
	23841 :	000000000000000000000000;
	23840 :	000000000000000000000000;
	23839 :	000000000000000000000000;
	23838 :	000000000000000000000000;
	23837 :	000000000000000000000000;
	23836 :	000000000000000000000000;
	23835 :	000000000000000000000000;
	23834 :	000000000000000000000000;
	23833 :	000000000000000000000000;
	23832 :	000000000000000000000000;
	23831 :	000000000000000000000000;
	23830 :	000000000000000000000000;
	23829 :	000000000000000000000000;
	23828 :	000000000000000000000000;
	23827 :	000000000000000000000000;
	23826 :	000000000000000000000000;
	23825 :	000000000000000000000000;
	23824 :	000000000000000000000000;
	23823 :	000000000000000000000000;
	23822 :	000000000000000000000000;
	23821 :	000000000000000000000000;
	23820 :	000000000000000000000000;
	23819 :	000000000000000000000000;
	23818 :	000000000000000000000000;
	23817 :	000000000000000000000000;
	23816 :	000000000000000000000000;
	23815 :	000000000000000000000000;
	23814 :	000000000000000000000000;
	23813 :	000000000000000000000000;
	23812 :	000000000000000000000000;
	23811 :	000000000000000000000000;
	23810 :	000000000000000000000000;
	23809 :	000000000000000000000000;
	23808 :	000000000000000000000000;
	23807 :	000000000000000000000000;
	23806 :	000000000000000000000000;
	23805 :	000000000000000000000000;
	23804 :	000000000000000000000000;
	23803 :	000000000000000000000000;
	23802 :	000000000000000000000000;
	23801 :	000000000000000000000000;
	23800 :	000000000000000000000000;
	23799 :	000000000000000000000000;
	23798 :	000000000000000000000000;
	23797 :	000000000000000000000000;
	23796 :	000000000000000000000000;
	23795 :	000000000000000000000000;
	23794 :	000000000000000000000000;
	23793 :	000000000000000000000000;
	23792 :	000000000000000000000000;
	23791 :	000000000000000000000000;
	23790 :	000000000000000000000000;
	23789 :	000000000000000000000000;
	23788 :	000000000000000000000000;
	23787 :	000000000000000000000000;
	23786 :	000000000000000000000000;
	23785 :	000000000000000000000000;
	23784 :	000000000000000000000000;
	23783 :	000000000000000000000000;
	23782 :	000000000000000000000000;
	23781 :	000000000000000000000000;
	23780 :	000000000000000000000000;
	23779 :	000000000000000000000000;
	23778 :	000000000000000000000000;
	23777 :	000000000000000000000000;
	23776 :	000000000000000000000000;
	23775 :	000000000000000000000000;
	23774 :	000000000000000000000000;
	23773 :	000000000000000000000000;
	23772 :	000000000000000000000000;
	23771 :	000000000000000000000000;
	23770 :	000000000000000000000000;
	23769 :	000000000000000000000000;
	23768 :	000000000000000000000000;
	23767 :	000000000000000000000000;
	23766 :	000000000000000000000000;
	23765 :	000000000000000000000000;
	23764 :	000000000000000000000000;
	23763 :	000000000000000000000000;
	23762 :	000000000000000000000000;
	23761 :	000000000000000000000000;
	23760 :	000000000000000000000000;
	23759 :	000000000000000000000000;
	23758 :	000000000000000000000000;
	23757 :	000000000000000000000000;
	23756 :	000000000000000000000000;
	23755 :	000000000000000000000000;
	23754 :	000000000000000000000000;
	23753 :	000000000000000000000000;
	23752 :	000000000000000000000000;
	23751 :	000000000000000000000000;
	23750 :	000000000000000000000000;
	23749 :	000000000000000000000000;
	23748 :	000000000000000000000000;
	23747 :	000000000000000000000000;
	23746 :	000000000000000000000000;
	23745 :	000000000000000000000000;
	23744 :	000000000000000000000000;
	23743 :	000000000000000000000000;
	23742 :	000000000000000000000000;
	23741 :	000000000000000000000000;
	23740 :	000000000000000000000000;
	23739 :	000000000000000000000000;
	23738 :	000000000000000000000000;
	23737 :	000000000000000000000000;
	23736 :	000000000000000000000000;
	23735 :	000000000000000000000000;
	23734 :	000000000000000000000000;
	23733 :	000000000000000000000000;
	23732 :	000000000000000000000000;
	23731 :	000000000000000000000000;
	23730 :	000000000000000000000000;
	23729 :	000000000000000000000000;
	23728 :	000000000000000000000000;
	23727 :	000000000000000000000000;
	23726 :	000000000000000000000000;
	23725 :	000000000000000000000000;
	23724 :	000000000000000000000000;
	23723 :	000000000000000000000000;
	23722 :	000000000000000000000000;
	23721 :	000000000000000000000000;
	23720 :	000000000000000000000000;
	23719 :	000000000000000000000000;
	23718 :	000000000000000000000000;
	23717 :	000000000000000000000000;
	23716 :	000000000000000000000000;
	23715 :	000000000000000000000000;
	23714 :	000000000000000000000000;
	23713 :	000000000000000000000000;
	23712 :	000000000000000000000000;
	23711 :	000000000000000000000000;
	23710 :	000000000000000000000000;
	23709 :	000000000000000000000000;
	23708 :	000000000000000000000000;
	23707 :	000000000000000000000000;
	23706 :	000000000000000000000000;
	23705 :	000000000000000000000000;
	23704 :	000000000000000000000000;
	23703 :	000000000000000000000000;
	23702 :	000000000000000000000000;
	23701 :	000000000000000000000000;
	23700 :	000000000000000000000000;
	23699 :	000000000000000000000000;
	23698 :	000000000000000000000000;
	23697 :	000000000000000000000000;
	23696 :	000000000000000000000000;
	23695 :	000000000000000000000000;
	23694 :	000000000000000000000000;
	23693 :	000000000000000000000000;
	23692 :	000000000000000000000000;
	23691 :	000000000000000000000000;
	23690 :	000000000000000000000000;
	23689 :	000000000000000000000000;
	23688 :	000000000000000000000000;
	23687 :	000000000000000000000000;
	23686 :	000000000000000000000000;
	23685 :	000000000000000000000000;
	23684 :	000000000000000000000000;
	23683 :	000000000000000000000000;
	23682 :	000000000000000000000000;
	23681 :	000000000000000000000000;
	23680 :	000000000000000000000000;
	23679 :	000000000000000000000000;
	23678 :	000000000000000000000000;
	23677 :	000000000000000000000000;
	23676 :	000000000000000000000000;
	23675 :	000000000000000000000000;
	23674 :	000000000000000000000000;
	23673 :	000000000000000000000000;
	23672 :	000000000000000000000000;
	23671 :	000000000000000000000000;
	23670 :	000000000000000000000000;
	23669 :	000000000000000000000000;
	23668 :	000000000000000000000000;
	23667 :	000000000000000000000000;
	23666 :	000000000000000000000000;
	23665 :	000000000000000000000000;
	23664 :	000000000000000000000000;
	23663 :	000000000000000000000000;
	23662 :	000000000000000000000000;
	23661 :	000000000000000000000000;
	23660 :	000000000000000000000000;
	23659 :	000000000000000000000000;
	23658 :	000000000000000000000000;
	23657 :	000000000000000000000000;
	23656 :	000000000000000000000000;
	23655 :	000000000000000000000000;
	23654 :	000000000000000000000000;
	23653 :	000000000000000000000000;
	23652 :	000000000000000000000000;
	23651 :	000000000000000000000000;
	23650 :	000000000000000000000000;
	23649 :	000000000000000000000000;
	23648 :	000000000000000000000000;
	23647 :	000000000000000000000000;
	23646 :	000000000000000000000000;
	23645 :	000000000000000000000001;
	23644 :	000000000000000000000000;
	23643 :	000000000000000000000000;
	23642 :	000000000000000000000000;
	23641 :	000000000000000000000000;
	23640 :	000000000000000000000000;
	23639 :	000000000000000000000000;
	23638 :	000000000000000000000000;
	23637 :	000000000000000000000000;
	23636 :	000000000000000000000000;
	23635 :	000000000000000000000000;
	23634 :	000000000000000000000000;
	23633 :	000000000000000000000000;
	23632 :	000000000000000000000000;
	23631 :	000000000000000000000000;
	23630 :	000000000000000000000000;
	23629 :	000000000000000000000000;
	23628 :	000000000000000000000000;
	23627 :	000000000000000000000000;
	23626 :	000000000000000000000000;
	23625 :	000000000000000000000000;
	23624 :	000000000000000000000000;
	23623 :	000000000000000000000000;
	23622 :	000000000000000000000000;
	23621 :	000000000000000000000000;
	23620 :	000000000000000000000000;
	23619 :	000000000000000000000000;
	23618 :	000000000000000000000000;
	23617 :	000000000000000000000000;
	23616 :	000000000000000000000000;
	23615 :	000000000000000000000000;
	23614 :	000000000000000000000000;
	23613 :	000000000000000000000000;
	23612 :	000000000000000000000000;
	23611 :	000000000000000000000000;
	23610 :	000000000000000000000000;
	23609 :	000000000000000000000000;
	23608 :	000000000000000000000000;
	23607 :	000000000000000000000000;
	23606 :	000000000000000000000000;
	23605 :	000000000000000000000000;
	23604 :	000000000000000000000000;
	23603 :	000000000000000000000000;
	23602 :	000000000000000000000000;
	23601 :	000000000000000000000000;
	23600 :	000000000000000000000000;
	23599 :	000000000000000000000000;
	23598 :	000000000000000000000000;
	23597 :	000000000000000000000000;
	23596 :	000000000000000000000000;
	23595 :	000000000000000000000000;
	23594 :	000000000000000000000000;
	23593 :	000000000000000000000000;
	23592 :	000000000000000000000000;
	23591 :	000000000000000000000000;
	23590 :	000000000000000000000000;
	23589 :	000000000000000000000000;
	23588 :	000000000000000000000000;
	23587 :	000000000000000000000000;
	23586 :	000000000000000000000000;
	23585 :	000000000000000000000000;
	23584 :	000000000000000000000000;
	23583 :	000000000000000000000000;
	23582 :	000000000000000000000000;
	23581 :	000000000000000000000000;
	23580 :	000000000000000000000000;
	23579 :	000000000000000000000000;
	23578 :	000000000000000000000000;
	23577 :	000000000000000000000000;
	23576 :	000000000000000000000000;
	23575 :	000000000000000000000000;
	23574 :	000000000000000000000000;
	23573 :	000000000000000000000000;
	23572 :	000000000000000000000000;
	23571 :	000000000000000000000000;
	23570 :	000000000000000000000000;
	23569 :	000000000000000000000000;
	23568 :	000000000000000000000000;
	23567 :	000000000000000000000000;
	23566 :	000000000000000000000000;
	23565 :	000000000000000000000000;
	23564 :	000000000000000000000000;
	23563 :	000000000000000000000000;
	23562 :	000000000000000000000000;
	23561 :	000000000000000000000000;
	23560 :	000000000000000000000000;
	23559 :	000000000000000000000000;
	23558 :	000000000000000000000000;
	23557 :	000000010000000000000000;
	23556 :	000000000000000000000000;
	23555 :	000000000000000000000000;
	23554 :	000000000000000000000000;
	23553 :	000000000000000000000000;
	23552 :	000000000000000000000000;
	23551 :	000000000000000000000000;
	23550 :	000000000000000000000000;
	23549 :	000000000000000000000000;
	23548 :	000000000000000000000000;
	23547 :	000000000000000000000000;
	23546 :	000000000000000000000000;
	23545 :	000000000000000000000000;
	23544 :	000000000000000000000000;
	23543 :	000000000000000000000000;
	23542 :	000000000000000000000000;
	23541 :	000000000000000000000000;
	23540 :	000000000000000000000000;
	23539 :	000000000000000000000000;
	23538 :	000000000000000000000000;
	23537 :	000000000000000000000000;
	23536 :	000000000000000000000000;
	23535 :	000000000000000000000000;
	23534 :	000000000000000000000000;
	23533 :	000000000000000000000000;
	23532 :	000000000000000000000000;
	23531 :	000000000000000000000000;
	23530 :	000000000000000000000000;
	23529 :	000000000000000000000000;
	23528 :	000000000000000000000000;
	23527 :	000000000000000000000000;
	23526 :	000000000000000000000000;
	23525 :	000000000000000000000000;
	23524 :	000000000000000000000000;
	23523 :	000000010000000000000000;
	23522 :	000000000000000000000000;
	23521 :	000000000000000000000000;
	23520 :	000000000000000000000000;
	23519 :	000000000000000000000000;
	23518 :	000000000000000000000000;
	23517 :	000000000000000000000000;
	23516 :	000000000000000000000000;
	23515 :	000000000000000000000000;
	23514 :	000000000000000000000000;
	23513 :	000000000000000000000000;
	23512 :	000000000000000000000000;
	23511 :	000000000000000000000000;
	23510 :	000000000000000000000000;
	23509 :	000000000000000000000000;
	23508 :	000000000000000000000000;
	23507 :	000000000000000000000000;
	23506 :	000000000000000000000000;
	23505 :	000000000000000000000000;
	23504 :	000000000000000000000000;
	23503 :	000000000000000000000000;
	23502 :	000000000000000000000000;
	23501 :	000000000000000000000000;
	23500 :	000000000000000000000000;
	23499 :	000000000000000000000000;
	23498 :	000000000000000000000000;
	23497 :	000000000000000000000000;
	23496 :	000000000000000000000000;
	23495 :	000000000000000000000000;
	23494 :	000000000000000000000000;
	23493 :	000000000000000000000000;
	23492 :	000000000000000000000000;
	23491 :	000000000000000000000000;
	23490 :	000000000000000000000000;
	23489 :	000000000000000000000000;
	23488 :	000000000000000000000000;
	23487 :	000000000000000000000000;
	23486 :	000000000000000000000000;
	23485 :	000000000000000000000000;
	23484 :	000000000000000000000000;
	23483 :	000000000000000000000000;
	23482 :	000000000000000000000000;
	23481 :	000000000000000000000000;
	23480 :	000000000000000000000000;
	23479 :	000000000000000000000000;
	23478 :	000000000000000000000000;
	23477 :	000000000000000000000000;
	23476 :	000000000000000000000000;
	23475 :	000000000000000000000000;
	23474 :	000000000000000000000000;
	23473 :	000000000000000000000000;
	23472 :	000000000000000000000000;
	23471 :	000000000000000000000000;
	23470 :	000000000000000000000000;
	23469 :	000000000000000000000000;
	23468 :	000000000000000000000000;
	23467 :	000000000000000000000000;
	23466 :	000000000000000000000000;
	23465 :	000000000000000000000000;
	23464 :	000000000000000000000000;
	23463 :	000000000000000000000000;
	23462 :	000000000000000000000000;
	23461 :	000000000000000000000000;
	23460 :	000000000000000000000000;
	23459 :	000000000000000000000000;
	23458 :	000000000000000000000000;
	23457 :	000000000000000000000000;
	23456 :	000000000000000000000000;
	23455 :	000000000000000000000000;
	23454 :	000000000000000000000000;
	23453 :	000000000000000000000000;
	23452 :	000000000000000000000000;
	23451 :	000000000000000000000000;
	23450 :	000000000000000000000000;
	23449 :	000000000000000000000000;
	23448 :	000000000000000000000000;
	23447 :	000000000000000000000000;
	23446 :	000000000000000000000000;
	23445 :	000000000000000000000000;
	23444 :	000000000000000000000000;
	23443 :	000000000000000000000000;
	23442 :	000000000000000000000000;
	23441 :	000000000000000000000000;
	23440 :	000000000000000000000000;
	23439 :	000000000000000000000000;
	23438 :	000000000000000000000000;
	23437 :	000000000000000000000000;
	23436 :	000000000000000000000000;
	23435 :	000000000000000000000000;
	23434 :	000000000000000000000000;
	23433 :	000000000000000000000000;
	23432 :	000000000000000000000000;
	23431 :	000000000000000000000000;
	23430 :	000000000000000000000000;
	23429 :	000000000000000000000000;
	23428 :	000000000000000000000000;
	23427 :	000000000000000000000000;
	23426 :	000000000000000000000000;
	23425 :	000000000000000000000000;
	23424 :	000000000000000000000000;
	23423 :	000000000000000000000000;
	23422 :	000000000000000000000000;
	23421 :	000000000000000000000000;
	23420 :	000000000000000000000000;
	23419 :	000000000000000000000000;
	23418 :	000000000000000000000000;
	23417 :	000000000000000000000000;
	23416 :	000000000000000000000000;
	23415 :	000000000000000000000000;
	23414 :	000000000000000000000000;
	23413 :	000000000000000000000000;
	23412 :	000000000000000000000000;
	23411 :	000000000000000000000000;
	23410 :	000000000000000000000000;
	23409 :	000000000000000000000000;
	23408 :	000000000000000000000000;
	23407 :	000000000000000000000000;
	23406 :	000000000000000000000000;
	23405 :	000000000000000000000000;
	23404 :	000000000000000000000000;
	23403 :	000000000000000000000000;
	23402 :	000000000000000000000000;
	23401 :	000000000000000000000000;
	23400 :	000000000000000000000000;
	23399 :	000000000000000000000000;
	23398 :	000000000000000000000000;
	23397 :	000000000000000000000000;
	23396 :	000000000000000000000000;
	23395 :	000000000000000000000000;
	23394 :	000000000000000000000000;
	23393 :	000000000000000000000000;
	23392 :	000000000000000000000000;
	23391 :	000000000000000000000000;
	23390 :	000000000000000000000000;
	23389 :	000000000000000000000000;
	23388 :	000000000000000000000000;
	23387 :	000000000000000000000000;
	23386 :	000000000000000000000000;
	23385 :	000000000000000000000000;
	23384 :	000000000000000000000000;
	23383 :	000000000000000000000000;
	23382 :	000000000000000000000000;
	23381 :	000000000000000000000000;
	23380 :	000000000000000000000000;
	23379 :	000000000000000000000000;
	23378 :	000000000000000000000000;
	23377 :	000000000000000000000000;
	23376 :	000000000000000000000000;
	23375 :	000000000000000000000000;
	23374 :	000000000000000000000000;
	23373 :	000000000000000000000000;
	23372 :	000000000000000000000000;
	23371 :	000000000000000000000000;
	23370 :	000000000000000000000000;
	23369 :	000000000000000000000000;
	23368 :	000000000000000000000000;
	23367 :	000000000000000000000000;
	23366 :	000000000000000000000000;
	23365 :	000000000000000000000000;
	23364 :	000000000000000000000000;
	23363 :	000000000000000000000000;
	23362 :	000000000000000000000000;
	23361 :	000000000000000000000000;
	23360 :	000000000000000100000000;
	23359 :	000000000000000000000000;
	23358 :	000000000000000000000000;
	23357 :	000000000000000000000000;
	23356 :	000000000000000000000000;
	23355 :	000000000000000000000000;
	23354 :	000000000000000000000000;
	23353 :	000000010000000000000000;
	23352 :	000000000000000000000000;
	23351 :	000000000000000000000000;
	23350 :	000000000000000000000000;
	23349 :	000000000000000000000000;
	23348 :	000000000000000000000000;
	23347 :	000000000000000000000000;
	23346 :	000000000000000000000000;
	23345 :	000000000000000000000000;
	23344 :	000000000000000000000000;
	23343 :	000000000000000000000000;
	23342 :	000000000000000000000000;
	23341 :	000000000000000000000000;
	23340 :	000000000000000000000000;
	23339 :	000000000000000000000000;
	23338 :	000000000000000000000000;
	23337 :	000000000000000000000000;
	23336 :	000000000000000000000000;
	23335 :	000000000000000000000000;
	23334 :	000000000000000000000000;
	23333 :	000000000000000000000000;
	23332 :	000000000000000000000000;
	23331 :	000000000000000000000000;
	23330 :	000000000000000000000000;
	23329 :	000000000000000000000000;
	23328 :	000000000000000000000000;
	23327 :	000000000000000000000000;
	23326 :	000000000000000000000000;
	23325 :	000000000000000000000000;
	23324 :	000000000000000000000000;
	23323 :	000000000000000000000000;
	23322 :	000000000000000000000000;
	23321 :	000000000000000000000000;
	23320 :	000000000000000000000000;
	23319 :	000000000000000000000000;
	23318 :	000000000000000000000000;
	23317 :	000000000000000000000000;
	23316 :	000000000000000000000000;
	23315 :	000000000000000000000000;
	23314 :	000000000000000000000000;
	23313 :	000000000000000000000000;
	23312 :	000000000000000000000000;
	23311 :	000000000000000000000000;
	23310 :	000000000000000000000000;
	23309 :	000000000000000000000000;
	23308 :	000000010000000000000000;
	23307 :	000000000000000000000000;
	23306 :	000000000000000000000000;
	23305 :	000000000000000000000000;
	23304 :	000000000000000000000000;
	23303 :	000000000000000000000000;
	23302 :	000000000000000000000000;
	23301 :	000000000000000000000000;
	23300 :	000000000000000000000000;
	23299 :	000000000000000000000000;
	23298 :	000000000000000000000000;
	23297 :	000000000000000000000000;
	23296 :	000000000000000000000000;
	23295 :	000000000000000000000000;
	23294 :	000000000000000000000000;
	23293 :	000000000000000000000000;
	23292 :	000000000000000000000000;
	23291 :	000000000000000000000000;
	23290 :	000000000000000000000000;
	23289 :	000000000000000000000000;
	23288 :	000000000000000000000000;
	23287 :	000000000000000000000000;
	23286 :	000000000000000000000000;
	23285 :	000000000000000000000000;
	23284 :	000000000000000000000000;
	23283 :	000000000000000000000000;
	23282 :	000000000000000000000000;
	23281 :	000000000000000000000000;
	23280 :	000000000000000000000000;
	23279 :	000000000000000000000000;
	23278 :	000000000000000000000000;
	23277 :	000000000000000000000000;
	23276 :	000000000000000000000000;
	23275 :	000000000000000000000000;
	23274 :	000000000000000000000000;
	23273 :	000000000000000000000000;
	23272 :	000000000000000000000000;
	23271 :	000000000000000000000000;
	23270 :	000000000000000000000000;
	23269 :	000000000000000000000000;
	23268 :	000000000000000000000000;
	23267 :	000000000000000000000000;
	23266 :	000000000000000000000000;
	23265 :	000000000000000000000000;
	23264 :	000000000000000000000000;
	23263 :	000000000000000000000000;
	23262 :	000000000000000000000000;
	23261 :	000000000000000000000000;
	23260 :	000000000000000000000000;
	23259 :	000000000000000000000000;
	23258 :	000000000000000000000000;
	23257 :	000000000000000000000000;
	23256 :	000000000000000000000000;
	23255 :	000000000000000000000000;
	23254 :	000000000000000000000000;
	23253 :	000000000000000000000000;
	23252 :	000000000000000000000000;
	23251 :	000000000000000000000000;
	23250 :	000000000000000000000000;
	23249 :	000000000000000000000000;
	23248 :	000000000000000000000000;
	23247 :	000000000000000000000000;
	23246 :	000000000000000000000000;
	23245 :	000000000000000000000000;
	23244 :	000000000000000000000000;
	23243 :	000000000000000000000000;
	23242 :	000000000000000000000000;
	23241 :	000000000000000100000000;
	23240 :	000000000000000000000000;
	23239 :	000000000000000000000000;
	23238 :	000000000000000000000000;
	23237 :	000000000000000000000000;
	23236 :	000000000000000000000000;
	23235 :	000000000000000000000000;
	23234 :	000000000000000000000000;
	23233 :	000000000000000000000000;
	23232 :	000000000000000000000000;
	23231 :	000000000000000000000000;
	23230 :	000000000000000000000000;
	23229 :	000000000000000000000000;
	23228 :	000000000000000000000000;
	23227 :	000000000000000000000000;
	23226 :	000000000000000000000000;
	23225 :	000000000000000000000000;
	23224 :	000000000000000000000000;
	23223 :	000000000000000000000000;
	23222 :	000000000000000000000000;
	23221 :	000000000000000000000000;
	23220 :	000000000000000000000000;
	23219 :	000000000000000000000000;
	23218 :	000000000000000000000000;
	23217 :	000000000000000000000000;
	23216 :	000000000000000000000000;
	23215 :	000000000000000000000000;
	23214 :	000000000000000000000000;
	23213 :	000000000000000000000000;
	23212 :	000000000000000000000000;
	23211 :	000000000000000000000000;
	23210 :	000000000000000000000000;
	23209 :	000000000000000000000000;
	23208 :	000000000000000000000000;
	23207 :	000000000000000000000001;
	23206 :	000000000000000000000000;
	23205 :	000000000000000000000000;
	23204 :	000000000000000000000000;
	23203 :	000000000000000000000000;
	23202 :	000000000000000000000000;
	23201 :	000000000000000000000000;
	23200 :	000000000000000000000000;
	23199 :	000000000000000000000000;
	23198 :	000000000000000000000000;
	23197 :	000000000000000000000000;
	23196 :	000000000000000000000000;
	23195 :	000000000000000000000000;
	23194 :	000000000000000000000000;
	23193 :	000000000000000000000000;
	23192 :	000000000000000000000000;
	23191 :	000000000000000000000000;
	23190 :	000000000000000000000000;
	23189 :	000000000000000000000000;
	23188 :	000000000000000000000000;
	23187 :	000000000000000000000000;
	23186 :	000000000000000000000000;
	23185 :	000000000000000000000000;
	23184 :	000000000000000000000000;
	23183 :	000000000000000000000000;
	23182 :	000000000000000000000000;
	23181 :	000000000000000000000000;
	23180 :	000000000000000000000000;
	23179 :	000000000000000000000000;
	23178 :	000000000000000000000000;
	23177 :	000000000000000000000000;
	23176 :	000000000000000000000000;
	23175 :	000000000000000000000000;
	23174 :	000000000000000000000000;
	23173 :	000000000000000000000000;
	23172 :	000000000000000000000000;
	23171 :	000000000000000000000000;
	23170 :	000000000000000000000000;
	23169 :	000000000000000000000000;
	23168 :	000000000000000000000000;
	23167 :	000000000000000000000000;
	23166 :	000000000000000000000000;
	23165 :	000000000000000000000000;
	23164 :	000000000000000000000000;
	23163 :	000000000000000000000000;
	23162 :	000000000000000000000000;
	23161 :	000000000000000000000000;
	23160 :	000000000000000000000000;
	23159 :	000000000000000000000000;
	23158 :	000000000000000000000000;
	23157 :	000000000000000000000000;
	23156 :	000000000000000000000000;
	23155 :	000000000000000000000000;
	23154 :	000000000000000000000000;
	23153 :	000000000000000000000000;
	23152 :	000000000000000000000000;
	23151 :	000000000000000000000000;
	23150 :	000000000000000000000000;
	23149 :	000000000000000000000000;
	23148 :	000000000000000000000000;
	23147 :	000000000000000000000000;
	23146 :	000000000000000000000000;
	23145 :	000000000000000000000000;
	23144 :	000000000000000000000000;
	23143 :	000000000000000000000000;
	23142 :	000000000000000000000000;
	23141 :	000000000000000000000000;
	23140 :	000000000000000000000000;
	23139 :	000000000000000000000000;
	23138 :	000000000000000000000000;
	23137 :	000000000000000000000000;
	23136 :	000000000000000000000000;
	23135 :	000000000000000000000000;
	23134 :	000000000000000000000000;
	23133 :	000000000000000000000000;
	23132 :	000000000000000000000000;
	23131 :	000000000000000000000000;
	23130 :	000000000000000000000000;
	23129 :	000000000000000000000000;
	23128 :	000000000000000000000000;
	23127 :	000000000000000000000000;
	23126 :	000000000000000000000000;
	23125 :	000000000000000000000000;
	23124 :	000000000000000000000000;
	23123 :	000000000000000000000000;
	23122 :	000000000000000000000000;
	23121 :	000000000000000000000000;
	23120 :	000000000000000000000000;
	23119 :	000000000000000000000000;
	23118 :	000000000000000000000000;
	23117 :	000000000000000000000000;
	23116 :	000000000000000000000000;
	23115 :	000000000000000000000000;
	23114 :	000000000000000000000000;
	23113 :	000000000000000000000000;
	23112 :	000000000000000000000000;
	23111 :	000000000000000000000000;
	23110 :	000000000000000000000000;
	23109 :	000000000000000000000000;
	23108 :	000000000000000000000000;
	23107 :	000000000000000000000000;
	23106 :	000000000000000000000000;
	23105 :	000000000000000000000000;
	23104 :	000000000000000000000000;
	23103 :	000000000000000000000000;
	23102 :	000000000000000000000000;
	23101 :	000000000000000000000000;
	23100 :	000000000000000000000000;
	23099 :	000000000000000000000000;
	23098 :	000000000000000000000000;
	23097 :	000000000000000000000000;
	23096 :	000000000000000000000000;
	23095 :	000000000000000000000000;
	23094 :	000000000000000000000000;
	23093 :	000000000000000000000000;
	23092 :	000000000000000000000000;
	23091 :	000000000000000000000000;
	23090 :	000000000000000000000000;
	23089 :	000000000000000000000000;
	23088 :	000000000000000000000000;
	23087 :	000000000000000000000000;
	23086 :	000000000000000000000000;
	23085 :	000000000000000000000000;
	23084 :	000000000000000000000000;
	23083 :	000000000000000000000000;
	23082 :	000000000000000000000000;
	23081 :	000000000000000000000000;
	23080 :	000000000000000000000000;
	23079 :	000000000000000000000000;
	23078 :	000000000000000000000000;
	23077 :	000000000000000000000000;
	23076 :	000000000000000000000000;
	23075 :	000000000000000000000000;
	23074 :	000000000000000000000000;
	23073 :	000000000000000000000000;
	23072 :	000000000000000000000000;
	23071 :	000000000000000000000000;
	23070 :	000000000000000000000000;
	23069 :	000000000000000000000000;
	23068 :	000000000000000000000000;
	23067 :	000000000000000000000000;
	23066 :	000000000000000000000000;
	23065 :	000000000000000000000000;
	23064 :	000000000000000100000000;
	23063 :	000000000000000000000000;
	23062 :	000000000000000000000000;
	23061 :	000000000000000000000000;
	23060 :	000000000000000000000000;
	23059 :	000000000000000000000000;
	23058 :	000000000000000000000000;
	23057 :	000000000000000000000000;
	23056 :	000000000000000000000000;
	23055 :	000000000000000000000000;
	23054 :	000000000000000000000000;
	23053 :	000000000000000000000000;
	23052 :	000000000000000000000000;
	23051 :	000000000000000000000000;
	23050 :	000000000000000000000000;
	23049 :	000000000000000000000000;
	23048 :	000000000000000000000000;
	23047 :	000000000000000000000000;
	23046 :	000000000000000000000000;
	23045 :	000000000000000000000000;
	23044 :	000000000000000000000000;
	23043 :	000000000000000000000000;
	23042 :	000000000000000000000000;
	23041 :	000000000000000000000000;
	23040 :	000000000000000000000000;
	23039 :	000000000000000000000000;
	23038 :	000000000000000000000000;
	23037 :	000000000000000000000000;
	23036 :	000000000000000000000000;
	23035 :	000000000000000000000000;
	23034 :	000000000000000000000000;
	23033 :	000000000000000000000000;
	23032 :	000000000000000000000000;
	23031 :	000000000000000000000000;
	23030 :	000000000000000000000000;
	23029 :	000000000000000000000000;
	23028 :	000000000000000000000000;
	23027 :	000000000000000000000000;
	23026 :	000000000000000000000000;
	23025 :	000000000000000000000000;
	23024 :	000000000000000000000000;
	23023 :	000000000000000000000000;
	23022 :	000000000000000000000000;
	23021 :	000000000000000000000000;
	23020 :	000000000000000000000000;
	23019 :	000000000000000000000000;
	23018 :	000000000000000000000000;
	23017 :	000000000000000000000000;
	23016 :	000000000000000000000000;
	23015 :	000000000000000000000000;
	23014 :	000000000000000000000000;
	23013 :	000000000000000000000000;
	23012 :	000000000000000000000000;
	23011 :	000000000000000000000000;
	23010 :	000000000000000000000000;
	23009 :	000000000000000000000000;
	23008 :	000000000000000000000000;
	23007 :	000000000000000000000000;
	23006 :	000000000000000000000000;
	23005 :	000000000000000000000000;
	23004 :	000000000000000000000000;
	23003 :	000000000000000000000000;
	23002 :	000000000000000000000000;
	23001 :	000000000000000000000000;
	23000 :	000000000000000000000000;
	22999 :	000000000000000000000000;
	22998 :	000000000000000000000000;
	22997 :	000000010000000000000000;
	22996 :	000000000000000000000000;
	22995 :	000000000000000000000000;
	22994 :	000000000000000000000000;
	22993 :	000000000000000000000000;
	22992 :	000000000000000000000000;
	22991 :	000000000000000000000000;
	22990 :	000000000000000000000000;
	22989 :	000000000000000000000000;
	22988 :	000000000000000000000000;
	22987 :	000000000000000000000000;
	22986 :	000000000000000000000000;
	22985 :	000000000000000000000000;
	22984 :	000000000000000000000000;
	22983 :	000000000000000000000000;
	22982 :	000000000000000000000000;
	22981 :	000000000000000000000000;
	22980 :	000000000000000000000000;
	22979 :	000000000000000000000000;
	22978 :	000000000000000000000000;
	22977 :	000000000000000000000000;
	22976 :	000000000000000000000000;
	22975 :	000000000000000000000000;
	22974 :	000000000000000000000000;
	22973 :	000000000000000000000000;
	22972 :	000000000000000000000000;
	22971 :	000000000000000000000000;
	22970 :	000000000000000000000000;
	22969 :	000000000000000000000000;
	22968 :	000000000000000000000000;
	22967 :	000000000000000000000000;
	22966 :	000000000000000000000000;
	22965 :	000000000000000000000000;
	22964 :	000000000000000000000000;
	22963 :	000000000000000000000000;
	22962 :	000000000000000000000000;
	22961 :	000000000000000000000000;
	22960 :	000000000000000000000000;
	22959 :	000000000000000000000000;
	22958 :	000000000000000000000000;
	22957 :	000000000000000000000000;
	22956 :	000000000000000000000000;
	22955 :	000000000000000000000000;
	22954 :	000000000000000000000000;
	22953 :	000000000000000000000000;
	22952 :	000000000000000000000000;
	22951 :	000000000000000000000000;
	22950 :	000000000000000000000000;
	22949 :	000000000000000000000000;
	22948 :	000000000000000000000000;
	22947 :	000000000000000000000000;
	22946 :	000000000000000000000000;
	22945 :	000000000000000000000000;
	22944 :	000000000000000000000000;
	22943 :	000000000000000000000000;
	22942 :	000000000000000000000000;
	22941 :	000000000000000000000000;
	22940 :	000000000000000000000000;
	22939 :	000000000000000000000000;
	22938 :	000000000000000000000000;
	22937 :	000000000000000000000000;
	22936 :	000000000000000000000000;
	22935 :	000000000000000000000000;
	22934 :	000000000000000000000000;
	22933 :	000000000000000000000000;
	22932 :	000000000000000000000000;
	22931 :	000000000000000000000000;
	22930 :	000000000000000000000000;
	22929 :	000000000000000000000000;
	22928 :	000000000000000000000000;
	22927 :	000000000000000000000000;
	22926 :	000000000000000000000000;
	22925 :	000000000000000000000000;
	22924 :	000000000000000000000000;
	22923 :	000000000000000000000000;
	22922 :	000000000000000000000000;
	22921 :	000000000000000000000000;
	22920 :	000000000000000000000000;
	22919 :	000000000000000000000000;
	22918 :	000000000000000000000000;
	22917 :	000000000000000000000000;
	22916 :	000000000000000000000000;
	22915 :	000000000000000000000000;
	22914 :	000000000000000000000000;
	22913 :	000000000000000000000000;
	22912 :	000000000000000000000000;
	22911 :	000000000000000000000000;
	22910 :	000000000000000000000000;
	22909 :	000000000000000000000000;
	22908 :	000000000000000000000000;
	22907 :	000000000000000000000000;
	22906 :	000000000000000000000000;
	22905 :	000000000000000000000000;
	22904 :	000000000000000000000000;
	22903 :	000000000000000000000000;
	22902 :	000000010000000000000000;
	22901 :	000000000000000000000000;
	22900 :	000000000000000000000000;
	22899 :	000000000000000000000000;
	22898 :	000000000000000000000000;
	22897 :	000000000000000000000000;
	22896 :	000000000000000000000000;
	22895 :	000000000000000000000000;
	22894 :	000000000000000000000000;
	22893 :	000000000000000000000000;
	22892 :	000000000000000000000000;
	22891 :	000000000000000000000000;
	22890 :	000000000000000000000000;
	22889 :	000000000000000000000000;
	22888 :	000000000000000000000000;
	22887 :	000000000000000000000000;
	22886 :	000000000000000000000000;
	22885 :	000000000000000000000000;
	22884 :	000000000000000000000000;
	22883 :	000000000000000000000000;
	22882 :	000000000000000000000000;
	22881 :	000000000000000000000000;
	22880 :	000000000000000000000000;
	22879 :	000000000000000000000000;
	22878 :	000000000000000000000000;
	22877 :	000000000000000000000000;
	22876 :	000000000000000000000000;
	22875 :	000000000000000000000000;
	22874 :	000000000000000000000000;
	22873 :	000000000000000000000000;
	22872 :	000000000000000000000000;
	22871 :	000000000000000000000000;
	22870 :	000000000000000000000000;
	22869 :	000000000000000000000000;
	22868 :	000000000000000000000000;
	22867 :	000000000000000000000000;
	22866 :	000000000000000000000000;
	22865 :	000000000000000000000000;
	22864 :	000000000000000000000000;
	22863 :	000000000000000000000000;
	22862 :	000000000000000000000000;
	22861 :	000000000000000000000000;
	22860 :	000000000000000000000000;
	22859 :	000000000000000000000000;
	22858 :	000000000000000000000000;
	22857 :	000000000000000000000000;
	22856 :	000000000000000000000000;
	22855 :	000000000000000000000000;
	22854 :	000000000000000000000000;
	22853 :	000000000000000000000000;
	22852 :	000000000000000000000000;
	22851 :	000000000000000000000000;
	22850 :	000000000000000000000000;
	22849 :	000000000000000000000000;
	22848 :	000000000000000000000000;
	22847 :	000000000000000000000000;
	22846 :	000000000000000000000000;
	22845 :	000000000000000000000000;
	22844 :	000000000000000000000000;
	22843 :	000000000000000000000000;
	22842 :	000000000000000000000000;
	22841 :	000000000000000000000000;
	22840 :	000000000000000000000000;
	22839 :	000000000000000000000000;
	22838 :	000000000000000000000000;
	22837 :	000000000000000000000000;
	22836 :	000000000000000000000000;
	22835 :	000000000000000000000000;
	22834 :	000000000000000000000000;
	22833 :	000000000000000000000000;
	22832 :	000000000000000000000000;
	22831 :	000000000000000000000000;
	22830 :	000000000000000000000000;
	22829 :	000000000000000000000000;
	22828 :	000000000000000000000000;
	22827 :	000000000000000000000000;
	22826 :	000000000000000000000000;
	22825 :	000000000000000000000000;
	22824 :	000000000000000000000000;
	22823 :	000000000000000000000000;
	22822 :	000000000000000000000000;
	22821 :	000000000000000000000000;
	22820 :	000000000000000000000000;
	22819 :	000000000000000000000000;
	22818 :	000000000000000000000000;
	22817 :	000000000000000000000000;
	22816 :	000000000000000000000000;
	22815 :	000000000000000000000000;
	22814 :	000000000000000000000000;
	22813 :	000000000000000000000000;
	22812 :	000000000000000000000000;
	22811 :	000000000000000000000000;
	22810 :	000000000000000000000000;
	22809 :	000000000000000000000000;
	22808 :	000000000000000000000000;
	22807 :	000000000000000000000000;
	22806 :	000000000000000000000000;
	22805 :	000000000000000000000000;
	22804 :	000000000000000000000000;
	22803 :	000000000000000000000000;
	22802 :	000000000000000000000000;
	22801 :	000000000000000000000000;
	22800 :	000000000000000000000000;
	22799 :	000000000000000000000000;
	22798 :	000000000000000000000000;
	22797 :	000000000000000000000000;
	22796 :	000000000000000000000000;
	22795 :	000000000000000000000000;
	22794 :	000000000000000000000000;
	22793 :	000000000000000000000000;
	22792 :	000000000000000000000000;
	22791 :	000000000000000000000000;
	22790 :	000000000000000000000000;
	22789 :	000000000000000000000000;
	22788 :	000000000000000000000000;
	22787 :	000000000000000000000000;
	22786 :	000000000000000000000000;
	22785 :	000000000000000000000000;
	22784 :	000000000000000000000000;
	22783 :	000000000000000000000000;
	22782 :	000000000000000000000000;
	22781 :	000000000000000000000000;
	22780 :	000000000000000000000000;
	22779 :	000000000000000000000000;
	22778 :	000000000000000000000000;
	22777 :	000000000000000000000000;
	22776 :	000000000000000000000000;
	22775 :	000000000000000000000000;
	22774 :	000000000000000000000000;
	22773 :	000000000000000000000000;
	22772 :	000000000000000000000000;
	22771 :	000000000000000000000000;
	22770 :	000000000000000000000000;
	22769 :	000000000000000000000000;
	22768 :	000000000000000000000000;
	22767 :	000000000000000000000000;
	22766 :	000000000000000000000000;
	22765 :	000000000000000000000000;
	22764 :	000000000000000000000000;
	22763 :	000000000000000000000000;
	22762 :	000000000000000000000000;
	22761 :	000000000000000000000000;
	22760 :	000000000000000000000000;
	22759 :	000000000000000000000000;
	22758 :	000000000000000000000000;
	22757 :	000000000000000000000000;
	22756 :	000000000000000000000000;
	22755 :	000000000000000000000000;
	22754 :	000000000000000000000000;
	22753 :	000000000000000000000000;
	22752 :	000000000000000000000000;
	22751 :	000000000000000000000000;
	22750 :	000000000000000000000000;
	22749 :	000000000000000000000000;
	22748 :	000000000000000000000000;
	22747 :	000000000000000000000000;
	22746 :	000000000000000000000000;
	22745 :	000000000000000000000000;
	22744 :	000000000000000000000000;
	22743 :	000000000000000000000000;
	22742 :	000000000000000000000000;
	22741 :	000000000000000000000000;
	22740 :	000000000000000000000000;
	22739 :	000000000000000000000001;
	22738 :	000000000000000000000000;
	22737 :	000000000000000000000000;
	22736 :	000000000000000000000000;
	22735 :	000000000000000000000000;
	22734 :	000000000000000000000000;
	22733 :	000000000000000000000000;
	22732 :	000000000000000000000000;
	22731 :	000000000000000000000000;
	22730 :	000000000000000000000000;
	22729 :	000000000000000000000000;
	22728 :	000000000000000000000000;
	22727 :	000000000000000000000000;
	22726 :	000000000000000000000000;
	22725 :	000000000000000000000000;
	22724 :	000000000000000000000000;
	22723 :	000000000000000000000000;
	22722 :	000000000000000000000000;
	22721 :	000000000000000000000000;
	22720 :	000000000000000000000000;
	22719 :	000000000000000000000000;
	22718 :	000000000000000000000000;
	22717 :	000000000000000000000000;
	22716 :	000000000000000000000000;
	22715 :	000000000000000000000000;
	22714 :	000000000000000000000000;
	22713 :	000000000000000000000000;
	22712 :	000000000000000000000000;
	22711 :	000000000000000000000000;
	22710 :	000000000000000000000000;
	22709 :	000000000000000000000000;
	22708 :	000000000000000000000000;
	22707 :	000000000000000000000000;
	22706 :	000000000000000000000000;
	22705 :	000000000000000000000000;
	22704 :	000000000000000000000000;
	22703 :	000000000000000000000000;
	22702 :	000000000000000000000000;
	22701 :	000000000000000000000000;
	22700 :	000000000000000000000000;
	22699 :	000000000000000000000000;
	22698 :	000000000000000000000000;
	22697 :	000000000000000000000000;
	22696 :	000000000000000000000000;
	22695 :	000000000000000000000000;
	22694 :	000000000000000000000000;
	22693 :	000000000000000000000000;
	22692 :	000000000000000000000000;
	22691 :	000000000000000000000000;
	22690 :	000000000000000000000000;
	22689 :	000000000000000000000000;
	22688 :	000000000000000000000000;
	22687 :	000000000000000000000000;
	22686 :	000000000000000000000000;
	22685 :	000000000000000000000000;
	22684 :	000000000000000000000000;
	22683 :	000000000000000000000000;
	22682 :	000000000000000000000000;
	22681 :	000000000000000000000000;
	22680 :	000000000000000000000000;
	22679 :	000000000000000000000000;
	22678 :	000000000000000000000000;
	22677 :	000000000000000000000000;
	22676 :	000000000000000000000000;
	22675 :	000000000000000000000000;
	22674 :	000000000000000000000000;
	22673 :	000000000000000000000000;
	22672 :	000000000000000000000001;
	22671 :	000000000000000000000000;
	22670 :	000000000000000000000000;
	22669 :	000000000000000000000000;
	22668 :	000000000000000000000000;
	22667 :	000000000000000000000000;
	22666 :	000000000000000000000000;
	22665 :	000000000000000000000000;
	22664 :	000000000000000000000000;
	22663 :	000000000000000000000000;
	22662 :	000000000000000000000000;
	22661 :	000000000000000000000000;
	22660 :	000000000000000000000000;
	22659 :	000000000000000000000000;
	22658 :	000000000000000000000000;
	22657 :	000000000000000000000000;
	22656 :	000000000000000000000000;
	22655 :	000000000000000000000000;
	22654 :	000000000000000000000000;
	22653 :	000000000000000000000000;
	22652 :	000000000000000000000000;
	22651 :	000000000000000000000000;
	22650 :	000000000000000000000000;
	22649 :	000000000000000000000000;
	22648 :	000000000000000000000000;
	22647 :	000000000000000000000000;
	22646 :	000000000000000000000000;
	22645 :	000000000000000000000000;
	22644 :	000000000000000000000000;
	22643 :	000000000000000000000000;
	22642 :	000000000000000000000000;
	22641 :	000000000000000000000000;
	22640 :	000000000000000000000000;
	22639 :	000000000000000000000000;
	22638 :	000000000000000000000000;
	22637 :	000000000000000000000000;
	22636 :	000000000000000000000000;
	22635 :	000000000000000000000000;
	22634 :	000000000000000000000000;
	22633 :	000000000000000000000000;
	22632 :	000000000000000000000000;
	22631 :	000000000000000000000000;
	22630 :	000000000000000000000000;
	22629 :	000000000000000000000000;
	22628 :	000000000000000000000000;
	22627 :	000000000000000000000000;
	22626 :	000000000000000000000000;
	22625 :	000000000000000000000000;
	22624 :	000000000000000000000000;
	22623 :	000000000000000000000000;
	22622 :	000000000000000000000000;
	22621 :	000000000000000000000000;
	22620 :	000000000000000000000000;
	22619 :	000000000000000000000000;
	22618 :	000000000000000000000000;
	22617 :	000000000000000000000000;
	22616 :	000000000000000000000000;
	22615 :	000000000000000000000000;
	22614 :	000000000000000000000000;
	22613 :	000000000000000000000000;
	22612 :	000000000000000000000000;
	22611 :	000000000000000000000000;
	22610 :	000000000000000000000000;
	22609 :	000000000000000000000000;
	22608 :	000000000000000000000000;
	22607 :	000000000000000000000000;
	22606 :	000000000000000000000000;
	22605 :	000000000000000000000000;
	22604 :	000000000000000000000000;
	22603 :	000000000000000000000000;
	22602 :	000000000000000000000000;
	22601 :	000000000000000000000000;
	22600 :	000000000000000100000000;
	22599 :	000000000000000000000000;
	22598 :	000000000000000000000000;
	22597 :	000000000000000000000000;
	22596 :	000000000000000000000000;
	22595 :	000000000000000000000000;
	22594 :	000000000000000000000000;
	22593 :	000000000000000000000000;
	22592 :	000000000000000000000000;
	22591 :	000000000000000000000000;
	22590 :	000000000000000000000000;
	22589 :	000000000000000000000000;
	22588 :	000000000000000000000000;
	22587 :	000000000000000000000000;
	22586 :	000000000000000000000000;
	22585 :	000000000000000000000000;
	22584 :	000000000000000000000000;
	22583 :	000000000000000000000000;
	22582 :	000000000000000000000000;
	22581 :	000000000000000000000000;
	22580 :	000000000000000000000000;
	22579 :	000000000000000000000000;
	22578 :	000000000000000000000000;
	22577 :	000000000000000000000000;
	22576 :	000000000000000000000000;
	22575 :	000000000000000000000000;
	22574 :	000000000000000000000000;
	22573 :	000000000000000000000000;
	22572 :	000000000000000000000000;
	22571 :	000000000000000000000000;
	22570 :	000000000000000000000000;
	22569 :	000000000000000000000000;
	22568 :	000000000000000000000000;
	22567 :	000000000000000000000000;
	22566 :	000000000000000000000000;
	22565 :	000000000000000000000000;
	22564 :	000000000000000000000000;
	22563 :	000000000000000000000000;
	22562 :	000000000000000000000000;
	22561 :	000000000000000000000000;
	22560 :	000000000000000000000000;
	22559 :	000000000000000000000000;
	22558 :	000000000000000000000000;
	22557 :	000000000000000000000000;
	22556 :	000000000000000000000000;
	22555 :	000000000000000000000000;
	22554 :	000000000000000000000000;
	22553 :	000000000000000000000000;
	22552 :	000000000000000000000000;
	22551 :	000000000000000000000000;
	22550 :	000000000000000000000000;
	22549 :	000000000000000000000000;
	22548 :	000000000000000000000000;
	22547 :	000000000000000000000000;
	22546 :	000000000000000000000000;
	22545 :	000000000000000000000000;
	22544 :	000000000000000000000000;
	22543 :	000000000000000000000000;
	22542 :	000000000000000000000000;
	22541 :	000000000000000000000000;
	22540 :	000000000000000000000000;
	22539 :	000000000000000000000000;
	22538 :	000000000000000000000000;
	22537 :	000000000000000000000000;
	22536 :	000000000000000000000000;
	22535 :	000000000000000000000000;
	22534 :	000000000000000000000000;
	22533 :	000000000000000000000000;
	22532 :	000000000000000000000000;
	22531 :	000000000000000000000000;
	22530 :	000000000000000000000000;
	22529 :	000000000000000000000000;
	22528 :	000000000000000000000000;
	22527 :	000000000000000000000000;
	22526 :	000000000000000000000000;
	22525 :	000000000000000000000000;
	22524 :	000000000000000000000000;
	22523 :	000000000000000000000000;
	22522 :	000000000000000000000000;
	22521 :	000000000000000000000000;
	22520 :	000000000000000000000000;
	22519 :	000000000000000000000000;
	22518 :	000000000000000000000000;
	22517 :	000000000000000000000000;
	22516 :	000000000000000000000000;
	22515 :	000000000000000000000000;
	22514 :	000000000000000000000000;
	22513 :	000000000000000000000000;
	22512 :	000000000000000000000000;
	22511 :	000000000000000000000000;
	22510 :	000000000000000000000000;
	22509 :	000000000000000000000000;
	22508 :	000000000000000000000000;
	22507 :	000000000000000000000000;
	22506 :	000000000000000000000000;
	22505 :	000000000000000000000000;
	22504 :	000000000000000000000000;
	22503 :	000000000000000000000000;
	22502 :	000000000000000000000000;
	22501 :	000000000000000000000000;
	22500 :	000000000000000000000000;
	22499 :	000000000000000000000000;
	22498 :	000000000000000000000000;
	22497 :	000000000000000000000000;
	22496 :	000000000000000000000000;
	22495 :	000000000000000000000000;
	22494 :	000000000000000000000000;
	22493 :	000000000000000000000000;
	22492 :	000000000000000000000000;
	22491 :	000000000000000000000000;
	22490 :	000000000000000000000000;
	22489 :	000000000000000000000000;
	22488 :	000000000000000000000000;
	22487 :	000000000000000000000000;
	22486 :	000000000000000000000000;
	22485 :	000000000000000000000000;
	22484 :	000000000000000000000000;
	22483 :	000000000000000000000000;
	22482 :	000000000000000000000000;
	22481 :	000000000000000000000000;
	22480 :	000000000000000000000000;
	22479 :	000000000000000000000000;
	22478 :	000000000000000000000000;
	22477 :	000000000000000000000000;
	22476 :	000000000000000000000000;
	22475 :	000000000000000000000000;
	22474 :	000000000000000000000000;
	22473 :	000000000000000000000000;
	22472 :	000000000000000000000000;
	22471 :	000000000000000000000000;
	22470 :	000000000000000000000000;
	22469 :	000000000000000000000000;
	22468 :	000000000000000000000000;
	22467 :	000000000000000000000000;
	22466 :	000000000000000000000000;
	22465 :	000000000000000000000000;
	22464 :	000000000000000000000000;
	22463 :	000000000000000000000000;
	22462 :	000000000000000000000000;
	22461 :	000000000000000000000000;
	22460 :	000000000000000000000000;
	22459 :	000000000000000000000000;
	22458 :	000000000000000000000000;
	22457 :	000000000000000000000000;
	22456 :	000000000000000000000000;
	22455 :	000000000000000000000000;
	22454 :	000000000000000000000000;
	22453 :	000000000000000000000000;
	22452 :	000000000000000000000000;
	22451 :	000000000000000000000000;
	22450 :	000000000000000000000000;
	22449 :	000000000000000000000000;
	22448 :	000000000000000000000000;
	22447 :	000000000000000000000000;
	22446 :	000000000000000000000000;
	22445 :	000000000000000000000000;
	22444 :	000000000000000000000000;
	22443 :	000000000000000000000000;
	22442 :	000000000000000000000000;
	22441 :	000000000000000000000000;
	22440 :	000000000000000000000000;
	22439 :	000000000000000000000000;
	22438 :	000000000000000000000000;
	22437 :	000000000000000000000000;
	22436 :	000000000000000000000000;
	22435 :	000000000000000000000000;
	22434 :	000000000000000000000000;
	22433 :	000000000000000000000001;
	22432 :	000000000000000000000000;
	22431 :	000000000000000000000000;
	22430 :	000000000000000000000000;
	22429 :	000000000000000000000000;
	22428 :	000000000000000000000000;
	22427 :	000000000000000000000000;
	22426 :	000000000000000000000000;
	22425 :	000000000000000000000000;
	22424 :	000000000000000000000000;
	22423 :	000000000000000000000000;
	22422 :	000000000000000000000000;
	22421 :	000000000000000000000000;
	22420 :	000000000000000000000000;
	22419 :	000000000000000000000000;
	22418 :	000000000000000000000000;
	22417 :	000000000000000000000000;
	22416 :	000000000000000000000000;
	22415 :	000000000000000000000000;
	22414 :	000000000000000000000000;
	22413 :	000000000000000000000000;
	22412 :	000000000000000000000000;
	22411 :	000000000000000000000000;
	22410 :	000000000000000000000000;
	22409 :	000000000000000000000000;
	22408 :	000000000000000000000000;
	22407 :	000000000000000000000000;
	22406 :	000000000000000000000000;
	22405 :	000000000000000000000000;
	22404 :	000000000000000000000000;
	22403 :	000000000000000000000000;
	22402 :	000000000000000000000000;
	22401 :	000000000000000000000000;
	22400 :	000000000000000000000000;
	22399 :	000000000000000000000000;
	22398 :	000000000000000000000000;
	22397 :	000000000000000000000000;
	22396 :	000000000000000000000000;
	22395 :	000000000000000000000000;
	22394 :	000000000000000000000000;
	22393 :	000000000000000000000000;
	22392 :	000000000000000000000000;
	22391 :	000000000000000000000000;
	22390 :	000000000000000000000000;
	22389 :	000000000000000000000000;
	22388 :	000000000000000000000000;
	22387 :	000000000000000000000000;
	22386 :	000000000000000000000000;
	22385 :	000000000000000000000000;
	22384 :	000000000000000000000000;
	22383 :	000000000000000000000000;
	22382 :	000000000000000000000000;
	22381 :	000000000000000000000000;
	22380 :	000000000000000000000000;
	22379 :	000000000000000000000000;
	22378 :	000000000000000000000000;
	22377 :	000000000000000000000000;
	22376 :	000000000000000000000000;
	22375 :	000000000000000000000000;
	22374 :	000000000000000000000000;
	22373 :	000000000000000000000000;
	22372 :	000000000000000000000000;
	22371 :	000000000000000000000000;
	22370 :	000000000000000000000000;
	22369 :	000000000000000000000000;
	22368 :	000000000000000000000000;
	22367 :	000000000000000000000000;
	22366 :	000000000000000000000000;
	22365 :	000000000000000000000000;
	22364 :	000000000000000000000000;
	22363 :	000000000000000000000000;
	22362 :	000000000000000000000000;
	22361 :	000000000000000000000000;
	22360 :	000000000000000000000000;
	22359 :	000000000000000000000000;
	22358 :	000000000000000000000000;
	22357 :	000000000000000000000000;
	22356 :	000000000000000000000000;
	22355 :	000000000000000000000000;
	22354 :	000000000000000000000000;
	22353 :	000000000000000000000000;
	22352 :	000000000000000000000000;
	22351 :	000000000000000000000000;
	22350 :	000000000000000000000000;
	22349 :	000000000000000000000000;
	22348 :	000000000000000000000000;
	22347 :	000000000000000000000000;
	22346 :	000000000000000000000000;
	22345 :	000000000000000000000000;
	22344 :	000000000000000000000000;
	22343 :	000000000000000000000000;
	22342 :	000000000000000000000000;
	22341 :	000000000000000000000000;
	22340 :	000000000000000000000000;
	22339 :	000000000000000000000000;
	22338 :	000000000000000000000000;
	22337 :	000000000000000000000000;
	22336 :	000000000000000000000000;
	22335 :	000000000000000000000000;
	22334 :	000000000000000000000000;
	22333 :	000000000000000000000000;
	22332 :	000000000000000000000000;
	22331 :	000000000000000000000000;
	22330 :	000000000000000000000000;
	22329 :	000000000000000000000000;
	22328 :	000000000000000000000000;
	22327 :	000000000000000000000000;
	22326 :	000000000000000000000000;
	22325 :	000000000000000000000000;
	22324 :	000000000000000000000000;
	22323 :	000000000000000000000000;
	22322 :	000000000000000000000000;
	22321 :	000000000000000000000000;
	22320 :	000000000000000000000000;
	22319 :	000000000000000000000000;
	22318 :	000000000000000000000000;
	22317 :	000000000000000000000000;
	22316 :	000000000000000000000000;
	22315 :	000000000000000000000000;
	22314 :	000000000000000000000000;
	22313 :	000000000000000000000000;
	22312 :	000000000000000000000000;
	22311 :	000000000000000000000000;
	22310 :	000000000000000000000000;
	22309 :	000000000000000000000000;
	22308 :	000000000000000000000000;
	22307 :	000000000000000000000000;
	22306 :	000000000000000000000000;
	22305 :	000000000000000000000000;
	22304 :	000000000000000000000000;
	22303 :	000000000000000000000000;
	22302 :	000000000000000000000000;
	22301 :	000000000000000000000000;
	22300 :	000000000000000000000000;
	22299 :	000000000000000000000000;
	22298 :	000000000000000000000000;
	22297 :	000000000000000000000000;
	22296 :	000000000000000000000000;
	22295 :	000000000000000000000000;
	22294 :	000000000000000000000001;
	22293 :	000000000000000000000000;
	22292 :	000000000000000000000000;
	22291 :	000000000000000000000000;
	22290 :	000000000000000000000000;
	22289 :	000000000000000100000000;
	22288 :	000000000000000000000000;
	22287 :	000000000000000000000000;
	22286 :	000000000000000000000000;
	22285 :	000000000000000000000000;
	22284 :	000000000000000000000000;
	22283 :	000000000000000000000000;
	22282 :	000000000000000000000000;
	22281 :	000000000000000000000000;
	22280 :	000000000000000000000000;
	22279 :	000000000000000000000000;
	22278 :	000000000000000000000000;
	22277 :	000000000000000000000000;
	22276 :	000000000000000000000000;
	22275 :	000000000000000000000000;
	22274 :	000000000000000000000000;
	22273 :	000000000000000000000000;
	22272 :	000000000000000000000000;
	22271 :	000000000000000000000000;
	22270 :	000000000000000000000000;
	22269 :	000000000000000000000000;
	22268 :	000000000000000000000000;
	22267 :	000000000000000000000000;
	22266 :	000000000000000000000000;
	22265 :	000000000000000000000000;
	22264 :	000000000000000000000000;
	22263 :	000000000000000000000000;
	22262 :	000000000000000000000000;
	22261 :	000000000000000000000000;
	22260 :	000000000000000000000000;
	22259 :	000000000000000000000000;
	22258 :	000000000000000000000000;
	22257 :	000000000000000000000000;
	22256 :	000000000000000000000000;
	22255 :	000000000000000000000000;
	22254 :	000000000000000000000000;
	22253 :	000000000000000000000000;
	22252 :	000000000000000000000000;
	22251 :	000000000000000000000000;
	22250 :	000000000000000000000000;
	22249 :	000000000000000000000000;
	22248 :	000000000000000000000000;
	22247 :	000000000000000000000000;
	22246 :	000000000000000000000000;
	22245 :	000000000000000000000000;
	22244 :	000000000000000000000000;
	22243 :	000000000000000000000000;
	22242 :	000000000000000000000000;
	22241 :	000000000000000000000000;
	22240 :	000000000000000000000000;
	22239 :	000000000000000000000000;
	22238 :	000000000000000000000000;
	22237 :	000000000000000000000000;
	22236 :	000000000000000000000000;
	22235 :	000000000000000000000000;
	22234 :	000000000000000000000000;
	22233 :	000000000000000000000000;
	22232 :	000000000000000000000000;
	22231 :	000000000000000000000000;
	22230 :	000000000000000000000000;
	22229 :	000000000000000000000000;
	22228 :	000000000000000000000000;
	22227 :	000000000000000000000000;
	22226 :	000000000000000000000000;
	22225 :	000000000000000000000000;
	22224 :	000000000000000000000000;
	22223 :	000000000000000000000000;
	22222 :	000000000000000000000000;
	22221 :	000000000000000000000000;
	22220 :	000000000000000000000000;
	22219 :	000000000000000000000000;
	22218 :	000000000000000000000000;
	22217 :	000000000000000000000000;
	22216 :	000000000000000000000000;
	22215 :	000000000000000000000000;
	22214 :	000000000000000000000000;
	22213 :	000000000000000000000000;
	22212 :	000000000000000000000000;
	22211 :	000000000000000000000000;
	22210 :	000000000000000000000000;
	22209 :	000000000000000000000000;
	22208 :	000000000000000000000000;
	22207 :	000000000000000000000000;
	22206 :	000000000000000000000000;
	22205 :	000000000000000000000000;
	22204 :	000000000000000000000000;
	22203 :	000000000000000000000000;
	22202 :	000000000000000000000000;
	22201 :	000000000000000000000000;
	22200 :	000000000000000000000000;
	22199 :	000000000000000000000000;
	22198 :	000000000000000000000000;
	22197 :	000000000000000000000000;
	22196 :	000000000000000000000000;
	22195 :	000000000000000000000000;
	22194 :	000000000000000000000000;
	22193 :	000000000000000000000000;
	22192 :	000000000000000000000000;
	22191 :	000000000000000000000000;
	22190 :	000000000000000000000000;
	22189 :	000000000000000000000000;
	22188 :	000000000000000000000000;
	22187 :	000000000000000000000000;
	22186 :	000000000000000000000000;
	22185 :	000000000000000000000000;
	22184 :	000000000000000000000000;
	22183 :	000000000000000000000000;
	22182 :	000000000000000000000000;
	22181 :	000000000000000000000000;
	22180 :	000000000000000000000000;
	22179 :	000000000000000000000000;
	22178 :	000000000000000000000000;
	22177 :	000000000000000000000000;
	22176 :	000000000000000000000000;
	22175 :	000000000000000000000000;
	22174 :	000000000000000000000000;
	22173 :	000000000000000000000000;
	22172 :	000000000000000000000000;
	22171 :	000000000000000000000000;
	22170 :	000000000000000000000000;
	22169 :	000000000000000000000000;
	22168 :	000000000000000000000000;
	22167 :	000000000000000000000000;
	22166 :	000000000000000000000000;
	22165 :	000000000000000000000000;
	22164 :	000000000000000000000000;
	22163 :	000000000000000000000000;
	22162 :	000000000000000000000000;
	22161 :	000000000000000000000000;
	22160 :	000000000000000000000000;
	22159 :	000000000000000000000000;
	22158 :	000000000000000000000000;
	22157 :	000000000000000000000000;
	22156 :	000000000000000000000000;
	22155 :	000000000000000000000000;
	22154 :	000000000000000000000000;
	22153 :	000000000000000000000000;
	22152 :	000000000000000000000000;
	22151 :	000000000000000000000000;
	22150 :	000000000000000000000000;
	22149 :	000000000000000000000000;
	22148 :	000000000000000000000000;
	22147 :	000000000000000000000000;
	22146 :	000000000000000000000000;
	22145 :	000000000000000000000000;
	22144 :	000000000000000000000000;
	22143 :	000000000000000000000000;
	22142 :	000000000000000000000000;
	22141 :	000000000000000000000000;
	22140 :	000000000000000000000000;
	22139 :	000000000000000000000000;
	22138 :	000000000000000000000000;
	22137 :	000000000000000000000000;
	22136 :	000000000000000000000000;
	22135 :	000000000000000000000000;
	22134 :	000000000000000000000000;
	22133 :	000000000000000000000000;
	22132 :	000000000000000000000000;
	22131 :	000000000000000000000000;
	22130 :	000000000000000000000000;
	22129 :	000000000000000000000000;
	22128 :	000000000000000000000000;
	22127 :	000000000000000000000000;
	22126 :	000000000000000000000000;
	22125 :	000000000000000000000000;
	22124 :	000000000000000000000000;
	22123 :	000000000000000000000000;
	22122 :	000000000000000000000000;
	22121 :	000000000000000000000000;
	22120 :	000000000000000000000000;
	22119 :	000000000000000000000000;
	22118 :	000000000000000000000000;
	22117 :	000000000000000000000000;
	22116 :	000000000000000000000000;
	22115 :	000000000000000000000000;
	22114 :	000000000000000000000000;
	22113 :	000000000000000000000000;
	22112 :	000000000000000000000000;
	22111 :	000000000000000000000000;
	22110 :	000000000000000000000000;
	22109 :	000000000000000000000000;
	22108 :	000000000000000000000000;
	22107 :	000000000000000000000000;
	22106 :	000000000000000000000000;
	22105 :	000000000000000000000000;
	22104 :	000000000000000000000000;
	22103 :	000000000000000000000000;
	22102 :	000000000000000000000000;
	22101 :	000000000000000000000000;
	22100 :	000000000000000000000000;
	22099 :	000000000000000000000000;
	22098 :	000000000000000000000000;
	22097 :	000000000000000000000000;
	22096 :	000000000000000000000000;
	22095 :	000000000000000000000000;
	22094 :	000000000000000000000000;
	22093 :	000000000000000000000000;
	22092 :	000000000000000000000000;
	22091 :	000000000000000000000000;
	22090 :	000000000000000000000000;
	22089 :	000000000000000000000000;
	22088 :	000000000000000000000000;
	22087 :	000000000000000000000000;
	22086 :	000000000000000000000000;
	22085 :	000000000000000000000000;
	22084 :	000000000000000000000000;
	22083 :	000000000000000000000000;
	22082 :	000000000000000000000000;
	22081 :	000000000000000000000000;
	22080 :	000000000000000000000000;
	22079 :	000000000000000000000000;
	22078 :	000000000000000000000000;
	22077 :	000000000000000000000000;
	22076 :	000000000000000000000000;
	22075 :	000000000000000000000000;
	22074 :	000000000000000000000000;
	22073 :	000000000000000000000000;
	22072 :	000000000000000000000000;
	22071 :	000000000000000000000000;
	22070 :	000000000000000000000000;
	22069 :	000000000000000000000000;
	22068 :	000000000000000000000000;
	22067 :	000000000000000000000000;
	22066 :	000000000000000000000000;
	22065 :	000000000000000000000000;
	22064 :	000000000000000000000000;
	22063 :	000000000000000000000000;
	22062 :	000000000000000000000000;
	22061 :	000000000000000000000000;
	22060 :	000000000000000000000000;
	22059 :	000000000000000000000000;
	22058 :	000000000000000000000000;
	22057 :	000000000000000000000000;
	22056 :	000000000000000000000000;
	22055 :	000000000000000000000000;
	22054 :	000000000000000000000000;
	22053 :	000000000000000000000000;
	22052 :	000000000000000000000000;
	22051 :	000000000000000000000000;
	22050 :	000000000000000000000000;
	22049 :	000000000000000000000000;
	22048 :	000000000000000000000000;
	22047 :	000000000000000000000000;
	22046 :	000000000000000000000000;
	22045 :	000000000000000000000000;
	22044 :	000000000000000100000000;
	22043 :	000000000000000000000000;
	22042 :	000000000000000000000000;
	22041 :	000000000000000000000000;
	22040 :	000000000000000000000000;
	22039 :	000000000000000000000000;
	22038 :	000000000000000000000000;
	22037 :	000000000000000000000000;
	22036 :	000000000000000000000000;
	22035 :	000000000000000000000000;
	22034 :	000000000000000000000000;
	22033 :	000000000000000000000000;
	22032 :	000000000000000000000000;
	22031 :	000000000000000000000000;
	22030 :	000000000000000000000000;
	22029 :	000000000000000000000000;
	22028 :	000000000000000000000000;
	22027 :	000000000000000000000000;
	22026 :	000000000000000000000000;
	22025 :	000000000000000000000000;
	22024 :	000000000000000000000000;
	22023 :	000000000000000000000000;
	22022 :	000000000000000000000000;
	22021 :	000000000000000000000000;
	22020 :	000000000000000000000000;
	22019 :	000000000000000000000000;
	22018 :	000000000000000000000000;
	22017 :	000000000000000000000000;
	22016 :	000000000000000000000000;
	22015 :	000000000000000000000000;
	22014 :	000000000000000000000000;
	22013 :	000000000000000000000000;
	22012 :	000000000000000000000000;
	22011 :	000000000000000000000000;
	22010 :	000000000000000000000000;
	22009 :	000000000000000000000000;
	22008 :	000000000000000000000000;
	22007 :	000000000000000000000000;
	22006 :	000000000000000000000000;
	22005 :	000000000000000000000000;
	22004 :	000000000000000000000000;
	22003 :	000000000000000000000000;
	22002 :	000000000000000000000000;
	22001 :	000000000000000000000000;
	22000 :	000000000000000000000000;
	21999 :	000000000000000000000000;
	21998 :	000000000000000000000000;
	21997 :	000000000000000000000000;
	21996 :	000000000000000000000000;
	21995 :	000000000000000000000000;
	21994 :	000000000000000000000000;
	21993 :	000000000000000000000000;
	21992 :	000000000000000000000000;
	21991 :	000000000000000000000000;
	21990 :	000000000000000000000000;
	21989 :	000000000000000000000000;
	21988 :	000000000000000000000000;
	21987 :	000000000000000000000000;
	21986 :	000000000000000000000000;
	21985 :	000000000000000000000000;
	21984 :	000000000000000000000000;
	21983 :	000000000000000000000000;
	21982 :	000000000000000000000000;
	21981 :	000000000000000000000000;
	21980 :	000000000000000000000000;
	21979 :	000000000000000000000000;
	21978 :	000000000000000000000000;
	21977 :	000000000000000000000000;
	21976 :	000000000000000000000000;
	21975 :	000000000000000000000000;
	21974 :	000000000000000000000000;
	21973 :	000000000000000000000000;
	21972 :	000000000000000000000000;
	21971 :	000000000000000000000000;
	21970 :	000000000000000000000000;
	21969 :	000000000000000000000000;
	21968 :	000000000000000000000000;
	21967 :	000000000000000000000000;
	21966 :	000000000000000000000000;
	21965 :	000000000000000000000000;
	21964 :	000000000000000000000000;
	21963 :	000000000000000000000000;
	21962 :	000000000000000000000000;
	21961 :	000000000000000000000000;
	21960 :	000000000000000000000000;
	21959 :	000000000000000000000000;
	21958 :	000000000000000000000000;
	21957 :	000000000000000000000000;
	21956 :	000000000000000000000000;
	21955 :	000000000000000000000000;
	21954 :	000000000000000000000000;
	21953 :	000000000000000000000000;
	21952 :	000000000000000000000000;
	21951 :	000000000000000000000000;
	21950 :	000000000000000000000000;
	21949 :	000000000000000000000000;
	21948 :	000000000000000000000000;
	21947 :	000000000000000000000000;
	21946 :	000000000000000000000000;
	21945 :	000000000000000000000000;
	21944 :	000000000000000000000000;
	21943 :	000000000000000000000000;
	21942 :	000000000000000000000000;
	21941 :	000000000000000000000000;
	21940 :	000000000000000000000000;
	21939 :	000000000000000000000000;
	21938 :	000000000000000000000000;
	21937 :	000000000000000000000000;
	21936 :	000000000000000000000000;
	21935 :	000000000000000000000000;
	21934 :	000000000000000000000000;
	21933 :	000000000000000000000000;
	21932 :	000000000000000000000000;
	21931 :	000000000000000000000000;
	21930 :	000000000000000000000000;
	21929 :	000000000000000000000000;
	21928 :	000000000000000000000000;
	21927 :	000000000000000000000000;
	21926 :	000000000000000000000000;
	21925 :	000000000000000000000000;
	21924 :	000000000000000000000000;
	21923 :	000000000000000000000000;
	21922 :	000000000000000000000000;
	21921 :	000000000000000000000000;
	21920 :	000000000000000000000000;
	21919 :	000000000000000000000000;
	21918 :	000000000000000000000000;
	21917 :	000000000000000000000000;
	21916 :	000000000000000000000000;
	21915 :	000000000000000000000000;
	21914 :	000000000000000000000000;
	21913 :	000000000000000000000000;
	21912 :	000000000000000000000000;
	21911 :	000000000000000000000000;
	21910 :	000000000000000000000000;
	21909 :	000000000000000000000000;
	21908 :	000000000000000000000000;
	21907 :	000000000000000000000000;
	21906 :	000000000000000000000000;
	21905 :	000000000000000000000000;
	21904 :	000000000000000000000000;
	21903 :	000000000000000000000000;
	21902 :	000000000000000000000000;
	21901 :	000000000000000000000000;
	21900 :	000000000000000000000000;
	21899 :	000000000000000000000000;
	21898 :	000000000000000000000000;
	21897 :	000000000000000000000000;
	21896 :	000000000000000000000000;
	21895 :	000000000000000000000000;
	21894 :	000000000000000000000000;
	21893 :	000000000000000000000000;
	21892 :	000000000000000000000000;
	21891 :	000000000000000000000000;
	21890 :	000000000000000000000000;
	21889 :	000000000000000000000000;
	21888 :	000000000000000000000000;
	21887 :	000000000000000000000000;
	21886 :	000000000000000000000000;
	21885 :	000000000000000000000000;
	21884 :	000000000000000000000000;
	21883 :	000000000000000000000000;
	21882 :	000000000000000000000000;
	21881 :	000000000000000000000000;
	21880 :	000000000000000000000000;
	21879 :	000000000000000000000000;
	21878 :	000000000000000000000000;
	21877 :	000000000000000000000000;
	21876 :	000000000000000000000000;
	21875 :	000000000000000000000000;
	21874 :	000000000000000000000000;
	21873 :	000000000000000000000000;
	21872 :	000000000000000000000000;
	21871 :	000000000000000000000000;
	21870 :	000000000000000000000000;
	21869 :	000000000000000000000000;
	21868 :	000000000000000000000000;
	21867 :	000000000000000000000000;
	21866 :	000000000000000000000000;
	21865 :	000000000000000000000000;
	21864 :	000000000000000000000000;
	21863 :	000000000000000000000000;
	21862 :	000000000000000000000000;
	21861 :	000000000000000000000000;
	21860 :	000000000000000000000000;
	21859 :	000000000000000000000000;
	21858 :	000000000000000000000000;
	21857 :	000000000000000000000000;
	21856 :	000000000000000000000000;
	21855 :	000000000000000000000000;
	21854 :	000000000000000000000000;
	21853 :	000000000000000000000000;
	21852 :	000000000000000000000000;
	21851 :	000000000000000000000000;
	21850 :	000000000000000000000000;
	21849 :	000000000000000100000000;
	21848 :	000000000000000000000000;
	21847 :	000000000000000000000000;
	21846 :	000000000000000000000000;
	21845 :	000000000000000000000000;
	21844 :	000000000000000000000000;
	21843 :	000000000000000000000000;
	21842 :	000000000000000000000000;
	21841 :	000000000000000000000000;
	21840 :	000000000000000000000000;
	21839 :	000000000000000000000000;
	21838 :	000000000000000000000000;
	21837 :	000000000000000000000000;
	21836 :	000000000000000000000000;
	21835 :	000000000000000000000000;
	21834 :	000000000000000000000000;
	21833 :	000000000000000000000000;
	21832 :	000000000000000000000000;
	21831 :	000000000000000000000000;
	21830 :	000000000000000000000000;
	21829 :	000000000000000000000000;
	21828 :	000000000000000000000000;
	21827 :	000000000000000000000000;
	21826 :	000000000000000000000000;
	21825 :	000000000000000000000000;
	21824 :	000000000000000000000000;
	21823 :	000000000000000000000000;
	21822 :	000000000000000000000000;
	21821 :	000000000000000000000000;
	21820 :	000000000000000000000000;
	21819 :	000000000000000000000000;
	21818 :	000000000000000000000000;
	21817 :	000000000000000000000000;
	21816 :	000000000000000000000000;
	21815 :	000000000000000000000000;
	21814 :	000000000000000000000000;
	21813 :	000000000000000000000000;
	21812 :	000000000000000000000000;
	21811 :	000000000000000000000000;
	21810 :	000000000000000000000000;
	21809 :	000000000000000000000000;
	21808 :	000000000000000000000000;
	21807 :	000000000000000000000000;
	21806 :	000000000000000000000000;
	21805 :	000000000000000000000000;
	21804 :	000000000000000000000000;
	21803 :	000000000000000000000000;
	21802 :	000000000000000000000000;
	21801 :	000000000000000000000000;
	21800 :	000000000000000000000000;
	21799 :	000000000000000000000000;
	21798 :	000000000000000000000000;
	21797 :	000000000000000000000000;
	21796 :	000000000000000000000000;
	21795 :	000000000000000000000000;
	21794 :	000000000000000000000000;
	21793 :	000000000000000000000000;
	21792 :	000000000000000000000000;
	21791 :	000000000000000000000000;
	21790 :	000000000000000000000000;
	21789 :	000000000000000000000000;
	21788 :	000000000000000000000000;
	21787 :	000000000000000000000000;
	21786 :	000000000000000000000000;
	21785 :	000000000000000000000000;
	21784 :	000000000000000000000000;
	21783 :	000000000000000000000000;
	21782 :	000000000000000000000000;
	21781 :	000000000000000000000000;
	21780 :	000000000000000000000000;
	21779 :	000000000000000000000000;
	21778 :	000000000000000000000000;
	21777 :	000000000000000000000000;
	21776 :	000000000000000000000000;
	21775 :	000000000000000000000000;
	21774 :	000000000000000000000000;
	21773 :	000000000000000000000000;
	21772 :	000000000000000000000000;
	21771 :	000000000000000000000000;
	21770 :	000000000000000000000000;
	21769 :	000000000000000000000000;
	21768 :	000000000000000000000000;
	21767 :	000000000000000000000000;
	21766 :	000000000000000000000000;
	21765 :	000000000000000000000000;
	21764 :	000000000000000000000000;
	21763 :	000000000000000000000000;
	21762 :	000000000000000000000000;
	21761 :	000000000000000000000000;
	21760 :	000000000000000000000000;
	21759 :	000000000000000000000000;
	21758 :	000000000000000000000000;
	21757 :	000000000000000000000000;
	21756 :	000000000000000000000000;
	21755 :	000000000000000000000000;
	21754 :	000000000000000000000000;
	21753 :	000000000000000000000000;
	21752 :	000000000000000000000000;
	21751 :	000000000000000000000000;
	21750 :	000000000000000000000000;
	21749 :	000000000000000000000000;
	21748 :	000000000000000000000000;
	21747 :	000000000000000000000000;
	21746 :	000000000000000000000000;
	21745 :	000000000000000000000000;
	21744 :	000000000000000000000000;
	21743 :	000000000000000000000000;
	21742 :	000000000000000000000000;
	21741 :	000000000000000000000000;
	21740 :	000000000000000000000000;
	21739 :	000000000000000000000000;
	21738 :	000000000000000000000000;
	21737 :	000000000000000000000000;
	21736 :	000000000000000000000000;
	21735 :	000000000000000000000000;
	21734 :	000000000000000000000000;
	21733 :	000000000000000000000000;
	21732 :	000000000000000000000000;
	21731 :	000000000000000000000001;
	21730 :	000000000000000000000000;
	21729 :	000000000000000000000000;
	21728 :	000000000000000000000000;
	21727 :	000000000000000000000000;
	21726 :	000000000000000000000000;
	21725 :	000000000000000000000000;
	21724 :	000000000000000000000000;
	21723 :	000000000000000000000000;
	21722 :	000000000000000000000000;
	21721 :	000000000000000000000000;
	21720 :	000000000000000000000000;
	21719 :	000000000000000000000000;
	21718 :	000000000000000000000000;
	21717 :	000000000000000000000000;
	21716 :	000000000000000000000000;
	21715 :	000000000000000000000000;
	21714 :	000000000000000000000000;
	21713 :	000000000000000000000000;
	21712 :	000000000000000000000000;
	21711 :	000000000000000000000000;
	21710 :	000000000000000000000000;
	21709 :	000000000000000000000000;
	21708 :	000000000000000000000000;
	21707 :	000000000000000000000000;
	21706 :	000000000000000000000000;
	21705 :	000000000000000000000000;
	21704 :	000000000000000000000000;
	21703 :	000000000000000000000000;
	21702 :	000000000000000000000000;
	21701 :	000000000000000000000000;
	21700 :	000000000000000000000000;
	21699 :	000000000000000000000000;
	21698 :	000000000000000000000000;
	21697 :	000000000000000000000000;
	21696 :	000000000000000000000000;
	21695 :	000000000000000000000000;
	21694 :	000000000000000000000000;
	21693 :	000000000000000000000000;
	21692 :	000000000000000000000000;
	21691 :	000000000000000000000000;
	21690 :	000000000000000000000000;
	21689 :	000000000000000000000000;
	21688 :	000000000000000000000000;
	21687 :	000000000000000000000000;
	21686 :	000000000000000000000000;
	21685 :	000000000000000000000000;
	21684 :	000000000000000000000000;
	21683 :	000000000000000000000000;
	21682 :	000000000000000000000000;
	21681 :	000000000000000000000000;
	21680 :	000000000000000000000000;
	21679 :	000000000000000000000000;
	21678 :	000000000000000000000000;
	21677 :	000000000000000000000000;
	21676 :	000000000000000000000000;
	21675 :	000000000000000000000000;
	21674 :	000000000000000000000000;
	21673 :	000000000000000000000000;
	21672 :	000000000000000000000000;
	21671 :	000000000000000000000000;
	21670 :	000000000000000000000000;
	21669 :	000000000000000000000000;
	21668 :	000000000000000000000000;
	21667 :	000000000000000000000000;
	21666 :	000000000000000000000000;
	21665 :	000000000000000000000000;
	21664 :	000000000000000000000000;
	21663 :	000000000000000000000000;
	21662 :	000000000000000000000000;
	21661 :	000000000000000000000000;
	21660 :	000000000000000000000000;
	21659 :	000000000000000000000000;
	21658 :	000000000000000000000000;
	21657 :	000000000000000000000000;
	21656 :	000000000000000000000000;
	21655 :	000000000000000000000000;
	21654 :	000000000000000000000000;
	21653 :	000000000000000000000000;
	21652 :	000000000000000000000001;
	21651 :	000000000000000000000000;
	21650 :	000000000000000000000000;
	21649 :	000000000000000000000000;
	21648 :	000000000000000000000000;
	21647 :	000000000000000000000000;
	21646 :	000000000000000000000000;
	21645 :	000000000000000000000000;
	21644 :	000000000000000000000000;
	21643 :	000000000000000000000000;
	21642 :	000000000000000000000000;
	21641 :	000000000000000000000000;
	21640 :	000000000000000000000000;
	21639 :	000000000000000000000000;
	21638 :	000000000000000000000000;
	21637 :	000000000000000000000000;
	21636 :	000000000000000000000000;
	21635 :	000000000000000000000000;
	21634 :	000000000000000000000000;
	21633 :	000000000000000000000000;
	21632 :	000000000000000000000000;
	21631 :	000000000000000000000000;
	21630 :	000000000000000000000000;
	21629 :	000000000000000000000000;
	21628 :	000000000000000000000000;
	21627 :	000000000000000000000000;
	21626 :	000000000000000000000000;
	21625 :	000000000000000000000000;
	21624 :	000000000000000000000000;
	21623 :	000000000000000000000000;
	21622 :	000000000000000000000000;
	21621 :	000000000000000000000000;
	21620 :	000000000000000000000000;
	21619 :	000000000000000000000000;
	21618 :	000000000000000000000000;
	21617 :	000000000000000000000000;
	21616 :	000000000000000000000000;
	21615 :	000000000000000000000000;
	21614 :	000000000000000000000000;
	21613 :	000000000000000000000000;
	21612 :	000000000000000000000000;
	21611 :	000000000000000000000000;
	21610 :	000000000000000000000000;
	21609 :	000000000000000000000000;
	21608 :	000000000000000000000000;
	21607 :	000000000000000000000000;
	21606 :	000000000000000000000000;
	21605 :	000000000000000000000000;
	21604 :	000000000000000000000000;
	21603 :	000000000000000000000000;
	21602 :	000000000000000000000000;
	21601 :	000000000000000000000000;
	21600 :	000000000000000000000000;
	21599 :	000000000000000000000000;
	21598 :	000000000000000000000000;
	21597 :	000000000000000000000000;
	21596 :	000000000000000000000000;
	21595 :	000000000000000000000000;
	21594 :	000000000000000000000000;
	21593 :	000000000000000000000000;
	21592 :	000000000000000000000000;
	21591 :	000000000000000000000000;
	21590 :	000000000000000000000000;
	21589 :	000000000000000000000000;
	21588 :	000000000000000000000000;
	21587 :	000000000000000000000000;
	21586 :	000000000000000000000000;
	21585 :	000000000000000000000000;
	21584 :	000000000000000000000000;
	21583 :	000000000000000000000000;
	21582 :	000000000000000000000000;
	21581 :	000000000000000000000000;
	21580 :	000000000000000000000000;
	21579 :	000000000000000000000000;
	21578 :	000000000000000000000000;
	21577 :	000000000000000000000000;
	21576 :	000000000000000000000000;
	21575 :	000000000000000000000000;
	21574 :	000000000000000000000000;
	21573 :	000000000000000000000000;
	21572 :	000000000000000000000000;
	21571 :	000000000000000000000000;
	21570 :	000000000000000000000000;
	21569 :	000000000000000000000000;
	21568 :	000000000000000000000000;
	21567 :	000000000000000000000000;
	21566 :	000000000000000000000000;
	21565 :	000000000000000000000000;
	21564 :	000000000000000000000000;
	21563 :	000000000000000000000000;
	21562 :	000000000000000000000000;
	21561 :	000000000000000000000000;
	21560 :	000000000000000000000000;
	21559 :	000000000000000000000000;
	21558 :	000000000000000000000000;
	21557 :	000000000000000000000000;
	21556 :	000000000000000000000000;
	21555 :	000000000000000000000000;
	21554 :	000000000000000000000000;
	21553 :	000000000000000000000000;
	21552 :	000000000000000000000000;
	21551 :	000000000000000000000000;
	21550 :	000000000000000000000000;
	21549 :	000000000000000000000000;
	21548 :	000000000000000000000000;
	21547 :	000000000000000000000000;
	21546 :	000000000000000000000000;
	21545 :	000000000000000000000000;
	21544 :	000000000000000000000000;
	21543 :	000000000000000000000000;
	21542 :	000000000000000000000000;
	21541 :	000000000000000000000000;
	21540 :	000000000000000000000000;
	21539 :	000000000000000000000000;
	21538 :	000000000000000000000000;
	21537 :	000000000000000000000000;
	21536 :	000000000000000000000000;
	21535 :	000000000000000000000000;
	21534 :	000000000000000000000000;
	21533 :	000000000000000000000000;
	21532 :	000000000000000000000000;
	21531 :	000000000000000000000000;
	21530 :	000000000000000000000000;
	21529 :	000000000000000000000000;
	21528 :	000000000000000000000000;
	21527 :	000000000000000000000000;
	21526 :	000000000000000000000000;
	21525 :	000000000000000000000000;
	21524 :	000000000000000000000000;
	21523 :	000000000000000000000000;
	21522 :	000000000000000000000000;
	21521 :	000000000000000000000000;
	21520 :	000000000000000000000000;
	21519 :	000000000000000000000000;
	21518 :	000000000000000000000000;
	21517 :	000000000000000000000000;
	21516 :	000000000000000000000000;
	21515 :	000000000000000000000000;
	21514 :	000000000000000000000000;
	21513 :	000000000000000000000000;
	21512 :	000000000000000000000000;
	21511 :	000000000000000000000000;
	21510 :	000000000000000000000000;
	21509 :	000000000000000000000000;
	21508 :	000000000000000000000000;
	21507 :	000000000000000000000000;
	21506 :	000000000000000000000000;
	21505 :	000000000000000000000000;
	21504 :	000000000000000000000000;
	21503 :	000000000000000000000000;
	21502 :	000000000000000000000000;
	21501 :	000000000000000000000000;
	21500 :	000000000000000000000000;
	21499 :	000000000000000000000000;
	21498 :	000000000000000000000000;
	21497 :	000000000000000000000000;
	21496 :	000000000000000000000000;
	21495 :	000000000000000000000000;
	21494 :	000000000000000000000000;
	21493 :	000000000000000000000000;
	21492 :	000000000000000000000000;
	21491 :	000000000000000000000000;
	21490 :	000000000000000000000000;
	21489 :	000000000000000000000000;
	21488 :	000000000000000000000000;
	21487 :	000000000000000000000000;
	21486 :	000000000000000000000000;
	21485 :	000000000000000000000000;
	21484 :	000000000000000000000000;
	21483 :	000000000000000000000000;
	21482 :	000000000000000000000000;
	21481 :	000000000000000000000000;
	21480 :	000000000000000000000000;
	21479 :	000000000000000000000000;
	21478 :	000000000000000000000000;
	21477 :	000000000000000000000000;
	21476 :	000000000000000000000000;
	21475 :	000000000000000000000000;
	21474 :	000000000000000000000000;
	21473 :	000000000000000000000000;
	21472 :	000000000000000000000000;
	21471 :	000000000000000000000000;
	21470 :	000000000000000000000000;
	21469 :	000000000000000000000000;
	21468 :	000000000000000000000000;
	21467 :	000000000000000000000000;
	21466 :	000000000000000000000000;
	21465 :	000000000000000000000000;
	21464 :	000000000000000000000000;
	21463 :	000000000000000000000000;
	21462 :	000000000000000000000000;
	21461 :	000000000000000000000000;
	21460 :	000000000000000000000000;
	21459 :	000000000000000000000000;
	21458 :	000000000000000000000000;
	21457 :	000000000000000000000000;
	21456 :	000000000000000000000000;
	21455 :	000000000000000000000000;
	21454 :	000000000000000000000000;
	21453 :	000000000000000000000000;
	21452 :	000000000000000000000000;
	21451 :	000000000000000000000000;
	21450 :	000000000000000000000000;
	21449 :	000000000000000000000000;
	21448 :	000000000000000000000000;
	21447 :	000000000000000000000000;
	21446 :	000000000000000000000000;
	21445 :	000000000000000000000000;
	21444 :	000000000000000000000000;
	21443 :	000000000000000000000000;
	21442 :	000000000000000000000000;
	21441 :	000000000000000000000000;
	21440 :	000000000000000000000000;
	21439 :	000000000000000000000000;
	21438 :	000000000000000000000000;
	21437 :	000000000000000000000000;
	21436 :	000000000000000000000000;
	21435 :	000000000000000000000000;
	21434 :	000000000000000000000000;
	21433 :	000000000000000000000000;
	21432 :	000000000000000000000000;
	21431 :	000000000000000000000000;
	21430 :	000000000000000000000000;
	21429 :	000000000000000000000000;
	21428 :	000000000000000000000000;
	21427 :	000000000000000000000000;
	21426 :	000000000000000000000000;
	21425 :	000000000000000000000000;
	21424 :	000000000000000000000000;
	21423 :	000000000000000000000000;
	21422 :	000000000000000000000000;
	21421 :	000000000000000000000000;
	21420 :	000000000000000000000000;
	21419 :	000000000000000000000000;
	21418 :	000000000000000000000000;
	21417 :	000000000000000000000000;
	21416 :	000000000000000000000000;
	21415 :	000000000000000000000000;
	21414 :	000000000000000000000000;
	21413 :	000000000000000000000000;
	21412 :	000000000000000000000000;
	21411 :	000000000000000000000000;
	21410 :	000000000000000000000000;
	21409 :	000000000000000000000000;
	21408 :	000000000000000000000000;
	21407 :	000000000000000000000000;
	21406 :	000000000000000000000000;
	21405 :	000000000000000000000000;
	21404 :	000000000000000000000000;
	21403 :	000000000000000000000000;
	21402 :	000000000000000000000000;
	21401 :	000000000000000000000000;
	21400 :	000000000000000000000000;
	21399 :	000000000000000000000000;
	21398 :	000000000000000000000000;
	21397 :	000000000000000000000000;
	21396 :	000000000000000000000000;
	21395 :	000000000000000000000000;
	21394 :	000000000000000000000000;
	21393 :	000000000000000000000000;
	21392 :	000000000000000000000000;
	21391 :	000000000000000000000000;
	21390 :	000000000000000000000000;
	21389 :	000000000000000000000000;
	21388 :	000000000000000000000000;
	21387 :	000000000000000000000000;
	21386 :	000000000000000000000000;
	21385 :	000000000000000000000000;
	21384 :	000000000000000000000000;
	21383 :	000000000000000000000000;
	21382 :	000000000000000000000000;
	21381 :	000000000000000000000000;
	21380 :	000000000000000000000000;
	21379 :	000000000000000000000000;
	21378 :	000000000000000000000000;
	21377 :	000000000000000000000000;
	21376 :	000000000000000000000000;
	21375 :	000000000000000000000000;
	21374 :	000000000000000000000000;
	21373 :	000000000000000000000000;
	21372 :	000000000000000000000000;
	21371 :	000000000000000000000000;
	21370 :	000000000000000000000000;
	21369 :	000000000000000000000000;
	21368 :	000000000000000000000000;
	21367 :	000000000000000000000000;
	21366 :	000000000000000000000000;
	21365 :	000000000000000000000000;
	21364 :	000000000000000000000000;
	21363 :	000000000000000000000000;
	21362 :	000000000000000000000000;
	21361 :	000000000000000000000000;
	21360 :	000000000000000000000000;
	21359 :	000000000000000000000000;
	21358 :	000000000000000000000000;
	21357 :	000000000000000000000000;
	21356 :	000000000000000000000000;
	21355 :	000000000000000000000000;
	21354 :	000000000000000000000000;
	21353 :	000000000000000000000000;
	21352 :	000000000000000000000000;
	21351 :	000000000000000000000000;
	21350 :	000000000000000000000000;
	21349 :	000000010000000000000000;
	21348 :	000000000000000000000000;
	21347 :	000000000000000000000000;
	21346 :	000000000000000000000000;
	21345 :	000000000000000000000000;
	21344 :	000000000000000000000000;
	21343 :	000000000000000000000000;
	21342 :	000000000000000000000000;
	21341 :	000000000000000000000000;
	21340 :	000000000000000000000000;
	21339 :	000000000000000000000000;
	21338 :	000000000000000000000000;
	21337 :	000000000000000000000000;
	21336 :	000000000000000000000000;
	21335 :	000000000000000000000000;
	21334 :	000000000000000000000000;
	21333 :	000000000000000000000000;
	21332 :	000000000000000000000000;
	21331 :	000000000000000000000000;
	21330 :	000000000000000000000000;
	21329 :	000000000000000000000000;
	21328 :	000000000000000000000000;
	21327 :	000000000000000000000000;
	21326 :	000000000000000000000000;
	21325 :	000000000000000000000000;
	21324 :	000000000000000000000000;
	21323 :	000000000000000000000000;
	21322 :	000000000000000000000000;
	21321 :	000000000000000000000000;
	21320 :	000000000000000000000000;
	21319 :	000000000000000000000000;
	21318 :	000000000000000000000000;
	21317 :	000000000000000000000000;
	21316 :	000000000000000000000000;
	21315 :	000000000000000000000000;
	21314 :	000000000000000000000000;
	21313 :	000000000000000000000000;
	21312 :	000000000000000000000000;
	21311 :	000000000000000000000000;
	21310 :	000000000000000000000000;
	21309 :	000000000000000000000000;
	21308 :	000000000000000000000000;
	21307 :	000000000000000000000000;
	21306 :	000000000000000000000000;
	21305 :	000000000000000000000000;
	21304 :	000000000000000000000000;
	21303 :	000000000000000000000000;
	21302 :	000000000000000000000000;
	21301 :	000000000000000000000000;
	21300 :	000000000000000000000000;
	21299 :	000000000000000000000000;
	21298 :	000000000000000000000000;
	21297 :	000000000000000000000000;
	21296 :	000000000000000000000000;
	21295 :	000000000000000000000000;
	21294 :	000000000000000000000001;
	21293 :	000000000000000000000000;
	21292 :	000000000000000000000000;
	21291 :	000000000000000000000000;
	21290 :	000000000000000000000000;
	21289 :	000000000000000000000000;
	21288 :	000000000000000000000000;
	21287 :	000000000000000000000000;
	21286 :	000000000000000000000000;
	21285 :	000000000000000000000000;
	21284 :	000000000000000000000000;
	21283 :	000000000000000000000000;
	21282 :	000000000000000000000000;
	21281 :	000000000000000000000000;
	21280 :	000000000000000000000000;
	21279 :	000000000000000000000000;
	21278 :	000000000000000000000000;
	21277 :	000000000000000000000000;
	21276 :	000000000000000000000000;
	21275 :	000000000000000000000000;
	21274 :	000000000000000000000000;
	21273 :	000000000000000000000000;
	21272 :	000000000000000000000000;
	21271 :	000000000000000000000000;
	21270 :	000000000000000000000000;
	21269 :	000000000000000000000000;
	21268 :	000000000000000000000000;
	21267 :	000000000000000000000000;
	21266 :	000000000000000000000000;
	21265 :	000000000000000000000000;
	21264 :	000000000000000000000000;
	21263 :	000000000000000000000000;
	21262 :	000000000000000000000000;
	21261 :	000000000000000000000000;
	21260 :	000000000000000000000000;
	21259 :	000000000000000000000000;
	21258 :	000000000000000000000000;
	21257 :	000000000000000000000000;
	21256 :	000000000000000000000000;
	21255 :	000000000000000000000000;
	21254 :	000000000000000000000000;
	21253 :	000000000000000000000000;
	21252 :	000000000000000000000000;
	21251 :	000000000000000000000000;
	21250 :	000000000000000000000000;
	21249 :	000000000000000000000000;
	21248 :	000000000000000000000000;
	21247 :	000000000000000000000000;
	21246 :	000000000000000000000000;
	21245 :	000000000000000000000000;
	21244 :	000000000000000000000000;
	21243 :	000000000000000000000000;
	21242 :	000000000000000000000000;
	21241 :	000000000000000000000000;
	21240 :	000000000000000000000000;
	21239 :	000000000000000000000000;
	21238 :	000000000000000000000000;
	21237 :	000000000000000000000000;
	21236 :	000000000000000000000000;
	21235 :	000000000000000000000000;
	21234 :	000000000000000000000000;
	21233 :	000000000000000000000000;
	21232 :	000000000000000000000000;
	21231 :	000000000000000000000000;
	21230 :	000000000000000000000000;
	21229 :	000000000000000000000000;
	21228 :	000000000000000000000000;
	21227 :	000000000000000000000000;
	21226 :	000000000000000000000000;
	21225 :	000000000000000000000000;
	21224 :	000000000000000000000000;
	21223 :	000000000000000000000000;
	21222 :	000000000000000000000000;
	21221 :	000000000000000000000000;
	21220 :	000000000000000000000000;
	21219 :	000000000000000000000000;
	21218 :	000000000000000000000000;
	21217 :	000000000000000000000000;
	21216 :	000000000000000000000000;
	21215 :	000000000000000000000000;
	21214 :	000000000000000000000000;
	21213 :	000000000000000000000000;
	21212 :	000000000000000000000000;
	21211 :	000000000000000000000000;
	21210 :	000000000000000000000000;
	21209 :	000000000000000000000000;
	21208 :	000000000000000000000000;
	21207 :	000000000000000000000000;
	21206 :	000000000000000000000000;
	21205 :	000000000000000000000000;
	21204 :	000000000000000000000000;
	21203 :	000000000000000000000000;
	21202 :	000000000000000100000000;
	21201 :	000000000000000000000000;
	21200 :	000000000000000000000000;
	21199 :	000000000000000000000000;
	21198 :	000000000000000000000000;
	21197 :	000000000000000000000000;
	21196 :	000000000000000000000000;
	21195 :	000000000000000000000000;
	21194 :	000000000000000000000000;
	21193 :	000000000000000000000000;
	21192 :	000000000000000000000000;
	21191 :	000000000000000000000000;
	21190 :	000000000000000000000000;
	21189 :	000000000000000000000000;
	21188 :	000000000000000000000000;
	21187 :	000000000000000000000000;
	21186 :	000000000000000000000000;
	21185 :	000000000000000000000000;
	21184 :	000000000000000000000000;
	21183 :	000000000000000000000000;
	21182 :	000000000000000000000000;
	21181 :	000000000000000000000000;
	21180 :	000000000000000000000000;
	21179 :	000000000000000000000000;
	21178 :	000000000000000000000000;
	21177 :	000000000000000000000000;
	21176 :	000000000000000000000000;
	21175 :	000000000000000000000000;
	21174 :	000000000000000000000000;
	21173 :	000000000000000000000000;
	21172 :	000000000000000000000000;
	21171 :	000000000000000000000000;
	21170 :	000000000000000000000000;
	21169 :	000000000000000000000000;
	21168 :	000000000000000000000000;
	21167 :	000000000000000000000000;
	21166 :	000000000000000000000000;
	21165 :	000000000000000000000000;
	21164 :	000000000000000000000000;
	21163 :	000000000000000000000000;
	21162 :	000000000000000000000000;
	21161 :	000000000000000000000000;
	21160 :	000000000000000000000000;
	21159 :	000000000000000000000000;
	21158 :	000000000000000000000000;
	21157 :	000000000000000000000000;
	21156 :	000000000000000000000000;
	21155 :	000000000000000000000000;
	21154 :	000000000000000000000000;
	21153 :	000000000000000000000000;
	21152 :	000000000000000000000000;
	21151 :	000000000000000000000000;
	21150 :	000000000000000000000000;
	21149 :	000000000000000000000000;
	21148 :	000000000000000000000000;
	21147 :	000000000000000000000000;
	21146 :	000000000000000000000000;
	21145 :	000000000000000000000000;
	21144 :	000000000000000000000000;
	21143 :	000000000000000000000000;
	21142 :	000000000000000000000000;
	21141 :	000000000000000000000000;
	21140 :	000000000000000000000000;
	21139 :	000000000000000000000000;
	21138 :	000000000000000000000000;
	21137 :	000000000000000000000000;
	21136 :	000000000000000000000000;
	21135 :	000000000000000000000000;
	21134 :	000000000000000000000000;
	21133 :	000000000000000000000000;
	21132 :	000000000000000000000000;
	21131 :	000000000000000000000000;
	21130 :	000000000000000000000000;
	21129 :	000000000000000000000000;
	21128 :	000000000000000000000000;
	21127 :	000000000000000000000000;
	21126 :	000000000000000000000000;
	21125 :	000000000000000000000000;
	21124 :	000000000000000000000000;
	21123 :	000000000000000000000000;
	21122 :	000000000000000000000000;
	21121 :	000000000000000000000000;
	21120 :	000000000000000000000000;
	21119 :	000000000000000000000000;
	21118 :	000000000000000000000000;
	21117 :	000000000000000000000000;
	21116 :	000000000000000000000000;
	21115 :	000000000000000000000000;
	21114 :	000000000000000000000000;
	21113 :	000000000000000000000000;
	21112 :	000000000000000000000000;
	21111 :	000000000000000000000000;
	21110 :	000000000000000000000000;
	21109 :	000000000000000000000000;
	21108 :	000000000000000000000000;
	21107 :	000000000000000000000000;
	21106 :	000000000000000000000000;
	21105 :	000000000000000000000000;
	21104 :	000000000000000000000000;
	21103 :	000000000000000000000000;
	21102 :	000000000000000000000000;
	21101 :	000000000000000000000000;
	21100 :	000000000000000000000000;
	21099 :	000000000000000000000000;
	21098 :	000000000000000000000000;
	21097 :	000000000000000000000000;
	21096 :	000000000000000000000000;
	21095 :	000000000000000000000000;
	21094 :	000000000000000000000000;
	21093 :	000000000000000000000000;
	21092 :	000000000000000000000000;
	21091 :	000000000000000000000000;
	21090 :	000000000000000000000000;
	21089 :	000000000000000000000000;
	21088 :	000000000000000000000000;
	21087 :	000000000000000000000000;
	21086 :	000000000000000000000000;
	21085 :	000000000000000000000000;
	21084 :	000000000000000000000000;
	21083 :	000000000000000000000000;
	21082 :	000000000000000000000000;
	21081 :	000000000000000000000000;
	21080 :	000000000000000000000000;
	21079 :	000000000000000000000000;
	21078 :	000000000000000000000000;
	21077 :	000000000000000000000000;
	21076 :	000000000000000000000000;
	21075 :	000000000000000000000000;
	21074 :	000000000000000000000000;
	21073 :	000000000000000000000000;
	21072 :	000000000000000000000001;
	21071 :	000000000000000000000000;
	21070 :	000000000000000000000000;
	21069 :	000000000000000000000000;
	21068 :	000000000000000000000000;
	21067 :	000000000000000000000000;
	21066 :	000000000000000000000000;
	21065 :	000000000000000000000000;
	21064 :	000000000000000000000000;
	21063 :	000000000000000000000000;
	21062 :	000000000000000000000000;
	21061 :	000000000000000000000000;
	21060 :	000000000000000000000000;
	21059 :	000000000000000000000000;
	21058 :	000000000000000000000000;
	21057 :	000000000000000000000000;
	21056 :	000000000000000000000000;
	21055 :	000000000000000000000000;
	21054 :	000000000000000000000000;
	21053 :	000000000000000000000000;
	21052 :	000000000000000000000000;
	21051 :	000000000000000000000000;
	21050 :	000000000000000000000000;
	21049 :	000000000000000000000000;
	21048 :	000000000000000000000000;
	21047 :	000000000000000000000000;
	21046 :	000000000000000000000000;
	21045 :	000000000000000000000000;
	21044 :	000000000000000000000000;
	21043 :	000000000000000000000000;
	21042 :	000000000000000000000000;
	21041 :	000000000000000000000000;
	21040 :	000000000000000000000000;
	21039 :	000000000000000000000000;
	21038 :	000000000000000000000000;
	21037 :	000000000000000000000000;
	21036 :	000000000000000000000000;
	21035 :	000000000000000000000000;
	21034 :	000000000000000000000000;
	21033 :	000000000000000000000000;
	21032 :	000000000000000000000000;
	21031 :	000000000000000000000000;
	21030 :	000000000000000000000000;
	21029 :	000000000000000000000000;
	21028 :	000000000000000000000000;
	21027 :	000000000000000000000000;
	21026 :	000000000000000000000000;
	21025 :	000000000000000000000000;
	21024 :	000000000000000000000000;
	21023 :	000000000000000000000000;
	21022 :	000000000000000000000000;
	21021 :	000000000000000000000000;
	21020 :	000000000000000000000000;
	21019 :	000000000000000000000000;
	21018 :	000000000000000000000000;
	21017 :	000000000000000000000000;
	21016 :	000000000000000000000000;
	21015 :	000000000000000000000000;
	21014 :	000000000000000000000000;
	21013 :	000000000000000000000000;
	21012 :	000000000000000000000000;
	21011 :	000000000000000000000000;
	21010 :	000000000000000000000000;
	21009 :	000000000000000000000000;
	21008 :	000000000000000000000000;
	21007 :	000000000000000000000000;
	21006 :	000000000000000000000000;
	21005 :	000000000000000000000000;
	21004 :	000000000000000000000000;
	21003 :	000000000000000000000000;
	21002 :	000000000000000000000000;
	21001 :	000000000000000000000000;
	21000 :	000000000000000000000000;
	20999 :	000000000000000000000000;
	20998 :	000000000000000000000000;
	20997 :	000000000000000000000000;
	20996 :	000000000000000000000000;
	20995 :	000000000000000000000000;
	20994 :	000000000000000000000000;
	20993 :	000000000000000000000000;
	20992 :	000000000000000000000000;
	20991 :	000000000000000000000000;
	20990 :	000000000000000000000000;
	20989 :	000000000000000000000000;
	20988 :	000000000000000000000000;
	20987 :	000000000000000000000000;
	20986 :	000000000000000000000000;
	20985 :	000000000000000000000000;
	20984 :	000000000000000000000000;
	20983 :	000000000000000000000000;
	20982 :	000000000000000000000000;
	20981 :	000000000000000000000000;
	20980 :	000000000000000000000000;
	20979 :	000000000000000000000000;
	20978 :	000000000000000000000000;
	20977 :	000000000000000000000000;
	20976 :	000000000000000000000000;
	20975 :	000000000000000000000000;
	20974 :	000000000000000000000000;
	20973 :	000000000000000000000000;
	20972 :	000000000000000000000000;
	20971 :	000000000000000000000000;
	20970 :	000000000000000000000000;
	20969 :	000000000000000000000000;
	20968 :	000000000000000000000000;
	20967 :	000000000000000000000000;
	20966 :	000000000000000000000000;
	20965 :	000000000000000000000000;
	20964 :	000000000000000000000000;
	20963 :	000000000000000000000000;
	20962 :	000000000000000000000000;
	20961 :	000000000000000000000000;
	20960 :	000000000000000000000000;
	20959 :	000000000000000000000000;
	20958 :	000000000000000000000000;
	20957 :	000000000000000000000000;
	20956 :	000000000000000000000000;
	20955 :	000000000000000000000000;
	20954 :	000000000000000000000000;
	20953 :	000000000000000000000000;
	20952 :	000000000000000000000000;
	20951 :	000000000000000000000000;
	20950 :	000000000000000000000000;
	20949 :	000000000000000000000000;
	20948 :	000000000000000000000000;
	20947 :	000000000000000000000000;
	20946 :	000000000000000000000000;
	20945 :	000000000000000000000000;
	20944 :	000000000000000000000000;
	20943 :	000000000000000000000000;
	20942 :	000000000000000000000000;
	20941 :	000000000000000000000000;
	20940 :	000000000000000000000000;
	20939 :	000000000000000000000000;
	20938 :	000000000000000000000000;
	20937 :	000000000000000000000000;
	20936 :	000000000000000000000000;
	20935 :	000000000000000000000000;
	20934 :	000000000000000000000000;
	20933 :	000000000000000000000000;
	20932 :	000000000000000000000000;
	20931 :	000000000000000000000000;
	20930 :	000000000000000000000000;
	20929 :	000000000000000000000000;
	20928 :	000000000000000000000000;
	20927 :	000000000000000000000000;
	20926 :	000000000000000000000000;
	20925 :	000000000000000000000000;
	20924 :	000000000000000000000000;
	20923 :	000000000000000000000000;
	20922 :	000000000000000000000000;
	20921 :	000000000000000000000000;
	20920 :	000000000000000000000000;
	20919 :	000000000000000000000000;
	20918 :	000000000000000000000000;
	20917 :	000000000000000000000000;
	20916 :	000000000000000000000000;
	20915 :	000000000000000000000000;
	20914 :	000000000000000000000000;
	20913 :	000000000000000000000000;
	20912 :	000000000000000000000000;
	20911 :	000000000000000000000000;
	20910 :	000000000000000000000000;
	20909 :	000000000000000000000000;
	20908 :	000000000000000000000000;
	20907 :	000000000000000000000000;
	20906 :	000000000000000000000000;
	20905 :	000000000000000000000000;
	20904 :	000000000000000000000000;
	20903 :	000000000000000000000000;
	20902 :	000000000000000000000000;
	20901 :	000000000000000000000000;
	20900 :	000000000000000000000000;
	20899 :	000000000000000000000000;
	20898 :	000000000000000000000000;
	20897 :	000000000000000000000000;
	20896 :	000000000000000000000000;
	20895 :	000000000000000000000000;
	20894 :	000000000000000000000000;
	20893 :	000000000000000000000000;
	20892 :	000000000000000000000000;
	20891 :	000000000000000000000000;
	20890 :	000000000000000000000000;
	20889 :	000000000000000000000000;
	20888 :	000000000000000000000000;
	20887 :	000000000000000000000000;
	20886 :	000000000000000000000000;
	20885 :	000000000000000000000000;
	20884 :	000000000000000000000000;
	20883 :	000000000000000000000000;
	20882 :	000000000000000000000000;
	20881 :	000000000000000000000000;
	20880 :	000000000000000000000000;
	20879 :	000000000000000000000000;
	20878 :	000000000000000000000000;
	20877 :	000000000000000000000000;
	20876 :	000000000000000000000000;
	20875 :	000000000000000000000000;
	20874 :	000000000000000000000000;
	20873 :	000000000000000000000000;
	20872 :	000000000000000000000000;
	20871 :	000000000000000000000000;
	20870 :	000000000000000000000000;
	20869 :	000000000000000100000000;
	20868 :	000000000000000000000000;
	20867 :	000000000000000000000000;
	20866 :	000000000000000000000000;
	20865 :	000000000000000000000000;
	20864 :	000000000000000000000000;
	20863 :	000000000000000000000000;
	20862 :	000000000000000000000000;
	20861 :	000000000000000000000000;
	20860 :	000000000000000000000000;
	20859 :	000000000000000000000000;
	20858 :	000000000000000000000000;
	20857 :	000000000000000000000000;
	20856 :	000000000000000000000000;
	20855 :	000000000000000000000000;
	20854 :	000000000000000000000000;
	20853 :	000000000000000000000000;
	20852 :	000000000000000000000000;
	20851 :	000000000000000000000000;
	20850 :	000000010000000000000000;
	20849 :	000000000000000000000000;
	20848 :	000000000000000000000000;
	20847 :	000000000000000000000000;
	20846 :	000000000000000000000000;
	20845 :	000000000000000000000000;
	20844 :	000000000000000000000000;
	20843 :	000000000000000000000000;
	20842 :	000000000000000000000000;
	20841 :	000000000000000000000000;
	20840 :	000000000000000000000000;
	20839 :	000000010000000000000000;
	20838 :	000000000000000000000000;
	20837 :	000000000000000000000000;
	20836 :	000000000000000000000000;
	20835 :	000000000000000000000000;
	20834 :	000000000000000000000000;
	20833 :	000000000000000000000000;
	20832 :	000000000000000000000000;
	20831 :	000000000000000000000000;
	20830 :	000000000000000000000000;
	20829 :	000000000000000000000000;
	20828 :	000000000000000000000000;
	20827 :	000000000000000000000000;
	20826 :	000000000000000000000000;
	20825 :	000000000000000000000000;
	20824 :	000000000000000000000000;
	20823 :	000000000000000000000000;
	20822 :	000000000000000000000000;
	20821 :	000000000000000000000000;
	20820 :	000000000000000000000000;
	20819 :	000000000000000000000000;
	20818 :	000000000000000000000000;
	20817 :	000000000000000100000000;
	20816 :	000000000000000000000000;
	20815 :	000000000000000000000000;
	20814 :	000000000000000000000000;
	20813 :	000000000000000000000000;
	20812 :	000000000000000000000000;
	20811 :	000000000000000000000000;
	20810 :	000000000000000000000000;
	20809 :	000000000000000000000000;
	20808 :	000000000000000000000000;
	20807 :	000000000000000000000000;
	20806 :	000000000000000000000000;
	20805 :	000000000000000000000000;
	20804 :	000000000000000000000000;
	20803 :	000000000000000000000000;
	20802 :	000000000000000000000000;
	20801 :	000000000000000000000000;
	20800 :	000000000000000000000000;
	20799 :	000000000000000000000000;
	20798 :	000000000000000000000000;
	20797 :	000000000000000000000000;
	20796 :	000000000000000000000000;
	20795 :	000000000000000000000000;
	20794 :	000000000000000000000000;
	20793 :	000000000000000000000000;
	20792 :	000000000000000000000000;
	20791 :	000000000000000000000000;
	20790 :	000000000000000000000000;
	20789 :	000000000000000000000000;
	20788 :	000000000000000000000000;
	20787 :	000000000000000000000000;
	20786 :	000000000000000000000000;
	20785 :	000000000000000000000000;
	20784 :	000000000000000000000000;
	20783 :	000000000000000000000000;
	20782 :	000000000000000000000000;
	20781 :	000000000000000000000000;
	20780 :	000000000000000000000000;
	20779 :	000000000000000000000000;
	20778 :	000000000000000000000000;
	20777 :	000000000000000000000000;
	20776 :	000000000000000000000000;
	20775 :	000000000000000000000000;
	20774 :	000000000000000000000000;
	20773 :	000000000000000000000000;
	20772 :	000000000000000000000000;
	20771 :	000000000000000000000000;
	20770 :	000000000000000000000000;
	20769 :	000000000000000000000000;
	20768 :	000000000000000000000000;
	20767 :	000000000000000000000000;
	20766 :	000000000000000000000000;
	20765 :	000000000000000000000000;
	20764 :	000000000000000000000000;
	20763 :	000000000000000000000000;
	20762 :	000000000000000000000000;
	20761 :	000000000000000000000000;
	20760 :	000000000000000000000000;
	20759 :	000000000000000000000000;
	20758 :	000000000000000000000000;
	20757 :	000000000000000000000000;
	20756 :	000000000000000000000000;
	20755 :	000000000000000000000000;
	20754 :	000000000000000000000000;
	20753 :	000000000000000000000000;
	20752 :	000000000000000000000000;
	20751 :	000000000000000000000000;
	20750 :	000000000000000000000000;
	20749 :	000000000000000000000000;
	20748 :	000000000000000000000000;
	20747 :	000000000000000000000000;
	20746 :	000000000000000000000000;
	20745 :	000000000000000000000000;
	20744 :	000000000000000000000000;
	20743 :	000000000000000000000000;
	20742 :	000000000000000000000000;
	20741 :	000000000000000000000000;
	20740 :	000000000000000000000000;
	20739 :	000000000000000000000000;
	20738 :	000000000000000000000000;
	20737 :	000000000000000000000000;
	20736 :	000000000000000000000000;
	20735 :	000000000000000000000000;
	20734 :	000000000000000000000000;
	20733 :	000000000000000000000000;
	20732 :	000000000000000000000000;
	20731 :	000000000000000000000000;
	20730 :	000000000000000000000000;
	20729 :	000000000000000000000000;
	20728 :	000000000000000000000000;
	20727 :	000000000000000000000000;
	20726 :	000000000000000000000000;
	20725 :	000000000000000000000000;
	20724 :	000000000000000000000000;
	20723 :	000000000000000000000000;
	20722 :	000000000000000000000000;
	20721 :	000000000000000000000000;
	20720 :	000000000000000000000000;
	20719 :	000000000000000000000000;
	20718 :	000000000000000000000000;
	20717 :	000000000000000000000000;
	20716 :	000000000000000000000000;
	20715 :	000000000000000000000000;
	20714 :	000000000000000000000000;
	20713 :	000000000000000000000000;
	20712 :	000000000000000000000000;
	20711 :	000000000000000000000000;
	20710 :	000000000000000000000000;
	20709 :	000000000000000000000000;
	20708 :	000000000000000000000000;
	20707 :	000000000000000000000000;
	20706 :	000000000000000000000000;
	20705 :	000000000000000000000000;
	20704 :	000000000000000000000000;
	20703 :	000000000000000000000000;
	20702 :	000000000000000000000000;
	20701 :	000000000000000000000000;
	20700 :	000000000000000000000000;
	20699 :	000000000000000000000000;
	20698 :	000000000000000000000000;
	20697 :	000000000000000000000000;
	20696 :	000000000000000000000000;
	20695 :	000000000000000000000000;
	20694 :	000000000000000000000000;
	20693 :	000000000000000000000000;
	20692 :	000000000000000000000000;
	20691 :	000000000000000000000000;
	20690 :	000000000000000000000000;
	20689 :	000000000000000000000000;
	20688 :	000000000000000000000000;
	20687 :	000000000000000000000000;
	20686 :	000000000000000000000000;
	20685 :	000000000000000000000000;
	20684 :	000000000000000000000000;
	20683 :	000000000000000000000000;
	20682 :	000000000000000000000000;
	20681 :	000000000000000000000000;
	20680 :	000000000000000000000000;
	20679 :	000000000000000000000000;
	20678 :	000000000000000000000000;
	20677 :	000000000000000000000000;
	20676 :	000000000000000000000000;
	20675 :	000000000000000000000000;
	20674 :	000000000000000000000000;
	20673 :	000000000000000000000000;
	20672 :	000000000000000000000000;
	20671 :	000000000000000000000000;
	20670 :	000000000000000000000000;
	20669 :	000000000000000000000000;
	20668 :	000000000000000000000000;
	20667 :	000000000000000000000000;
	20666 :	000000000000000000000000;
	20665 :	000000000000000000000000;
	20664 :	000000000000000000000000;
	20663 :	000000000000000000000000;
	20662 :	000000000000000000000000;
	20661 :	000000000000000000000000;
	20660 :	000000000000000000000000;
	20659 :	000000000000000000000000;
	20658 :	000000000000000000000000;
	20657 :	000000000000000000000000;
	20656 :	000000000000000000000000;
	20655 :	000000000000000000000000;
	20654 :	000000000000000000000000;
	20653 :	000000000000000000000000;
	20652 :	000000000000000000000000;
	20651 :	000000000000000000000000;
	20650 :	000000000000000000000000;
	20649 :	000000000000000000000000;
	20648 :	000000000000000000000000;
	20647 :	000000000000000000000000;
	20646 :	000000000000000000000000;
	20645 :	000000000000000000000000;
	20644 :	000000000000000000000000;
	20643 :	000000000000000000000000;
	20642 :	000000000000000000000000;
	20641 :	000000000000000000000000;
	20640 :	000000000000000000000000;
	20639 :	000000000000000000000000;
	20638 :	000000000000000000000000;
	20637 :	000000000000000000000000;
	20636 :	000000000000000000000000;
	20635 :	000000000000000000000000;
	20634 :	000000000000000000000000;
	20633 :	000000000000000000000000;
	20632 :	000000000000000000000000;
	20631 :	000000000000000000000000;
	20630 :	000000000000000000000000;
	20629 :	000000000000000000000000;
	20628 :	000000000000000000000000;
	20627 :	000000000000000000000000;
	20626 :	000000000000000000000000;
	20625 :	000000000000000000000000;
	20624 :	000000000000000000000000;
	20623 :	000000000000000000000000;
	20622 :	000000000000000000000000;
	20621 :	000000000000000000000000;
	20620 :	000000000000000000000000;
	20619 :	000000000000000000000000;
	20618 :	000000000000000000000000;
	20617 :	000000000000000000000000;
	20616 :	000000000000000000000000;
	20615 :	000000000000000000000000;
	20614 :	000000000000000000000000;
	20613 :	000000000000000000000000;
	20612 :	000000000000000000000000;
	20611 :	000000000000000000000000;
	20610 :	000000000000000000000000;
	20609 :	000000000000000000000000;
	20608 :	000000000000000000000000;
	20607 :	000000000000000000000000;
	20606 :	000000000000000000000000;
	20605 :	000000000000000000000000;
	20604 :	000000000000000000000000;
	20603 :	000000000000000000000000;
	20602 :	000000000000000000000000;
	20601 :	000000000000000000000000;
	20600 :	000000000000000000000000;
	20599 :	000000000000000000000000;
	20598 :	000000000000000000000000;
	20597 :	000000000000000000000000;
	20596 :	000000000000000000000000;
	20595 :	000000000000000000000000;
	20594 :	000000000000000000000000;
	20593 :	000000000000000000000000;
	20592 :	000000000000000000000000;
	20591 :	000000000000000000000000;
	20590 :	000000000000000000000000;
	20589 :	000000000000000000000000;
	20588 :	000000000000000000000000;
	20587 :	000000000000000000000000;
	20586 :	000000000000000000000000;
	20585 :	000000000000000000000000;
	20584 :	000000000000000000000000;
	20583 :	000000000000000000000000;
	20582 :	000000000000000000000000;
	20581 :	000000000000000000000000;
	20580 :	000000000000000000000000;
	20579 :	000000000000000000000000;
	20578 :	000000000000000000000000;
	20577 :	000000000000000000000000;
	20576 :	000000000000000000000000;
	20575 :	000000000000000000000000;
	20574 :	000000000000000000000000;
	20573 :	000000000000000000000000;
	20572 :	000000000000000000000000;
	20571 :	000000000000000000000000;
	20570 :	000000000000000000000000;
	20569 :	000000000000000000000000;
	20568 :	000000000000000000000000;
	20567 :	000000000000000000000000;
	20566 :	000000000000000000000000;
	20565 :	000000000000000000000000;
	20564 :	000000000000000000000000;
	20563 :	000000000000000000000000;
	20562 :	000000000000000000000000;
	20561 :	000000000000000000000000;
	20560 :	000000000000000000000000;
	20559 :	000000000000000000000000;
	20558 :	000000000000000000000000;
	20557 :	000000000000000000000000;
	20556 :	000000000000000000000000;
	20555 :	000000000000000000000000;
	20554 :	000000000000000000000000;
	20553 :	000000000000000000000000;
	20552 :	000000000000000000000000;
	20551 :	000000000000000000000000;
	20550 :	000000000000000000000000;
	20549 :	000000000000000000000000;
	20548 :	000000000000000000000000;
	20547 :	000000000000000000000000;
	20546 :	000000000000000000000000;
	20545 :	000000000000000000000000;
	20544 :	000000000000000000000000;
	20543 :	000000000000000000000000;
	20542 :	000000000000000000000000;
	20541 :	000000000000000000000000;
	20540 :	000000000000000000000000;
	20539 :	000000000000000000000000;
	20538 :	000000000000000000000000;
	20537 :	000000000000000000000000;
	20536 :	000000000000000000000000;
	20535 :	000000000000000000000000;
	20534 :	000000000000000000000000;
	20533 :	000000000000000000000000;
	20532 :	000000000000000000000000;
	20531 :	000000000000000000000000;
	20530 :	000000000000000000000000;
	20529 :	000000000000000000000000;
	20528 :	000000000000000000000000;
	20527 :	000000000000000000000000;
	20526 :	000000000000000000000000;
	20525 :	000000000000000000000000;
	20524 :	000000000000000000000000;
	20523 :	000000000000000000000000;
	20522 :	000000000000000000000000;
	20521 :	000000000000000000000000;
	20520 :	000000000000000000000000;
	20519 :	000000000000000000000000;
	20518 :	000000000000000000000000;
	20517 :	000000000000000000000000;
	20516 :	000000000000000000000000;
	20515 :	000000000000000000000000;
	20514 :	000000000000000000000000;
	20513 :	000000000000000000000000;
	20512 :	000000000000000000000000;
	20511 :	000000000000000000000000;
	20510 :	000000000000000000000000;
	20509 :	000000000000000000000000;
	20508 :	000000000000000000000000;
	20507 :	000000000000000000000000;
	20506 :	000000000000000000000000;
	20505 :	000000000000000000000000;
	20504 :	000000000000000000000000;
	20503 :	000000000000000000000000;
	20502 :	000000000000000000000000;
	20501 :	000000000000000000000000;
	20500 :	000000000000000000000000;
	20499 :	000000000000000000000000;
	20498 :	000000000000000000000000;
	20497 :	000000000000000000000000;
	20496 :	000000000000000000000000;
	20495 :	000000000000000000000000;
	20494 :	000000000000000000000000;
	20493 :	000000000000000000000000;
	20492 :	000000000000000000000000;
	20491 :	000000000000000000000000;
	20490 :	000000000000000000000000;
	20489 :	000000000000000000000000;
	20488 :	000000000000000000000000;
	20487 :	000000000000000000000000;
	20486 :	000000000000000000000000;
	20485 :	000000000000000000000000;
	20484 :	000000000000000000000000;
	20483 :	000000000000000000000000;
	20482 :	000000000000000000000000;
	20481 :	000000000000000000000000;
	20480 :	000000000000000000000000;
	20479 :	000000000000000000000000;
	20478 :	000000000000000000000000;
	20477 :	000000000000000000000000;
	20476 :	000000000000000000000000;
	20475 :	000000000000000000000000;
	20474 :	000000000000000000000000;
	20473 :	000000000000000000000000;
	20472 :	000000000000000000000000;
	20471 :	000000000000000000000000;
	20470 :	000000000000000000000000;
	20469 :	000000000000000000000000;
	20468 :	000000000000000000000000;
	20467 :	000000000000000000000000;
	20466 :	000000000000000000000000;
	20465 :	000000000000000000000000;
	20464 :	000000000000000000000000;
	20463 :	000000000000000000000000;
	20462 :	000000000000000000000000;
	20461 :	000000000000000000000000;
	20460 :	000000000000000000000000;
	20459 :	000000000000000000000000;
	20458 :	000000000000000000000000;
	20457 :	000000000000000000000000;
	20456 :	000000000000000000000000;
	20455 :	000000000000000000000000;
	20454 :	000000000000000000000000;
	20453 :	000000000000000000000000;
	20452 :	000000000000000000000000;
	20451 :	000000000000000000000000;
	20450 :	000000000000000000000000;
	20449 :	000000000000000000000000;
	20448 :	000000000000000000000000;
	20447 :	000000000000000000000000;
	20446 :	000000000000000000000000;
	20445 :	000000000000000000000000;
	20444 :	000000000000000000000000;
	20443 :	000000000000000000000000;
	20442 :	000000000000000000000000;
	20441 :	000000000000000000000000;
	20440 :	000000000000000000000000;
	20439 :	000000000000000000000000;
	20438 :	000000000000000000000000;
	20437 :	000000000000000000000000;
	20436 :	000000000000000000000000;
	20435 :	000000000000000000000000;
	20434 :	000000000000000000000000;
	20433 :	000000000000000000000000;
	20432 :	000000000000000000000000;
	20431 :	000000000000000000000000;
	20430 :	000000000000000000000000;
	20429 :	000000000000000000000000;
	20428 :	000000000000000000000000;
	20427 :	000000000000000000000000;
	20426 :	000000000000000000000000;
	20425 :	000000000000000000000000;
	20424 :	000000000000000000000000;
	20423 :	000000000000000000000000;
	20422 :	000000000000000000000000;
	20421 :	000000000000000000000000;
	20420 :	000000000000000000000000;
	20419 :	000000000000000000000000;
	20418 :	000000000000000000000000;
	20417 :	000000000000000000000000;
	20416 :	000000000000000000000000;
	20415 :	000000000000000000000000;
	20414 :	000000000000000000000000;
	20413 :	000000000000000000000000;
	20412 :	000000000000000000000000;
	20411 :	000000000000000000000000;
	20410 :	000000000000000000000000;
	20409 :	000000000000000000000000;
	20408 :	000000000000000100000000;
	20407 :	000000000000000000000000;
	20406 :	000000000000000000000000;
	20405 :	000000000000000000000000;
	20404 :	000000000000000000000000;
	20403 :	000000000000000000000000;
	20402 :	000000000000000000000000;
	20401 :	000000000000000000000000;
	20400 :	000000000000000000000000;
	20399 :	000000000000000000000000;
	20398 :	000000000000000000000000;
	20397 :	000000000000000000000000;
	20396 :	000000000000000000000000;
	20395 :	000000000000000000000000;
	20394 :	000000000000000000000000;
	20393 :	000000000000000000000000;
	20392 :	000000000000000000000000;
	20391 :	000000000000000000000000;
	20390 :	000000000000000000000000;
	20389 :	000000000000000000000000;
	20388 :	000000000000000000000000;
	20387 :	000000000000000000000000;
	20386 :	000000000000000000000000;
	20385 :	000000000000000000000000;
	20384 :	000000000000000000000000;
	20383 :	000000000000000000000000;
	20382 :	000000000000000000000000;
	20381 :	000000000000000000000000;
	20380 :	000000000000000000000000;
	20379 :	000000000000000000000000;
	20378 :	000000000000000000000000;
	20377 :	000000000000000000000000;
	20376 :	000000000000000000000000;
	20375 :	000000000000000000000000;
	20374 :	000000000000000000000000;
	20373 :	000000000000000000000000;
	20372 :	000000000000000000000000;
	20371 :	000000000000000000000000;
	20370 :	000000000000000000000000;
	20369 :	000000000000000000000000;
	20368 :	000000000000000000000000;
	20367 :	000000000000000000000000;
	20366 :	000000000000000000000000;
	20365 :	000000000000000000000000;
	20364 :	000000000000000000000000;
	20363 :	000000000000000000000000;
	20362 :	000000000000000000000000;
	20361 :	000000000000000000000000;
	20360 :	000000000000000000000000;
	20359 :	000000000000000000000000;
	20358 :	000000000000000000000000;
	20357 :	000000000000000000000000;
	20356 :	000000000000000000000000;
	20355 :	000000000000000000000000;
	20354 :	000000000000000000000000;
	20353 :	000000000000000000000000;
	20352 :	000000000000000000000000;
	20351 :	000000000000000000000000;
	20350 :	000000000000000000000000;
	20349 :	000000000000000000000000;
	20348 :	000000000000000000000000;
	20347 :	000000000000000000000000;
	20346 :	000000000000000000000000;
	20345 :	000000000000000000000000;
	20344 :	000000000000000000000000;
	20343 :	000000000000000000000000;
	20342 :	000000000000000000000001;
	20341 :	000000000000000000000000;
	20340 :	000000000000000000000000;
	20339 :	000000000000000000000000;
	20338 :	000000000000000000000000;
	20337 :	000000000000000000000000;
	20336 :	000000000000000000000000;
	20335 :	000000000000000000000000;
	20334 :	000000000000000000000000;
	20333 :	000000000000000000000000;
	20332 :	000000000000000000000000;
	20331 :	000000000000000000000000;
	20330 :	000000000000000000000000;
	20329 :	000000000000000000000000;
	20328 :	000000000000000000000000;
	20327 :	000000000000000000000000;
	20326 :	000000000000000000000000;
	20325 :	000000000000000000000000;
	20324 :	000000000000000000000000;
	20323 :	000000000000000000000000;
	20322 :	000000000000000000000000;
	20321 :	000000000000000000000000;
	20320 :	000000000000000000000000;
	20319 :	000000000000000000000000;
	20318 :	000000000000000000000000;
	20317 :	000000000000000000000000;
	20316 :	000000000000000000000000;
	20315 :	000000000000000000000000;
	20314 :	000000000000000000000000;
	20313 :	000000000000000000000000;
	20312 :	000000000000000000000000;
	20311 :	000000000000000000000000;
	20310 :	000000000000000000000000;
	20309 :	000000000000000000000000;
	20308 :	000000000000000000000000;
	20307 :	000000000000000000000000;
	20306 :	000000000000000000000000;
	20305 :	000000000000000000000000;
	20304 :	000000000000000000000000;
	20303 :	000000000000000000000000;
	20302 :	000000000000000000000000;
	20301 :	000000000000000000000000;
	20300 :	000000000000000000000000;
	20299 :	000000000000000000000000;
	20298 :	000000000000000000000000;
	20297 :	000000000000000000000000;
	20296 :	000000000000000000000000;
	20295 :	000000000000000000000000;
	20294 :	000000000000000000000000;
	20293 :	000000000000000000000000;
	20292 :	000000000000000000000000;
	20291 :	000000000000000000000000;
	20290 :	000000000000000000000000;
	20289 :	000000000000000000000000;
	20288 :	000000000000000000000000;
	20287 :	000000000000000000000000;
	20286 :	000000000000000000000000;
	20285 :	000000000000000000000000;
	20284 :	000000000000000000000000;
	20283 :	000000000000000000000000;
	20282 :	000000000000000000000000;
	20281 :	000000000000000000000000;
	20280 :	000000000000000000000000;
	20279 :	000000000000000000000000;
	20278 :	000000000000000000000000;
	20277 :	000000000000000000000000;
	20276 :	000000000000000000000000;
	20275 :	000000000000000000000000;
	20274 :	000000000000000000000000;
	20273 :	000000000000000000000000;
	20272 :	000000000000000000000000;
	20271 :	000000000000000000000000;
	20270 :	000000000000000000000000;
	20269 :	000000000000000000000000;
	20268 :	000000000000000000000000;
	20267 :	000000000000000000000000;
	20266 :	000000000000000000000000;
	20265 :	000000000000000000000000;
	20264 :	000000000000000000000000;
	20263 :	000000000000000000000000;
	20262 :	000000000000000000000000;
	20261 :	000000000000000000000000;
	20260 :	000000000000000000000000;
	20259 :	000000000000000000000000;
	20258 :	000000000000000000000000;
	20257 :	000000000000000000000000;
	20256 :	000000000000000000000000;
	20255 :	000000000000000000000000;
	20254 :	000000000000000000000000;
	20253 :	000000000000000000000000;
	20252 :	000000000000000000000000;
	20251 :	000000000000000000000000;
	20250 :	000000000000000000000000;
	20249 :	000000000000000000000000;
	20248 :	000000000000000000000000;
	20247 :	000000000000000000000000;
	20246 :	000000000000000000000000;
	20245 :	000000000000000000000000;
	20244 :	000000000000000000000000;
	20243 :	000000000000000000000000;
	20242 :	000000000000000000000000;
	20241 :	000000000000000000000000;
	20240 :	000000000000000000000000;
	20239 :	000000000000000000000000;
	20238 :	000000000000000000000000;
	20237 :	000000000000000000000000;
	20236 :	000000000000000000000000;
	20235 :	000000000000000000000000;
	20234 :	000000000000000000000000;
	20233 :	000000000000000000000000;
	20232 :	000000000000000000000000;
	20231 :	000000000000000000000000;
	20230 :	000000000000000000000000;
	20229 :	000000000000000000000000;
	20228 :	000000000000000000000000;
	20227 :	000000000000000000000000;
	20226 :	000000000000000000000000;
	20225 :	000000000000000000000000;
	20224 :	000000000000000000000000;
	20223 :	000000000000000000000000;
	20222 :	000000000000000000000000;
	20221 :	000000000000000000000000;
	20220 :	000000000000000000000000;
	20219 :	000000000000000000000000;
	20218 :	000000000000000000000000;
	20217 :	000000000000000000000000;
	20216 :	000000000000000000000000;
	20215 :	000000000000000000000000;
	20214 :	000000000000000000000000;
	20213 :	000000000000000000000000;
	20212 :	000000000000000000000000;
	20211 :	000000000000000000000000;
	20210 :	000000000000000000000000;
	20209 :	000000000000000000000000;
	20208 :	000000000000000000000000;
	20207 :	000000000000000000000000;
	20206 :	000000000000000000000000;
	20205 :	000000000000000000000000;
	20204 :	000000000000000000000000;
	20203 :	000000000000000000000000;
	20202 :	000000000000000000000000;
	20201 :	000000000000000000000000;
	20200 :	000000000000000000000000;
	20199 :	000000000000000000000000;
	20198 :	000000000000000000000000;
	20197 :	000000000000000000000000;
	20196 :	000000000000000000000000;
	20195 :	000000000000000000000000;
	20194 :	000000000000000000000000;
	20193 :	000000000000000000000000;
	20192 :	000000000000000000000000;
	20191 :	000000000000000000000000;
	20190 :	000000000000000000000000;
	20189 :	000000000000000000000000;
	20188 :	000000000000000000000000;
	20187 :	000000000000000000000000;
	20186 :	000000000000000000000000;
	20185 :	000000000000000000000000;
	20184 :	000000000000000000000000;
	20183 :	000000000000000000000000;
	20182 :	000000000000000000000000;
	20181 :	000000000000000000000000;
	20180 :	000000000000000000000000;
	20179 :	000000000000000000000000;
	20178 :	000000000000000000000000;
	20177 :	000000000000000000000000;
	20176 :	000000000000000000000000;
	20175 :	000000000000000000000000;
	20174 :	000000000000000000000000;
	20173 :	000000000000000000000000;
	20172 :	000000000000000000000000;
	20171 :	000000000000000000000000;
	20170 :	000000000000000000000000;
	20169 :	000000000000000000000000;
	20168 :	000000000000000000000000;
	20167 :	000000000000000000000000;
	20166 :	000000000000000000000000;
	20165 :	000000000000000000000000;
	20164 :	000000000000000000000000;
	20163 :	000000000000000000000000;
	20162 :	000000000000000000000000;
	20161 :	000000000000000000000000;
	20160 :	000000000000000000000000;
	20159 :	000000000000000000000000;
	20158 :	000000000000000000000000;
	20157 :	000000000000000000000000;
	20156 :	000000000000000000000000;
	20155 :	000000000000000000000000;
	20154 :	000000000000000000000000;
	20153 :	000000000000000000000000;
	20152 :	000000000000000000000000;
	20151 :	000000000000000000000000;
	20150 :	000000000000000000000000;
	20149 :	000000000000000000000000;
	20148 :	000000000000000000000000;
	20147 :	000000000000000000000000;
	20146 :	000000000000000000000000;
	20145 :	000000000000000000000000;
	20144 :	000000000000000000000000;
	20143 :	000000000000000000000000;
	20142 :	000000000000000000000000;
	20141 :	000000000000000000000000;
	20140 :	000000000000000000000000;
	20139 :	000000000000000000000000;
	20138 :	000000000000000000000000;
	20137 :	000000000000000000000000;
	20136 :	000000000000000000000000;
	20135 :	000000000000000000000000;
	20134 :	000000000000000000000000;
	20133 :	000000000000000000000000;
	20132 :	000000000000000000000000;
	20131 :	000000000000000000000000;
	20130 :	000000000000000000000000;
	20129 :	000000000000000000000000;
	20128 :	000000000000000000000000;
	20127 :	000000000000000000000000;
	20126 :	000000000000000000000000;
	20125 :	000000000000000000000000;
	20124 :	000000000000000000000000;
	20123 :	000000000000000000000000;
	20122 :	000000000000000000000000;
	20121 :	000000000000000000000000;
	20120 :	000000000000000000000000;
	20119 :	000000000000000000000000;
	20118 :	000000000000000000000000;
	20117 :	000000000000000000000000;
	20116 :	000000000000000000000000;
	20115 :	000000000000000000000000;
	20114 :	000000000000000000000000;
	20113 :	000000000000000000000000;
	20112 :	000000000000000000000000;
	20111 :	000000000000000000000000;
	20110 :	000000000000000000000000;
	20109 :	000000000000000000000000;
	20108 :	000000000000000000000000;
	20107 :	000000000000000000000000;
	20106 :	000000000000000000000000;
	20105 :	000000000000000000000000;
	20104 :	000000000000000000000000;
	20103 :	000000000000000000000000;
	20102 :	000000000000000000000000;
	20101 :	000000000000000000000000;
	20100 :	000000000000000000000000;
	20099 :	000000000000000000000000;
	20098 :	000000000000000000000000;
	20097 :	000000000000000000000000;
	20096 :	000000000000000000000000;
	20095 :	000000000000000000000000;
	20094 :	000000000000000000000000;
	20093 :	000000000000000000000000;
	20092 :	000000000000000000000000;
	20091 :	000000000000000000000000;
	20090 :	000000000000000000000000;
	20089 :	000000000000000000000000;
	20088 :	000000000000000000000000;
	20087 :	000000000000000000000000;
	20086 :	000000000000000000000000;
	20085 :	000000000000000000000000;
	20084 :	000000000000000000000000;
	20083 :	000000000000000000000000;
	20082 :	000000000000000000000000;
	20081 :	000000000000000000000000;
	20080 :	000000000000000000000000;
	20079 :	000000000000000000000000;
	20078 :	000000000000000000000000;
	20077 :	000000000000000000000000;
	20076 :	000000000000000000000000;
	20075 :	000000000000000000000000;
	20074 :	000000000000000000000000;
	20073 :	000000000000000000000000;
	20072 :	000000000000000000000000;
	20071 :	000000000000000000000000;
	20070 :	000000000000000000000000;
	20069 :	000000000000000000000000;
	20068 :	000000000000000000000000;
	20067 :	000000000000000000000000;
	20066 :	000000000000000000000000;
	20065 :	000000000000000000000000;
	20064 :	000000000000000000000000;
	20063 :	000000000000000000000000;
	20062 :	000000000000000000000000;
	20061 :	000000000000000000000000;
	20060 :	000000000000000000000000;
	20059 :	000000000000000000000000;
	20058 :	000000000000000000000000;
	20057 :	000000000000000000000000;
	20056 :	000000000000000000000000;
	20055 :	000000000000000000000000;
	20054 :	000000000000000000000000;
	20053 :	000000000000000000000000;
	20052 :	000000000000000000000000;
	20051 :	000000000000000000000000;
	20050 :	000000000000000000000000;
	20049 :	000000000000000000000000;
	20048 :	000000000000000000000000;
	20047 :	000000000000000000000000;
	20046 :	000000000000000000000000;
	20045 :	000000000000000000000000;
	20044 :	000000000000000000000000;
	20043 :	000000000000000000000000;
	20042 :	000000000000000000000000;
	20041 :	000000000000000000000000;
	20040 :	000000000000000000000000;
	20039 :	000000000000000000000000;
	20038 :	000000000000000000000000;
	20037 :	000000000000000000000000;
	20036 :	000000000000000000000000;
	20035 :	000000000000000000000000;
	20034 :	000000000000000000000000;
	20033 :	000000000000000000000000;
	20032 :	000000000000000000000000;
	20031 :	000000000000000000000000;
	20030 :	000000000000000000000000;
	20029 :	000000000000000000000000;
	20028 :	000000000000000000000000;
	20027 :	000000000000000000000000;
	20026 :	000000000000000000000000;
	20025 :	000000000000000000000000;
	20024 :	000000000000000000000000;
	20023 :	000000000000000000000000;
	20022 :	000000000000000000000000;
	20021 :	000000000000000000000000;
	20020 :	000000000000000000000000;
	20019 :	000000000000000000000000;
	20018 :	000000000000000000000000;
	20017 :	000000000000000000000000;
	20016 :	000000000000000000000000;
	20015 :	000000000000000000000000;
	20014 :	000000000000000000000000;
	20013 :	000000000000000000000000;
	20012 :	000000000000000000000000;
	20011 :	000000000000000000000000;
	20010 :	000000000000000000000000;
	20009 :	000000000000000000000000;
	20008 :	000000000000000000000000;
	20007 :	000000000000000000000000;
	20006 :	000000000000000000000000;
	20005 :	000000000000000000000000;
	20004 :	000000000000000000000000;
	20003 :	000000000000000000000000;
	20002 :	000000000000000000000000;
	20001 :	000000000000000000000000;
	20000 :	000000000000000000000000;
	19999 :	000000000000000000000000;
	19998 :	000000000000000000000000;
	19997 :	000000000000000000000000;
	19996 :	000000000000000000000000;
	19995 :	000000000000000000000000;
	19994 :	000000000000000000000000;
	19993 :	000000000000000000000000;
	19992 :	000000000000000000000000;
	19991 :	000000000000000000000000;
	19990 :	000000000000000000000000;
	19989 :	000000000000000000000000;
	19988 :	000000000000000000000000;
	19987 :	000000000000000000000000;
	19986 :	000000000000000000000000;
	19985 :	000000000000000000000000;
	19984 :	000000000000000000000000;
	19983 :	000000000000000000000000;
	19982 :	000000000000000000000000;
	19981 :	000000000000000000000000;
	19980 :	000000000000000000000000;
	19979 :	000000000000000000000000;
	19978 :	000000000000000000000000;
	19977 :	000000000000000000000000;
	19976 :	000000000000000000000000;
	19975 :	000000000000000000000000;
	19974 :	000000000000000000000000;
	19973 :	000000000000000000000000;
	19972 :	000000000000000000000000;
	19971 :	000000000000000000000000;
	19970 :	000000000000000000000000;
	19969 :	000000000000000000000000;
	19968 :	000000000000000000000000;
	19967 :	000000000000000100000000;
	19966 :	000000000000000000000000;
	19965 :	000000000000000000000000;
	19964 :	000000000000000000000000;
	19963 :	000000000000000000000000;
	19962 :	000000000000000000000000;
	19961 :	000000000000000000000000;
	19960 :	000000000000000000000000;
	19959 :	000000000000000000000000;
	19958 :	000000000000000000000000;
	19957 :	000000000000000000000000;
	19956 :	000000000000000000000000;
	19955 :	000000000000000000000000;
	19954 :	000000000000000000000000;
	19953 :	000000000000000000000000;
	19952 :	000000000000000000000000;
	19951 :	000000000000000000000000;
	19950 :	000000000000000000000000;
	19949 :	000000000000000000000000;
	19948 :	000000000000000000000000;
	19947 :	000000000000000000000000;
	19946 :	000000000000000000000000;
	19945 :	000000000000000000000000;
	19944 :	000000000000000000000000;
	19943 :	000000000000000000000000;
	19942 :	000000000000000000000000;
	19941 :	000000000000000000000000;
	19940 :	000000000000000000000000;
	19939 :	000000000000000000000000;
	19938 :	000000000000000000000000;
	19937 :	000000000000000000000000;
	19936 :	000000000000000000000000;
	19935 :	000000000000000000000000;
	19934 :	000000000000000000000000;
	19933 :	000000000000000000000000;
	19932 :	000000000000000000000000;
	19931 :	000000000000000000000000;
	19930 :	000000000000000000000000;
	19929 :	000000000000000000000000;
	19928 :	000000000000000000000000;
	19927 :	000000000000000000000000;
	19926 :	000000000000000000000000;
	19925 :	000000000000000000000000;
	19924 :	000000000000000000000000;
	19923 :	000000000000000000000000;
	19922 :	000000000000000000000000;
	19921 :	000000000000000000000000;
	19920 :	000000000000000000000000;
	19919 :	000000000000000000000000;
	19918 :	000000000000000000000000;
	19917 :	000000000000000000000000;
	19916 :	000000010000000000000000;
	19915 :	000000000000000000000000;
	19914 :	000000000000000000000000;
	19913 :	000000000000000000000000;
	19912 :	000000000000000000000000;
	19911 :	000000000000000000000000;
	19910 :	000000000000000000000000;
	19909 :	000000000000000000000000;
	19908 :	000000000000000000000000;
	19907 :	000000000000000000000000;
	19906 :	000000000000000000000000;
	19905 :	000000000000000000000000;
	19904 :	000000000000000000000000;
	19903 :	000000000000000000000000;
	19902 :	000000000000000000000000;
	19901 :	000000000000000000000000;
	19900 :	000000000000000000000000;
	19899 :	000000000000000000000000;
	19898 :	000000000000000000000000;
	19897 :	000000000000000000000000;
	19896 :	000000000000000000000000;
	19895 :	000000000000000000000000;
	19894 :	000000000000000000000000;
	19893 :	000000000000000000000000;
	19892 :	000000000000000000000000;
	19891 :	000000000000000000000000;
	19890 :	000000000000000000000000;
	19889 :	000000000000000000000000;
	19888 :	000000000000000000000000;
	19887 :	000000000000000000000000;
	19886 :	000000000000000000000000;
	19885 :	000000000000000000000000;
	19884 :	000000000000000000000000;
	19883 :	000000000000000000000000;
	19882 :	000000000000000000000000;
	19881 :	000000000000000000000000;
	19880 :	000000000000000000000000;
	19879 :	000000000000000000000000;
	19878 :	000000000000000000000000;
	19877 :	000000000000000000000000;
	19876 :	000000000000000000000000;
	19875 :	000000000000000000000000;
	19874 :	000000000000000000000000;
	19873 :	000000000000000000000000;
	19872 :	000000000000000000000000;
	19871 :	000000000000000000000000;
	19870 :	000000000000000000000000;
	19869 :	000000000000000000000000;
	19868 :	000000000000000000000000;
	19867 :	000000000000000000000000;
	19866 :	000000000000000000000000;
	19865 :	000000000000000000000000;
	19864 :	000000000000000000000000;
	19863 :	000000000000000000000000;
	19862 :	000000000000000000000000;
	19861 :	000000000000000000000000;
	19860 :	000000000000000000000000;
	19859 :	000000000000000000000000;
	19858 :	000000000000000000000000;
	19857 :	000000000000000000000000;
	19856 :	000000000000000000000000;
	19855 :	000000000000000000000000;
	19854 :	000000000000000000000000;
	19853 :	000000000000000000000000;
	19852 :	000000000000000000000000;
	19851 :	000000000000000000000000;
	19850 :	000000000000000000000000;
	19849 :	000000000000000000000000;
	19848 :	000000000000000000000000;
	19847 :	000000000000000000000000;
	19846 :	000000000000000000000000;
	19845 :	000000000000000000000000;
	19844 :	000000000000000000000000;
	19843 :	000000000000000000000000;
	19842 :	000000000000000000000000;
	19841 :	000000000000000000000000;
	19840 :	000000000000000000000000;
	19839 :	000000000000000000000000;
	19838 :	000000000000000000000000;
	19837 :	000000000000000000000000;
	19836 :	000000000000000000000000;
	19835 :	000000000000000000000000;
	19834 :	000000000000000000000000;
	19833 :	000000000000000000000000;
	19832 :	000000000000000000000000;
	19831 :	000000000000000000000000;
	19830 :	000000000000000000000000;
	19829 :	000000000000000000000000;
	19828 :	000000000000000000000000;
	19827 :	000000000000000000000000;
	19826 :	000000000000000000000000;
	19825 :	000000000000000000000000;
	19824 :	000000000000000000000000;
	19823 :	000000000000000000000000;
	19822 :	000000000000000000000000;
	19821 :	000000000000000000000000;
	19820 :	000000000000000000000000;
	19819 :	000000000000000000000000;
	19818 :	000000000000000000000000;
	19817 :	000000000000000000000000;
	19816 :	000000000000000000000000;
	19815 :	000000000000000000000000;
	19814 :	000000000000000000000000;
	19813 :	000000000000000000000000;
	19812 :	000000000000000000000000;
	19811 :	000000000000000000000000;
	19810 :	000000000000000000000000;
	19809 :	000000000000000000000000;
	19808 :	000000000000000000000000;
	19807 :	000000000000000000000000;
	19806 :	000000000000000000000000;
	19805 :	000000000000000000000000;
	19804 :	000000000000000000000000;
	19803 :	000000000000000000000000;
	19802 :	000000000000000000000000;
	19801 :	000000000000000000000000;
	19800 :	000000000000000000000000;
	19799 :	000000000000000000000000;
	19798 :	000000000000000000000000;
	19797 :	000000000000000000000000;
	19796 :	000000000000000000000000;
	19795 :	000000000000000000000000;
	19794 :	000000000000000000000000;
	19793 :	000000000000000000000000;
	19792 :	000000000000000000000000;
	19791 :	000000000000000000000000;
	19790 :	000000000000000000000000;
	19789 :	000000000000000000000000;
	19788 :	000000000000000000000000;
	19787 :	000000000000000000000000;
	19786 :	000000000000000000000000;
	19785 :	000000000000000000000000;
	19784 :	000000000000000000000000;
	19783 :	000000000000000000000000;
	19782 :	000000000000000000000000;
	19781 :	000000000000000000000000;
	19780 :	000000000000000000000000;
	19779 :	000000000000000000000000;
	19778 :	000000000000000000000000;
	19777 :	000000000000000000000000;
	19776 :	000000000000000000000000;
	19775 :	000000000000000000000000;
	19774 :	000000000000000000000000;
	19773 :	000000000000000000000000;
	19772 :	000000000000000000000000;
	19771 :	000000000000000000000000;
	19770 :	000000000000000000000000;
	19769 :	000000000000000000000000;
	19768 :	000000000000000000000000;
	19767 :	000000000000000000000000;
	19766 :	000000000000000000000000;
	19765 :	000000000000000000000000;
	19764 :	000000000000000000000000;
	19763 :	000000000000000000000000;
	19762 :	000000000000000000000000;
	19761 :	000000000000000000000000;
	19760 :	000000000000000000000000;
	19759 :	000000000000000000000000;
	19758 :	000000000000000000000000;
	19757 :	000000000000000000000000;
	19756 :	000000000000000000000000;
	19755 :	000000000000000000000000;
	19754 :	000000000000000000000000;
	19753 :	000000000000000000000000;
	19752 :	000000000000000000000000;
	19751 :	000000000000000000000000;
	19750 :	000000000000000000000000;
	19749 :	000000000000000000000000;
	19748 :	000000000000000000000000;
	19747 :	000000000000000000000000;
	19746 :	000000000000000000000000;
	19745 :	000000000000000000000000;
	19744 :	000000000000000000000000;
	19743 :	000000000000000000000000;
	19742 :	000000000000000000000000;
	19741 :	000000000000000000000000;
	19740 :	000000000000000000000000;
	19739 :	000000000000000000000000;
	19738 :	000000000000000000000000;
	19737 :	000000000000000000000000;
	19736 :	000000000000000000000000;
	19735 :	000000000000000000000000;
	19734 :	000000000000000000000000;
	19733 :	000000000000000000000000;
	19732 :	000000000000000000000000;
	19731 :	000000000000000000000000;
	19730 :	000000000000000000000000;
	19729 :	000000000000000000000000;
	19728 :	000000000000000000000000;
	19727 :	000000000000000000000000;
	19726 :	000000000000000000000000;
	19725 :	000000000000000000000000;
	19724 :	000000000000000000000000;
	19723 :	000000000000000000000000;
	19722 :	000000000000000000000000;
	19721 :	000000000000000000000000;
	19720 :	000000000000000000000000;
	19719 :	000000000000000000000000;
	19718 :	000000000000000000000000;
	19717 :	000000000000000000000000;
	19716 :	000000000000000000000000;
	19715 :	000000000000000000000000;
	19714 :	000000000000000000000000;
	19713 :	000000000000000000000000;
	19712 :	000000000000000000000000;
	19711 :	000000000000000000000000;
	19710 :	000000000000000000000000;
	19709 :	000000000000000000000000;
	19708 :	000000000000000000000000;
	19707 :	000000000000000000000000;
	19706 :	000000000000000000000000;
	19705 :	000000000000000000000000;
	19704 :	000000000000000000000000;
	19703 :	000000000000000000000000;
	19702 :	000000000000000000000000;
	19701 :	000000000000000000000000;
	19700 :	000000000000000000000000;
	19699 :	000000000000000000000000;
	19698 :	000000000000000000000000;
	19697 :	000000000000000000000000;
	19696 :	000000000000000000000000;
	19695 :	000000000000000000000000;
	19694 :	000000000000000000000000;
	19693 :	000000000000000000000000;
	19692 :	000000000000000000000000;
	19691 :	000000000000000000000000;
	19690 :	000000000000000000000000;
	19689 :	000000000000000000000000;
	19688 :	000000000000000000000000;
	19687 :	000000000000000000000000;
	19686 :	000000000000000000000000;
	19685 :	000000000000000000000000;
	19684 :	000000000000000000000000;
	19683 :	000000000000000000000000;
	19682 :	000000000000000000000000;
	19681 :	000000000000000000000000;
	19680 :	000000000000000000000000;
	19679 :	000000000000000000000000;
	19678 :	000000000000000000000000;
	19677 :	000000000000000000000000;
	19676 :	000000000000000000000000;
	19675 :	000000000000000000000000;
	19674 :	000000000000000000000000;
	19673 :	000000000000000000000000;
	19672 :	000000000000000000000000;
	19671 :	000000000000000000000000;
	19670 :	000000000000000000000000;
	19669 :	000000000000000000000000;
	19668 :	000000000000000000000000;
	19667 :	000000000000000000000000;
	19666 :	000000000000000000000000;
	19665 :	000000000000000000000000;
	19664 :	000000000000000000000000;
	19663 :	000000000000000000000000;
	19662 :	000000000000000000000000;
	19661 :	000000000000000000000000;
	19660 :	000000000000000000000000;
	19659 :	000000000000000000000000;
	19658 :	000000000000000000000000;
	19657 :	000000000000000000000000;
	19656 :	000000000000000000000000;
	19655 :	000000000000000000000000;
	19654 :	000000000000000000000000;
	19653 :	000000000000000000000000;
	19652 :	000000000000000000000000;
	19651 :	000000000000000000000000;
	19650 :	000000000000000000000000;
	19649 :	000000000000000000000000;
	19648 :	000000000000000000000000;
	19647 :	000000000000000000000000;
	19646 :	000000000000000000000000;
	19645 :	000000000000000000000000;
	19644 :	000000000000000000000000;
	19643 :	000000000000000000000000;
	19642 :	000000000000000000000000;
	19641 :	000000000000000000000000;
	19640 :	000000000000000000000000;
	19639 :	000000000000000000000000;
	19638 :	000000000000000000000000;
	19637 :	000000000000000000000000;
	19636 :	000000000000000000000000;
	19635 :	000000000000000000000000;
	19634 :	000000000000000000000000;
	19633 :	000000000000000000000000;
	19632 :	000000000000000000000000;
	19631 :	000000000000000000000000;
	19630 :	000000000000000000000000;
	19629 :	000000000000000000000000;
	19628 :	000000000000000000000000;
	19627 :	000000000000000000000000;
	19626 :	000000000000000000000000;
	19625 :	000000000000000000000000;
	19624 :	000000000000000000000000;
	19623 :	000000000000000000000000;
	19622 :	000000000000000000000000;
	19621 :	000000000000000000000000;
	19620 :	000000000000000000000000;
	19619 :	000000000000000000000000;
	19618 :	000000000000000000000000;
	19617 :	000000000000000000000000;
	19616 :	000000000000000000000000;
	19615 :	000000000000000000000000;
	19614 :	000000000000000000000000;
	19613 :	000000000000000000000000;
	19612 :	000000000000000000000000;
	19611 :	000000000000000000000000;
	19610 :	000000000000000000000000;
	19609 :	000000000000000000000000;
	19608 :	000000000000000000000000;
	19607 :	000000000000000000000000;
	19606 :	000000000000000000000000;
	19605 :	000000000000000000000000;
	19604 :	000000000000000000000000;
	19603 :	000000000000000000000000;
	19602 :	000000000000000000000000;
	19601 :	000000000000000000000000;
	19600 :	000000000000000000000000;
	19599 :	000000000000000000000000;
	19598 :	000000000000000000000000;
	19597 :	000000000000000000000000;
	19596 :	000000000000000000000000;
	19595 :	000000000000000000000000;
	19594 :	000000000000000000000000;
	19593 :	000000000000000000000000;
	19592 :	000000000000000000000000;
	19591 :	000000000000000000000000;
	19590 :	000000000000000000000000;
	19589 :	000000000000000000000000;
	19588 :	000000000000000000000000;
	19587 :	000000000000000000000000;
	19586 :	000000000000000000000000;
	19585 :	000000000000000000000000;
	19584 :	000000000000000000000000;
	19583 :	000000000000000000000000;
	19582 :	000000000000000000000000;
	19581 :	000000000000000000000000;
	19580 :	000000000000000000000000;
	19579 :	000000000000000000000000;
	19578 :	000000000000000000000000;
	19577 :	000000000000000000000000;
	19576 :	000000000000000000000000;
	19575 :	000000000000000000000000;
	19574 :	000000000000000000000000;
	19573 :	000000000000000000000000;
	19572 :	000000000000000000000000;
	19571 :	000000000000000000000000;
	19570 :	000000000000000000000000;
	19569 :	000000000000000000000000;
	19568 :	000000000000000000000000;
	19567 :	000000000000000000000000;
	19566 :	000000000000000000000000;
	19565 :	000000000000000000000000;
	19564 :	000000000000000000000000;
	19563 :	000000000000000000000000;
	19562 :	000000000000000000000000;
	19561 :	000000000000000000000000;
	19560 :	000000000000000000000000;
	19559 :	000000000000000000000000;
	19558 :	000000000000000000000000;
	19557 :	000000000000000000000000;
	19556 :	000000000000000000000000;
	19555 :	000000000000000000000000;
	19554 :	000000000000000000000000;
	19553 :	000000000000000000000000;
	19552 :	000000000000000100000000;
	19551 :	000000000000000000000000;
	19550 :	000000000000000000000000;
	19549 :	000000000000000000000000;
	19548 :	000000000000000000000000;
	19547 :	000000000000000000000000;
	19546 :	000000000000000000000000;
	19545 :	000000000000000000000000;
	19544 :	000000000000000000000000;
	19543 :	000000000000000000000000;
	19542 :	000000010000000000000000;
	19541 :	000000000000000000000000;
	19540 :	000000000000000000000000;
	19539 :	000000000000000000000000;
	19538 :	000000000000000000000000;
	19537 :	000000000000000000000000;
	19536 :	000000000000000000000000;
	19535 :	000000000000000000000000;
	19534 :	000000000000000000000000;
	19533 :	000000000000000000000000;
	19532 :	000000000000000000000000;
	19531 :	000000000000000000000000;
	19530 :	000000000000000000000000;
	19529 :	000000000000000000000000;
	19528 :	000000000000000000000000;
	19527 :	000000000000000000000000;
	19526 :	000000000000000000000000;
	19525 :	000000000000000000000000;
	19524 :	000000000000000000000000;
	19523 :	000000000000000000000000;
	19522 :	000000000000000000000000;
	19521 :	000000000000000000000000;
	19520 :	000000000000000000000000;
	19519 :	000000000000000000000000;
	19518 :	000000000000000000000000;
	19517 :	000000000000000000000000;
	19516 :	000000000000000000000000;
	19515 :	000000000000000000000000;
	19514 :	000000000000000000000000;
	19513 :	000000000000000000000000;
	19512 :	000000000000000000000000;
	19511 :	000000000000000000000000;
	19510 :	000000000000000000000000;
	19509 :	000000000000000000000000;
	19508 :	000000000000000000000000;
	19507 :	000000000000000000000000;
	19506 :	000000000000000000000000;
	19505 :	000000000000000000000000;
	19504 :	000000000000000000000000;
	19503 :	000000000000000000000000;
	19502 :	000000000000000000000000;
	19501 :	000000000000000000000000;
	19500 :	000000000000000000000000;
	19499 :	000000000000000000000000;
	19498 :	000000000000000000000000;
	19497 :	000000000000000000000000;
	19496 :	000000000000000000000000;
	19495 :	000000000000000000000000;
	19494 :	000000000000000000000000;
	19493 :	000000000000000000000000;
	19492 :	000000000000000000000000;
	19491 :	000000000000000000000000;
	19490 :	000000000000000000000000;
	19489 :	000000000000000000000000;
	19488 :	000000000000000000000000;
	19487 :	000000000000000000000000;
	19486 :	000000000000000000000000;
	19485 :	000000000000000000000000;
	19484 :	000000000000000000000000;
	19483 :	000000000000000000000000;
	19482 :	000000000000000000000000;
	19481 :	000000000000000000000000;
	19480 :	000000000000000000000000;
	19479 :	000000000000000000000000;
	19478 :	000000000000000000000000;
	19477 :	000000000000000000000000;
	19476 :	000000000000000000000000;
	19475 :	000000000000000000000000;
	19474 :	000000000000000000000000;
	19473 :	000000000000000000000000;
	19472 :	000000000000000000000000;
	19471 :	000000000000000000000000;
	19470 :	000000000000000000000000;
	19469 :	000000000000000000000000;
	19468 :	000000000000000000000000;
	19467 :	000000000000000000000000;
	19466 :	000000000000000000000000;
	19465 :	000000000000000000000000;
	19464 :	000000000000000000000000;
	19463 :	000000000000000000000000;
	19462 :	000000000000000000000000;
	19461 :	000000000000000000000000;
	19460 :	000000000000000000000000;
	19459 :	000000000000000000000000;
	19458 :	000000000000000000000000;
	19457 :	000000000000000000000000;
	19456 :	000000000000000000000000;
	19455 :	000000000000000000000000;
	19454 :	000000000000000000000000;
	19453 :	000000000000000000000000;
	19452 :	000000000000000000000000;
	19451 :	000000000000000000000000;
	19450 :	000000000000000000000000;
	19449 :	000000000000000000000000;
	19448 :	000000000000000000000000;
	19447 :	000000000000000000000000;
	19446 :	000000000000000000000000;
	19445 :	000000000000000000000000;
	19444 :	000000000000000000000000;
	19443 :	000000010000000000000000;
	19442 :	000000000000000000000000;
	19441 :	000000000000000000000000;
	19440 :	000000000000000000000000;
	19439 :	000000000000000000000000;
	19438 :	000000000000000000000000;
	19437 :	000000000000000000000000;
	19436 :	000000000000000000000000;
	19435 :	000000000000000000000000;
	19434 :	000000000000000000000000;
	19433 :	000000000000000000000000;
	19432 :	000000000000000000000000;
	19431 :	000000000000000000000000;
	19430 :	000000000000000000000000;
	19429 :	000000000000000000000000;
	19428 :	000000000000000000000000;
	19427 :	000000000000000000000000;
	19426 :	000000000000000000000000;
	19425 :	000000000000000000000000;
	19424 :	000000000000000000000000;
	19423 :	000000000000000000000000;
	19422 :	000000000000000000000000;
	19421 :	000000000000000000000000;
	19420 :	000000000000000000000000;
	19419 :	000000000000000000000000;
	19418 :	000000000000000000000000;
	19417 :	000000000000000000000000;
	19416 :	000000000000000000000000;
	19415 :	000000000000000000000000;
	19414 :	000000000000000000000000;
	19413 :	000000000000000000000000;
	19412 :	000000000000000000000000;
	19411 :	000000000000000000000000;
	19410 :	000000000000000000000000;
	19409 :	000000000000000000000000;
	19408 :	000000000000000000000000;
	19407 :	000000000000000000000000;
	19406 :	000000000000000000000000;
	19405 :	000000000000000000000000;
	19404 :	000000000000000000000000;
	19403 :	000000000000000000000000;
	19402 :	000000000000000000000000;
	19401 :	000000000000000000000000;
	19400 :	000000000000000000000000;
	19399 :	000000000000000000000000;
	19398 :	000000000000000000000000;
	19397 :	000000000000000000000000;
	19396 :	000000000000000000000000;
	19395 :	000000000000000000000000;
	19394 :	000000000000000000000000;
	19393 :	000000000000000000000000;
	19392 :	000000000000000000000000;
	19391 :	000000000000000000000000;
	19390 :	000000000000000000000000;
	19389 :	000000000000000000000000;
	19388 :	000000000000000000000000;
	19387 :	000000000000000000000000;
	19386 :	000000000000000000000000;
	19385 :	000000000000000000000000;
	19384 :	000000000000000000000000;
	19383 :	000000000000000000000000;
	19382 :	000000000000000000000000;
	19381 :	000000000000000000000000;
	19380 :	000000000000000000000000;
	19379 :	000000000000000000000000;
	19378 :	000000000000000000000000;
	19377 :	000000000000000000000000;
	19376 :	000000000000000000000000;
	19375 :	000000000000000000000000;
	19374 :	000000000000000000000000;
	19373 :	000000000000000000000000;
	19372 :	000000000000000000000000;
	19371 :	000000000000000000000000;
	19370 :	000000000000000000000000;
	19369 :	000000000000000000000000;
	19368 :	000000000000000000000000;
	19367 :	000000000000000000000000;
	19366 :	000000000000000000000000;
	19365 :	000000000000000000000000;
	19364 :	000000000000000000000000;
	19363 :	000000000000000000000000;
	19362 :	000000000000000000000000;
	19361 :	000000000000000000000000;
	19360 :	000000000000000000000000;
	19359 :	000000000000000000000000;
	19358 :	000000000000000000000000;
	19357 :	000000000000000000000000;
	19356 :	000000000000000000000001;
	19355 :	000000000000000000000000;
	19354 :	000000000000000000000000;
	19353 :	000000000000000000000000;
	19352 :	000000000000000000000000;
	19351 :	000000000000000000000000;
	19350 :	000000000000000000000000;
	19349 :	000000000000000000000000;
	19348 :	000000000000000000000000;
	19347 :	000000000000000000000000;
	19346 :	000000000000000000000000;
	19345 :	000000000000000000000000;
	19344 :	000000000000000000000000;
	19343 :	000000000000000000000000;
	19342 :	000000000000000000000000;
	19341 :	000000000000000000000000;
	19340 :	000000000000000000000000;
	19339 :	000000000000000000000000;
	19338 :	000000000000000000000000;
	19337 :	000000000000000000000000;
	19336 :	000000000000000000000000;
	19335 :	000000000000000000000000;
	19334 :	000000000000000000000000;
	19333 :	000000000000000000000000;
	19332 :	000000000000000000000000;
	19331 :	000000000000000000000000;
	19330 :	000000000000000000000000;
	19329 :	000000000000000000000000;
	19328 :	000000000000000000000000;
	19327 :	000000000000000000000000;
	19326 :	000000000000000000000000;
	19325 :	000000000000000000000000;
	19324 :	000000000000000000000000;
	19323 :	000000000000000000000000;
	19322 :	000000000000000000000000;
	19321 :	000000000000000000000000;
	19320 :	000000000000000000000000;
	19319 :	000000000000000000000000;
	19318 :	000000000000000000000000;
	19317 :	000000000000000000000000;
	19316 :	000000000000000000000000;
	19315 :	000000000000000000000000;
	19314 :	000000000000000000000000;
	19313 :	000000000000000000000000;
	19312 :	000000000000000000000000;
	19311 :	000000000000000000000000;
	19310 :	000000000000000000000000;
	19309 :	000000000000000000000000;
	19308 :	000000000000000000000000;
	19307 :	000000000000000000000000;
	19306 :	000000000000000000000000;
	19305 :	000000000000000000000000;
	19304 :	000000000000000000000000;
	19303 :	000000000000000000000000;
	19302 :	000000000000000000000000;
	19301 :	000000000000000000000000;
	19300 :	000000000000000000000000;
	19299 :	000000000000000000000000;
	19298 :	000000000000000000000000;
	19297 :	000000000000000000000000;
	19296 :	000000000000000000000000;
	19295 :	000000000000000000000000;
	19294 :	000000000000000000000000;
	19293 :	000000000000000000000000;
	19292 :	000000000000000000000000;
	19291 :	000000000000000000000000;
	19290 :	000000000000000000000000;
	19289 :	000000000000000000000000;
	19288 :	000000000000000000000000;
	19287 :	000000000000000000000000;
	19286 :	000000000000000000000000;
	19285 :	000000000000000000000000;
	19284 :	000000000000000000000000;
	19283 :	000000000000000000000000;
	19282 :	000000000000000000000000;
	19281 :	000000000000000000000000;
	19280 :	000000000000000000000000;
	19279 :	000000000000000000000000;
	19278 :	000000000000000000000000;
	19277 :	000000000000000000000000;
	19276 :	000000000000000000000000;
	19275 :	000000000000000000000000;
	19274 :	000000000000000000000000;
	19273 :	000000000000000000000000;
	19272 :	000000000000000000000000;
	19271 :	000000000000000000000000;
	19270 :	000000000000000000000000;
	19269 :	000000000000000000000000;
	19268 :	000000000000000000000000;
	19267 :	000000000000000000000000;
	19266 :	000000000000000000000000;
	19265 :	000000000000000000000000;
	19264 :	000000000000000000000000;
	19263 :	000000000000000000000000;
	19262 :	000000000000000000000000;
	19261 :	000000000000000000000000;
	19260 :	000000000000000000000000;
	19259 :	000000000000000000000000;
	19258 :	000000000000000000000000;
	19257 :	000000000000000000000000;
	19256 :	000000000000000000000000;
	19255 :	000000000000000000000000;
	19254 :	000000000000000000000000;
	19253 :	000000000000000000000000;
	19252 :	000000000000000000000000;
	19251 :	000000000000000000000000;
	19250 :	000000010000000000000000;
	19249 :	000000000000000000000000;
	19248 :	000000000000000000000000;
	19247 :	000000000000000000000000;
	19246 :	000000000000000000000000;
	19245 :	000000000000000000000000;
	19244 :	000000000000000000000000;
	19243 :	000000000000000000000000;
	19242 :	000000000000000000000000;
	19241 :	000000000000000000000000;
	19240 :	000000000000000000000000;
	19239 :	000000000000000000000000;
	19238 :	000000000000000000000000;
	19237 :	000000000000000000000000;
	19236 :	000000000000000000000000;
	19235 :	000000000000000000000000;
	19234 :	000000000000000000000000;
	19233 :	000000000000000000000000;
	19232 :	000000000000000000000000;
	19231 :	000000000000000000000000;
	19230 :	000000000000000000000000;
	19229 :	000000000000000000000000;
	19228 :	000000000000000000000000;
	19227 :	000000000000000000000000;
	19226 :	000000000000000000000000;
	19225 :	000000000000000000000000;
	19224 :	000000000000000000000000;
	19223 :	000000000000000000000000;
	19222 :	000000000000000000000000;
	19221 :	000000000000000000000000;
	19220 :	000000000000000000000000;
	19219 :	000000000000000000000000;
	19218 :	000000000000000000000000;
	19217 :	000000000000000000000000;
	19216 :	000000000000000000000000;
	19215 :	000000000000000000000000;
	19214 :	000000000000000000000000;
	19213 :	000000000000000000000000;
	19212 :	000000000000000000000000;
	19211 :	000000000000000000000000;
	19210 :	000000000000000000000000;
	19209 :	000000000000000000000000;
	19208 :	000000000000000000000000;
	19207 :	000000000000000000000000;
	19206 :	000000000000000000000000;
	19205 :	000000000000000000000000;
	19204 :	000000000000000000000000;
	19203 :	000000000000000000000000;
	19202 :	000000000000000000000000;
	19201 :	000000000000000000000000;
	19200 :	000000000000000000000000;
	19199 :	000000000000000000000000;
	19198 :	000000000000000000000000;
	19197 :	000000000000000000000000;
	19196 :	000000000000000000000000;
	19195 :	000000000000000000000000;
	19194 :	000000000000000000000000;
	19193 :	000000000000000000000000;
	19192 :	000000000000000000000000;
	19191 :	000000000000000000000000;
	19190 :	000000000000000000000000;
	19189 :	000000000000000000000000;
	19188 :	000000000000000000000000;
	19187 :	000000000000000000000000;
	19186 :	000000000000000000000000;
	19185 :	000000000000000000000000;
	19184 :	000000000000000000000000;
	19183 :	000000000000000000000000;
	19182 :	000000000000000000000000;
	19181 :	000000000000000000000000;
	19180 :	000000000000000000000000;
	19179 :	000000000000000000000000;
	19178 :	000000000000000000000000;
	19177 :	000000000000000000000000;
	19176 :	000000000000000000000000;
	19175 :	000000000000000000000000;
	19174 :	000000000000000000000000;
	19173 :	000000000000000000000000;
	19172 :	000000000000000000000000;
	19171 :	000000000000000000000000;
	19170 :	000000000000000000000000;
	19169 :	000000000000000000000000;
	19168 :	000000000000000000000000;
	19167 :	000000000000000000000000;
	19166 :	000000000000000000000000;
	19165 :	000000000000000000000000;
	19164 :	000000000000000000000000;
	19163 :	000000000000000000000000;
	19162 :	000000000000000000000000;
	19161 :	000000000000000000000000;
	19160 :	000000000000000000000000;
	19159 :	000000000000000000000000;
	19158 :	000000000000000000000000;
	19157 :	000000000000000000000000;
	19156 :	000000000000000000000000;
	19155 :	000000000000000000000000;
	19154 :	000000000000000000000000;
	19153 :	000000000000000000000000;
	19152 :	000000000000000000000000;
	19151 :	000000000000000000000000;
	19150 :	000000000000000000000000;
	19149 :	000000000000000000000000;
	19148 :	000000000000000000000000;
	19147 :	000000000000000000000000;
	19146 :	000000000000000000000000;
	19145 :	000000000000000000000000;
	19144 :	000000000000000000000000;
	19143 :	000000000000000000000000;
	19142 :	000000000000000000000000;
	19141 :	000000000000000000000000;
	19140 :	000000000000000000000000;
	19139 :	000000000000000000000000;
	19138 :	000000000000000000000000;
	19137 :	000000000000000000000000;
	19136 :	000000000000000000000000;
	19135 :	000000000000000000000000;
	19134 :	000000000000000000000000;
	19133 :	000000000000000000000000;
	19132 :	000000000000000000000000;
	19131 :	000000000000000000000000;
	19130 :	000000000000000000000000;
	19129 :	000000000000000000000000;
	19128 :	000000000000000000000000;
	19127 :	000000000000000000000000;
	19126 :	000000000000000000000000;
	19125 :	000000000000000000000000;
	19124 :	000000000000000000000000;
	19123 :	000000000000000000000000;
	19122 :	000000000000000000000000;
	19121 :	000000000000000000000000;
	19120 :	000000000000000000000000;
	19119 :	000000000000000000000000;
	19118 :	000000000000000000000000;
	19117 :	000000000000000000000000;
	19116 :	000000000000000000000000;
	19115 :	000000000000000000000000;
	19114 :	000000000000000000000000;
	19113 :	000000000000000000000000;
	19112 :	000000000000000000000000;
	19111 :	000000000000000000000000;
	19110 :	000000000000000000000000;
	19109 :	000000000000000000000000;
	19108 :	000000000000000000000000;
	19107 :	000000000000000000000000;
	19106 :	000000000000000000000000;
	19105 :	000000000000000000000000;
	19104 :	000000000000000000000000;
	19103 :	000000000000000000000000;
	19102 :	000000000000000000000000;
	19101 :	000000000000000000000000;
	19100 :	000000000000000000000000;
	19099 :	000000000000000000000000;
	19098 :	000000000000000000000000;
	19097 :	000000000000000000000000;
	19096 :	000000000000000000000000;
	19095 :	000000000000000000000000;
	19094 :	000000000000000000000000;
	19093 :	000000000000000000000000;
	19092 :	000000000000000000000000;
	19091 :	000000000000000000000000;
	19090 :	000000000000000000000000;
	19089 :	000000000000000000000000;
	19088 :	000000000000000000000000;
	19087 :	000000000000000000000000;
	19086 :	000000000000000000000000;
	19085 :	000000000000000000000000;
	19084 :	000000000000000000000000;
	19083 :	000000000000000000000000;
	19082 :	000000000000000000000000;
	19081 :	000000000000000000000000;
	19080 :	000000000000000000000000;
	19079 :	000000000000000000000000;
	19078 :	000000000000000000000000;
	19077 :	000000000000000000000000;
	19076 :	000000000000000000000000;
	19075 :	000000000000000000000000;
	19074 :	000000000000000000000000;
	19073 :	000000000000000000000000;
	19072 :	000000000000000000000000;
	19071 :	000000000000000000000000;
	19070 :	000000000000000000000000;
	19069 :	000000000000000000000000;
	19068 :	000000000000000000000000;
	19067 :	000000000000000000000000;
	19066 :	000000000000000000000000;
	19065 :	000000000000000000000000;
	19064 :	000000000000000000000000;
	19063 :	000000000000000000000000;
	19062 :	000000000000000000000000;
	19061 :	000000000000000000000000;
	19060 :	000000000000000000000000;
	19059 :	000000000000000000000000;
	19058 :	000000000000000000000000;
	19057 :	000000000000000000000000;
	19056 :	000000000000000000000000;
	19055 :	000000000000000000000000;
	19054 :	000000000000000000000000;
	19053 :	000000000000000000000000;
	19052 :	000000000000000000000000;
	19051 :	000000000000000000000000;
	19050 :	000000000000000000000000;
	19049 :	000000000000000000000000;
	19048 :	000000000000000000000000;
	19047 :	000000000000000000000000;
	19046 :	000000000000000000000000;
	19045 :	000000000000000000000000;
	19044 :	000000000000000000000000;
	19043 :	000000000000000000000000;
	19042 :	000000000000000000000000;
	19041 :	000000000000000000000000;
	19040 :	000000000000000000000000;
	19039 :	000000000000000000000000;
	19038 :	000000000000000000000000;
	19037 :	000000000000000000000000;
	19036 :	000000000000000000000000;
	19035 :	000000000000000000000000;
	19034 :	000000000000000000000000;
	19033 :	000000000000000000000001;
	19032 :	000000000000000000000000;
	19031 :	000000000000000000000000;
	19030 :	000000000000000000000000;
	19029 :	000000000000000000000000;
	19028 :	000000010000000000000000;
	19027 :	000000000000000000000000;
	19026 :	000000000000000000000000;
	19025 :	000000000000000000000000;
	19024 :	000000000000000000000000;
	19023 :	000000000000000000000000;
	19022 :	000000000000000000000000;
	19021 :	000000000000000000000000;
	19020 :	000000000000000000000000;
	19019 :	000000000000000000000000;
	19018 :	000000000000000000000000;
	19017 :	000000000000000000000000;
	19016 :	000000000000000000000000;
	19015 :	000000000000000000000000;
	19014 :	000000000000000000000000;
	19013 :	000000000000000000000000;
	19012 :	000000000000000000000000;
	19011 :	000000000000000000000001;
	19010 :	000000000000000000000000;
	19009 :	000000000000000000000000;
	19008 :	000000000000000000000000;
	19007 :	000000000000000000000000;
	19006 :	000000000000000000000000;
	19005 :	000000000000000000000000;
	19004 :	000000000000000000000000;
	19003 :	000000000000000000000000;
	19002 :	000000000000000000000000;
	19001 :	000000000000000000000000;
	19000 :	000000000000000000000000;
	18999 :	000000000000000000000000;
	18998 :	000000000000000000000000;
	18997 :	000000000000000000000000;
	18996 :	000000000000000000000000;
	18995 :	000000000000000000000000;
	18994 :	000000000000000000000000;
	18993 :	000000000000000000000000;
	18992 :	000000000000000000000000;
	18991 :	000000000000000000000000;
	18990 :	000000000000000000000000;
	18989 :	000000000000000000000000;
	18988 :	000000000000000000000000;
	18987 :	000000000000000000000000;
	18986 :	000000000000000000000000;
	18985 :	000000000000000000000000;
	18984 :	000000000000000000000000;
	18983 :	000000000000000000000000;
	18982 :	000000000000000000000000;
	18981 :	000000000000000000000000;
	18980 :	000000000000000000000000;
	18979 :	000000000000000000000000;
	18978 :	000000000000000000000000;
	18977 :	000000000000000000000000;
	18976 :	000000000000000000000000;
	18975 :	000000000000000000000000;
	18974 :	000000000000000000000000;
	18973 :	000000000000000000000000;
	18972 :	000000000000000000000000;
	18971 :	000000000000000000000001;
	18970 :	000000000000000000000000;
	18969 :	000000000000000000000000;
	18968 :	000000000000000000000000;
	18967 :	000000000000000000000000;
	18966 :	000000000000000000000000;
	18965 :	000000000000000000000000;
	18964 :	000000000000000000000000;
	18963 :	000000000000000000000000;
	18962 :	000000000000000000000000;
	18961 :	000000000000000000000000;
	18960 :	000000000000000000000000;
	18959 :	000000000000000000000000;
	18958 :	000000000000000000000000;
	18957 :	000000000000000000000000;
	18956 :	000000000000000000000000;
	18955 :	000000000000000000000000;
	18954 :	000000000000000000000000;
	18953 :	000000000000000000000000;
	18952 :	000000000000000000000000;
	18951 :	000000000000000000000000;
	18950 :	000000000000000000000001;
	18949 :	000000000000000000000000;
	18948 :	000000000000000000000000;
	18947 :	000000000000000000000000;
	18946 :	000000000000000000000000;
	18945 :	000000000000000000000000;
	18944 :	000000000000000000000000;
	18943 :	000000000000000000000000;
	18942 :	000000000000000000000000;
	18941 :	000000000000000000000000;
	18940 :	000000000000000000000000;
	18939 :	000000000000000000000000;
	18938 :	000000000000000000000000;
	18937 :	000000000000000000000000;
	18936 :	000000000000000000000000;
	18935 :	000000000000000000000000;
	18934 :	000000000000000000000000;
	18933 :	000000000000000000000000;
	18932 :	000000000000000000000000;
	18931 :	000000000000000000000000;
	18930 :	000000000000000000000000;
	18929 :	000000000000000000000000;
	18928 :	000000000000000000000000;
	18927 :	000000000000000000000000;
	18926 :	000000000000000000000000;
	18925 :	000000000000000000000000;
	18924 :	000000000000000000000000;
	18923 :	000000000000000000000000;
	18922 :	000000000000000000000000;
	18921 :	000000000000000000000000;
	18920 :	000000000000000000000000;
	18919 :	000000000000000000000000;
	18918 :	000000000000000000000000;
	18917 :	000000000000000000000000;
	18916 :	000000000000000000000000;
	18915 :	000000000000000000000000;
	18914 :	000000000000000000000000;
	18913 :	000000000000000000000000;
	18912 :	000000000000000000000000;
	18911 :	000000000000000000000000;
	18910 :	000000000000000000000000;
	18909 :	000000000000000000000000;
	18908 :	000000000000000000000000;
	18907 :	000000000000000000000000;
	18906 :	000000000000000000000000;
	18905 :	000000000000000000000000;
	18904 :	000000000000000000000000;
	18903 :	000000000000000000000000;
	18902 :	000000000000000000000000;
	18901 :	000000000000000000000000;
	18900 :	000000000000000000000000;
	18899 :	000000000000000000000000;
	18898 :	000000000000000000000000;
	18897 :	000000000000000000000000;
	18896 :	000000000000000000000000;
	18895 :	000000000000000000000000;
	18894 :	000000000000000000000000;
	18893 :	000000000000000000000000;
	18892 :	000000000000000000000000;
	18891 :	000000000000000000000000;
	18890 :	000000000000000000000000;
	18889 :	000000000000000000000000;
	18888 :	000000000000000000000000;
	18887 :	000000000000000000000000;
	18886 :	000000000000000000000000;
	18885 :	000000000000000000000000;
	18884 :	000000000000000000000000;
	18883 :	000000000000000000000000;
	18882 :	000000000000000000000000;
	18881 :	000000000000000000000000;
	18880 :	000000000000000000000000;
	18879 :	000000000000000000000000;
	18878 :	000000000000000000000000;
	18877 :	000000000000000000000000;
	18876 :	000000000000000000000000;
	18875 :	000000000000000000000000;
	18874 :	000000000000000000000000;
	18873 :	000000000000000000000000;
	18872 :	000000000000000000000000;
	18871 :	000000000000000000000000;
	18870 :	000000000000000000000000;
	18869 :	000000000000000000000000;
	18868 :	000000000000000000000000;
	18867 :	000000000000000000000000;
	18866 :	000000000000000000000000;
	18865 :	000000000000000000000000;
	18864 :	000000000000000000000000;
	18863 :	000000000000000000000000;
	18862 :	000000000000000000000000;
	18861 :	000000000000000000000000;
	18860 :	000000000000000000000000;
	18859 :	000000000000000000000000;
	18858 :	000000000000000000000000;
	18857 :	000000000000000000000000;
	18856 :	000000000000000000000000;
	18855 :	000000000000000000000000;
	18854 :	000000000000000000000000;
	18853 :	000000000000000000000000;
	18852 :	000000000000000000000000;
	18851 :	000000000000000000000000;
	18850 :	000000000000000000000000;
	18849 :	000000000000000000000000;
	18848 :	000000000000000000000000;
	18847 :	000000000000000000000000;
	18846 :	000000000000000000000000;
	18845 :	000000000000000000000000;
	18844 :	000000000000000000000000;
	18843 :	000000000000000000000000;
	18842 :	000000000000000000000000;
	18841 :	000000000000000000000000;
	18840 :	000000000000000000000000;
	18839 :	000000000000000000000000;
	18838 :	000000000000000000000000;
	18837 :	000000000000000000000000;
	18836 :	000000000000000000000000;
	18835 :	000000000000000000000000;
	18834 :	000000000000000000000000;
	18833 :	000000000000000000000000;
	18832 :	000000000000000000000000;
	18831 :	000000000000000000000000;
	18830 :	000000000000000000000000;
	18829 :	000000000000000000000001;
	18828 :	000000000000000000000000;
	18827 :	000000000000000000000000;
	18826 :	000000000000000000000000;
	18825 :	000000000000000000000000;
	18824 :	000000000000000000000000;
	18823 :	000000000000000000000000;
	18822 :	000000000000000000000000;
	18821 :	000000000000000000000000;
	18820 :	000000000000000000000000;
	18819 :	000000000000000000000000;
	18818 :	000000000000000000000000;
	18817 :	000000000000000000000000;
	18816 :	000000000000000000000000;
	18815 :	000000000000000000000000;
	18814 :	000000000000000000000000;
	18813 :	000000000000000000000000;
	18812 :	000000000000000000000000;
	18811 :	000000000000000000000000;
	18810 :	000000000000000000000000;
	18809 :	000000000000000000000000;
	18808 :	000000000000000000000000;
	18807 :	000000000000000000000000;
	18806 :	000000000000000000000000;
	18805 :	000000000000000000000000;
	18804 :	000000000000000000000000;
	18803 :	000000000000000000000000;
	18802 :	000000000000000000000000;
	18801 :	000000000000000000000000;
	18800 :	000000000000000000000000;
	18799 :	000000000000000000000000;
	18798 :	000000000000000000000000;
	18797 :	000000000000000000000000;
	18796 :	000000000000000000000000;
	18795 :	000000000000000000000000;
	18794 :	000000000000000000000000;
	18793 :	000000000000000000000000;
	18792 :	000000000000000000000000;
	18791 :	000000000000000000000000;
	18790 :	000000000000000000000000;
	18789 :	000000000000000000000000;
	18788 :	000000000000000000000000;
	18787 :	000000000000000000000000;
	18786 :	000000000000000000000000;
	18785 :	000000000000000000000000;
	18784 :	000000000000000000000000;
	18783 :	000000000000000000000000;
	18782 :	000000000000000000000000;
	18781 :	000000000000000000000000;
	18780 :	000000000000000000000000;
	18779 :	000000000000000000000000;
	18778 :	000000000000000000000000;
	18777 :	000000000000000000000000;
	18776 :	000000000000000000000000;
	18775 :	000000000000000000000000;
	18774 :	000000000000000000000000;
	18773 :	000000000000000000000000;
	18772 :	000000000000000000000000;
	18771 :	000000000000000000000000;
	18770 :	000000000000000000000000;
	18769 :	000000000000000000000000;
	18768 :	000000000000000000000000;
	18767 :	000000000000000000000000;
	18766 :	000000000000000000000000;
	18765 :	000000000000000000000000;
	18764 :	000000000000000000000000;
	18763 :	000000000000000000000000;
	18762 :	000000000000000000000000;
	18761 :	000000000000000000000000;
	18760 :	000000000000000000000000;
	18759 :	000000000000000000000000;
	18758 :	000000000000000000000000;
	18757 :	000000000000000000000000;
	18756 :	000000000000000000000000;
	18755 :	000000000000000000000000;
	18754 :	000000000000000000000000;
	18753 :	000000000000000000000000;
	18752 :	000000000000000000000000;
	18751 :	000000000000000000000000;
	18750 :	000000000000000000000000;
	18749 :	000000000000000000000000;
	18748 :	000000000000000000000000;
	18747 :	000000000000000000000000;
	18746 :	000000000000000000000000;
	18745 :	000000000000000000000000;
	18744 :	000000000000000000000000;
	18743 :	000000000000000000000000;
	18742 :	000000000000000000000000;
	18741 :	000000000000000000000000;
	18740 :	000000000000000000000000;
	18739 :	000000000000000000000000;
	18738 :	000000000000000000000000;
	18737 :	000000000000000000000000;
	18736 :	000000000000000000000000;
	18735 :	000000000000000000000000;
	18734 :	000000000000000000000000;
	18733 :	000000000000000000000000;
	18732 :	000000000000000000000000;
	18731 :	000000000000000000000000;
	18730 :	000000000000000000000001;
	18729 :	000000000000000000000000;
	18728 :	000000000000000000000000;
	18727 :	000000000000000000000000;
	18726 :	000000000000000000000000;
	18725 :	000000000000000000000000;
	18724 :	000000000000000000000000;
	18723 :	000000000000000000000000;
	18722 :	000000000000000000000000;
	18721 :	000000000000000000000000;
	18720 :	000000000000000000000000;
	18719 :	000000000000000000000000;
	18718 :	000000000000000000000000;
	18717 :	000000000000000000000000;
	18716 :	000000000000000000000000;
	18715 :	000000000000000000000000;
	18714 :	000000000000000000000000;
	18713 :	000000000000000000000000;
	18712 :	000000000000000000000000;
	18711 :	000000000000000000000000;
	18710 :	000000000000000000000000;
	18709 :	000000000000000000000000;
	18708 :	000000000000000000000000;
	18707 :	000000000000000000000000;
	18706 :	000000000000000000000000;
	18705 :	000000000000000000000000;
	18704 :	000000000000000000000000;
	18703 :	000000000000000000000000;
	18702 :	000000000000000000000000;
	18701 :	000000000000000000000000;
	18700 :	000000000000000000000000;
	18699 :	000000000000000000000000;
	18698 :	000000000000000000000000;
	18697 :	000000000000000000000000;
	18696 :	000000000000000000000000;
	18695 :	000000000000000000000000;
	18694 :	000000000000000000000000;
	18693 :	000000000000000000000000;
	18692 :	000000000000000000000000;
	18691 :	000000000000000000000000;
	18690 :	000000000000000000000000;
	18689 :	000000000000000000000000;
	18688 :	000000000000000000000000;
	18687 :	000000000000000000000000;
	18686 :	000000000000000000000000;
	18685 :	000000000000000000000000;
	18684 :	000000000000000000000000;
	18683 :	000000000000000000000000;
	18682 :	000000000000000000000000;
	18681 :	000000000000000000000000;
	18680 :	000000000000000000000000;
	18679 :	000000000000000000000000;
	18678 :	000000000000000000000000;
	18677 :	000000000000000000000000;
	18676 :	000000000000000000000000;
	18675 :	000000000000000000000000;
	18674 :	000000000000000000000000;
	18673 :	000000000000000000000000;
	18672 :	000000000000000000000000;
	18671 :	000000000000000000000000;
	18670 :	000000000000000000000000;
	18669 :	000000000000000000000000;
	18668 :	000000000000000000000000;
	18667 :	000000000000000000000000;
	18666 :	000000000000000000000000;
	18665 :	000000000000000000000000;
	18664 :	000000000000000000000000;
	18663 :	000000000000000000000000;
	18662 :	000000000000000000000000;
	18661 :	000000000000000000000000;
	18660 :	000000000000000000000000;
	18659 :	000000000000000000000000;
	18658 :	000000000000000000000000;
	18657 :	000000000000000000000000;
	18656 :	000000000000000000000000;
	18655 :	000000000000000000000000;
	18654 :	000000000000000000000000;
	18653 :	000000000000000000000000;
	18652 :	000000000000000000000000;
	18651 :	000000000000000000000000;
	18650 :	000000000000000000000000;
	18649 :	000000000000000000000000;
	18648 :	000000000000000000000000;
	18647 :	000000000000000000000000;
	18646 :	000000000000000000000000;
	18645 :	000000000000000000000000;
	18644 :	000000000000000000000000;
	18643 :	000000000000000000000000;
	18642 :	000000000000000000000000;
	18641 :	000000000000000000000000;
	18640 :	000000000000000000000000;
	18639 :	000000000000000000000000;
	18638 :	000000000000000000000000;
	18637 :	000000000000000000000000;
	18636 :	000000000000000000000000;
	18635 :	000000000000000000000000;
	18634 :	000000000000000000000000;
	18633 :	000000000000000000000000;
	18632 :	000000000000000000000000;
	18631 :	000000000000000000000000;
	18630 :	000000000000000000000000;
	18629 :	000000000000000000000000;
	18628 :	000000000000000000000000;
	18627 :	000000000000000000000000;
	18626 :	000000000000000000000000;
	18625 :	000000000000000000000000;
	18624 :	000000000000000000000000;
	18623 :	000000000000000000000000;
	18622 :	000000000000000000000000;
	18621 :	000000000000000000000000;
	18620 :	000000000000000000000000;
	18619 :	000000000000000000000000;
	18618 :	000000000000000000000000;
	18617 :	000000000000000000000000;
	18616 :	000000000000000000000000;
	18615 :	000000000000000000000000;
	18614 :	000000000000000000000000;
	18613 :	000000000000000000000000;
	18612 :	000000000000000000000000;
	18611 :	000000000000000000000000;
	18610 :	000000000000000000000000;
	18609 :	000000000000000000000000;
	18608 :	000000000000000000000000;
	18607 :	000000000000000000000000;
	18606 :	000000000000000000000000;
	18605 :	000000000000000000000000;
	18604 :	000000000000000000000000;
	18603 :	000000000000000000000000;
	18602 :	000000000000000000000000;
	18601 :	000000000000000000000000;
	18600 :	000000000000000000000000;
	18599 :	000000000000000000000000;
	18598 :	000000000000000000000000;
	18597 :	000000000000000000000000;
	18596 :	000000000000000000000000;
	18595 :	000000000000000000000000;
	18594 :	000000000000000000000000;
	18593 :	000000000000000000000000;
	18592 :	000000000000000000000000;
	18591 :	000000000000000000000000;
	18590 :	000000000000000000000000;
	18589 :	000000000000000000000000;
	18588 :	000000000000000000000000;
	18587 :	000000000000000000000000;
	18586 :	000000000000000000000000;
	18585 :	000000000000000000000000;
	18584 :	000000000000000000000000;
	18583 :	000000000000000000000000;
	18582 :	000000000000000000000000;
	18581 :	000000000000000000000000;
	18580 :	000000000000000000000000;
	18579 :	000000000000000000000000;
	18578 :	000000000000000000000000;
	18577 :	000000000000000000000000;
	18576 :	000000000000000000000000;
	18575 :	000000000000000000000000;
	18574 :	000000000000000000000000;
	18573 :	000000000000000000000000;
	18572 :	000000000000000000000000;
	18571 :	000000000000000000000000;
	18570 :	000000000000000000000000;
	18569 :	000000000000000000000000;
	18568 :	000000000000000000000000;
	18567 :	000000000000000000000000;
	18566 :	000000000000000000000000;
	18565 :	000000000000000000000000;
	18564 :	000000000000000000000000;
	18563 :	000000000000000000000000;
	18562 :	000000000000000000000000;
	18561 :	000000000000000000000000;
	18560 :	000000000000000000000000;
	18559 :	000000000000000000000000;
	18558 :	000000000000000000000000;
	18557 :	000000000000000000000000;
	18556 :	000000000000000000000000;
	18555 :	000000000000000000000000;
	18554 :	000000000000000000000000;
	18553 :	000000000000000000000000;
	18552 :	000000000000000000000000;
	18551 :	000000000000000000000000;
	18550 :	000000000000000000000000;
	18549 :	000000000000000000000000;
	18548 :	000000000000000000000000;
	18547 :	000000000000000000000000;
	18546 :	000000000000000000000000;
	18545 :	000000000000000000000000;
	18544 :	000000000000000000000000;
	18543 :	000000000000000000000000;
	18542 :	000000000000000000000000;
	18541 :	000000000000000000000000;
	18540 :	000000000000000000000000;
	18539 :	000000000000000000000000;
	18538 :	000000000000000000000000;
	18537 :	000000000000000000000000;
	18536 :	000000000000000000000000;
	18535 :	000000000000000000000000;
	18534 :	000000000000000000000000;
	18533 :	000000000000000000000000;
	18532 :	000000000000000000000000;
	18531 :	000000000000000000000000;
	18530 :	000000000000000000000000;
	18529 :	000000000000000000000000;
	18528 :	000000000000000000000000;
	18527 :	000000000000000000000000;
	18526 :	000000000000000000000000;
	18525 :	000000000000000000000000;
	18524 :	000000000000000000000000;
	18523 :	000000000000000000000000;
	18522 :	000000000000000000000000;
	18521 :	000000000000000000000000;
	18520 :	000000000000000000000000;
	18519 :	000000000000000000000000;
	18518 :	000000000000000000000000;
	18517 :	000000000000000000000000;
	18516 :	000000000000000000000000;
	18515 :	000000000000000000000000;
	18514 :	000000000000000000000000;
	18513 :	000000000000000000000000;
	18512 :	000000000000000000000000;
	18511 :	000000000000000000000000;
	18510 :	000000000000000000000000;
	18509 :	000000000000000000000000;
	18508 :	000000000000000000000000;
	18507 :	000000000000000000000000;
	18506 :	000000000000000000000000;
	18505 :	000000000000000000000000;
	18504 :	000000000000000000000000;
	18503 :	000000000000000000000000;
	18502 :	000000000000000000000000;
	18501 :	000000000000000000000000;
	18500 :	000000000000000000000000;
	18499 :	000000000000000000000000;
	18498 :	000000000000000000000000;
	18497 :	000000000000000000000000;
	18496 :	000000000000000000000000;
	18495 :	000000000000000000000000;
	18494 :	000000000000000000000000;
	18493 :	000000000000000000000000;
	18492 :	000000000000000000000000;
	18491 :	000000000000000000000000;
	18490 :	000000000000000000000000;
	18489 :	000000000000000000000000;
	18488 :	000000000000000000000000;
	18487 :	000000000000000000000000;
	18486 :	000000000000000000000000;
	18485 :	000000000000000000000000;
	18484 :	000000000000000000000000;
	18483 :	000000000000000000000000;
	18482 :	000000000000000000000000;
	18481 :	000000000000000000000000;
	18480 :	000000000000000000000000;
	18479 :	000000000000000000000000;
	18478 :	000000000000000000000000;
	18477 :	000000000000000000000000;
	18476 :	000000000000000000000000;
	18475 :	010100100011101100111101;
	18474 :	010100100011101100111101;
	18473 :	010100100011101100111101;
	18472 :	010100100011101100111101;
	18471 :	010100100011101100111101;
	18470 :	010100100011101100111101;
	18469 :	010100100011101100111101;
	18468 :	010100100011101100111101;
	18467 :	010100100011101100111101;
	18466 :	010100100011101100111101;
	18465 :	010100100011101100111101;
	18464 :	010100100011101100111101;
	18463 :	010100100011101100111101;
	18462 :	010100100011101100111101;
	18461 :	010100100011101100111101;
	18460 :	010100100011101100111101;
	18459 :	010100100011101100111101;
	18458 :	010100100011101100111101;
	18457 :	010100100011101100111101;
	18456 :	010100100011101100111101;
	18455 :	010100100011101100111101;
	18454 :	010100100011101100111101;
	18453 :	010100100011101100111101;
	18452 :	010100100011101100111101;
	18451 :	010100100011101100111101;
	18450 :	010100100011101100111101;
	18449 :	010100100011101100111101;
	18448 :	010100100011101100111101;
	18447 :	010100100011101100111101;
	18446 :	010100100011101100111101;
	18445 :	010100100011101100111101;
	18444 :	010100100011101100111101;
	18443 :	010100100011101100111101;
	18442 :	010100100011101100111101;
	18441 :	010100100011101100111101;
	18440 :	010100100011101100111101;
	18439 :	010100100011101100111101;
	18438 :	010100100011101100111101;
	18437 :	010100100011101100111101;
	18436 :	010100100011101100111101;
	18435 :	010100100011101100111101;
	18434 :	010100100011101100111101;
	18433 :	010100100011101100111101;
	18432 :	010100100011101100111101;
	18431 :	010100100011101100111101;
	18430 :	010100100011101100111101;
	18429 :	010100100011101100111101;
	18428 :	010100100011101100111101;
	18427 :	010100100011101100111101;
	18426 :	010100100011101100111101;
	18425 :	010100100011101100111101;
	18424 :	010100100011101100111101;
	18423 :	010100100011101100111101;
	18422 :	010100100011101100111101;
	18421 :	010100100011101100111101;
	18420 :	010100100011101100111101;
	18419 :	010100100011101100111101;
	18418 :	010100100011101100111101;
	18417 :	010100100011101100111101;
	18416 :	010100100011101100111101;
	18415 :	010100100011101100111101;
	18414 :	010100100011101100111101;
	18413 :	010100100011101100111101;
	18412 :	010100100011101100111101;
	18411 :	010100100011101100111101;
	18410 :	010100100011101100111101;
	18409 :	010100100011101100111101;
	18408 :	010100100011101100111101;
	18407 :	010100100011101100111101;
	18406 :	010100100011101100111101;
	18405 :	010100100011101100111101;
	18404 :	010100100011101100111101;
	18403 :	010100100011101100111101;
	18402 :	010100100011101000111101;
	18401 :	010100100011101100111101;
	18400 :	010100100011101100111101;
	18399 :	010100100011101100111101;
	18398 :	010100100011101100111101;
	18397 :	010100100011101100111101;
	18396 :	010100100011101100111101;
	18395 :	010100100011101100111101;
	18394 :	010100100011101000111101;
	18393 :	010100100011101100111101;
	18392 :	010100100011101100111101;
	18391 :	010100100011101100111101;
	18390 :	010100100011101100111101;
	18389 :	010100100011101100111101;
	18388 :	010100100011101100111101;
	18387 :	010100100011101100111101;
	18386 :	010100100011101100111101;
	18385 :	010100100011101100111101;
	18384 :	010100100011101100111101;
	18383 :	010100100011101100111101;
	18382 :	010100100011101100111101;
	18381 :	010100100011101100111101;
	18380 :	010100100011101100111100;
	18379 :	010100100011101100111101;
	18378 :	010100100011101100111101;
	18377 :	010100100011101100111101;
	18376 :	010100100011101100111101;
	18375 :	010100100011101100111101;
	18374 :	010100100011101100111101;
	18373 :	010100100011101100111101;
	18372 :	010100100011101100111101;
	18371 :	010100100011101100111101;
	18370 :	010100100011101100111101;
	18369 :	010100100011101100111101;
	18368 :	010100100011101100111101;
	18367 :	010100100011101100111101;
	18366 :	010100100011101100111101;
	18365 :	010100100011101100111101;
	18364 :	010100100011101100111101;
	18363 :	010100100011101100111101;
	18362 :	010100100011101100111101;
	18361 :	010100100011101100111101;
	18360 :	010100100011101100111101;
	18359 :	010100100011101100111101;
	18358 :	010100100011101100111101;
	18357 :	010100100011101100111101;
	18356 :	010100100011101100111101;
	18355 :	010100100011101100111101;
	18354 :	010100100011101100111101;
	18353 :	010100100011101100111101;
	18352 :	010100100011101100111101;
	18351 :	010100100011101100111101;
	18350 :	010100100011101100111100;
	18349 :	010100100011101100111101;
	18348 :	010100100011101100111101;
	18347 :	010100100011101100111101;
	18346 :	010100100011101100111101;
	18345 :	010100100011101100111101;
	18344 :	010100100011101100111101;
	18343 :	010100100011101100111101;
	18342 :	010100100011101100111101;
	18341 :	010100100011101100111101;
	18340 :	010100100011101100111101;
	18339 :	000000000000000000000000;
	18338 :	000000000000000000000000;
	18337 :	000000000000000000000000;
	18336 :	000000000000000000000000;
	18335 :	000000000000000000000000;
	18334 :	000000000000000000000000;
	18333 :	000000000000000000000000;
	18332 :	000000000000000000000000;
	18331 :	000000000000000000000000;
	18330 :	000000000000000000000000;
	18329 :	000000000000000000000000;
	18328 :	000000000000000000000000;
	18327 :	000000000000000000000000;
	18326 :	000000000000000000000000;
	18325 :	000000000000000000000000;
	18324 :	000000000000000000000000;
	18323 :	000000000000000000000000;
	18322 :	000000000000000000000000;
	18321 :	000000000000000000000000;
	18320 :	000000000000000000000000;
	18319 :	000000000000000000000000;
	18318 :	000000000000000000000000;
	18317 :	000000000000000000000000;
	18316 :	000000000000000000000000;
	18315 :	000000000000000000000000;
	18314 :	000000000000000000000000;
	18313 :	000000000000000000000000;
	18312 :	000000000000000000000000;
	18311 :	000000000000000000000000;
	18310 :	000000000000000000000000;
	18309 :	000000000000000000000000;
	18308 :	000000000000000000000000;
	18307 :	000000000000000000000000;
	18306 :	000000000000000000000000;
	18305 :	000000000000000000000000;
	18304 :	000000000000000000000000;
	18303 :	000000000000000000000000;
	18302 :	000000000000000000000000;
	18301 :	000000000000000000000000;
	18300 :	000000000000000000000000;
	18299 :	000000000000000000000000;
	18298 :	000000000000000000000000;
	18297 :	000000000000000000000000;
	18296 :	000000000000000000000000;
	18295 :	000000000000000000000000;
	18294 :	000000000000000000000000;
	18293 :	000000000000000000000000;
	18292 :	000000000000000000000000;
	18291 :	000000000000000000000000;
	18290 :	010100100011101100111100;
	18289 :	010100100011101100111101;
	18288 :	010100100011101100111101;
	18287 :	010100100011101100111101;
	18286 :	010100100011101100111101;
	18285 :	010100100011101100111101;
	18284 :	010100110011101100111101;
	18283 :	010100100011101100111101;
	18282 :	010100100011101100111101;
	18281 :	010100100011101100111101;
	18280 :	010100100011101100111101;
	18279 :	010100100011101100111101;
	18278 :	010100100011101100111101;
	18277 :	010100100011101100111101;
	18276 :	010100100011101100111101;
	18275 :	010100100011101100111101;
	18274 :	010100100011101100111101;
	18273 :	010100100011101100111101;
	18272 :	010100100011101100111101;
	18271 :	010100100011101100111101;
	18270 :	010100100011101100111101;
	18269 :	010100100011101100111101;
	18268 :	010100100011101100111101;
	18267 :	010100100011101100111101;
	18266 :	010100100011101100111101;
	18265 :	010100100011101000111101;
	18264 :	010100100011101100111101;
	18263 :	010100100011101100111101;
	18262 :	010100100011101100111101;
	18261 :	010100100011101100111101;
	18260 :	010100110011101100111101;
	18259 :	010100100011101100111101;
	18258 :	010100100011101100111101;
	18257 :	010100100011101100111101;
	18256 :	010100100011101100111101;
	18255 :	010100100011101100111101;
	18254 :	010100100011101100111101;
	18253 :	010100100011101100111101;
	18252 :	010100100011101100111101;
	18251 :	010100100011101100111101;
	18250 :	010100100011101100111100;
	18249 :	010100100011101100111101;
	18248 :	010100100011101100111101;
	18247 :	010100100011101100111101;
	18246 :	010100100011101100111101;
	18245 :	010100110011101100111101;
	18244 :	010100100011101100111101;
	18243 :	010100100011101100111101;
	18242 :	010100100011101100111101;
	18241 :	010100100011101100111101;
	18240 :	010100100011101100111101;
	18239 :	010100100011101100111101;
	18238 :	010100100011101100111101;
	18237 :	010100100011101100111101;
	18236 :	010100100011101100111101;
	18235 :	010100100011101100111101;
	18234 :	010100100011101100111100;
	18233 :	010100100011101100111100;
	18232 :	010100100011101100111101;
	18231 :	010100100011101100111101;
	18230 :	010100100011101100111101;
	18229 :	010100100011101100111101;
	18228 :	010100100011101100111101;
	18227 :	010100100011101100111101;
	18226 :	010100100011101100111101;
	18225 :	010100100011101100111101;
	18224 :	010100100011101000111101;
	18223 :	010100100011101100111101;
	18222 :	010100100011101100111101;
	18221 :	010100100011101100111101;
	18220 :	010100100011101100111101;
	18219 :	010100100011101100111101;
	18218 :	010100100011101100111101;
	18217 :	010100100011101100111101;
	18216 :	010100100011101100111101;
	18215 :	010100100011101100111101;
	18214 :	010100100011101100111101;
	18213 :	010100100011101100111101;
	18212 :	010100100011101100111101;
	18211 :	010100100011101100111101;
	18210 :	010100100011101100111101;
	18209 :	010100100011101100111101;
	18208 :	010100100011101100111101;
	18207 :	010100100011101100111101;
	18206 :	010100100011101100111101;
	18205 :	010100100011101100111101;
	18204 :	010100100011101100111101;
	18203 :	010100100011101100111101;
	18202 :	010100100011101100111101;
	18201 :	010100100011101100111101;
	18200 :	010100100011101100111101;
	18199 :	010100100011101100111101;
	18198 :	010100100011101100111101;
	18197 :	010100100011101100111101;
	18196 :	010100100011101100111101;
	18195 :	010100100011101100111101;
	18194 :	010100100011101000111101;
	18193 :	010100100011101100111101;
	18192 :	010100100011101100111101;
	18191 :	010100100011101100111101;
	18190 :	010100100011101100111101;
	18189 :	010100100011101100111101;
	18188 :	010100100011101100111101;
	18187 :	010100100011101100111101;
	18186 :	010100100011101100111101;
	18185 :	010100100011101100111101;
	18184 :	010100100011101100111101;
	18183 :	010100100011101100111101;
	18182 :	010100100011101100111101;
	18181 :	010100100011101100111101;
	18180 :	010100100011101100111101;
	18179 :	010100100011101100111101;
	18178 :	010100100011101100111101;
	18177 :	010100100011101100111101;
	18176 :	010100100011101100111101;
	18175 :	010100100011101100111101;
	18174 :	010100100011101100111101;
	18173 :	010100100011101100111101;
	18172 :	010100100011101000111101;
	18171 :	010100100011101100111101;
	18170 :	010100100011101100111101;
	18169 :	010100100011101100111101;
	18168 :	010100100011101100111101;
	18167 :	010100100011101100111101;
	18166 :	010100100011101100111101;
	18165 :	010100100011101100111101;
	18164 :	010100100011101100111101;
	18163 :	010100100011101100111101;
	18162 :	010100100011101100111101;
	18161 :	010100100011101100111101;
	18160 :	010100100011101100111100;
	18159 :	010100100011101100111101;
	18158 :	010100100011101100111101;
	18157 :	010100100011101100111101;
	18156 :	010100100011101100111101;
	18155 :	010100100011101100111101;
	18154 :	000000000000000000000000;
	18153 :	000000000000000000000000;
	18152 :	000000000000000000000000;
	18151 :	000000000000000000000000;
	18150 :	000000000000000000000000;
	18149 :	000000000000000000000000;
	18148 :	000000000000000000000000;
	18147 :	000000000000000000000000;
	18146 :	000000000000000000000000;
	18145 :	000000000000000000000000;
	18144 :	000000000000000000000000;
	18143 :	000000000000000000000000;
	18142 :	000000010000000000000000;
	18141 :	000000000000000000000000;
	18140 :	000000000000000000000000;
	18139 :	000000000000000000000000;
	18138 :	000000000000000000000000;
	18137 :	000000000000000000000000;
	18136 :	000000000000000000000000;
	18135 :	000000000000000000000000;
	18134 :	000000000000000000000000;
	18133 :	000000000000000000000000;
	18132 :	000000000000000000000000;
	18131 :	000000000000000000000000;
	18130 :	000000000000000000000000;
	18129 :	000000000000000000000000;
	18128 :	000000000000000000000000;
	18127 :	000000000000000000000000;
	18126 :	000000000000000000000000;
	18125 :	000000000000000000000000;
	18124 :	000000000000000000000000;
	18123 :	000000000000000000000000;
	18122 :	000000000000000000000000;
	18121 :	000000000000000000000000;
	18120 :	000000000000000000000000;
	18119 :	000000000000000000000000;
	18118 :	000000000000000000000000;
	18117 :	000000000000000000000000;
	18116 :	000000000000000000000000;
	18115 :	000000000000000000000000;
	18114 :	000000000000000000000000;
	18113 :	000000000000000000000000;
	18112 :	000000000000000000000000;
	18111 :	000000000000000000000000;
	18110 :	000000000000000000000000;
	18109 :	000000000000000000000000;
	18108 :	000000000000000000000000;
	18107 :	000000000000000000000000;
	18106 :	000000000000000000000000;
	18105 :	010100100011101100111101;
	18104 :	010100100011101100111101;
	18103 :	010100100011101100111101;
	18102 :	010100100011101100111101;
	18101 :	010100100011101100111101;
	18100 :	010100110011101100111101;
	18099 :	010100100011101100111101;
	18098 :	010100100011101100111101;
	18097 :	010100100011101100111101;
	18096 :	010100100011101100111101;
	18095 :	010100100011101100111101;
	18094 :	010100100011101100111101;
	18093 :	010100100011101100111101;
	18092 :	010100100011101100111101;
	18091 :	010100100011101100111101;
	18090 :	010100100011101100111101;
	18089 :	010100100011101100111101;
	18088 :	010100100011101100111101;
	18087 :	010100100011101100111101;
	18086 :	010100100011101100111101;
	18085 :	010100100011101100111101;
	18084 :	010100100011101100111101;
	18083 :	010100100011101100111101;
	18082 :	010100100011101100111101;
	18081 :	010100100011101100111101;
	18080 :	010100100011101100111101;
	18079 :	010100100011101100111101;
	18078 :	010100100011101100111101;
	18077 :	010100100011101100111101;
	18076 :	010100100011101100111101;
	18075 :	010100100011101100111101;
	18074 :	010100100011101100111101;
	18073 :	010100100011101100111100;
	18072 :	010100100011101100111101;
	18071 :	010100100011101100111101;
	18070 :	010100100011101100111101;
	18069 :	010100100011101100111101;
	18068 :	010100100011101100111101;
	18067 :	010100100011101100111101;
	18066 :	010100100011101100111101;
	18065 :	010100100011101100111101;
	18064 :	010100100011101100111101;
	18063 :	010100100011101100111101;
	18062 :	010100100011101100111101;
	18061 :	010100100011101100111101;
	18060 :	010100100011101100111101;
	18059 :	010100100011101100111101;
	18058 :	010100100011101100111101;
	18057 :	010100100011101100111101;
	18056 :	010100100011101100111101;
	18055 :	010100100011101100111101;
	18054 :	010100100011101100111101;
	18053 :	010100100011101100111101;
	18052 :	010100100011101100111101;
	18051 :	010100100011101100111101;
	18050 :	010100100011101100111101;
	18049 :	010100100011101000111101;
	18048 :	010100100011101100111101;
	18047 :	010100100011101100111101;
	18046 :	010100100011101100111101;
	18045 :	010100100011101100111101;
	18044 :	010100100011101100111101;
	18043 :	010100100011101100111101;
	18042 :	010100100011101100111101;
	18041 :	010100100011101100111101;
	18040 :	010100100011101100111101;
	18039 :	010100100011101100111101;
	18038 :	010100100011101100111101;
	18037 :	010100100011101100111101;
	18036 :	010100100011101100111101;
	18035 :	010100100011101000111101;
	18034 :	010100100011101100111101;
	18033 :	010100100011101100111101;
	18032 :	010100100011101100111101;
	18031 :	010100100011101100111101;
	18030 :	010100100011101100111101;
	18029 :	010100100011101100111101;
	18028 :	010100100011101100111101;
	18027 :	010100100011101100111101;
	18026 :	010100100011101100111101;
	18025 :	010100100011101100111101;
	18024 :	010100100011101100111101;
	18023 :	010100100011101100111101;
	18022 :	010100100011101100111101;
	18021 :	010100100011101100111100;
	18020 :	010100100011101100111101;
	18019 :	010100100011101100111101;
	18018 :	010100110011101100111101;
	18017 :	010100100011101100111101;
	18016 :	010100100011101100111101;
	18015 :	010100100011101100111101;
	18014 :	010100100011101100111101;
	18013 :	010100100011101100111101;
	18012 :	010100100011101100111101;
	18011 :	010100100011101100111101;
	18010 :	010100100011101100111101;
	18009 :	010100100011101100111101;
	18008 :	010100100011101100111101;
	18007 :	010100100011101100111101;
	18006 :	010100100011101100111101;
	18005 :	010100100011101100111101;
	18004 :	010100100011101100111101;
	18003 :	010100100011101100111101;
	18002 :	010100100011101100111101;
	18001 :	010100100011101100111101;
	18000 :	010100100011101100111101;
	17999 :	010100100011101100111101;
	17998 :	010100100011101100111101;
	17997 :	010100100011101100111101;
	17996 :	010100100011101100111101;
	17995 :	010100100011101100111101;
	17994 :	010100110011101100111101;
	17993 :	010100100011101100111101;
	17992 :	010100100011101100111101;
	17991 :	010100100011101100111101;
	17990 :	010100100011101100111101;
	17989 :	010100100011101100111101;
	17988 :	010100100011101100111101;
	17987 :	010100100011101100111101;
	17986 :	010100100011101100111101;
	17985 :	010100100011101100111101;
	17984 :	010100100011101100111100;
	17983 :	010100100011101100111101;
	17982 :	010100100011101100111101;
	17981 :	010100100011101100111101;
	17980 :	010100100011101100111100;
	17979 :	010100100011101100111101;
	17978 :	010100100011101100111101;
	17977 :	010100100011101100111101;
	17976 :	010100100011101100111101;
	17975 :	010100100011101100111101;
	17974 :	010100100011101000111101;
	17973 :	010100100011101100111101;
	17972 :	010100100011101100111101;
	17971 :	010100100011101100111101;
	17970 :	010100100011101100111100;
	17969 :	000000000000000000000000;
	17968 :	000000000000000000000000;
	17967 :	000000000000000000000000;
	17966 :	000000000000000000000000;
	17965 :	000000000000000000000000;
	17964 :	000000000000000000000000;
	17963 :	000000000000000000000000;
	17962 :	000000000000000000000000;
	17961 :	000000000000000000000000;
	17960 :	000000000000000000000000;
	17959 :	000000000000000000000000;
	17958 :	000000000000000000000000;
	17957 :	000000000000000000000000;
	17956 :	000000000000000000000000;
	17955 :	000000000000000000000000;
	17954 :	000000000000000000000000;
	17953 :	000000000000000000000000;
	17952 :	000000000000000000000000;
	17951 :	000000000000000000000000;
	17950 :	000000000000000000000000;
	17949 :	000000000000000000000000;
	17948 :	000000000000000000000000;
	17947 :	000000000000000000000000;
	17946 :	000000000000000000000000;
	17945 :	000000000000000000000000;
	17944 :	000000000000000000000000;
	17943 :	000000000000000000000000;
	17942 :	000000000000000000000000;
	17941 :	000000000000000000000000;
	17940 :	000000000000000000000000;
	17939 :	000000000000000000000000;
	17938 :	000000000000000000000000;
	17937 :	000000000000000000000000;
	17936 :	000000000000000000000000;
	17935 :	000000000000000000000000;
	17934 :	000000000000000000000000;
	17933 :	000000000000000000000000;
	17932 :	000000000000000000000000;
	17931 :	000000000000000000000000;
	17930 :	000000000000000000000000;
	17929 :	000000000000000000000000;
	17928 :	000000000000000000000000;
	17927 :	000000000000000000000000;
	17926 :	000000000000000000000000;
	17925 :	010100100011101100111101;
	17924 :	010100100011101100111101;
	17923 :	010100100011101100111101;
	17922 :	010100100011101100111101;
	17921 :	010100100011101100111101;
	17920 :	000110000000111110100001;
	17919 :	000110000000111110100001;
	17918 :	000110000000111110100000;
	17917 :	000110000000111110100001;
	17916 :	000110000000111110100001;
	17915 :	000110000000111110100001;
	17914 :	000110000000111110100001;
	17913 :	000110000000111110100001;
	17912 :	000110000000111110100001;
	17911 :	000110000000111110100001;
	17910 :	000110000000111110100001;
	17909 :	000110000000111110100001;
	17908 :	000110000000111110100001;
	17907 :	000110000000111110100001;
	17906 :	000110000000111110100001;
	17905 :	000110000000111110100001;
	17904 :	000110000000111110100001;
	17903 :	000110000000111110100001;
	17902 :	000110000000111110100001;
	17901 :	000110000000111110100001;
	17900 :	000110000000111110100001;
	17899 :	000110000000111110100001;
	17898 :	000110000000111110100001;
	17897 :	000110000000111110100001;
	17896 :	000110000000111110100001;
	17895 :	000110000000111110100001;
	17894 :	000110000000111110100001;
	17893 :	000110000000111110100001;
	17892 :	000110000000111110100000;
	17891 :	000110000000111110100001;
	17890 :	000110000000111110100001;
	17889 :	000110000000111110100001;
	17888 :	000110000000111110100001;
	17887 :	000110000000111110100001;
	17886 :	000110000000111110100001;
	17885 :	000110000000111110100001;
	17884 :	000110000000111110100001;
	17883 :	000110000000111110100001;
	17882 :	000110000000111110100001;
	17881 :	000110000000111110100001;
	17880 :	000110000000111110100001;
	17879 :	000110000000111010100001;
	17878 :	000110000000111110100001;
	17877 :	000110000000111110100001;
	17876 :	000110000000111110100001;
	17875 :	000110000000111110100001;
	17874 :	000110000000111110100001;
	17873 :	000110000000111110100001;
	17872 :	000110000000111110100001;
	17871 :	000110000000111110100001;
	17870 :	000110000000111110100001;
	17869 :	000110000000111110100001;
	17868 :	000110000000111110100001;
	17867 :	000110000000111110100001;
	17866 :	000110000000111110100001;
	17865 :	000110000000111110100001;
	17864 :	000110000000111110100001;
	17863 :	000110000000111110100001;
	17862 :	000110000000111110100001;
	17861 :	000110000000111110100001;
	17860 :	000110000000111110100001;
	17859 :	000110000000111110100001;
	17858 :	000110000000111110100001;
	17857 :	000110000000111110100001;
	17856 :	000110000000111110100001;
	17855 :	000110000000111110100001;
	17854 :	000110000000111110100001;
	17853 :	000110000000111110100001;
	17852 :	000110000000111110100001;
	17851 :	000110000000111110100001;
	17850 :	000110000000111110100001;
	17849 :	000110000000111110100001;
	17848 :	000110000000111110100001;
	17847 :	000110000000111110100001;
	17846 :	000110000000111110100001;
	17845 :	000110000000111110100001;
	17844 :	000110000000111110100001;
	17843 :	000110010000111110100001;
	17842 :	000110000000111110100001;
	17841 :	000110000000111110100001;
	17840 :	000110000000111110100001;
	17839 :	000110010000111110100001;
	17838 :	000110000000111110100001;
	17837 :	000110000000111110100001;
	17836 :	000110000000111110100001;
	17835 :	000110000000111110100001;
	17834 :	000110000000111110100001;
	17833 :	000110000000111010100001;
	17832 :	000110010000111110100001;
	17831 :	000110000000111110100001;
	17830 :	000110000000111110100001;
	17829 :	000110010000111110100001;
	17828 :	000110000000111110100001;
	17827 :	000110000000111110100001;
	17826 :	000110000000111110100001;
	17825 :	000110000000111110100001;
	17824 :	000110000000111110100001;
	17823 :	000110000000111110100001;
	17822 :	000110000000111110100001;
	17821 :	000110000000111110100001;
	17820 :	000110000000111110100001;
	17819 :	000110000000111110100001;
	17818 :	000110000000111110100001;
	17817 :	000110000000111110100001;
	17816 :	000110000000111110100001;
	17815 :	000110000000111110100001;
	17814 :	000110000000111110100001;
	17813 :	000110000000111110100001;
	17812 :	000110000000111110100001;
	17811 :	000110000000111110100001;
	17810 :	000110000000111110100001;
	17809 :	000110000000111110100001;
	17808 :	000110000000111110100001;
	17807 :	000110000000111110100001;
	17806 :	000110000000111110100001;
	17805 :	000110000000111110100001;
	17804 :	000110000000111110100001;
	17803 :	000110000000111110100001;
	17802 :	000110000000111110100001;
	17801 :	000110000000111110100001;
	17800 :	000110000000111110100001;
	17799 :	000110000000111110100001;
	17798 :	000110000000111110100001;
	17797 :	000110000000111110100001;
	17796 :	000110000000111110100001;
	17795 :	000110000000111110100001;
	17794 :	000110000000111110100001;
	17793 :	000110000000111110100001;
	17792 :	000110000000111110100001;
	17791 :	000110000000111110100001;
	17790 :	000110000000111110100001;
	17789 :	000110000000111110100001;
	17788 :	000110000000111110100001;
	17787 :	000110000000111110100001;
	17786 :	000110000000111110100001;
	17785 :	000110000000111110100001;
	17784 :	010100100011101100111101;
	17783 :	010100100011101100111101;
	17782 :	010100100011101100111101;
	17781 :	010100100011101100111101;
	17780 :	010100100011101100111101;
	17779 :	000000000000000000000000;
	17778 :	000000000000000000000000;
	17777 :	000000000000000000000000;
	17776 :	000000000000000000000000;
	17775 :	000000000000000000000000;
	17774 :	000000000000000000000000;
	17773 :	000000000000000000000000;
	17772 :	000000000000000000000000;
	17771 :	000000000000000000000000;
	17770 :	000000000000000000000000;
	17769 :	000000000000000000000000;
	17768 :	000000000000000000000000;
	17767 :	000000000000000000000000;
	17766 :	000000000000000000000000;
	17765 :	000000000000000000000000;
	17764 :	000000000000000000000000;
	17763 :	000000000000000000000000;
	17762 :	000000000000000000000000;
	17761 :	000000000000000000000000;
	17760 :	000000000000000000000000;
	17759 :	000000000000000000000000;
	17758 :	000000000000000000000000;
	17757 :	000000000000000000000000;
	17756 :	000000000000000000000000;
	17755 :	000000000000000000000000;
	17754 :	000000000000000000000000;
	17753 :	000000000000000000000000;
	17752 :	000000000000000000000000;
	17751 :	000000000000000000000000;
	17750 :	000000000000000000000000;
	17749 :	000000000000000000000000;
	17748 :	000000000000000000000000;
	17747 :	000000000000000000000000;
	17746 :	000000000000000000000000;
	17745 :	000000000000000000000000;
	17744 :	000000000000000000000000;
	17743 :	000000000000000000000000;
	17742 :	000000000000000000000000;
	17741 :	000000000000000000000000;
	17740 :	010100100011101100111101;
	17739 :	010100100011101100111101;
	17738 :	010100100011101000111101;
	17737 :	010100100011101000111101;
	17736 :	010100100011101100111101;
	17735 :	000110000000111110100001;
	17734 :	000110000000111110100001;
	17733 :	000110000000111110100001;
	17732 :	000110000000111110100001;
	17731 :	000110000000111110100001;
	17730 :	000110000000111110100001;
	17729 :	000110000000111110100001;
	17728 :	000110000000111110100001;
	17727 :	000110000000111110100001;
	17726 :	000110000000111110100001;
	17725 :	000110000000111110100001;
	17724 :	000110000000111110100001;
	17723 :	000110000000111110100001;
	17722 :	000110000000111110100001;
	17721 :	000110000000111110100001;
	17720 :	000110000000111110100001;
	17719 :	000110000000111110100001;
	17718 :	000110000000111110100001;
	17717 :	000110000000111110100001;
	17716 :	000110000000111110100001;
	17715 :	000110000000111110100001;
	17714 :	000110000000111110100001;
	17713 :	000110000000111110100001;
	17712 :	000110000000111110100001;
	17711 :	000110000000111110100001;
	17710 :	000110000000111110100001;
	17709 :	000110000000111110100001;
	17708 :	000110000000111110100001;
	17707 :	000110000000111010100001;
	17706 :	000110000000111110100001;
	17705 :	000110000000111110100001;
	17704 :	000110000000111110100001;
	17703 :	000110000000111110100001;
	17702 :	000110000000111110100001;
	17701 :	000110000000111110100001;
	17700 :	000110000000111110100001;
	17699 :	000110000000111110100001;
	17698 :	000110000000111110100001;
	17697 :	000110000000111110100001;
	17696 :	000110000000111110100001;
	17695 :	000110000000111110100001;
	17694 :	000110000000111110100001;
	17693 :	000110000000111110100001;
	17692 :	000110000000111110100001;
	17691 :	000110000000111110100001;
	17690 :	000110000000111110100001;
	17689 :	000110000000111110100000;
	17688 :	000110000000111110100001;
	17687 :	000110000000111110100001;
	17686 :	000110000000111110100001;
	17685 :	000110000000111110100001;
	17684 :	000110000000111110100001;
	17683 :	000110000000111110100001;
	17682 :	000110000000111110100001;
	17681 :	000110000000111110100001;
	17680 :	000110000000111110100001;
	17679 :	000110000000111110100001;
	17678 :	000110000000111110100001;
	17677 :	000110000000111110100001;
	17676 :	000110000000111110100001;
	17675 :	000110000000111110100000;
	17674 :	000110000000111110100001;
	17673 :	000110000000111110100001;
	17672 :	000110000000111110100001;
	17671 :	000110000000111110100001;
	17670 :	000110000000111110100001;
	17669 :	000110000000111110100001;
	17668 :	000110000000111110100001;
	17667 :	000110000000111110100001;
	17666 :	000110000000111110100001;
	17665 :	000110000000111110100001;
	17664 :	000110000000111110100001;
	17663 :	000110000000111110100001;
	17662 :	000110000000111110100001;
	17661 :	000110000000111110100000;
	17660 :	000110000000111110100001;
	17659 :	000110000000111110100001;
	17658 :	000110000000111110100001;
	17657 :	000110000000111110100001;
	17656 :	000110000000111110100001;
	17655 :	000110000000111110100001;
	17654 :	000110000000111110100001;
	17653 :	000110000000111010100001;
	17652 :	000110000000111110100001;
	17651 :	000110010000111110100001;
	17650 :	000110000000111110100001;
	17649 :	000110000000111110100001;
	17648 :	000110000000111110100001;
	17647 :	000110000000111110100000;
	17646 :	000110000000111110100001;
	17645 :	000110000000111110100001;
	17644 :	000110000000111110100001;
	17643 :	000110000000111110100001;
	17642 :	000110000000111110100001;
	17641 :	000110000000111110100001;
	17640 :	000110000000111110100001;
	17639 :	000110000000111110100001;
	17638 :	000110000000111110100001;
	17637 :	000110000000111110100001;
	17636 :	000110000000111110100001;
	17635 :	000110000000111110100001;
	17634 :	000110000000111110100001;
	17633 :	000110000000111110100001;
	17632 :	000110000000111110100001;
	17631 :	000110000000111110100001;
	17630 :	000110000000111110100001;
	17629 :	000110010000111110100001;
	17628 :	000110000000111110100001;
	17627 :	000110000000111110100001;
	17626 :	000110000000111110100001;
	17625 :	000110000000111110100001;
	17624 :	000110000000111110100001;
	17623 :	000110000000111110100001;
	17622 :	000110000000111110100001;
	17621 :	000110000000111110100001;
	17620 :	000110000000111110100001;
	17619 :	000110000000111110100001;
	17618 :	000110000000111110100001;
	17617 :	000110000000111110100001;
	17616 :	000110000000111110100001;
	17615 :	000110000000111110100001;
	17614 :	000110000000111110100001;
	17613 :	000110000000111110100001;
	17612 :	000110000000111110100001;
	17611 :	000110000000111110100001;
	17610 :	000110000000111110100000;
	17609 :	000110000000111110100001;
	17608 :	000110000000111110100001;
	17607 :	000110000000111110100001;
	17606 :	000110000000111110100001;
	17605 :	000110000000111110100001;
	17604 :	000110000000111110100001;
	17603 :	000110000000111110100001;
	17602 :	000110000000111110100001;
	17601 :	000110000000111110100001;
	17600 :	000110000000111110100001;
	17599 :	010100100011101100111101;
	17598 :	010100100011101100111101;
	17597 :	010100110011101100111101;
	17596 :	010100110011101100111101;
	17595 :	010100100011101100111101;
	17594 :	000000000000000000000000;
	17593 :	000000000000000000000000;
	17592 :	000000000000000000000000;
	17591 :	000000000000000000000000;
	17590 :	000000000000000000000000;
	17589 :	000000000000000000000000;
	17588 :	000000000000000000000000;
	17587 :	000000000000000000000000;
	17586 :	000000000000000000000000;
	17585 :	000000000000000000000000;
	17584 :	000000010000000000000000;
	17583 :	000000000000000000000000;
	17582 :	000000000000000000000000;
	17581 :	000000000000000000000000;
	17580 :	000000000000000000000000;
	17579 :	000000000000000000000000;
	17578 :	000000000000000000000000;
	17577 :	000000000000000000000000;
	17576 :	000000000000000000000000;
	17575 :	000000000000000000000000;
	17574 :	000000000000000000000000;
	17573 :	000000000000000000000000;
	17572 :	000000000000000000000000;
	17571 :	000000000000000000000000;
	17570 :	000000000000000000000000;
	17569 :	000000000000000000000000;
	17568 :	000000000000000000000000;
	17567 :	000000000000000000000000;
	17566 :	000000000000000000000000;
	17565 :	000000000000000000000000;
	17564 :	000000000000000000000000;
	17563 :	000000000000000000000000;
	17562 :	000000000000000000000000;
	17561 :	000000000000000000000000;
	17560 :	000000000000000000000000;
	17559 :	000000000000000000000000;
	17558 :	000000000000000000000000;
	17557 :	000000000000000000000000;
	17556 :	000000000000000000000000;
	17555 :	010100100011101100111101;
	17554 :	010100100011101100111101;
	17553 :	010100100011101100111101;
	17552 :	010100100011101100111101;
	17551 :	010100100011101100111101;
	17550 :	000110000000111110100001;
	17549 :	000110000000111110100001;
	17548 :	000110000000111110100001;
	17547 :	000110000000111010100001;
	17546 :	000110000000111110100001;
	17545 :	000110000000111110100001;
	17544 :	000110000000111110100001;
	17543 :	000110000000111110100001;
	17542 :	000110000000111110100001;
	17541 :	000110000000111110100001;
	17540 :	000110000000111110100001;
	17539 :	000110000000111110100001;
	17538 :	000110000000111110100001;
	17537 :	000110000000111110100001;
	17536 :	000110000000111110100001;
	17535 :	000110000000111110100001;
	17534 :	000110000000111110100001;
	17533 :	000110000000111110100001;
	17532 :	000110000000111110100001;
	17531 :	000110000000111110100001;
	17530 :	000110000000111110100001;
	17529 :	000110000000111110100001;
	17528 :	000110000000111110100001;
	17527 :	000110000000111110100001;
	17526 :	000110000000111110100001;
	17525 :	000110000000111110100001;
	17524 :	000110000000111110100001;
	17523 :	000110000000111110100001;
	17522 :	000110000000111110100001;
	17521 :	000110000000111110100000;
	17520 :	000110000000111110100001;
	17519 :	000110000000111110100001;
	17518 :	000110000000111110100001;
	17517 :	000110000000111110100001;
	17516 :	000110000000111110100001;
	17515 :	000110000000111110100001;
	17514 :	000110000000111110100001;
	17513 :	000110000000111110100001;
	17512 :	000110000000111110100001;
	17511 :	000110000000111110100001;
	17510 :	000110000000111110100001;
	17509 :	000110000000111110100001;
	17508 :	000110000000111110100001;
	17507 :	000110000000111110100001;
	17506 :	000110010000111110100001;
	17505 :	000110000000111110100001;
	17504 :	000110000000111110100001;
	17503 :	000110000000111110100001;
	17502 :	000110000000111110100001;
	17501 :	000110000000111110100001;
	17500 :	000110000000111110100001;
	17499 :	000110010000111110100001;
	17498 :	000110000000111110100001;
	17497 :	000110000000111110100001;
	17496 :	000110000000111110100001;
	17495 :	000110000000111110100001;
	17494 :	000110000000111110100001;
	17493 :	000110000000111110100001;
	17492 :	000110000000111110100001;
	17491 :	000110000000111110100001;
	17490 :	000110000000111110100001;
	17489 :	000110000000111110100001;
	17488 :	000110000000111110100001;
	17487 :	000110000000111110100001;
	17486 :	000110000000111110100000;
	17485 :	000110000000111110100001;
	17484 :	000110000000111110100001;
	17483 :	000110000000111110100001;
	17482 :	000110000000111110100001;
	17481 :	000110000000111110100001;
	17480 :	000110000000111110100001;
	17479 :	000110000000111110100001;
	17478 :	000110000000111110100001;
	17477 :	000110000000111110100001;
	17476 :	000110000000111110100001;
	17475 :	000110000000111110100001;
	17474 :	000110000000111110100001;
	17473 :	000110000000111110100001;
	17472 :	000110000000111110100001;
	17471 :	000110000000111110100001;
	17470 :	000110000000111110100001;
	17469 :	000110000000111110100001;
	17468 :	000110000000111110100001;
	17467 :	000110000000111110100001;
	17466 :	000110000000111110100001;
	17465 :	000110000000111110100001;
	17464 :	000110000000111110100001;
	17463 :	000110000000111110100000;
	17462 :	000110000000111110100000;
	17461 :	000110000000111110100001;
	17460 :	000110000000111110100001;
	17459 :	000110000000111110100001;
	17458 :	000110000000111110100001;
	17457 :	000110000000111110100001;
	17456 :	000110000000111110100001;
	17455 :	000110000000111110100001;
	17454 :	000110000000111110100001;
	17453 :	000110000000111110100001;
	17452 :	000110000000111110100001;
	17451 :	000110000000111110100001;
	17450 :	000110000000111110100001;
	17449 :	000110000000111010100001;
	17448 :	000110000000111110100001;
	17447 :	000110000000111110100001;
	17446 :	000110000000111110100001;
	17445 :	000110000000111110100001;
	17444 :	000110000000111110100001;
	17443 :	000110000000111110100001;
	17442 :	000110000000111110100001;
	17441 :	000110000000111110100001;
	17440 :	000110000000111110100001;
	17439 :	000110000000111110100001;
	17438 :	000110000000111110100001;
	17437 :	000110000000111110100001;
	17436 :	000110000000111110100001;
	17435 :	000110000000111110100001;
	17434 :	000110000000111110100001;
	17433 :	000110000000111110100001;
	17432 :	000110000000111110100001;
	17431 :	000110000000111110100001;
	17430 :	000110000000111110100001;
	17429 :	000110000000111110100001;
	17428 :	000110000000111010100001;
	17427 :	000110000000111110100001;
	17426 :	000110000000111110100001;
	17425 :	000110000000111110100001;
	17424 :	000110000000111110100001;
	17423 :	000110000000111110100001;
	17422 :	000110000000111110100001;
	17421 :	000110000000111110100001;
	17420 :	000110000000111110100001;
	17419 :	000110000000111110100001;
	17418 :	000110000000111110100001;
	17417 :	000110000000111110100001;
	17416 :	000110000000111110100001;
	17415 :	000110000000111110100001;
	17414 :	010100100011101100111101;
	17413 :	010100100011101100111101;
	17412 :	010100100011101100111101;
	17411 :	010100100011101100111101;
	17410 :	010100100011101100111101;
	17409 :	000000000000000000000000;
	17408 :	000000000000000000000000;
	17407 :	000000000000000000000000;
	17406 :	000000000000000000000000;
	17405 :	000000000000000000000000;
	17404 :	000000000000000000000000;
	17403 :	000000000000000000000000;
	17402 :	000000000000000000000000;
	17401 :	000000000000000000000000;
	17400 :	000000000000000000000000;
	17399 :	000000000000000000000000;
	17398 :	000000000000000000000000;
	17397 :	000000000000000000000000;
	17396 :	000000000000000000000000;
	17395 :	000000000000000000000000;
	17394 :	000000000000000000000000;
	17393 :	000000000000000000000000;
	17392 :	000000000000000000000000;
	17391 :	000000000000000000000000;
	17390 :	000000000000000000000000;
	17389 :	000000000000000000000000;
	17388 :	000000000000000000000000;
	17387 :	000000000000000000000000;
	17386 :	000000000000000000000000;
	17385 :	000000000000000000000000;
	17384 :	000000000000000000000000;
	17383 :	000000000000000000000000;
	17382 :	000000000000000000000000;
	17381 :	000000000000000000000000;
	17380 :	000000000000000000000000;
	17379 :	000000000000000000000000;
	17378 :	000000000000000000000000;
	17377 :	000000000000000000000000;
	17376 :	000000000000000000000000;
	17375 :	000000000000000000000000;
	17374 :	000000000000000000000000;
	17373 :	000000000000000000000000;
	17372 :	000000000000000000000000;
	17371 :	000000000000000000000000;
	17370 :	010100100011101100111101;
	17369 :	010100100011101100111101;
	17368 :	010100110011101100111101;
	17367 :	010100100011101100111101;
	17366 :	010100100011101100111101;
	17365 :	000110000000111110100001;
	17364 :	000110000000111110100001;
	17363 :	000110000000111110100001;
	17362 :	000110000000111110100001;
	17361 :	000110000000111110100001;
	17360 :	000110000000111110100001;
	17359 :	000110000000111110100001;
	17358 :	000110000000111110100001;
	17357 :	000110000000111110100001;
	17356 :	000110000000111110100001;
	17355 :	000110000000111110100001;
	17354 :	000110000000111110100001;
	17353 :	000110000000111110100001;
	17352 :	000110000000111110100001;
	17351 :	000110000000111110100001;
	17350 :	000110010000111110100001;
	17349 :	000110000000111110100001;
	17348 :	000110000000111110100001;
	17347 :	000110000000111110100001;
	17346 :	000110010000111110100001;
	17345 :	000110000000111110100001;
	17344 :	000110000000111110100001;
	17343 :	000110000000111110100001;
	17342 :	000110000000111110100001;
	17341 :	000110000000111110100001;
	17340 :	000110000000111110100001;
	17339 :	000110000000111110100001;
	17338 :	000110000000111110100001;
	17337 :	000110000000111010100001;
	17336 :	000110000000111110100001;
	17335 :	000110000000111110100001;
	17334 :	000110000000111110100001;
	17333 :	000110000000111110100001;
	17332 :	000110000000111110100001;
	17331 :	000110000000111110100001;
	17330 :	000110000000111110100001;
	17329 :	000110000000111110100001;
	17328 :	000110000000111110100001;
	17327 :	000110010000111110100001;
	17326 :	000110000000111110100000;
	17325 :	000110000000111110100001;
	17324 :	000110000000111110100001;
	17323 :	000110000000111110100001;
	17322 :	000110000000111110100001;
	17321 :	000110000000111110100001;
	17320 :	000110000000111110100001;
	17319 :	000110000000111110100001;
	17318 :	000110000000111110100001;
	17317 :	000110000000111110100001;
	17316 :	000110000000111110100001;
	17315 :	000110000000111110100001;
	17314 :	000110000000111110100000;
	17313 :	000110000000111110100001;
	17312 :	000110000000111110100001;
	17311 :	000110000000111110100001;
	17310 :	000110000000111110100001;
	17309 :	000110000000111110100001;
	17308 :	000110000000111110100001;
	17307 :	000110010000111110100001;
	17306 :	000110000000111110100001;
	17305 :	000110000000111110100001;
	17304 :	000110000000111110100001;
	17303 :	000110000000111110100001;
	17302 :	000110010000111110100001;
	17301 :	000110000000111110100001;
	17300 :	000110000000111110100001;
	17299 :	000110000000111110100001;
	17298 :	000110000000111110100001;
	17297 :	000110000000111110100001;
	17296 :	000110000000111110100001;
	17295 :	000110000000111110100001;
	17294 :	000110000000111110100001;
	17293 :	000110000000111110100001;
	17292 :	000110000000111110100001;
	17291 :	000110000000111110100001;
	17290 :	000110000000111110100001;
	17289 :	000110000000111110100001;
	17288 :	000110000000111110100001;
	17287 :	000110000000111110100001;
	17286 :	000110000000111110100001;
	17285 :	000110000000111110100001;
	17284 :	000110000000111110100001;
	17283 :	000110000000111110100001;
	17282 :	000110000000111110100001;
	17281 :	000110000000111110100001;
	17280 :	000110000000111110100001;
	17279 :	000110000000111110100001;
	17278 :	000110000000111110100001;
	17277 :	000110000000111110100001;
	17276 :	000110000000111110100001;
	17275 :	000110000000111110100001;
	17274 :	000110000000111110100001;
	17273 :	000110000000111110100001;
	17272 :	000110000000111110100001;
	17271 :	000110000000111110100001;
	17270 :	000110000000111110100001;
	17269 :	000110000000111110100001;
	17268 :	000110000000111110100001;
	17267 :	000110000000111110100001;
	17266 :	000110000000111110100001;
	17265 :	000110000000111110100001;
	17264 :	000110010000111110100001;
	17263 :	000110000000111110100001;
	17262 :	000110000000111110100001;
	17261 :	000110000000111110100001;
	17260 :	000110000000111110100001;
	17259 :	000110000000111110100001;
	17258 :	000110010000111110100001;
	17257 :	000110000000111110100001;
	17256 :	000110000000111110100001;
	17255 :	000110000000111110100001;
	17254 :	000110000000111110100001;
	17253 :	000110000000111110100001;
	17252 :	000110000000111110100001;
	17251 :	000110000000111110100001;
	17250 :	000110000000111110100001;
	17249 :	000110000000111110100001;
	17248 :	000110000000111110100001;
	17247 :	000110000000111110100001;
	17246 :	000110000000111110100001;
	17245 :	000110000000111110100001;
	17244 :	000110000000111110100001;
	17243 :	000110000000111110100001;
	17242 :	000110000000111110100001;
	17241 :	000110000000111110100001;
	17240 :	000110000000111110100001;
	17239 :	000110000000111110100001;
	17238 :	000110000000111110100001;
	17237 :	000110000000111110100001;
	17236 :	000110000000111110100001;
	17235 :	000110000000111110100001;
	17234 :	000110000000111110100001;
	17233 :	000110000000111110100001;
	17232 :	000110000000111110100001;
	17231 :	000110000000111110100001;
	17230 :	000110000000111110100001;
	17229 :	010100100011101100111101;
	17228 :	010100100011101100111101;
	17227 :	010100100011101100111101;
	17226 :	010100100011101100111101;
	17225 :	010100100011101100111101;
	17224 :	000000000000000000000000;
	17223 :	000000000000000000000000;
	17222 :	000000000000000000000000;
	17221 :	000000000000000000000000;
	17220 :	000000000000000000000000;
	17219 :	000000000000000000000000;
	17218 :	000000000000000000000000;
	17217 :	000000000000000000000000;
	17216 :	000000000000000000000000;
	17215 :	000000000000000000000000;
	17214 :	000000000000000000000000;
	17213 :	000000000000000000000000;
	17212 :	000000000000000000000000;
	17211 :	000000000000000000000000;
	17210 :	000000000000000000000000;
	17209 :	000000000000000000000000;
	17208 :	000000000000000000000000;
	17207 :	000000000000000000000000;
	17206 :	000000000000000000000000;
	17205 :	000000000000000000000000;
	17204 :	000000000000000000000000;
	17203 :	000000000000000000000000;
	17202 :	000000000000000000000000;
	17201 :	000000000000000000000000;
	17200 :	000000000000000000000000;
	17199 :	000000000000000000000000;
	17198 :	000000000000000000000000;
	17197 :	000000000000000000000000;
	17196 :	000000000000000000000000;
	17195 :	000000000000000000000000;
	17194 :	000000000000000000000000;
	17193 :	000000000000000000000000;
	17192 :	000000000000000000000000;
	17191 :	000000000000000000000000;
	17190 :	000000000000000000000000;
	17189 :	000000000000000000000000;
	17188 :	000000000000000000000000;
	17187 :	000000000000000000000000;
	17186 :	000000000000000000000000;
	17185 :	010100100011101100111101;
	17184 :	010100100011101100111101;
	17183 :	010100100011101100111101;
	17182 :	010100100011101100111101;
	17181 :	010100100011101100111101;
	17180 :	000110000000111110100001;
	17179 :	000110000000111110100001;
	17178 :	000110000000111110100001;
	17177 :	000110000000111110100001;
	17176 :	000110000000111110100001;
	17175 :	000110000000111110100001;
	17174 :	000110000000111110100001;
	17173 :	000110000000111110100001;
	17172 :	000110000000111110100001;
	17171 :	000110000000111110100001;
	17170 :	000110000000111110100001;
	17169 :	000110010000111110100001;
	17168 :	000110000000111110100001;
	17167 :	000110000000111110100001;
	17166 :	000110000000111110100001;
	17165 :	000110000000111110100001;
	17164 :	000110000000111110100001;
	17163 :	000110000000111110100001;
	17162 :	000110000000111110100001;
	17161 :	000110000000111010100001;
	17160 :	000110000000111110100001;
	17159 :	000110000000111010100001;
	17158 :	000110000000111110100001;
	17157 :	000110000000111110100001;
	17156 :	000110000000111110100001;
	17155 :	000110000000111110100001;
	17154 :	000110000000111110100001;
	17153 :	000110000000111110100001;
	17152 :	000110000000111110100001;
	17151 :	000110000000111110100001;
	17150 :	000110000000111110100001;
	17149 :	000110000000111110100001;
	17148 :	000110000000111110100001;
	17147 :	000110000000111110100001;
	17146 :	000110000000111110100001;
	17145 :	000110000000111110100001;
	17144 :	000110010000111110100001;
	17143 :	000110000000111110100001;
	17142 :	000110000000111110100001;
	17141 :	000110000000111110100001;
	17140 :	000110000000111110100001;
	17139 :	000110000000111110100001;
	17138 :	000110000000111110100001;
	17137 :	000110000000111110100001;
	17136 :	000110000000111110100001;
	17135 :	000110000000111110100001;
	17134 :	000110000000111110100001;
	17133 :	000110000000111110100001;
	17132 :	000110000000111110100001;
	17131 :	000110000000111110100001;
	17130 :	000110000000111110100001;
	17129 :	000110000000111110100001;
	17128 :	000110000000111110100001;
	17127 :	000110000000111110100001;
	17126 :	000110000000111110100001;
	17125 :	000110000000111110100001;
	17124 :	000110000000111110100001;
	17123 :	000110000000111110100001;
	17122 :	000110000000111110100001;
	17121 :	000110000000111110100001;
	17120 :	000110000000111110100001;
	17119 :	000110000000111110100000;
	17118 :	000110000000111110100001;
	17117 :	000110000000111110100001;
	17116 :	000110000000111110100001;
	17115 :	000110000000111110100001;
	17114 :	000110000000111110100001;
	17113 :	000110000000111110100001;
	17112 :	000110000000111110100001;
	17111 :	000110000000111110100001;
	17110 :	000110000000111110100001;
	17109 :	000110000000111110100001;
	17108 :	000110000000111110100001;
	17107 :	000110000000111110100001;
	17106 :	000110000000111110100001;
	17105 :	000110000000111110100001;
	17104 :	000110000000111110100001;
	17103 :	000110000000111110100001;
	17102 :	000110000000111110100001;
	17101 :	000110000000111110100001;
	17100 :	000110000000111110100001;
	17099 :	000110000000111010100001;
	17098 :	000110000000111110100001;
	17097 :	000110000000111110100001;
	17096 :	000110000000111110100001;
	17095 :	000110000000111110100001;
	17094 :	000110000000111110100001;
	17093 :	000110000000111110100001;
	17092 :	000110000000111110100001;
	17091 :	000110000000111110100001;
	17090 :	000110000000111110100001;
	17089 :	000110000000111110100001;
	17088 :	000110000000111110100001;
	17087 :	000110000000111110100001;
	17086 :	000110000000111110100001;
	17085 :	000110000000111110100001;
	17084 :	000110000000111110100001;
	17083 :	000110000000111110100001;
	17082 :	000110000000111110100001;
	17081 :	000110000000111110100001;
	17080 :	000110000000111110100001;
	17079 :	000110000000111110100001;
	17078 :	000110000000111110100001;
	17077 :	000110000000111110100001;
	17076 :	000110000000111110100001;
	17075 :	000110000000111110100001;
	17074 :	000110000000111110100001;
	17073 :	000110000000111110100001;
	17072 :	000110000000111110100001;
	17071 :	000110000000111110100001;
	17070 :	000110000000111110100001;
	17069 :	000110000000111110100001;
	17068 :	000110000000111110100001;
	17067 :	000110000000111110100001;
	17066 :	000110000000111110100001;
	17065 :	000110000000111110100001;
	17064 :	000110000000111110100001;
	17063 :	000110000000111110100001;
	17062 :	000110000000111110100001;
	17061 :	000110000000111110100001;
	17060 :	000110000000111110100001;
	17059 :	000110000000111110100001;
	17058 :	000110000000111110100001;
	17057 :	000110000000111110100001;
	17056 :	000110000000111110100001;
	17055 :	000110000000111110100001;
	17054 :	000110000000111110100001;
	17053 :	000110000000111110100001;
	17052 :	000110000000111110100001;
	17051 :	000110000000111110100001;
	17050 :	000110000000111110100001;
	17049 :	000110000000111110100001;
	17048 :	000110000000111110100001;
	17047 :	000110000000111110100001;
	17046 :	000110000000111110100001;
	17045 :	000110000000111110100001;
	17044 :	010100100011101100111101;
	17043 :	010100100011101100111101;
	17042 :	010100100011101100111101;
	17041 :	010100100011101100111101;
	17040 :	010100100011101100111101;
	17039 :	000000000000000000000000;
	17038 :	000000000000000000000000;
	17037 :	000000000000000000000000;
	17036 :	000000000000000000000000;
	17035 :	000000000000000000000000;
	17034 :	000000000000000000000000;
	17033 :	000000000000000000000000;
	17032 :	000000000000000000000000;
	17031 :	000000000000000000000000;
	17030 :	000000000000000000000000;
	17029 :	000000000000000000000000;
	17028 :	000000000000000000000000;
	17027 :	000000000000000000000000;
	17026 :	000000000000000000000000;
	17025 :	000000000000000000000000;
	17024 :	000000000000000000000000;
	17023 :	000000000000000000000000;
	17022 :	000000000000000000000000;
	17021 :	000000000000000000000000;
	17020 :	000000000000000000000000;
	17019 :	000000000000000000000000;
	17018 :	000000000000000000000000;
	17017 :	000000000000000000000000;
	17016 :	000000000000000000000000;
	17015 :	000000000000000000000000;
	17014 :	000000000000000000000000;
	17013 :	000000000000000000000000;
	17012 :	000000000000000000000000;
	17011 :	000000000000000000000000;
	17010 :	000000000000000000000000;
	17009 :	000000000000000000000000;
	17008 :	000000000000000000000000;
	17007 :	000000000000000000000000;
	17006 :	000000000000000000000000;
	17005 :	000000000000000000000000;
	17004 :	000000000000000000000000;
	17003 :	000000000000000000000000;
	17002 :	000000000000000000000000;
	17001 :	000000000000000000000000;
	17000 :	010100100011101100111101;
	16999 :	010100100011101100111101;
	16998 :	010100100011101100111101;
	16997 :	010100100011101100111101;
	16996 :	010100100011101100111101;
	16995 :	000110000000111110100001;
	16994 :	000110000000111110100001;
	16993 :	000110010000111110100001;
	16992 :	000110000000111110100001;
	16991 :	000110000000111110100001;
	16990 :	000110000000111110100001;
	16989 :	000110000000111110100001;
	16988 :	000110000000111110100001;
	16987 :	000110000000111110100001;
	16986 :	000110000000111110100001;
	16985 :	000110000000111110100001;
	16984 :	000110000000111110100001;
	16983 :	000110000000111110100001;
	16982 :	000110000000111110100001;
	16981 :	000110000000111110100001;
	16980 :	000110000000111110100001;
	16979 :	000110000000111110100001;
	16978 :	000110000000111110100001;
	16977 :	000110000000111110100001;
	16976 :	000110000000111110100001;
	16975 :	000110000000111110100001;
	16974 :	000110000000111110100001;
	16973 :	000110000000111110100001;
	16972 :	000110000000111110100001;
	16971 :	000110000000111110100001;
	16970 :	000110000000111110100001;
	16969 :	000110000000111110100001;
	16968 :	000110000000111110100001;
	16967 :	000110000000111110100001;
	16966 :	000110000000111010100001;
	16965 :	000110000000111110100001;
	16964 :	000110000000111110100001;
	16963 :	000110000000111110100001;
	16962 :	000110000000111110100001;
	16961 :	000110000000111110100001;
	16960 :	000110000000111110100001;
	16959 :	000110000000111110100001;
	16958 :	000110000000111110100001;
	16957 :	000110000000111110100001;
	16956 :	000110000000111110100001;
	16955 :	000110000000111010100001;
	16954 :	000110000000111110100001;
	16953 :	000110000000111110100001;
	16952 :	000110000000111110100001;
	16951 :	000110000000111110100001;
	16950 :	000110000000111110100001;
	16949 :	000110000000111110100001;
	16948 :	000110000000111110100001;
	16947 :	000110000000111110100001;
	16946 :	000110000000111010100001;
	16945 :	000110000000111110100001;
	16944 :	000110000000111110100001;
	16943 :	000110000000111110100001;
	16942 :	000110000000111110100001;
	16941 :	000110000000111110100001;
	16940 :	000110000000111110100001;
	16939 :	000110000000111110100001;
	16938 :	000110000000111010100001;
	16937 :	000110000000111110100001;
	16936 :	000110000000111110100001;
	16935 :	000110000000111110100001;
	16934 :	000110000000111110100001;
	16933 :	000110000000111110100001;
	16932 :	000110000000111110100001;
	16931 :	000110000000111110100001;
	16930 :	000110000000111110100001;
	16929 :	000110000000111110100001;
	16928 :	000110000000111110100001;
	16927 :	000110000000111110100001;
	16926 :	000110000000111110100001;
	16925 :	000110000000111110100001;
	16924 :	000110000000111110100001;
	16923 :	000110000000111110100001;
	16922 :	000110000000111110100001;
	16921 :	000110000000111110100001;
	16920 :	000110000000111110100001;
	16919 :	000110000000111110100001;
	16918 :	000110000000111110100001;
	16917 :	000110000000111110100001;
	16916 :	000110000000111010100001;
	16915 :	000110000000111110100001;
	16914 :	000110000000111110100001;
	16913 :	000110000000111110100000;
	16912 :	000110000000111110100001;
	16911 :	000110000000111110100001;
	16910 :	000110000000111110100001;
	16909 :	000110000000111110100001;
	16908 :	000110000000111110100001;
	16907 :	000110000000111110100001;
	16906 :	000110000000111110100001;
	16905 :	000110000000111110100001;
	16904 :	000110000000111110100001;
	16903 :	000110000000111110100001;
	16902 :	000110000000111110100001;
	16901 :	000110000000111110100001;
	16900 :	000110000000111110100001;
	16899 :	000110000000111110100001;
	16898 :	000110000000111110100001;
	16897 :	000110000000111110100001;
	16896 :	000110000000111110100001;
	16895 :	000110000000111110100001;
	16894 :	000110000000111110100001;
	16893 :	000110000000111110100001;
	16892 :	000110000000111110100001;
	16891 :	000110000000111110100001;
	16890 :	000110000000111110100001;
	16889 :	000110000000111110100000;
	16888 :	000110000000111110100001;
	16887 :	000110000000111110100001;
	16886 :	000110000000111110100001;
	16885 :	000110000000111110100001;
	16884 :	000110000000111110100000;
	16883 :	000110000000111110100001;
	16882 :	000110000000111110100001;
	16881 :	000110000000111110100001;
	16880 :	000110000000111110100001;
	16879 :	000110010000111010100001;
	16878 :	000110000000111110100001;
	16877 :	000110000000111110100001;
	16876 :	000110000000111110100001;
	16875 :	000110000000111110100001;
	16874 :	000110000000111110100001;
	16873 :	000110000000111110100001;
	16872 :	000110000000111110100001;
	16871 :	000110000000111110100001;
	16870 :	000110000000111110100001;
	16869 :	000110000000111110100001;
	16868 :	000110000000111110100001;
	16867 :	000110000000111110100001;
	16866 :	000110000000111110100001;
	16865 :	000110000000111110100001;
	16864 :	000110000000111110100001;
	16863 :	000110000000111110100001;
	16862 :	000110010000111110100001;
	16861 :	000110000000111110100001;
	16860 :	000110000000111110100001;
	16859 :	010100100011101100111101;
	16858 :	010100100011101100111101;
	16857 :	010100100011101100111101;
	16856 :	010100100011101100111101;
	16855 :	010100100011101100111101;
	16854 :	000000000000000000000000;
	16853 :	000000000000000000000000;
	16852 :	000000000000000000000000;
	16851 :	000000000000000000000000;
	16850 :	000000000000000000000000;
	16849 :	000000000000000000000000;
	16848 :	000000000000000000000000;
	16847 :	000000000000000000000000;
	16846 :	000000000000000000000000;
	16845 :	000000000000000000000000;
	16844 :	000000000000000000000000;
	16843 :	000000000000000000000000;
	16842 :	000000000000000000000000;
	16841 :	000000000000000000000000;
	16840 :	000000000000000000000000;
	16839 :	000000000000000000000000;
	16838 :	000000000000000000000000;
	16837 :	000000000000000000000000;
	16836 :	000000000000000000000000;
	16835 :	000000000000000000000000;
	16834 :	000000000000000000000000;
	16833 :	000000000000000000000000;
	16832 :	000000000000000000000000;
	16831 :	000000000000000000000000;
	16830 :	000000000000000000000000;
	16829 :	000000000000000000000000;
	16828 :	000000000000000000000000;
	16827 :	000000000000000000000000;
	16826 :	000000000000000000000000;
	16825 :	000000000000000000000000;
	16824 :	000000000000000000000000;
	16823 :	000000000000000000000000;
	16822 :	000000000000000000000000;
	16821 :	000000000000000000000000;
	16820 :	010100100011101100111101;
	16819 :	010100100011101100111101;
	16818 :	010100100011101100111101;
	16817 :	010100100011101100111101;
	16816 :	010100100011101100111101;
	16815 :	000110000000111110100001;
	16814 :	000110000000111110100001;
	16813 :	000110000000111110100001;
	16812 :	000110010000111110100001;
	16811 :	000110000000111110100001;
	16810 :	000110000000111110100001;
	16809 :	010001100100011111001111;
	16808 :	010001110100011111001111;
	16807 :	010001110100011111001111;
	16806 :	010001110100011111001111;
	16805 :	010001110100011111001111;
	16804 :	010001110100011111001111;
	16803 :	010001110100011111001111;
	16802 :	010001110100011011001111;
	16801 :	010001110100011111001111;
	16800 :	010001110100011111001111;
	16799 :	010001110100011111001111;
	16798 :	010001110100011111001111;
	16797 :	010001110100011111001111;
	16796 :	010001110100011111001111;
	16795 :	010001110100011111001111;
	16794 :	010001110100011111001111;
	16793 :	010001110100011111001111;
	16792 :	010001110100011111001111;
	16791 :	010001110100011111001111;
	16790 :	010001110100011111001111;
	16789 :	010001110100011111001111;
	16788 :	010001110100011111001111;
	16787 :	010001110100011111001111;
	16786 :	010001110100011111001111;
	16785 :	010001110100011111001111;
	16784 :	010001110100011111001111;
	16783 :	010001110100011111001111;
	16782 :	010001110100011111001110;
	16781 :	010001110100011111001111;
	16780 :	010001110100011111001111;
	16779 :	010001110100011111001111;
	16778 :	010001110100011111001111;
	16777 :	010001110100011111001111;
	16776 :	010001110100011111001111;
	16775 :	010001110100011111001111;
	16774 :	010001110100011111001111;
	16773 :	010001110100011111001111;
	16772 :	010001110100011111001111;
	16771 :	010001110100011111001111;
	16770 :	010001110100011111001111;
	16769 :	010001110100011111001111;
	16768 :	010001110100011111001111;
	16767 :	010001110100011111001111;
	16766 :	010001110100011111001111;
	16765 :	010001110100011111001111;
	16764 :	010001110100011111001111;
	16763 :	010001110100011111001111;
	16762 :	010001110100011111001111;
	16761 :	010001110100011111001111;
	16760 :	010001110100011111001111;
	16759 :	010001110100011111001111;
	16758 :	010001110100011111001111;
	16757 :	010001110100011111001111;
	16756 :	010001110100011111001111;
	16755 :	010001110100011111001111;
	16754 :	010001110100011111001111;
	16753 :	010001110100011111001111;
	16752 :	010001100100011111001111;
	16751 :	010001110100011111001111;
	16750 :	010001110100011111001111;
	16749 :	010001110100011111001111;
	16748 :	010001110100011011001111;
	16747 :	010001110100011111001111;
	16746 :	010001110100011111001111;
	16745 :	010001110100011111001111;
	16744 :	010001110100011111001111;
	16743 :	010001110100011111001111;
	16742 :	010001110100011111001111;
	16741 :	010001110100011111001111;
	16740 :	010001110100011111001111;
	16739 :	010001110100011111001111;
	16738 :	010001110100011111001111;
	16737 :	010001110100011111001111;
	16736 :	010001110100011111001111;
	16735 :	010001110100011111001111;
	16734 :	010001110100011111001111;
	16733 :	010001110100011111001111;
	16732 :	010001110100011111001111;
	16731 :	010001110100011111001111;
	16730 :	010001110100011111001111;
	16729 :	010001110100011111001111;
	16728 :	010001110100011111001110;
	16727 :	010001110100011111001111;
	16726 :	010001110100011111001111;
	16725 :	010001110100011111001111;
	16724 :	010001100100011111001111;
	16723 :	010001110100011111001111;
	16722 :	010001110100011111001111;
	16721 :	010001110100011111001110;
	16720 :	010001110100011111001111;
	16719 :	010001110100011111001111;
	16718 :	010001110100011111001111;
	16717 :	010001110100011111001111;
	16716 :	010001110100011111001111;
	16715 :	010001110100011111001111;
	16714 :	010001110100011111001111;
	16713 :	010001110100011011001111;
	16712 :	010001110100011111001111;
	16711 :	010001110100011111001111;
	16710 :	010001110100011111001111;
	16709 :	010001110100011111001111;
	16708 :	010001110100011111001111;
	16707 :	010001110100011111001111;
	16706 :	010001110100011111001111;
	16705 :	010001110100011111001111;
	16704 :	010001110100011111001111;
	16703 :	010001110100011111001111;
	16702 :	010001110100011111001111;
	16701 :	010001110100011111001111;
	16700 :	010001110100011111001111;
	16699 :	010001110100011111001111;
	16698 :	010001110100011111001111;
	16697 :	010001110100011111001111;
	16696 :	010001110100011111001111;
	16695 :	010001110100011111001111;
	16694 :	010001110100011111001111;
	16693 :	010001110100011111001111;
	16692 :	010001110100011111001111;
	16691 :	010001110100011111001111;
	16690 :	010001110100011111001111;
	16689 :	010001110100011111001111;
	16688 :	010001110100011111001111;
	16687 :	010001110100011111001111;
	16686 :	010001110100011111001111;
	16685 :	010001110100011111001111;
	16684 :	010001110100011111001111;
	16683 :	010001110100011111001111;
	16682 :	010001110100011011001111;
	16681 :	010001110100011111001111;
	16680 :	010001110100011111001111;
	16679 :	010001110100011111001111;
	16678 :	010001110100011111001111;
	16677 :	010001110100011111001111;
	16676 :	010001110100011111001111;
	16675 :	010001110100011111001111;
	16674 :	010001110100011111001111;
	16673 :	010001110100011111001111;
	16672 :	010001110100011111001111;
	16671 :	010001110100011111001111;
	16670 :	010001110100011111001111;
	16669 :	010100100011101100111101;
	16668 :	010100100011101100111101;
	16667 :	010100100011101100111101;
	16666 :	010100100011101100111101;
	16665 :	010100100011101000111101;
	16664 :	000000000000000000000000;
	16663 :	000000000000000000000000;
	16662 :	000000000000000000000000;
	16661 :	000000000000000000000000;
	16660 :	000000000000000000000000;
	16659 :	000000000000000000000000;
	16658 :	000000000000000000000000;
	16657 :	000000000000000000000000;
	16656 :	000000000000000000000000;
	16655 :	000000000000000000000000;
	16654 :	000000000000000000000000;
	16653 :	000000000000000000000000;
	16652 :	000000000000000000000000;
	16651 :	000000000000000000000000;
	16650 :	000000000000000000000000;
	16649 :	000000000000000000000000;
	16648 :	000000000000000000000000;
	16647 :	000000000000000000000000;
	16646 :	000000000000000000000000;
	16645 :	000000000000000000000000;
	16644 :	000000000000000000000000;
	16643 :	000000000000000000000000;
	16642 :	000000000000000000000000;
	16641 :	000000000000000000000000;
	16640 :	000000000000000000000000;
	16639 :	000000000000000000000000;
	16638 :	000000000000000000000000;
	16637 :	000000000000000000000000;
	16636 :	000000000000000000000000;
	16635 :	010100100011101100111101;
	16634 :	010100100011101100111101;
	16633 :	010100100011101100111101;
	16632 :	010100100011101100111101;
	16631 :	010100100011101100111101;
	16630 :	000110000000111110100001;
	16629 :	000110000000111110100001;
	16628 :	000110000000111110100001;
	16627 :	000110000000111110100001;
	16626 :	000110000000111110100001;
	16625 :	000110000000111110100001;
	16624 :	010001110100011111001111;
	16623 :	010001110100011111001111;
	16622 :	010001110100011111001111;
	16621 :	010001110100011111001111;
	16620 :	010001110100011111001111;
	16619 :	010001110100011111001111;
	16618 :	010001110100011111001111;
	16617 :	010001110100011111001111;
	16616 :	010001110100011111001111;
	16615 :	010001110100011111001111;
	16614 :	010001110100011111001111;
	16613 :	010001110100011111001111;
	16612 :	010001110100011111001111;
	16611 :	010001110100011111001111;
	16610 :	010001110100011111001111;
	16609 :	010001110100011111001111;
	16608 :	010001110100011111001111;
	16607 :	010001110100011111001111;
	16606 :	010001110100011111001110;
	16605 :	010001110100011111001111;
	16604 :	010001110100011111001111;
	16603 :	010001110100011111001111;
	16602 :	010001110100011111001111;
	16601 :	010001110100011111001111;
	16600 :	010001110100011111001111;
	16599 :	010001110100011111001111;
	16598 :	010001110100011111001111;
	16597 :	010001110100011111001111;
	16596 :	010001110100011111001111;
	16595 :	010001110100011111001111;
	16594 :	010001110100011111001111;
	16593 :	010001110100011111001111;
	16592 :	010001110100011111001111;
	16591 :	010001110100011011001111;
	16590 :	010001110100011111001111;
	16589 :	010001110100011111001111;
	16588 :	010001110100011111001111;
	16587 :	010001110100011111001111;
	16586 :	010001110100011111001111;
	16585 :	010001110100011111001111;
	16584 :	010001110100011011001111;
	16583 :	010001110100011111001111;
	16582 :	010001110100011111001111;
	16581 :	010001110100011111001111;
	16580 :	010001110100011111001111;
	16579 :	010001110100011111001111;
	16578 :	010001110100011111001111;
	16577 :	010001110100011111001111;
	16576 :	010001110100011111001111;
	16575 :	010001110100011111001111;
	16574 :	010001110100011111001111;
	16573 :	010001110100011111001111;
	16572 :	010001110100011111001111;
	16571 :	010001110100011111001111;
	16570 :	010001110100011111001111;
	16569 :	010001110100011111001111;
	16568 :	010001110100011111001111;
	16567 :	010001110100011111001111;
	16566 :	010001110100011111001111;
	16565 :	010001110100011111001111;
	16564 :	010001110100011111001111;
	16563 :	010001110100011111001111;
	16562 :	010001110100011111001111;
	16561 :	010001110100011111001111;
	16560 :	010001110100011111001111;
	16559 :	010001110100011111001111;
	16558 :	010001110100011111001111;
	16557 :	010001110100011111001111;
	16556 :	010001110100011111001111;
	16555 :	010001110100011111001111;
	16554 :	010001110100011111001110;
	16553 :	010001110100011111001111;
	16552 :	010001110100011111001111;
	16551 :	010001110100011111001111;
	16550 :	010001110100011111001111;
	16549 :	010001110100011111001111;
	16548 :	010001110100011111001111;
	16547 :	010001110100011111001111;
	16546 :	010001110100011111001111;
	16545 :	010001110100011111001111;
	16544 :	010001110100011111001111;
	16543 :	010001110100011111001111;
	16542 :	010001110100011111001111;
	16541 :	010001110100011111001111;
	16540 :	010001110100011111001111;
	16539 :	010001110100011111001111;
	16538 :	010001110100011111001111;
	16537 :	010001110100011111001111;
	16536 :	010001110100011111001111;
	16535 :	010001110100011111001111;
	16534 :	010001110100011111001111;
	16533 :	010001110100011111001111;
	16532 :	010001110100011111001111;
	16531 :	010001110100011111001111;
	16530 :	010001110100011111001111;
	16529 :	010001110100011111001111;
	16528 :	010001110100011111001111;
	16527 :	010001110100011111001111;
	16526 :	010001110100011011001111;
	16525 :	010001110100011111001111;
	16524 :	010001110100011111001111;
	16523 :	010001110100011111001111;
	16522 :	010001110100011111001111;
	16521 :	010001110100011111001111;
	16520 :	010001110100011111001111;
	16519 :	010001110100011111001111;
	16518 :	010001110100011111001111;
	16517 :	010001110100011111001111;
	16516 :	010001110100011111001111;
	16515 :	010001110100011111001111;
	16514 :	010001110100011111001111;
	16513 :	010001110100011011001111;
	16512 :	010001110100011111001111;
	16511 :	010001110100011111001111;
	16510 :	010001110100011111001111;
	16509 :	010001110100011111001111;
	16508 :	010001110100011111001111;
	16507 :	010001110100011111001110;
	16506 :	010001110100011111001111;
	16505 :	010001110100011111001111;
	16504 :	010001110100011111001110;
	16503 :	010001110100011111001111;
	16502 :	010001110100011011001111;
	16501 :	010001110100011111001111;
	16500 :	010001110100011111001111;
	16499 :	010001110100011111001111;
	16498 :	010001110100011111001111;
	16497 :	010001110100011111001111;
	16496 :	010001110100011111001111;
	16495 :	010001110100011111001111;
	16494 :	010001110100011111001111;
	16493 :	010001110100011111001111;
	16492 :	010001110100011111001111;
	16491 :	010001110100011111001111;
	16490 :	010001110100011111001111;
	16489 :	010001110100011111001111;
	16488 :	010001110100011111001111;
	16487 :	010001110100011111001111;
	16486 :	010001110100011111001111;
	16485 :	010001110100011011001111;
	16484 :	010100100011101100111101;
	16483 :	010100100011101100111101;
	16482 :	010100100011101100111101;
	16481 :	010100100011101100111101;
	16480 :	010100100011101100111101;
	16479 :	000000000000000000000000;
	16478 :	000000000000000000000000;
	16477 :	000000000000000000000000;
	16476 :	000000000000000000000000;
	16475 :	000000000000000000000000;
	16474 :	000000000000000000000000;
	16473 :	000000000000000000000000;
	16472 :	000000000000000000000000;
	16471 :	000000000000000000000000;
	16470 :	000000000000000000000000;
	16469 :	000000000000000000000000;
	16468 :	000000000000000000000000;
	16467 :	000000000000000000000000;
	16466 :	000000000000000000000000;
	16465 :	000000000000000000000000;
	16464 :	000000000000000000000000;
	16463 :	000000000000000000000000;
	16462 :	000000000000000000000000;
	16461 :	000000000000000000000000;
	16460 :	000000000000000000000000;
	16459 :	000000000000000000000000;
	16458 :	000000000000000000000000;
	16457 :	000000000000000000000000;
	16456 :	000000000000000000000000;
	16455 :	000000000000000000000000;
	16454 :	000000000000000000000000;
	16453 :	000000000000000000000000;
	16452 :	000000000000000000000000;
	16451 :	000000000000000000000000;
	16450 :	010100100011101100111101;
	16449 :	010100100011101100111101;
	16448 :	010100100011101100111101;
	16447 :	010100100011101100111100;
	16446 :	010100100011101100111101;
	16445 :	000110000000111110100001;
	16444 :	000110000000111110100001;
	16443 :	000110000000111110100001;
	16442 :	000110000000111110100001;
	16441 :	000110000000111110100001;
	16440 :	000110000000111110100001;
	16439 :	010001110100011111001111;
	16438 :	010001110100011111001110;
	16437 :	010001110100011111001110;
	16436 :	010001110100011111001111;
	16435 :	010001110100011111001111;
	16434 :	010001110100011111001111;
	16433 :	010001110100011011001111;
	16432 :	010001110100011111001111;
	16431 :	010001110100011111001111;
	16430 :	010001110100011111001111;
	16429 :	010001110100011111001111;
	16428 :	010001110100011111001111;
	16427 :	010001110100011111001111;
	16426 :	010001110100011111001111;
	16425 :	010001110100011111001111;
	16424 :	010001110100011111001111;
	16423 :	010001110100011111001110;
	16422 :	010001110100011111001111;
	16421 :	010001110100011111001111;
	16420 :	010001110100011111001111;
	16419 :	010001110100011111001111;
	16418 :	010001110100011111001111;
	16417 :	010001110100011111001111;
	16416 :	010001110100011111001111;
	16415 :	010001110100011111001111;
	16414 :	010001110100011111001111;
	16413 :	010001110100011111001110;
	16412 :	010001100100011111001111;
	16411 :	010001110100011111001111;
	16410 :	010001110100011111001111;
	16409 :	010001110100011111001111;
	16408 :	010001110100011111001111;
	16407 :	010001110100011111001111;
	16406 :	010001110100011111001111;
	16405 :	010001110100011111001111;
	16404 :	010001110100011111001111;
	16403 :	010001110100011111001111;
	16402 :	010001110100011111001111;
	16401 :	010001110100011111001111;
	16400 :	010001110100011111001110;
	16399 :	010001110100011011001111;
	16398 :	010001110100011111001111;
	16397 :	010001110100011111001111;
	16396 :	010001110100011111001111;
	16395 :	010001110100011111001111;
	16394 :	010001110100011111001111;
	16393 :	010001110100011111001111;
	16392 :	010001110100011111001111;
	16391 :	010001110100011111001111;
	16390 :	010001110100011111001111;
	16389 :	010001110100011011001111;
	16388 :	010001110100011111001111;
	16387 :	010001110100011111001111;
	16386 :	010001110100011111001111;
	16385 :	010001110100011111001111;
	16384 :	010001110100011111001111;
	16383 :	010001110100011111001111;
	16382 :	010001110100011011001111;
	16381 :	010001110100011111001111;
	16380 :	010001110100011111001111;
	16379 :	010001110100011111001111;
	16378 :	010001110100011111001111;
	16377 :	010001110100011111001111;
	16376 :	010001110100011111001111;
	16375 :	010001110100011111001111;
	16374 :	010001110100011011001111;
	16373 :	010001110100011111001111;
	16372 :	010001110100011111001111;
	16371 :	010001110100011111001111;
	16370 :	010001110100011111001111;
	16369 :	010001110100011111001111;
	16368 :	010001110100011111001111;
	16367 :	010001110100011111001111;
	16366 :	010001110100011111001111;
	16365 :	010001110100011111001111;
	16364 :	010001110100011111001111;
	16363 :	010001110100011111001111;
	16362 :	010001110100011111001111;
	16361 :	010001110100011111001111;
	16360 :	010001110100011111001111;
	16359 :	010001110100011111001111;
	16358 :	010001110100011011001111;
	16357 :	010001110100011111001111;
	16356 :	010001110100011111001111;
	16355 :	010001110100011111001111;
	16354 :	010001110100011111001111;
	16353 :	010001110100011111001110;
	16352 :	010001110100011111001111;
	16351 :	010001110100011111001111;
	16350 :	010001110100011111001111;
	16349 :	010001110100011111001111;
	16348 :	010001110100011111001111;
	16347 :	010001110100011111001111;
	16346 :	010001110100011111001111;
	16345 :	010001110100011111001111;
	16344 :	010001110100011111001111;
	16343 :	010001110100011011001111;
	16342 :	010001110100011111001111;
	16341 :	010001110100011111001111;
	16340 :	010001110100011111001111;
	16339 :	010001110100011111001111;
	16338 :	010001110100011111001111;
	16337 :	010001110100011111001111;
	16336 :	010001110100011111001111;
	16335 :	010001110100011111001111;
	16334 :	010001110100011111001111;
	16333 :	010001110100011111001111;
	16332 :	010001110100011111001111;
	16331 :	010001110100011111001111;
	16330 :	010001110100011111001111;
	16329 :	010001110100011111001111;
	16328 :	010001110100011111001111;
	16327 :	010001110100011111001111;
	16326 :	010001110100011111001111;
	16325 :	010001110100011111001111;
	16324 :	010001110100011111001111;
	16323 :	010001110100011111001111;
	16322 :	010001110100011111001111;
	16321 :	010001110100011111001111;
	16320 :	010001110100011111001111;
	16319 :	010001110100011111001111;
	16318 :	010001110100011111001111;
	16317 :	010001110100011111001111;
	16316 :	010001110100011111001111;
	16315 :	010001110100011111001111;
	16314 :	010001110100011111001111;
	16313 :	010001110100011111001111;
	16312 :	010001110100011111001111;
	16311 :	010001110100011111001111;
	16310 :	010001110100011111001111;
	16309 :	010001110100011111001111;
	16308 :	010001110100011111001111;
	16307 :	010001110100011111001111;
	16306 :	010001110100011111001110;
	16305 :	010001110100011111001111;
	16304 :	010001110100011111001111;
	16303 :	010001110100011111001111;
	16302 :	010001110100011111001111;
	16301 :	010001110100011111001111;
	16300 :	010001110100011111001111;
	16299 :	010100100011101100111101;
	16298 :	010100100011101100111101;
	16297 :	010100100011101100111101;
	16296 :	010100100011101100111101;
	16295 :	010100100011101100111101;
	16294 :	000000000000000000000000;
	16293 :	000000000000000000000000;
	16292 :	000000000000000000000000;
	16291 :	000000000000000000000000;
	16290 :	000000000000000000000000;
	16289 :	000000000000000000000000;
	16288 :	000000000000000000000000;
	16287 :	000000000000000000000000;
	16286 :	000000000000000000000000;
	16285 :	000000000000000000000000;
	16284 :	000000000000000000000000;
	16283 :	000000000000000000000000;
	16282 :	000000000000000000000000;
	16281 :	000000000000000000000000;
	16280 :	000000000000000000000000;
	16279 :	000000000000000000000000;
	16278 :	000000000000000000000000;
	16277 :	000000000000000000000000;
	16276 :	000000000000000000000000;
	16275 :	000000000000000000000000;
	16274 :	000000000000000000000000;
	16273 :	000000000000000000000000;
	16272 :	000000000000000000000000;
	16271 :	000000000000000000000000;
	16270 :	000000000000000000000000;
	16269 :	000000000000000000000000;
	16268 :	000000000000000000000000;
	16267 :	000000000000000000000000;
	16266 :	000000000000000000000000;
	16265 :	010100100011101100111101;
	16264 :	010100100011101100111101;
	16263 :	010100100011101100111101;
	16262 :	010100100011101100111101;
	16261 :	010100100011101100111101;
	16260 :	000110000000111110100001;
	16259 :	000110000000111110100001;
	16258 :	000110000000111110100001;
	16257 :	000110000000111110100001;
	16256 :	000110000000111110100001;
	16255 :	000110000000111110100001;
	16254 :	010001110100011111001111;
	16253 :	010001110100011111001111;
	16252 :	010001110100011111001111;
	16251 :	010001110100011111001111;
	16250 :	010001110100011111001111;
	16249 :	010001110100011111001111;
	16248 :	010001110100011111001111;
	16247 :	010001110100011111001111;
	16246 :	010001110100011111001110;
	16245 :	010001110100011111001111;
	16244 :	010001110100011111001111;
	16243 :	010001110100011111001111;
	16242 :	010001110100011111001111;
	16241 :	010001110100011111001111;
	16240 :	010001110100011111001111;
	16239 :	010001110100011111001111;
	16238 :	010001110100011111001111;
	16237 :	010001110100011111001111;
	16236 :	010001110100011111001111;
	16235 :	010001110100011111001111;
	16234 :	010001100100011111001111;
	16233 :	010001110100011111001111;
	16232 :	010001110100011111001111;
	16231 :	010001110100011111001111;
	16230 :	010001110100011111001111;
	16229 :	010001110100011111001111;
	16228 :	010001110100011111001111;
	16227 :	010001110100011111001111;
	16226 :	010001110100011111001111;
	16225 :	010001110100011111001111;
	16224 :	010001110100011111001111;
	16223 :	010001110100011111001111;
	16222 :	010001110100011111001111;
	16221 :	010001110100011111001111;
	16220 :	010001110100011111001111;
	16219 :	010001110100011111001111;
	16218 :	010001110100011111001111;
	16217 :	010001110100011111001111;
	16216 :	010001110100011111001111;
	16215 :	010001110100011111001111;
	16214 :	010001110100011111001111;
	16213 :	010001110100011011001111;
	16212 :	010001110100011111001111;
	16211 :	010001110100011111001111;
	16210 :	010001110100011111001111;
	16209 :	010001110100011111001111;
	16208 :	010001110100011111001111;
	16207 :	010001110100011111001111;
	16206 :	010001110100011111001111;
	16205 :	010001110100011111001111;
	16204 :	010001100100011111001111;
	16203 :	010001110100011111001111;
	16202 :	010001110100011111001111;
	16201 :	010001110100011111001111;
	16200 :	010001110100011111001111;
	16199 :	010001110100011111001111;
	16198 :	010001110100011111001111;
	16197 :	010001110100011111001110;
	16196 :	010001110100011111001111;
	16195 :	010001110100011111001111;
	16194 :	010001110100011111001111;
	16193 :	010001110100011111001111;
	16192 :	010001110100011111001111;
	16191 :	010001110100011111001111;
	16190 :	010001100100011111001111;
	16189 :	010001110100011111001111;
	16188 :	010001110100011111001111;
	16187 :	010001110100011111001111;
	16186 :	010001110100011111001110;
	16185 :	010001110100011111001111;
	16184 :	010001110100011111001111;
	16183 :	010001110100011111001110;
	16182 :	010001110100011111001111;
	16181 :	010001110100011111001111;
	16180 :	010001110100011111001111;
	16179 :	010001110100011111001111;
	16178 :	010001110100011111001111;
	16177 :	010001110100011111001111;
	16176 :	010001100100011111001111;
	16175 :	010001110100011111001111;
	16174 :	010001110100011111001111;
	16173 :	010001110100011111001111;
	16172 :	010001110100011111001111;
	16171 :	010001110100011111001111;
	16170 :	010001110100011111001111;
	16169 :	010001100100011111001111;
	16168 :	010001110100011111001111;
	16167 :	010001110100011111001111;
	16166 :	010001110100011111001111;
	16165 :	010001110100011111001111;
	16164 :	010001110100011011001111;
	16163 :	010001110100011111001111;
	16162 :	010001110100011111001111;
	16161 :	010001110100011111001111;
	16160 :	010001110100011111001111;
	16159 :	010001110100011111001111;
	16158 :	010001110100011111001111;
	16157 :	010001110100011111001111;
	16156 :	010001110100011111001111;
	16155 :	010001110100011111001111;
	16154 :	010001110100011111001111;
	16153 :	010001110100011111001111;
	16152 :	010001110100011111001111;
	16151 :	010001110100011111001111;
	16150 :	010001110100011111001111;
	16149 :	010001110100011111001111;
	16148 :	010001110100011111001111;
	16147 :	010001110100011111001111;
	16146 :	010001110100011111001111;
	16145 :	010001110100011111001111;
	16144 :	010001110100011111001111;
	16143 :	010001110100011111001110;
	16142 :	010001110100011111001111;
	16141 :	010001110100011111001111;
	16140 :	010001110100011111001111;
	16139 :	010001110100011111001111;
	16138 :	010001110100011111001111;
	16137 :	010001110100011011001111;
	16136 :	010001110100011111001111;
	16135 :	010001110100011111001111;
	16134 :	010001110100011111001111;
	16133 :	010001110100011111001111;
	16132 :	010001110100011111001111;
	16131 :	010001110100011111001111;
	16130 :	010001110100011111001111;
	16129 :	010001110100011111001111;
	16128 :	010001110100011111001111;
	16127 :	010001110100011111001111;
	16126 :	010001110100011111001111;
	16125 :	010001110100011111001111;
	16124 :	010001110100011111001110;
	16123 :	010001110100011111001111;
	16122 :	010001110100011111001111;
	16121 :	010001110100011111001111;
	16120 :	010001110100011111001111;
	16119 :	010001110100011111001111;
	16118 :	010001110100011111001111;
	16117 :	010001110100011111001111;
	16116 :	010001110100011111001111;
	16115 :	010001110100011111001111;
	16114 :	010100100011101100111101;
	16113 :	010100100011101100111101;
	16112 :	010100100011101100111101;
	16111 :	010100100011101100111101;
	16110 :	010100100011101100111101;
	16109 :	000000000000000000000000;
	16108 :	000000000000000000000000;
	16107 :	000000000000000000000000;
	16106 :	000000000000000000000000;
	16105 :	000000000000000000000000;
	16104 :	000000000000000000000000;
	16103 :	000000000000000000000000;
	16102 :	000000000000000000000000;
	16101 :	000000000000000000000000;
	16100 :	000000000000000000000000;
	16099 :	000000000000000000000000;
	16098 :	000000000000000000000000;
	16097 :	000000000000000000000000;
	16096 :	000000000000000000000000;
	16095 :	000000000000000000000000;
	16094 :	000000000000000000000000;
	16093 :	000000000000000000000000;
	16092 :	000000000000000000000000;
	16091 :	000000000000000000000000;
	16090 :	000000000000000000000000;
	16089 :	000000000000000000000000;
	16088 :	000000000000000000000000;
	16087 :	000000000000000000000000;
	16086 :	000000000000000000000000;
	16085 :	000000000000000000000000;
	16084 :	000000000000000000000000;
	16083 :	000000000000000000000000;
	16082 :	010100100011101000111101;
	16081 :	010100100011101100111100;
	16080 :	010100100011101100111101;
	16079 :	000110000000111110100001;
	16078 :	000110000000111110100001;
	16077 :	000110000000111110100001;
	16076 :	000110000000111110100001;
	16075 :	010001110100011111001111;
	16074 :	010001110100011111001111;
	16073 :	010001110100011111001111;
	16072 :	010001110100011111001111;
	16071 :	010001110100011111001111;
	16070 :	010001110100011111001111;
	16069 :	010001110100011111001111;
	16068 :	010001110100011111001111;
	16067 :	010001110100011111001111;
	16066 :	010001110100011111001111;
	16065 :	010001110100011111001111;
	16064 :	010001110100011111001111;
	16063 :	010001110100011111001111;
	16062 :	010001110100011111001111;
	16061 :	111111111111111111111111;
	16060 :	111111111111111111111111;
	16059 :	111111111111111111111111;
	16058 :	111111111111111111111111;
	16057 :	111111111111111111111111;
	16056 :	111111111111111111111111;
	16055 :	000110000000111110100001;
	16054 :	000110000000111110100001;
	16053 :	000110000000111110100001;
	16052 :	000110000000111110100001;
	16051 :	000110000000111110100001;
	16050 :	010001110100011111001111;
	16049 :	010001110100011111001111;
	16048 :	010001110100011111001111;
	16047 :	010001110100011111001111;
	16046 :	010001110100011111001111;
	16045 :	010001110100011111001111;
	16044 :	010001110100011111001111;
	16043 :	010001110100011111001111;
	16042 :	111111111111111111111111;
	16041 :	111111111111111111111111;
	16040 :	111111111111111111111111;
	16039 :	111111111111111111111111;
	16038 :	111111111111111111111111;
	16037 :	000110000000111110100001;
	16036 :	000110000000111110100001;
	16035 :	000110000000111110100001;
	16034 :	000110000000111110100001;
	16033 :	000110000000111110100001;
	16032 :	010001110100011111001111;
	16031 :	010001110100011111001111;
	16030 :	010001110100011111001111;
	16029 :	010001110100011111001111;
	16028 :	010001110100011111001111;
	16027 :	010001110100011111001111;
	16026 :	010001110100011111001111;
	16025 :	010001110100011111001111;
	16024 :	010001110100011111001111;
	16023 :	111111111111111111111111;
	16022 :	111111111111111111111111;
	16021 :	111111111111111111111111;
	16020 :	111111111111111111111111;
	16019 :	111111111111111111111111;
	16018 :	000110000000111110100001;
	16017 :	000110000000111110100001;
	16016 :	000110000000111110100001;
	16015 :	000110000000111110100001;
	16014 :	111111111111111111111111;
	16013 :	111111111111111111111111;
	16012 :	111111111111111111111111;
	16011 :	111111111111111111111111;
	16010 :	111111111111111111111111;
	16009 :	000110000000111110100001;
	16008 :	000110000000111110100001;
	16007 :	000110000000111110100001;
	16006 :	000110000000111110100001;
	16005 :	000110000000111110100001;
	16004 :	010001110100011111001111;
	16003 :	010001110100011111001111;
	16002 :	010001110100011111001111;
	16001 :	010001110100011111001111;
	16000 :	010001110100011111001111;
	15999 :	010001100100011111001111;
	15998 :	010001110100011111001111;
	15997 :	010001110100011111001111;
	15996 :	010001110100011111001111;
	15995 :	111111111111111111111111;
	15994 :	111111111111111111111111;
	15993 :	111111111111111111111111;
	15992 :	111111111111111111111111;
	15991 :	111111111111111111111111;
	15990 :	000110000000111110100001;
	15989 :	000110000000111110100001;
	15988 :	000110000000111110100001;
	15987 :	000110000000111110100001;
	15986 :	000110000000111110100001;
	15985 :	010001110100011111001111;
	15984 :	010001110100011111001111;
	15983 :	010001110100011111001111;
	15982 :	010001110100011011001111;
	15981 :	010001110100011111001111;
	15980 :	010001110100011111001111;
	15979 :	010001110100011111001111;
	15978 :	010001110100011111001111;
	15977 :	010001110100011111001111;
	15976 :	111111111111111111111110;
	15975 :	111111111111111111111111;
	15974 :	111111111111111111111111;
	15973 :	111111111111111111111110;
	15972 :	111111111111111111111111;
	15971 :	000110000000111110100001;
	15970 :	000110000000111110100001;
	15969 :	000110000000111110100001;
	15968 :	000110000000111110100001;
	15967 :	000110000000111110100001;
	15966 :	010001110100011111001111;
	15965 :	010001110100011111001111;
	15964 :	010001110100011111001111;
	15963 :	010001110100011111001111;
	15962 :	010001110100011111001111;
	15961 :	010001110100011111001111;
	15960 :	010001110100011111001111;
	15959 :	010001110100011011001111;
	15958 :	010001110100011111001111;
	15957 :	010001110100011111001111;
	15956 :	010001100100011111001111;
	15955 :	010001110100011111001111;
	15954 :	010001110100011111001111;
	15953 :	111111111111111111111111;
	15952 :	111111111111111111111110;
	15951 :	111111111111111111111111;
	15950 :	111111111111111111111111;
	15949 :	111111111111111111111111;
	15948 :	111111111111111111111111;
	15947 :	111111111111111111111111;
	15946 :	111111111111111111111111;
	15945 :	111111111111111111111111;
	15944 :	111111111111111111111111;
	15943 :	111111111111111111111111;
	15942 :	111111111111111111111111;
	15941 :	111111111111111011111111;
	15940 :	111111111111111111111111;
	15939 :	111111111111111111111111;
	15938 :	111111111111111111111111;
	15937 :	111111111111111111111111;
	15936 :	111111111111111111111111;
	15935 :	111111111111111111111111;
	15934 :	111111111111111111111111;
	15933 :	000110000000111110100001;
	15932 :	000110000000111110100001;
	15931 :	000110000000111110100001;
	15930 :	000110000000111110100001;
	15929 :	010001110100011111001111;
	15928 :	010001110100011111001111;
	15927 :	010001110100011111001111;
	15926 :	010001110100011111001111;
	15925 :	010001110100011111001111;
	15924 :	000000000000000000000000;
	15923 :	000000000000000000000000;
	15922 :	000000000000000000000000;
	15921 :	000000000000000000000000;
	15920 :	000000000000000000000000;
	15919 :	000000000000000000000000;
	15918 :	000000000000000000000000;
	15917 :	000000000000000000000000;
	15916 :	000000000000000000000000;
	15915 :	000000000000000000000000;
	15914 :	000000000000000000000000;
	15913 :	000000000000000000000000;
	15912 :	000000000000000000000000;
	15911 :	000000000000000000000000;
	15910 :	000000000000000000000000;
	15909 :	000000000000000000000000;
	15908 :	000000000000000000000000;
	15907 :	000000000000000000000000;
	15906 :	000000000000000000000000;
	15905 :	000000000000000000000000;
	15904 :	000000000000000000000000;
	15903 :	000000000000000000000000;
	15902 :	000000000000000000000000;
	15901 :	000000000000000000000000;
	15900 :	000000000000000000000000;
	15899 :	000000000000000000000000;
	15898 :	000000000000000000000000;
	15897 :	010100100011101100111101;
	15896 :	010100100011101100111101;
	15895 :	010100100011101100111101;
	15894 :	000110000000111110100001;
	15893 :	000110000000111110100001;
	15892 :	000110000000111110100001;
	15891 :	000110000000111110100001;
	15890 :	010001110100011111001111;
	15889 :	010001110100011111001111;
	15888 :	010001110100011111001111;
	15887 :	010001110100011111001111;
	15886 :	010001110100011111001111;
	15885 :	010001110100011111001111;
	15884 :	010001110100011111001111;
	15883 :	010001110100011111001111;
	15882 :	010001110100011111001111;
	15881 :	010001110100011111001111;
	15880 :	010001110100011111001111;
	15879 :	010001110100011111001111;
	15878 :	010001110100011111001111;
	15877 :	010001110100011111001110;
	15876 :	111111111111111111111111;
	15875 :	111111111111111111111111;
	15874 :	111111111111111011111111;
	15873 :	111111111111111111111111;
	15872 :	111111111111111111111111;
	15871 :	111111111111111111111111;
	15870 :	000110000000111110100001;
	15869 :	000110000000111110100001;
	15868 :	000110000000111110100001;
	15867 :	000110000000111110100001;
	15866 :	000110000000111110100001;
	15865 :	010001110100011111001111;
	15864 :	010001110100011111001111;
	15863 :	010001110100011111001111;
	15862 :	010001110100011111001111;
	15861 :	010001110100011111001111;
	15860 :	010001110100011111001111;
	15859 :	010001110100011111001111;
	15858 :	010001110100011111001111;
	15857 :	111111111111111111111111;
	15856 :	111111111111111111111111;
	15855 :	111111111111111111111111;
	15854 :	111111111111111111111111;
	15853 :	111111111111111111111111;
	15852 :	000110000000111110100001;
	15851 :	000110000000111110100001;
	15850 :	000110000000111110100001;
	15849 :	000110000000111110100001;
	15848 :	000110010000111110100001;
	15847 :	010001110100011111001111;
	15846 :	010001110100011111001111;
	15845 :	010001110100011111001111;
	15844 :	010001110100011111001111;
	15843 :	010001110100011111001111;
	15842 :	010001110100011111001111;
	15841 :	010001110100011111001111;
	15840 :	010001110100011111001111;
	15839 :	010001110100011111001111;
	15838 :	111111111111111111111111;
	15837 :	111111111111111111111111;
	15836 :	111111111111111111111110;
	15835 :	111111111111111111111111;
	15834 :	111111111111111111111111;
	15833 :	000110000000111110100001;
	15832 :	000110000000111110100001;
	15831 :	000110000000111110100001;
	15830 :	000110000000111110100001;
	15829 :	111111111111111111111111;
	15828 :	111111101111111011111111;
	15827 :	111111111111111111111111;
	15826 :	111111111111111111111111;
	15825 :	111111101111111111111111;
	15824 :	000110000000111110100001;
	15823 :	000110000000111110100001;
	15822 :	000110000000111110100001;
	15821 :	000110000000111110100001;
	15820 :	000110000000111110100001;
	15819 :	010001110100011111001111;
	15818 :	010001110100011111001111;
	15817 :	010001110100011111001111;
	15816 :	010001110100011111001111;
	15815 :	010001110100011111001111;
	15814 :	010001110100011111001111;
	15813 :	010001110100011111001111;
	15812 :	010001110100011111001111;
	15811 :	010001110100011111001110;
	15810 :	111111111111111111111111;
	15809 :	111111101111111111111111;
	15808 :	111111101111111111111111;
	15807 :	111111111111111111111111;
	15806 :	111111111111111111111111;
	15805 :	000110000000111110100001;
	15804 :	000110000000111110100001;
	15803 :	000110000000111110100001;
	15802 :	000110000000111110100001;
	15801 :	000110000000111110100001;
	15800 :	010001110100011111001111;
	15799 :	010001110100011111001111;
	15798 :	010001110100011111001111;
	15797 :	010001110100011111001111;
	15796 :	010001110100011111001111;
	15795 :	010001110100011111001111;
	15794 :	010001110100011111001111;
	15793 :	010001110100011111001111;
	15792 :	010001110100011111001111;
	15791 :	111111111111111111111111;
	15790 :	111111111111111111111111;
	15789 :	111111111111111111111111;
	15788 :	111111111111111111111111;
	15787 :	111111111111111111111111;
	15786 :	000110000000111110100001;
	15785 :	000110000000111110100001;
	15784 :	000110000000111110100001;
	15783 :	000110000000111110100001;
	15782 :	000110000000111110100001;
	15781 :	010001110100011111001111;
	15780 :	010001110100011111001111;
	15779 :	010001110100011111001111;
	15778 :	010001110100011111001111;
	15777 :	010001110100011111001111;
	15776 :	010001110100011111001111;
	15775 :	010001110100011111001111;
	15774 :	010001110100011111001111;
	15773 :	010001110100011111001111;
	15772 :	010001110100011111001111;
	15771 :	010001110100011111001111;
	15770 :	010001110100011111001111;
	15769 :	010001110100011111001111;
	15768 :	111111111111111111111111;
	15767 :	111111111111111111111111;
	15766 :	111111111111111111111111;
	15765 :	111111111111111111111111;
	15764 :	111111111111111111111111;
	15763 :	111111111111111111111111;
	15762 :	111111111111111111111111;
	15761 :	111111111111111111111111;
	15760 :	111111111111111111111111;
	15759 :	111111111111111111111111;
	15758 :	111111111111111111111111;
	15757 :	111111111111111111111111;
	15756 :	111111111111111111111111;
	15755 :	111111111111111111111110;
	15754 :	111111111111111111111111;
	15753 :	111111111111111111111111;
	15752 :	111111111111111111111111;
	15751 :	111111111111111111111111;
	15750 :	111111111111111111111111;
	15749 :	111111111111111111111111;
	15748 :	000110000000111110100001;
	15747 :	000110000000111110100001;
	15746 :	000110000000111110100001;
	15745 :	000110000000111110100001;
	15744 :	010001110100011111001111;
	15743 :	010001110100011111001111;
	15742 :	010001110100011111001111;
	15741 :	010001110100011111001111;
	15740 :	010001110100011111001111;
	15739 :	000000000000000000000000;
	15738 :	000000000000000000000000;
	15737 :	000000000000000000000000;
	15736 :	000000000000000000000000;
	15735 :	000000000000000000000000;
	15734 :	000000000000000000000000;
	15733 :	000000000000000000000000;
	15732 :	000000000000000000000000;
	15731 :	000000000000000000000000;
	15730 :	000000000000000000000000;
	15729 :	000000000000000000000000;
	15728 :	000000000000000000000000;
	15727 :	000000000000000000000000;
	15726 :	000000000000000000000000;
	15725 :	000000000000000000000000;
	15724 :	000000000000000000000000;
	15723 :	000000000000000000000000;
	15722 :	000000000000000000000000;
	15721 :	000000000000000000000000;
	15720 :	000000000000000000000000;
	15719 :	000000000000000000000000;
	15718 :	000000000000000000000000;
	15717 :	000000000000000000000000;
	15716 :	000000000000000000000000;
	15715 :	000000000000000000000000;
	15714 :	000000000000000000000000;
	15713 :	000000000000000000000000;
	15712 :	010100100011101100111101;
	15711 :	010100100011101100111101;
	15710 :	010100100011101100111101;
	15709 :	000110000000111110100001;
	15708 :	000110000000111110100001;
	15707 :	000110000000111110100001;
	15706 :	000110010000111110100001;
	15705 :	010001110100011111001111;
	15704 :	010001110100011111001111;
	15703 :	010001110100011111001111;
	15702 :	010001110100011111001111;
	15701 :	010001110100011111001111;
	15700 :	010001110100011111001111;
	15699 :	010001110100011111001111;
	15698 :	010001110100011111001111;
	15697 :	010001110100011111001111;
	15696 :	010001110100011111001111;
	15695 :	010001110100011111001111;
	15694 :	010001110100011111001111;
	15693 :	010001110100011111001111;
	15692 :	010001110100011111001110;
	15691 :	111111111111111111111111;
	15690 :	111111111111111111111111;
	15689 :	111111111111111111111111;
	15688 :	111111111111111111111111;
	15687 :	111111111111111111111111;
	15686 :	111111111111111111111111;
	15685 :	000110000000111110100001;
	15684 :	000110000000111110100001;
	15683 :	000110000000111110100001;
	15682 :	000110000000111110100001;
	15681 :	000110000000111110100001;
	15680 :	010001110100011111001110;
	15679 :	010001110100011111001111;
	15678 :	010001110100011111001111;
	15677 :	010001110100011111001111;
	15676 :	010001110100011111001111;
	15675 :	010001110100011111001111;
	15674 :	010001110100011111001111;
	15673 :	010001110100011111001111;
	15672 :	111111111111111011111111;
	15671 :	111111111111111111111111;
	15670 :	111111111111111111111111;
	15669 :	111111111111111111111111;
	15668 :	111111111111111111111111;
	15667 :	000110000000111110100001;
	15666 :	000110000000111110100001;
	15665 :	000110000000111110100001;
	15664 :	000110000000111110100001;
	15663 :	000110000000111110100001;
	15662 :	010001110100011111001111;
	15661 :	010001110100011111001111;
	15660 :	010001110100011111001111;
	15659 :	010001110100011111001111;
	15658 :	010001110100011111001111;
	15657 :	010001110100011111001111;
	15656 :	010001110100011111001111;
	15655 :	010001110100011111001111;
	15654 :	010001110100011111001111;
	15653 :	111111111111111111111111;
	15652 :	111111111111111111111111;
	15651 :	111111111111111111111111;
	15650 :	111111111111111111111111;
	15649 :	111111111111111111111111;
	15648 :	000110000000111110100001;
	15647 :	000110000000111110100001;
	15646 :	000110000000111110100001;
	15645 :	000110000000111110100001;
	15644 :	111111111111111111111111;
	15643 :	111111111111111111111111;
	15642 :	111111111111111111111111;
	15641 :	111111111111111111111111;
	15640 :	111111111111111111111111;
	15639 :	000110010000111110100001;
	15638 :	000110000000111110100001;
	15637 :	000110000000111110100001;
	15636 :	000110000000111110100001;
	15635 :	000110000000111110100001;
	15634 :	010001110100011111001111;
	15633 :	010001110100011111001111;
	15632 :	010001110100011111001111;
	15631 :	010001110100011111001111;
	15630 :	010001110100011111001111;
	15629 :	010001110100011111001111;
	15628 :	010001110100011111001111;
	15627 :	010001110100011111001111;
	15626 :	010001110100011111001111;
	15625 :	111111111111111111111111;
	15624 :	111111111111111111111111;
	15623 :	111111111111111111111111;
	15622 :	111111111111111111111111;
	15621 :	111111111111111111111111;
	15620 :	000110000000111110100001;
	15619 :	000110000000111110100001;
	15618 :	000110000000111110100001;
	15617 :	000110000000111110100001;
	15616 :	000110000000111110100001;
	15615 :	010001110100011111001111;
	15614 :	010001110100011111001111;
	15613 :	010001110100011111001111;
	15612 :	010001110100011111001111;
	15611 :	010001110100011111001110;
	15610 :	010001110100011111001111;
	15609 :	010001110100011111001111;
	15608 :	010001110100011111001111;
	15607 :	010001110100011111001111;
	15606 :	111111111111111111111111;
	15605 :	111111111111111111111111;
	15604 :	111111111111111111111111;
	15603 :	111111111111111111111111;
	15602 :	111111111111111111111111;
	15601 :	000110000000111110100001;
	15600 :	000110000000111110100001;
	15599 :	000110000000111110100001;
	15598 :	000110000000111110100001;
	15597 :	000110000000111110100001;
	15596 :	010001110100011111001111;
	15595 :	010001100100011111001111;
	15594 :	010001110100011111001111;
	15593 :	010001110100011111001111;
	15592 :	010001110100011111001111;
	15591 :	010001110100011111001111;
	15590 :	010001110100011111001111;
	15589 :	010001110100011111001111;
	15588 :	010001110100011111001111;
	15587 :	010001110100011111001111;
	15586 :	010001110100011111001111;
	15585 :	010001110100011111001111;
	15584 :	010001110100011111001111;
	15583 :	111111111111111111111111;
	15582 :	111111111111111111111111;
	15581 :	111111111111111111111111;
	15580 :	111111111111111111111111;
	15579 :	111111111111111111111111;
	15578 :	111111111111111111111111;
	15577 :	111111111111111011111111;
	15576 :	111111111111111111111111;
	15575 :	111111111111111111111111;
	15574 :	111111111111111111111111;
	15573 :	111111111111111111111111;
	15572 :	111111111111111111111111;
	15571 :	111111111111111011111111;
	15570 :	111111111111111111111111;
	15569 :	111111111111111111111111;
	15568 :	111111111111111111111111;
	15567 :	111111111111111111111111;
	15566 :	111111111111111111111111;
	15565 :	111111111111111111111111;
	15564 :	111111111111111111111111;
	15563 :	000110000000111110100001;
	15562 :	000110000000111110100001;
	15561 :	000110000000111110100001;
	15560 :	000110000000111110100001;
	15559 :	010001110100011111001111;
	15558 :	010001110100011111001111;
	15557 :	010001110100011111001111;
	15556 :	010001110100011111001111;
	15555 :	010001110100011111001111;
	15554 :	010100100011101100111101;
	15553 :	010100100011101100111100;
	15552 :	010100100011101100111101;
	15551 :	010100100011101100111101;
	15550 :	000000000000000000000000;
	15549 :	000000000000000000000000;
	15548 :	000000000000000000000000;
	15547 :	000000000000000000000000;
	15546 :	000000000000000000000000;
	15545 :	000000000000000000000000;
	15544 :	000000000000000000000000;
	15543 :	000000000000000000000000;
	15542 :	000000000000000000000000;
	15541 :	000000000000000000000000;
	15540 :	000000000000000000000000;
	15539 :	000000000000000000000000;
	15538 :	000000000000000000000000;
	15537 :	000000000000000000000000;
	15536 :	000000000000000000000000;
	15535 :	000000000000000000000000;
	15534 :	000000000000000000000000;
	15533 :	000000000000000000000000;
	15532 :	000000000000000000000000;
	15531 :	000000000000000000000000;
	15530 :	000000000000000000000000;
	15529 :	000000000000000000000000;
	15528 :	000000000000000000000000;
	15527 :	010100100011101100111101;
	15526 :	010100100011101100111101;
	15525 :	010100100011101100111101;
	15524 :	000110000000111110100001;
	15523 :	000110000000111110100001;
	15522 :	000110000000111110100001;
	15521 :	000110000000111110100001;
	15520 :	010001110100011111001111;
	15519 :	010001110100011111001111;
	15518 :	010001110100011111001111;
	15517 :	010001110100011111001111;
	15516 :	010001110100011111001111;
	15515 :	010001110100011111001111;
	15514 :	010001110100011111001111;
	15513 :	010001110100011111001111;
	15512 :	010001110100011111001111;
	15511 :	010001110100011111001111;
	15510 :	010001110100011111001111;
	15509 :	010001110100011011001111;
	15508 :	010001110100011111001111;
	15507 :	010001110100011111001111;
	15506 :	111111111111111111111110;
	15505 :	111111111111111111111111;
	15504 :	111111111111111111111111;
	15503 :	111111111111111111111111;
	15502 :	111111111111111111111111;
	15501 :	111111111111111111111111;
	15500 :	000110000000111110100001;
	15499 :	000110000000111110100001;
	15498 :	000110000000111110100001;
	15497 :	000110000000111110100001;
	15496 :	000110000000111110100001;
	15495 :	010001110100011111001111;
	15494 :	010001110100011111001111;
	15493 :	010001110100011111001111;
	15492 :	010001110100011111001111;
	15491 :	010001110100011111001111;
	15490 :	010001110100011111001111;
	15489 :	010001110100011111001111;
	15488 :	010001110100011111001111;
	15487 :	111111111111111111111111;
	15486 :	111111111111111111111111;
	15485 :	111111111111111111111111;
	15484 :	111111111111111111111111;
	15483 :	111111111111111111111111;
	15482 :	000110000000111110100001;
	15481 :	000110010000111110100001;
	15480 :	000110000000111110100001;
	15479 :	000110000000111110100001;
	15478 :	000110010000111110100001;
	15477 :	010001110100011111001111;
	15476 :	010001110100011111001111;
	15475 :	010001110100011111001111;
	15474 :	010001110100011111001111;
	15473 :	010001100100011111001111;
	15472 :	010001110100011111001111;
	15471 :	010001110100011111001111;
	15470 :	010001110100011111001111;
	15469 :	010001110100011111001111;
	15468 :	111111111111111111111111;
	15467 :	111111111111111111111111;
	15466 :	111111111111111111111111;
	15465 :	111111111111111111111111;
	15464 :	111111101111111111111111;
	15463 :	000110000000111110100001;
	15462 :	000110000000111110100001;
	15461 :	000110000000111110100001;
	15460 :	000110000000111110100001;
	15459 :	111111111111111111111111;
	15458 :	111111111111111111111111;
	15457 :	111111111111111111111111;
	15456 :	111111111111111111111111;
	15455 :	111111111111111111111111;
	15454 :	000110000000111110100001;
	15453 :	000110000000111110100001;
	15452 :	000110000000111110100001;
	15451 :	000110000000111110100001;
	15450 :	000110000000111110100001;
	15449 :	010001110100011111001111;
	15448 :	010001110100011111001111;
	15447 :	010001110100011111001111;
	15446 :	010001110100011111001111;
	15445 :	010001110100011111001111;
	15444 :	010001110100011111001111;
	15443 :	010001110100011111001111;
	15442 :	010001110100011111001111;
	15441 :	010001110100011111001111;
	15440 :	111111111111111111111111;
	15439 :	111111111111111111111111;
	15438 :	111111111111111111111111;
	15437 :	111111111111111111111111;
	15436 :	111111111111111111111111;
	15435 :	000110000000111110100001;
	15434 :	000110000000111110100001;
	15433 :	000110000000111110100001;
	15432 :	000110000000111110100001;
	15431 :	000110000000111110100001;
	15430 :	010001110100011111001111;
	15429 :	010001110100011111001111;
	15428 :	010001110100011111001111;
	15427 :	010001110100011111001111;
	15426 :	010001110100011111001111;
	15425 :	010001110100011111001111;
	15424 :	010001110100011111001111;
	15423 :	010001110100011111001111;
	15422 :	010001110100011111001111;
	15421 :	111111111111111111111111;
	15420 :	111111111111111111111111;
	15419 :	111111111111111111111111;
	15418 :	111111111111111111111111;
	15417 :	111111111111111111111111;
	15416 :	000110000000111110100001;
	15415 :	000110000000111110100001;
	15414 :	000110000000111110100001;
	15413 :	000110000000111110100001;
	15412 :	000110000000111110100001;
	15411 :	010001110100011111001111;
	15410 :	010001110100011111001111;
	15409 :	010001110100011111001111;
	15408 :	010001110100011111001110;
	15407 :	010001110100011111001111;
	15406 :	010001110100011111001111;
	15405 :	010001110100011111001111;
	15404 :	010001110100011111001110;
	15403 :	010001110100011111001111;
	15402 :	010001110100011111001111;
	15401 :	010001110100011111001111;
	15400 :	010001110100011111001111;
	15399 :	010001110100011111001111;
	15398 :	111111111111111111111111;
	15397 :	111111111111111111111111;
	15396 :	111111111111111111111111;
	15395 :	111111111111111111111111;
	15394 :	111111111111111111111111;
	15393 :	111111111111111111111111;
	15392 :	111111111111111111111111;
	15391 :	111111111111111111111111;
	15390 :	111111111111111111111111;
	15389 :	111111111111111111111111;
	15388 :	111111111111111111111111;
	15387 :	111111111111111111111111;
	15386 :	111111111111111111111111;
	15385 :	111111111111111111111110;
	15384 :	111111111111111111111111;
	15383 :	111111101111111111111111;
	15382 :	111111111111111111111111;
	15381 :	111111111111111111111111;
	15380 :	111111111111111111111111;
	15379 :	111111111111111111111111;
	15378 :	000110000000111110100001;
	15377 :	000110000000111110100001;
	15376 :	000110000000111110100001;
	15375 :	000110000000111110100001;
	15374 :	010001110100011111001111;
	15373 :	010001110100011111001111;
	15372 :	010001110100011111001111;
	15371 :	010001110100011111001111;
	15370 :	010001110100011111001111;
	15369 :	010100100011101100111101;
	15368 :	010100100011101100111101;
	15367 :	010100100011101100111101;
	15366 :	010100100011101100111101;
	15365 :	000000000000000000000000;
	15364 :	000000000000000000000000;
	15363 :	000000000000000000000000;
	15362 :	000000000000000000000000;
	15361 :	000000000000000000000000;
	15360 :	000000000000000000000000;
	15359 :	000000000000000000000000;
	15358 :	000000000000000000000000;
	15357 :	000000000000000000000000;
	15356 :	000000000000000000000000;
	15355 :	000000000000000000000000;
	15354 :	000000000000000000000000;
	15353 :	000000000000000000000000;
	15352 :	000000000000000000000000;
	15351 :	000000000000000000000000;
	15350 :	000000000000000000000000;
	15349 :	000000000000000000000000;
	15348 :	000000000000000000000000;
	15347 :	000000000000000000000000;
	15346 :	000000000000000000000000;
	15345 :	000000000000000000000000;
	15344 :	000000000000000000000000;
	15343 :	000000000000000000000000;
	15342 :	010100100011101100111101;
	15341 :	010100100011101100111101;
	15340 :	010100100011101100111101;
	15339 :	000110000000111110100001;
	15338 :	000110000000111110100001;
	15337 :	000110000000111110100001;
	15336 :	000110000000111110100000;
	15335 :	010001110100011111001111;
	15334 :	010001110100011111001111;
	15333 :	010001110100011111001111;
	15332 :	010001110100011111001111;
	15331 :	010001110100011111001111;
	15330 :	010001110100011111001111;
	15329 :	010001110100011111001111;
	15328 :	010001110100011111001111;
	15327 :	010001110100011111001111;
	15326 :	010001110100011111001111;
	15325 :	010001110100011111001111;
	15324 :	010001110100011011001111;
	15323 :	010001110100011111001111;
	15322 :	010001110100011111001111;
	15321 :	111111111111111111111111;
	15320 :	111111111111111111111111;
	15319 :	111111101111111111111111;
	15318 :	111111101111111111111111;
	15317 :	111111111111111111111111;
	15316 :	111111111111111111111111;
	15315 :	000110000000111110100001;
	15314 :	000110000000111110100001;
	15313 :	000110000000111110100001;
	15312 :	000110000000111110100001;
	15311 :	000110000000111110100001;
	15310 :	010001110100011111001111;
	15309 :	010001110100011111001111;
	15308 :	010001110100011111001111;
	15307 :	010001110100011111001111;
	15306 :	010001110100011111001111;
	15305 :	010001110100011111001111;
	15304 :	010001110100011111001111;
	15303 :	010001110100011111001111;
	15302 :	111111111111111111111111;
	15301 :	111111111111111111111111;
	15300 :	111111111111111111111111;
	15299 :	111111111111111111111111;
	15298 :	111111111111111111111111;
	15297 :	000110010000111110100001;
	15296 :	000110000000111110100001;
	15295 :	000110000000111110100001;
	15294 :	000110000000111110100001;
	15293 :	000110000000111110100001;
	15292 :	010001110100011111001111;
	15291 :	010001110100011111001111;
	15290 :	010001110100011111001111;
	15289 :	010001110100011111001111;
	15288 :	010001110100011111001111;
	15287 :	010001100100011111001111;
	15286 :	010001110100011111001111;
	15285 :	010001110100011111001111;
	15284 :	010001110100011111001111;
	15283 :	111111111111111111111111;
	15282 :	111111111111111111111111;
	15281 :	111111111111111111111111;
	15280 :	111111111111111111111111;
	15279 :	111111111111111111111111;
	15278 :	000110000000111110100001;
	15277 :	000110000000111110100001;
	15276 :	000110000000111110100001;
	15275 :	000110000000111110100001;
	15274 :	111111111111111111111111;
	15273 :	111111111111111111111111;
	15272 :	111111111111111111111111;
	15271 :	111111111111111111111111;
	15270 :	111111111111111111111111;
	15269 :	000110000000111110100001;
	15268 :	000110000000111110100001;
	15267 :	000110000000111110100001;
	15266 :	000110000000111110100001;
	15265 :	000110000000111110100001;
	15264 :	010001110100011111001111;
	15263 :	010001110100011111001111;
	15262 :	010001110100011111001111;
	15261 :	010001110100011111001111;
	15260 :	010001110100011111001111;
	15259 :	010001110100011111001111;
	15258 :	010001110100011111001111;
	15257 :	010001110100011111001111;
	15256 :	010001110100011111001111;
	15255 :	111111111111111111111111;
	15254 :	111111111111111111111111;
	15253 :	111111111111111111111111;
	15252 :	111111111111111111111111;
	15251 :	111111111111111111111111;
	15250 :	000110000000111110100001;
	15249 :	000110000000111110100001;
	15248 :	000110000000111110100001;
	15247 :	000110000000111110100001;
	15246 :	000110000000111110100001;
	15245 :	010001110100011111001111;
	15244 :	010001110100011111001111;
	15243 :	010001110100011111001111;
	15242 :	010001110100011111001111;
	15241 :	010001110100011111001110;
	15240 :	010001110100011111001111;
	15239 :	010001110100011111001111;
	15238 :	010001110100011111001111;
	15237 :	010001110100011111001111;
	15236 :	111111111111111111111111;
	15235 :	111111111111111111111111;
	15234 :	111111111111111111111111;
	15233 :	111111111111111111111110;
	15232 :	111111111111111111111111;
	15231 :	000110000000111110100001;
	15230 :	000110000000111110100001;
	15229 :	000110000000111110100001;
	15228 :	000110000000111110100001;
	15227 :	000110000000111110100001;
	15226 :	010001110100011111001111;
	15225 :	010001110100011111001111;
	15224 :	010001110100011111001111;
	15223 :	010001110100011111001111;
	15222 :	010001110100011111001111;
	15221 :	010001110100011011001111;
	15220 :	010001110100011111001111;
	15219 :	010001110100011111001111;
	15218 :	010001110100011111001111;
	15217 :	010001110100011111001111;
	15216 :	010001110100011111001111;
	15215 :	010001110100011111001111;
	15214 :	010001110100011111001111;
	15213 :	111111111111111111111111;
	15212 :	111111111111111111111111;
	15211 :	111111111111111111111111;
	15210 :	111111111111111111111111;
	15209 :	111111111111111111111111;
	15208 :	111111111111111111111111;
	15207 :	111111111111111111111111;
	15206 :	111111111111111111111111;
	15205 :	111111111111111111111111;
	15204 :	111111111111111111111111;
	15203 :	111111111111111111111111;
	15202 :	111111111111111111111111;
	15201 :	111111111111111111111111;
	15200 :	111111111111111111111111;
	15199 :	111111111111111111111111;
	15198 :	111111111111111111111111;
	15197 :	111111111111111111111111;
	15196 :	111111111111111111111111;
	15195 :	111111111111111111111111;
	15194 :	111111111111111111111111;
	15193 :	000110010000111110100001;
	15192 :	000110000000111110100001;
	15191 :	000110000000111110100001;
	15190 :	000110000000111110100001;
	15189 :	010001110100011111001111;
	15188 :	010001110100011111001111;
	15187 :	010001110100011111001111;
	15186 :	010001110100011111001111;
	15185 :	010001110100011111001111;
	15184 :	010100100011101100111101;
	15183 :	010100100011101100111101;
	15182 :	010100100011101100111101;
	15181 :	010100100011101100111101;
	15180 :	000000000000000000000000;
	15179 :	000000000000000000000000;
	15178 :	000000000000000000000000;
	15177 :	000000000000000000000000;
	15176 :	000000000000000000000000;
	15175 :	000000000000000000000000;
	15174 :	000000000000000000000000;
	15173 :	000000000000000000000000;
	15172 :	000000000000000000000000;
	15171 :	000000000000000000000000;
	15170 :	000000000000000000000000;
	15169 :	000000000000000000000000;
	15168 :	000000000000000000000000;
	15167 :	000000000000000000000000;
	15166 :	000000000000000000000000;
	15165 :	000000000000000000000000;
	15164 :	000000000000000000000000;
	15163 :	000000000000000000000000;
	15162 :	000000000000000000000000;
	15161 :	000000000000000000000000;
	15160 :	000000000000000000000000;
	15159 :	000000000000000000000000;
	15158 :	000000000000000000000000;
	15157 :	010100100011101100111101;
	15156 :	010100100011101100111101;
	15155 :	010100100011101100111101;
	15154 :	000110000000111110100001;
	15153 :	000110000000111110100001;
	15152 :	000110000000111110100001;
	15151 :	000110000000111110100001;
	15150 :	010001110100011111001111;
	15149 :	010001100100011111001111;
	15148 :	010001110100011111001111;
	15147 :	010001110100011111001111;
	15146 :	010001110100011111001111;
	15145 :	010001110100011111001111;
	15144 :	010001110100011111001111;
	15143 :	010001110100011111001111;
	15142 :	010001110100011111001111;
	15141 :	010001110100011111001111;
	15140 :	010001110100011111001111;
	15139 :	010001110100011111001111;
	15138 :	010001110100011111001111;
	15137 :	010001110100011111001111;
	15136 :	111111111111111111111111;
	15135 :	111111111111111111111111;
	15134 :	111111111111111011111111;
	15133 :	111111111111111111111111;
	15132 :	111111101111111111111111;
	15131 :	111111111111111111111111;
	15130 :	000110000000111010100001;
	15129 :	000110000000111010100001;
	15128 :	000110000000111110100001;
	15127 :	000110000000111110100001;
	15126 :	000110000000111110100001;
	15125 :	010001110100011111001111;
	15124 :	010001110100011111001111;
	15123 :	010001110100011111001111;
	15122 :	010001110100011111001111;
	15121 :	010001110100011111001111;
	15120 :	010001110100011111001111;
	15119 :	010001110100011111001111;
	15118 :	010001110100011111001111;
	15117 :	111111111111111111111111;
	15116 :	111111111111111111111111;
	15115 :	111111111111111111111111;
	15114 :	111111111111111111111111;
	15113 :	111111111111111111111111;
	15112 :	000110000000111110100001;
	15111 :	000110000000111110100001;
	15110 :	000110000000111110100001;
	15109 :	000110000000111110100001;
	15108 :	000110000000111110100001;
	15107 :	010001110100011111001111;
	15106 :	010001110100011111001111;
	15105 :	010001110100011111001111;
	15104 :	010001110100011111001111;
	15103 :	010001110100011111001111;
	15102 :	010001110100011111001111;
	15101 :	010001110100011111001111;
	15100 :	010001110100011111001111;
	15099 :	010001110100011111001111;
	15098 :	111111111111111111111111;
	15097 :	111111111111111111111111;
	15096 :	111111111111111111111111;
	15095 :	111111111111111111111111;
	15094 :	111111111111111111111111;
	15093 :	000110000000111110100001;
	15092 :	000110000000111110100001;
	15091 :	000110000000111110100001;
	15090 :	000110000000111110100001;
	15089 :	111111111111111011111111;
	15088 :	111111111111111111111111;
	15087 :	111111111111111111111111;
	15086 :	111111111111111111111111;
	15085 :	111111111111111111111111;
	15084 :	000110000000111110100001;
	15083 :	000110000000111110100001;
	15082 :	000110000000111110100001;
	15081 :	000110000000111110100001;
	15080 :	000110000000111110100001;
	15079 :	010001110100011111001111;
	15078 :	010001110100011111001111;
	15077 :	010001110100011111001111;
	15076 :	010001110100011111001111;
	15075 :	010001110100011111001111;
	15074 :	010001110100011111001111;
	15073 :	010001110100011111001111;
	15072 :	010001110100011111001111;
	15071 :	010001110100011111001110;
	15070 :	111111111111111111111111;
	15069 :	111111111111111111111111;
	15068 :	111111111111111111111111;
	15067 :	111111111111111111111111;
	15066 :	111111111111111111111111;
	15065 :	000110000000111110100001;
	15064 :	000110000000111110100001;
	15063 :	000110000000111110100001;
	15062 :	000110000000111110100001;
	15061 :	000110000000111110100001;
	15060 :	010001110100011111001111;
	15059 :	010001110100011111001111;
	15058 :	010001110100011111001111;
	15057 :	010001110100011111001110;
	15056 :	010001110100011011001111;
	15055 :	010001110100011111001110;
	15054 :	010001110100011111001111;
	15053 :	010001110100011111001111;
	15052 :	010001110100011111001111;
	15051 :	111111111111111111111111;
	15050 :	111111111111111111111111;
	15049 :	111111111111111111111111;
	15048 :	111111111111111111111111;
	15047 :	111111111111111111111111;
	15046 :	000110000000111110100001;
	15045 :	000110000000111110100001;
	15044 :	000110000000111110100001;
	15043 :	000110000000111110100001;
	15042 :	000110000000111110100001;
	15041 :	010001110100011111001111;
	15040 :	010001110100011111001111;
	15039 :	010001110100011111001111;
	15038 :	010001110100011111001111;
	15037 :	010001110100011111001111;
	15036 :	010001110100011111001111;
	15035 :	010001110100011111001111;
	15034 :	010001110100011111001111;
	15033 :	010001110100011111001111;
	15032 :	010001110100011111001111;
	15031 :	010001110100011111001111;
	15030 :	010001110100011111001111;
	15029 :	010001110100011111001111;
	15028 :	111111111111111111111111;
	15027 :	111111111111111111111111;
	15026 :	111111111111111111111111;
	15025 :	111111111111111111111111;
	15024 :	111111111111111111111111;
	15023 :	111111111111111111111111;
	15022 :	111111111111111111111111;
	15021 :	111111111111111011111111;
	15020 :	111111111111111111111111;
	15019 :	111111111111111111111111;
	15018 :	111111111111111111111111;
	15017 :	111111111111111111111111;
	15016 :	111111111111111111111111;
	15015 :	111111111111111111111111;
	15014 :	111111111111111111111111;
	15013 :	111111111111111111111111;
	15012 :	111111111111111111111111;
	15011 :	111111111111111111111111;
	15010 :	111111111111111111111111;
	15009 :	111111111111111111111111;
	15008 :	000110000000111110100001;
	15007 :	000110000000111110100000;
	15006 :	000110000000111110100001;
	15005 :	000110000000111110100001;
	15004 :	010001110100011111001111;
	15003 :	010001110100011111001111;
	15002 :	010001110100011111001111;
	15001 :	010001110100011111001111;
	15000 :	010001110100011111001111;
	14999 :	010100100011101100111101;
	14998 :	010100100011101100111101;
	14997 :	010100100011101100111101;
	14996 :	010100100011101100111101;
	14995 :	000000000000000000000000;
	14994 :	000000000000000000000000;
	14993 :	000000000000000000000000;
	14992 :	000000000000000000000000;
	14991 :	000000000000000000000000;
	14990 :	000000000000000000000000;
	14989 :	000000000000000000000000;
	14988 :	000000000000000000000000;
	14987 :	000000000000000000000000;
	14986 :	000000000000000000000000;
	14985 :	000000000000000000000000;
	14984 :	000000000000000000000000;
	14983 :	000000000000000000000000;
	14982 :	000000000000000000000000;
	14981 :	000000000000000000000000;
	14980 :	000000000000000000000000;
	14979 :	000000000000000000000000;
	14978 :	000000000000000000000000;
	14977 :	000000000000000000000000;
	14976 :	000000000000000000000000;
	14975 :	000000000000000000000000;
	14974 :	000000000000000000000000;
	14973 :	000000000000000000000000;
	14972 :	010100100011101100111101;
	14971 :	010100100011101100111101;
	14970 :	010100100011101100111101;
	14969 :	000110000000111110100001;
	14968 :	000110000000111110100001;
	14967 :	000110000000111110100001;
	14966 :	000110000000111110100001;
	14965 :	010001110100011111001111;
	14964 :	010001110100011111001111;
	14963 :	010001110100011111001111;
	14962 :	010001110100011111001111;
	14961 :	010001110100011111001111;
	14960 :	010001110100011111001111;
	14959 :	010001110100011111001111;
	14958 :	010001110100011111001111;
	14957 :	010001110100011111001111;
	14956 :	010001110100011111001111;
	14955 :	010001110100011111001111;
	14954 :	010001110100011111001111;
	14953 :	010001110100011111001111;
	14952 :	010001110100011111001111;
	14951 :	111111111111111111111111;
	14950 :	111111111111111111111111;
	14949 :	111111111111111111111111;
	14948 :	111111111111111111111111;
	14947 :	111111111111111111111111;
	14946 :	111111111111111111111111;
	14945 :	000110000000111110100001;
	14944 :	000110000000111110100001;
	14943 :	000110000000111110100001;
	14942 :	000110000000111110100001;
	14941 :	000110010000111110100001;
	14940 :	010001110100011111001111;
	14939 :	010001110100011111001111;
	14938 :	010001110100011111001111;
	14937 :	010001110100011111001111;
	14936 :	010001110100011111001111;
	14935 :	010001110100011111001111;
	14934 :	010001110100011111001111;
	14933 :	010001110100011111001111;
	14932 :	111111111111111111111111;
	14931 :	111111111111111111111111;
	14930 :	111111111111111111111111;
	14929 :	111111111111111111111111;
	14928 :	111111111111111111111111;
	14927 :	000110000000111110100001;
	14926 :	000110000000111010100001;
	14925 :	000110000000111110100001;
	14924 :	000110000000111110100001;
	14923 :	000110000000111110100001;
	14922 :	010001100100011111001111;
	14921 :	010001110100011111001111;
	14920 :	010001110100011111001111;
	14919 :	010001110100011111001111;
	14918 :	010001110100011111001111;
	14917 :	010001110100011111001111;
	14916 :	010001110100011111001111;
	14915 :	010001110100011111001111;
	14914 :	010001110100011111001111;
	14913 :	111111111111111111111111;
	14912 :	111111111111111111111111;
	14911 :	111111111111111111111111;
	14910 :	111111111111111111111111;
	14909 :	111111111111111111111111;
	14908 :	000110000000111110100001;
	14907 :	000110000000111110100001;
	14906 :	000110000000111110100001;
	14905 :	000110000000111110100001;
	14904 :	111111111111111111111111;
	14903 :	111111111111111111111110;
	14902 :	111111111111111111111111;
	14901 :	111111111111111111111111;
	14900 :	111111111111111111111111;
	14899 :	000110000000111110100001;
	14898 :	000110000000111110100001;
	14897 :	000110000000111110100001;
	14896 :	000110000000111110100001;
	14895 :	000110000000111110100001;
	14894 :	010001110100011111001111;
	14893 :	010001110100011111001111;
	14892 :	010001110100011011001111;
	14891 :	010001110100011111001111;
	14890 :	010001110100011111001111;
	14889 :	010001110100011111001111;
	14888 :	010001110100011111001111;
	14887 :	010001110100011111001111;
	14886 :	010001110100011111001111;
	14885 :	111111111111111111111111;
	14884 :	111111111111111111111111;
	14883 :	111111111111111111111111;
	14882 :	111111111111111011111111;
	14881 :	111111111111111111111111;
	14880 :	000110000000111110100001;
	14879 :	000110000000111110100001;
	14878 :	000110000000111110100001;
	14877 :	000110000000111110100001;
	14876 :	000110000000111110100001;
	14875 :	010001110100011111001111;
	14874 :	010001110100011111001111;
	14873 :	010001110100011111001111;
	14872 :	010001110100011111001111;
	14871 :	010001110100011111001111;
	14870 :	010001110100011111001111;
	14869 :	010001110100011111001111;
	14868 :	010001110100011111001111;
	14867 :	010001110100011111001111;
	14866 :	111111111111111111111111;
	14865 :	111111111111111111111111;
	14864 :	111111111111111111111111;
	14863 :	111111111111111111111111;
	14862 :	111111111111111111111111;
	14861 :	000110000000111110100001;
	14860 :	000110000000111110100001;
	14859 :	000110000000111110100001;
	14858 :	000110000000111110100001;
	14857 :	000110000000111110100001;
	14856 :	010001110100011111001111;
	14855 :	010001110100011111001111;
	14854 :	010001110100011111001111;
	14853 :	010001110100011111001111;
	14852 :	010001110100011111001111;
	14851 :	010001110100011111001111;
	14850 :	010001110100011111001111;
	14849 :	010001110100011111001111;
	14848 :	111111111111111111111111;
	14847 :	111111111111111111111111;
	14846 :	111111111111111111111111;
	14845 :	111111111111111111111111;
	14844 :	111111111111111111111111;
	14843 :	111111111111111111111111;
	14842 :	111111111111111111111111;
	14841 :	111111111111111111111111;
	14840 :	111111111111111111111111;
	14839 :	111111111111111111111111;
	14838 :	111111111111111111111111;
	14837 :	111111101111111111111111;
	14836 :	111111111111111011111111;
	14835 :	111111111111111111111111;
	14834 :	111111111111111111111111;
	14833 :	111111111111111111111111;
	14832 :	111111111111111111111111;
	14831 :	111111111111111111111111;
	14830 :	111111111111111111111111;
	14829 :	111111111111111111111111;
	14828 :	111111111111111111111111;
	14827 :	111111111111111111111111;
	14826 :	111111111111111111111111;
	14825 :	111111111111111111111111;
	14824 :	111111111111111111111111;
	14823 :	000110010000111110100001;
	14822 :	000110000000111110100001;
	14821 :	000110000000111110100001;
	14820 :	000110000000111110100001;
	14819 :	010001110100011111001111;
	14818 :	010001110100011111001111;
	14817 :	010001110100011111001111;
	14816 :	010001110100011111001111;
	14815 :	010001110100011111001111;
	14814 :	010100100011101100111101;
	14813 :	010100100011101100111101;
	14812 :	010100100011101100111101;
	14811 :	010100100011101100111101;
	14810 :	000000000000000000000000;
	14809 :	000000000000000000000000;
	14808 :	000000000000000000000000;
	14807 :	000000000000000000000000;
	14806 :	000000000000000000000000;
	14805 :	000000000000000000000000;
	14804 :	000000000000000000000000;
	14803 :	000000000000000000000000;
	14802 :	000000000000000000000000;
	14801 :	000000000000000000000000;
	14800 :	000000000000000000000000;
	14799 :	000000000000000000000000;
	14798 :	000000000000000000000000;
	14797 :	000000000000000000000000;
	14796 :	000000000000000000000000;
	14795 :	000000000000000000000000;
	14794 :	000000000000000000000000;
	14793 :	000000000000000000000000;
	14792 :	000000000000000000000000;
	14791 :	000000000000000000000000;
	14790 :	000000000000000000000000;
	14789 :	000000000000000000000000;
	14788 :	000000000000000000000000;
	14787 :	010100100011101100111101;
	14786 :	010100100011101100111101;
	14785 :	010100100011101100111101;
	14784 :	000110000000111110100001;
	14783 :	000110000000111110100001;
	14782 :	000110000000111110100001;
	14781 :	000110000000111110100001;
	14780 :	010001110100011111001111;
	14779 :	010001110100011111001111;
	14778 :	010001110100011111001110;
	14777 :	010001110100011111001111;
	14776 :	010001100100011111001111;
	14775 :	010001110100011111001111;
	14774 :	010001110100011111001111;
	14773 :	010001110100011111001111;
	14772 :	010001110100011111001111;
	14771 :	010001110100011111001111;
	14770 :	010001110100011111001111;
	14769 :	010001110100011111001111;
	14768 :	010001110100011111001111;
	14767 :	010001110100011111001111;
	14766 :	111111111111111111111111;
	14765 :	111111111111111111111111;
	14764 :	111111111111111111111111;
	14763 :	111111111111111111111111;
	14762 :	111111111111111111111111;
	14761 :	111111111111111111111111;
	14760 :	000110000000111110100001;
	14759 :	000110000000111110100001;
	14758 :	000110000000111110100001;
	14757 :	000110000000111110100001;
	14756 :	000110000000111110100001;
	14755 :	010001110100011111001111;
	14754 :	010001110100011111001111;
	14753 :	010001110100011111001111;
	14752 :	010001110100011111001111;
	14751 :	010001110100011111001111;
	14750 :	010001110100011111001111;
	14749 :	010001110100011111001111;
	14748 :	010001110100011111001111;
	14747 :	111111111111111111111111;
	14746 :	111111111111111111111111;
	14745 :	111111111111111111111111;
	14744 :	111111111111111011111111;
	14743 :	111111111111111111111111;
	14742 :	000110000000111110100001;
	14741 :	000110000000111110100001;
	14740 :	000110000000111110100001;
	14739 :	000110000000111110100001;
	14738 :	000110000000111110100001;
	14737 :	010001110100011111001111;
	14736 :	010001110100011111001111;
	14735 :	010001110100011111001111;
	14734 :	010001110100011111001111;
	14733 :	010001110100011111001111;
	14732 :	010001110100011111001111;
	14731 :	010001110100011111001111;
	14730 :	010001110100011111001111;
	14729 :	010001110100011111001111;
	14728 :	111111111111111111111111;
	14727 :	111111111111111111111111;
	14726 :	111111111111111111111111;
	14725 :	111111111111111111111111;
	14724 :	111111101111111111111111;
	14723 :	000110000000111110100001;
	14722 :	000110000000111110100001;
	14721 :	000110000000111110100001;
	14720 :	000110000000111110100001;
	14719 :	111111111111111111111111;
	14718 :	111111111111111111111111;
	14717 :	111111111111111111111111;
	14716 :	111111111111111111111111;
	14715 :	111111111111111111111111;
	14714 :	000110000000111110100001;
	14713 :	000110000000111110100001;
	14712 :	000110000000111110100001;
	14711 :	000110000000111110100001;
	14710 :	000110000000111110100001;
	14709 :	010001110100011111001111;
	14708 :	010001110100011111001111;
	14707 :	010001110100011111001111;
	14706 :	010001110100011111001111;
	14705 :	010001110100011111001111;
	14704 :	010001110100011111001111;
	14703 :	010001110100011111001111;
	14702 :	010001110100011111001111;
	14701 :	010001110100011111001111;
	14700 :	111111111111111111111111;
	14699 :	111111111111111111111111;
	14698 :	111111111111111111111111;
	14697 :	111111111111111111111111;
	14696 :	111111111111111111111111;
	14695 :	000110000000111110100001;
	14694 :	000110000000111110100001;
	14693 :	000110000000111010100001;
	14692 :	000110000000111110100001;
	14691 :	000110000000111110100001;
	14690 :	010001110100011111001111;
	14689 :	010001110100011111001111;
	14688 :	010001110100011111001111;
	14687 :	010001110100011111001110;
	14686 :	010001110100011111001111;
	14685 :	010001110100011111001111;
	14684 :	010001110100011111001111;
	14683 :	010001110100011111001111;
	14682 :	010001110100011111001111;
	14681 :	111111111111111111111111;
	14680 :	111111111111111011111111;
	14679 :	111111111111111111111111;
	14678 :	111111111111111111111111;
	14677 :	111111111111111111111111;
	14676 :	000110000000111110100001;
	14675 :	000110000000111110100001;
	14674 :	000110000000111110100001;
	14673 :	000110000000111110100001;
	14672 :	000110000000111110100001;
	14671 :	010001110100011111001111;
	14670 :	010001110100011111001111;
	14669 :	010001110100011111001111;
	14668 :	010001110100011111001111;
	14667 :	010001110100011111001111;
	14666 :	010001110100011111001111;
	14665 :	010001110100011111001111;
	14664 :	010001110100011111001111;
	14663 :	111111111111111111111111;
	14662 :	111111111111111111111110;
	14661 :	111111111111111111111110;
	14660 :	111111111111111111111111;
	14659 :	111111111111111111111111;
	14658 :	111111111111111111111111;
	14657 :	000110000000111110100001;
	14656 :	000110000000111110100001;
	14655 :	000110000000111110100001;
	14654 :	000110000000111110100001;
	14653 :	000110000000111110100001;
	14652 :	010001110100011111001111;
	14651 :	010001110100011111001111;
	14650 :	010001110100011111001111;
	14649 :	010001110100011111001111;
	14648 :	010001110100011011001110;
	14647 :	010001110100011111001111;
	14646 :	010001110100011111001111;
	14645 :	010001110100011111001111;
	14644 :	010001110100011111001111;
	14643 :	010001110100011111001111;
	14642 :	010001110100011111001111;
	14641 :	010001110100011111001111;
	14640 :	010001110100011111001111;
	14639 :	010001110100011111001111;
	14638 :	010001110100011111001111;
	14637 :	010001110100011111001111;
	14636 :	010001110100011111001111;
	14635 :	010001110100011111001111;
	14634 :	010001110100011111001111;
	14633 :	010001110100011111001111;
	14632 :	010001110100011111001111;
	14631 :	010001110100011111001111;
	14630 :	010001110100011111001111;
	14629 :	010100100011101100111101;
	14628 :	010100100011101100111101;
	14627 :	010100100011101100111101;
	14626 :	010100100011101100111101;
	14625 :	000000000000000000000000;
	14624 :	000000000000000000000000;
	14623 :	000000000000000000000000;
	14622 :	000000000000000000000000;
	14621 :	000000000000000000000000;
	14620 :	000000000000000000000000;
	14619 :	000000000000000000000000;
	14618 :	000000000000000000000000;
	14617 :	000000000000000000000000;
	14616 :	000000000000000000000000;
	14615 :	000000000000000000000000;
	14614 :	000000000000000000000000;
	14613 :	000000000000000000000000;
	14612 :	000000000000000000000000;
	14611 :	000000000000000000000000;
	14610 :	000000010000000000000000;
	14609 :	000000000000000000000000;
	14608 :	000000000000000000000000;
	14607 :	000000000000000000000000;
	14606 :	000000000000000000000000;
	14605 :	000000000000000000000000;
	14604 :	000000000000000000000000;
	14603 :	000000000000000000000000;
	14602 :	010100100011101100111101;
	14601 :	010100100011101000111101;
	14600 :	010100100011101100111101;
	14599 :	000110000000111110100001;
	14598 :	000110000000111110100001;
	14597 :	000110000000111110100001;
	14596 :	000110000000111110100001;
	14595 :	010001110100011111001111;
	14594 :	010001110100011111001111;
	14593 :	010001110100011111001111;
	14592 :	010001110100011111001111;
	14591 :	010001110100011111001111;
	14590 :	010001110100011111001111;
	14589 :	010001110100011111001111;
	14588 :	010001110100011111001111;
	14587 :	010001110100011111001111;
	14586 :	010001110100011111001111;
	14585 :	010001110100011111001111;
	14584 :	010001110100011111001111;
	14583 :	010001110100011111001111;
	14582 :	010001110100011111001111;
	14581 :	111111111111111111111111;
	14580 :	111111111111111111111111;
	14579 :	111111111111111111111111;
	14578 :	111111111111111011111111;
	14577 :	111111111111111111111111;
	14576 :	111111111111111111111111;
	14575 :	000110000000111110100001;
	14574 :	000110000000111110100001;
	14573 :	000110000000111110100000;
	14572 :	000110000000111110100001;
	14571 :	000110000000111110100001;
	14570 :	010001110100011111001111;
	14569 :	010001110100011111001111;
	14568 :	010001110100011111001111;
	14567 :	010001110100011111001111;
	14566 :	010001110100011111001110;
	14565 :	010001110100011111001111;
	14564 :	010001110100011111001111;
	14563 :	010001110100011111001111;
	14562 :	111111111111111111111111;
	14561 :	111111111111111111111111;
	14560 :	111111111111111111111111;
	14559 :	111111111111111111111111;
	14558 :	111111111111111111111111;
	14557 :	000110000000111110100001;
	14556 :	000110000000111110100001;
	14555 :	000110000000111110100001;
	14554 :	000110000000111110100001;
	14553 :	000110000000111110100001;
	14552 :	010001110100011111001111;
	14551 :	010001100100011111001111;
	14550 :	010001110100011111001111;
	14549 :	010001110100011111001111;
	14548 :	010001110100011111001111;
	14547 :	010001110100011111001111;
	14546 :	010001110100011111001111;
	14545 :	010001110100011111001111;
	14544 :	010001110100011111001111;
	14543 :	111111101111111111111111;
	14542 :	111111111111111111111111;
	14541 :	111111111111111111111111;
	14540 :	111111111111111111111111;
	14539 :	111111111111111111111111;
	14538 :	000110000000111110100001;
	14537 :	000110000000111110100001;
	14536 :	000110000000111110100001;
	14535 :	000110000000111110100001;
	14534 :	111111111111111111111111;
	14533 :	111111111111111111111111;
	14532 :	111111111111111111111111;
	14531 :	111111111111111111111111;
	14530 :	111111111111111111111111;
	14529 :	000110000000111110100001;
	14528 :	000110000000111110100001;
	14527 :	000110000000111110100001;
	14526 :	000110000000111110100001;
	14525 :	000110000000111110100001;
	14524 :	010001110100011111001111;
	14523 :	010001110100011111001111;
	14522 :	010001110100011111001111;
	14521 :	010001110100011111001111;
	14520 :	010001110100011111001111;
	14519 :	010001110100011111001111;
	14518 :	010001110100011111001111;
	14517 :	010001110100011111001111;
	14516 :	010001110100011111001111;
	14515 :	111111111111111111111111;
	14514 :	111111111111111111111111;
	14513 :	111111111111111111111111;
	14512 :	111111111111111111111111;
	14511 :	111111111111111111111111;
	14510 :	000110000000111110100001;
	14509 :	000110000000111110100001;
	14508 :	000110000000111110100001;
	14507 :	000110000000111110100001;
	14506 :	000110000000111110100001;
	14505 :	010001110100011111001111;
	14504 :	010001110100011111001111;
	14503 :	010001110100011111001111;
	14502 :	010001110100011111001111;
	14501 :	010001100100011111001111;
	14500 :	010001110100011111001111;
	14499 :	010001110100011111001111;
	14498 :	010001110100011111001111;
	14497 :	010001110100011111001111;
	14496 :	111111111111111111111111;
	14495 :	111111111111111111111111;
	14494 :	111111111111111011111111;
	14493 :	111111111111111111111110;
	14492 :	111111111111111111111111;
	14491 :	000110000000111110100001;
	14490 :	000110000000111110100001;
	14489 :	000110000000111110100001;
	14488 :	000110000000111110100001;
	14487 :	000110000000111110100001;
	14486 :	010001110100011111001111;
	14485 :	010001110100011111001110;
	14484 :	010001110100011111001111;
	14483 :	010001110100011111001111;
	14482 :	010001110100011111001111;
	14481 :	010001110100011111001111;
	14480 :	010001110100011111001111;
	14479 :	010001110100011111001111;
	14478 :	111111111111111111111111;
	14477 :	111111111111111111111111;
	14476 :	111111111111111111111111;
	14475 :	111111111111111111111111;
	14474 :	111111111111111111111111;
	14473 :	111111111111111111111111;
	14472 :	000110000000111110100001;
	14471 :	000110000000111110100001;
	14470 :	000110000000111110100001;
	14469 :	000110000000111110100001;
	14468 :	000110000000111110100001;
	14467 :	010001110100011111001111;
	14466 :	010001110100011111001111;
	14465 :	010001110100011111001111;
	14464 :	010001110100011111001111;
	14463 :	010001110100011111001111;
	14462 :	010001110100011111001111;
	14461 :	010001110100011111001111;
	14460 :	010001110100011111001111;
	14459 :	010001110100011111001111;
	14458 :	010001110100011111001111;
	14457 :	010001110100011111001111;
	14456 :	010001110100011111001111;
	14455 :	010001110100011111001111;
	14454 :	010001110100011111001111;
	14453 :	010001110100011111001111;
	14452 :	010001110100011111001111;
	14451 :	010001110100011111001111;
	14450 :	010001110100011111001111;
	14449 :	010001110100011111001111;
	14448 :	010001110100011111001111;
	14447 :	010001110100011111001111;
	14446 :	010001110100011111001111;
	14445 :	010001110100011111001111;
	14444 :	010100100011101100111101;
	14443 :	010100100011101100111101;
	14442 :	010100100011101100111101;
	14441 :	010100100011101100111101;
	14440 :	000000000000000000000000;
	14439 :	000000000000000000000000;
	14438 :	000000000000000000000000;
	14437 :	000000000000000000000000;
	14436 :	000000000000000000000000;
	14435 :	000000000000000000000000;
	14434 :	000000000000000000000000;
	14433 :	000000000000000000000000;
	14432 :	000000000000000000000000;
	14431 :	000000000000000000000000;
	14430 :	000000000000000000000000;
	14429 :	000000000000000000000000;
	14428 :	000000000000000000000000;
	14427 :	000000000000000000000000;
	14426 :	000000000000000000000000;
	14425 :	000000000000000000000000;
	14424 :	000000000000000000000000;
	14423 :	000000000000000000000000;
	14422 :	000000000000000000000000;
	14421 :	000000000000000000000000;
	14420 :	000000000000000000000000;
	14419 :	000000000000000000000000;
	14418 :	000000000000000000000000;
	14417 :	010100100011101100111101;
	14416 :	010100100011101100111101;
	14415 :	010100100011101100111101;
	14414 :	000110000000111110100001;
	14413 :	000110000000111110100001;
	14412 :	000110000000111110100001;
	14411 :	000110000000111110100001;
	14410 :	010001110100011111001111;
	14409 :	010001110100011011001111;
	14408 :	010001110100011111001111;
	14407 :	010001110100011111001111;
	14406 :	010001110100011111001111;
	14405 :	010001110100011111001111;
	14404 :	010001110100011111001111;
	14403 :	010001110100011111001111;
	14402 :	010001110100011111001111;
	14401 :	010001110100011111001111;
	14400 :	010001110100011111001111;
	14399 :	010001110100011111001111;
	14398 :	010001110100011111001111;
	14397 :	010001110100011111001110;
	14396 :	111111111111111111111111;
	14395 :	111111111111111111111111;
	14394 :	111111111111111111111111;
	14393 :	111111111111111111111111;
	14392 :	111111111111111111111111;
	14391 :	111111111111111111111111;
	14390 :	000110000000111110100001;
	14389 :	000110000000111110100001;
	14388 :	000110000000111110100001;
	14387 :	000110000000111110100001;
	14386 :	000110000000111110100001;
	14385 :	010001110100011111001111;
	14384 :	010001110100011111001111;
	14383 :	010001110100011111001111;
	14382 :	010001110100011111001111;
	14381 :	010001110100011111001111;
	14380 :	010001110100011111001111;
	14379 :	010001100100011111001111;
	14378 :	010001110100011111001111;
	14377 :	111111111111111111111111;
	14376 :	111111111111111111111111;
	14375 :	111111111111111111111111;
	14374 :	111111111111111111111111;
	14373 :	111111111111111111111111;
	14372 :	000110000000111110100001;
	14371 :	000110000000111110100001;
	14370 :	000110000000111110100001;
	14369 :	000110000000111110100001;
	14368 :	000110000000111110100001;
	14367 :	010001110100011111001111;
	14366 :	010001110100011111001111;
	14365 :	010001110100011111001111;
	14364 :	010001110100011111001111;
	14363 :	010001110100011111001111;
	14362 :	010001110100011111001111;
	14361 :	010001110100011111001111;
	14360 :	010001110100011111001111;
	14359 :	010001110100011111001111;
	14358 :	111111111111111111111111;
	14357 :	111111111111111111111111;
	14356 :	111111111111111111111111;
	14355 :	111111111111111111111111;
	14354 :	111111111111111111111111;
	14353 :	000110000000111110100001;
	14352 :	000110000000111110100001;
	14351 :	000110000000111110100001;
	14350 :	000110000000111110100001;
	14349 :	111111111111111111111111;
	14348 :	111111111111111111111111;
	14347 :	111111111111111111111111;
	14346 :	111111111111111111111111;
	14345 :	111111111111111111111111;
	14344 :	000110000000111010100001;
	14343 :	000110000000111110100001;
	14342 :	000110000000111110100001;
	14341 :	000110000000111110100001;
	14340 :	000110000000111110100001;
	14339 :	010001110100011111001111;
	14338 :	010001100100011111001111;
	14337 :	010001110100011111001111;
	14336 :	010001110100011111001111;
	14335 :	010001110100011111001111;
	14334 :	010001110100011111001111;
	14333 :	010001110100011111001111;
	14332 :	010001110100011111001111;
	14331 :	010001110100011111001111;
	14330 :	111111111111111111111111;
	14329 :	111111111111111111111111;
	14328 :	111111111111111111111111;
	14327 :	111111111111111111111111;
	14326 :	111111101111111111111111;
	14325 :	000110000000111110100001;
	14324 :	000110000000111110100001;
	14323 :	000110000000111110100001;
	14322 :	000110000000111110100001;
	14321 :	000110000000111110100001;
	14320 :	010001110100011111001111;
	14319 :	010001110100011111001111;
	14318 :	010001110100011111001111;
	14317 :	010001110100011111001111;
	14316 :	010001110100011111001111;
	14315 :	010001110100011111001111;
	14314 :	010001110100011111001111;
	14313 :	010001110100011111001111;
	14312 :	010001110100011111001111;
	14311 :	111111111111111111111111;
	14310 :	111111111111111111111111;
	14309 :	111111111111111111111111;
	14308 :	111111111111111111111111;
	14307 :	111111111111111111111111;
	14306 :	000110000000111110100001;
	14305 :	000110000000111110100001;
	14304 :	000110000000111110100001;
	14303 :	000110000000111110100001;
	14302 :	000110000000111110100001;
	14301 :	010001110100011111001111;
	14300 :	010001110100011111001111;
	14299 :	010001110100011111001111;
	14298 :	010001110100011111001111;
	14297 :	010001110100011111001111;
	14296 :	010001110100011111001111;
	14295 :	010001110100011111001111;
	14294 :	010001110100011111001111;
	14293 :	111111111111111111111111;
	14292 :	111111111111111111111111;
	14291 :	111111111111111111111111;
	14290 :	111111111111111111111111;
	14289 :	111111111111111111111111;
	14288 :	111111111111111111111111;
	14287 :	000110000000111110100001;
	14286 :	000110000000111110100001;
	14285 :	000110000000111110100001;
	14284 :	000110000000111110100001;
	14283 :	000110000000111110100001;
	14282 :	010001110100011111001111;
	14281 :	010001110100011111001111;
	14280 :	010001110100011111001111;
	14279 :	010001110100011111001111;
	14278 :	010001110100011111001111;
	14277 :	010001110100011111001110;
	14276 :	010001110100011111001111;
	14275 :	010001110100011111001111;
	14274 :	010001110100011111001111;
	14273 :	010001110100011111001111;
	14272 :	010001110100011111001111;
	14271 :	010001110100011111001111;
	14270 :	010001110100011111001111;
	14269 :	010001110100011111001111;
	14268 :	010001110100011111001111;
	14267 :	010001110100011111001111;
	14266 :	010001110100011111001111;
	14265 :	010001110100011111001110;
	14264 :	010001110100011111001111;
	14263 :	010001110100011111001111;
	14262 :	010001110100011111001111;
	14261 :	010001110100011111001111;
	14260 :	010001110100011111001111;
	14259 :	010100100011101100111101;
	14258 :	010100100011101100111101;
	14257 :	010100100011101100111101;
	14256 :	010100100011101100111101;
	14255 :	000000000000000000000000;
	14254 :	000000000000000000000000;
	14253 :	000000000000000000000000;
	14252 :	000000000000000000000000;
	14251 :	000000000000000000000000;
	14250 :	000000000000000000000000;
	14249 :	000000000000000000000000;
	14248 :	000000000000000000000000;
	14247 :	000000000000000000000000;
	14246 :	000000000000000000000000;
	14245 :	000000000000000000000000;
	14244 :	000000000000000000000000;
	14243 :	000000000000000000000000;
	14242 :	000000000000000000000000;
	14241 :	000000000000000000000000;
	14240 :	000000000000000000000000;
	14239 :	000000000000000000000000;
	14238 :	000000000000000000000000;
	14237 :	000000000000000000000000;
	14236 :	000000000000000000000000;
	14235 :	000000000000000000000000;
	14234 :	000000000000000000000000;
	14233 :	000000000000000000000000;
	14232 :	010100100011101100111101;
	14231 :	010100100011101100111101;
	14230 :	010100100011101100111101;
	14229 :	000110000000111110100001;
	14228 :	000110000000111110100001;
	14227 :	000110000000111110100001;
	14226 :	000110000000111110100001;
	14225 :	010001110100011111001111;
	14224 :	010001100100011111001111;
	14223 :	010001110100011111001111;
	14222 :	010001110100011111001111;
	14221 :	010001110100011111001111;
	14220 :	010001110100011111001111;
	14219 :	010001110100011111001111;
	14218 :	010001110100011111001111;
	14217 :	010001110100011111001111;
	14216 :	010001110100011111001111;
	14215 :	010001110100011111001111;
	14214 :	010001110100011111001111;
	14213 :	010001110100011111001111;
	14212 :	010001110100011111001111;
	14211 :	111111111111111111111111;
	14210 :	111111111111111111111111;
	14209 :	111111111111111111111111;
	14208 :	111111111111111111111111;
	14207 :	111111111111111111111111;
	14206 :	111111111111111111111111;
	14205 :	000110000000111110100001;
	14204 :	000110000000111110100001;
	14203 :	000110000000111110100001;
	14202 :	000110000000111110100001;
	14201 :	000110000000111110100001;
	14200 :	010001110100011111001111;
	14199 :	010001110100011111001111;
	14198 :	010001110100011111001111;
	14197 :	010001110100011111001111;
	14196 :	010001110100011111001111;
	14195 :	010001110100011111001111;
	14194 :	010001110100011111001111;
	14193 :	010001110100011111001111;
	14192 :	111111111111111111111111;
	14191 :	111111111111111011111111;
	14190 :	111111111111111111111111;
	14189 :	111111111111111111111111;
	14188 :	111111111111111111111111;
	14187 :	000110000000111010100001;
	14186 :	000110000000111110100001;
	14185 :	000110000000111110100001;
	14184 :	000110000000111110100001;
	14183 :	000110000000111110100001;
	14182 :	010001110100011111001111;
	14181 :	010001110100011111001111;
	14180 :	010001110100011111001111;
	14179 :	010001110100011111001111;
	14178 :	010001110100011111001111;
	14177 :	010001110100011111001111;
	14176 :	010001110100011111001111;
	14175 :	010001110100011111001111;
	14174 :	010001110100011111001111;
	14173 :	111111111111111111111111;
	14172 :	111111111111111111111111;
	14171 :	111111111111111111111111;
	14170 :	111111111111111111111111;
	14169 :	111111101111111111111111;
	14168 :	000110000000111110100001;
	14167 :	000110000000111110100001;
	14166 :	000110000000111110100001;
	14165 :	000110000000111110100001;
	14164 :	111111111111111111111110;
	14163 :	111111111111111111111111;
	14162 :	111111111111111111111111;
	14161 :	111111111111111111111111;
	14160 :	111111111111111111111111;
	14159 :	000110000000111110100001;
	14158 :	000110000000111110100001;
	14157 :	000110000000111110100001;
	14156 :	000110000000111110100001;
	14155 :	000110000000111110100001;
	14154 :	010001110100011111001111;
	14153 :	010001110100011111001111;
	14152 :	010001110100011111001110;
	14151 :	010001110100011111001111;
	14150 :	010001110100011111001111;
	14149 :	010001110100011111001111;
	14148 :	010001110100011111001111;
	14147 :	010001110100011011001111;
	14146 :	010001110100011111001111;
	14145 :	111111111111111111111111;
	14144 :	111111111111111111111111;
	14143 :	111111111111111111111111;
	14142 :	111111111111111111111111;
	14141 :	111111111111111111111111;
	14140 :	000110000000111110100001;
	14139 :	000110000000111110100001;
	14138 :	000110000000111110100001;
	14137 :	000110000000111110100001;
	14136 :	000110000000111110100001;
	14135 :	010001110100011111001111;
	14134 :	010001110100011111001111;
	14133 :	010001110100011111001111;
	14132 :	010001110100011111001111;
	14131 :	010001110100011111001111;
	14130 :	010001110100011111001111;
	14129 :	010001110100011111001111;
	14128 :	010001110100011111001111;
	14127 :	010001110100011111001111;
	14126 :	111111111111111111111111;
	14125 :	111111111111111111111111;
	14124 :	111111111111111111111111;
	14123 :	111111111111111111111111;
	14122 :	111111111111111111111111;
	14121 :	000110000000111110100001;
	14120 :	000110000000111110100001;
	14119 :	000110000000111110100001;
	14118 :	000110000000111110100001;
	14117 :	000110000000111110100001;
	14116 :	010001110100011111001111;
	14115 :	010001110100011111001111;
	14114 :	010001110100011111001111;
	14113 :	010001110100011111001111;
	14112 :	010001110100011111001111;
	14111 :	010001110100011111001111;
	14110 :	010001110100011111001111;
	14109 :	010001110100011111001111;
	14108 :	111111111111111111111111;
	14107 :	111111111111111111111111;
	14106 :	111111111111111111111111;
	14105 :	111111111111111111111111;
	14104 :	111111111111111111111111;
	14103 :	111111111111111111111111;
	14102 :	000110000000111110100001;
	14101 :	000110000000111110100001;
	14100 :	000110000000111110100001;
	14099 :	000110000000111110100001;
	14098 :	000110000000111110100001;
	14097 :	010001110100011111001111;
	14096 :	010001110100011111001111;
	14095 :	010001110100011111001111;
	14094 :	010001110100011111001111;
	14093 :	010001110100011111001111;
	14092 :	010001110100011111001111;
	14091 :	010001110100011111001111;
	14090 :	010001110100011111001111;
	14089 :	010001110100011111001111;
	14088 :	010001110100011111001111;
	14087 :	010001110100011111001111;
	14086 :	010001110100011111001111;
	14085 :	010001110100011111001111;
	14084 :	010001110100011111001111;
	14083 :	010001110100011111001111;
	14082 :	010001110100011111001111;
	14081 :	010001110100011111001111;
	14080 :	010001110100011111001111;
	14079 :	010001110100011111001111;
	14078 :	010001110100011111001111;
	14077 :	010001110100011111001111;
	14076 :	010001110100011111001111;
	14075 :	010001110100011111001111;
	14074 :	010100100011101100111101;
	14073 :	010100100011101100111101;
	14072 :	010100100011101100111101;
	14071 :	010100100011101100111101;
	14070 :	000000000000000000000000;
	14069 :	000000000000000000000000;
	14068 :	000000000000000000000000;
	14067 :	000000000000000000000000;
	14066 :	000000000000000000000000;
	14065 :	000000000000000000000000;
	14064 :	000000000000000000000000;
	14063 :	000000000000000000000000;
	14062 :	000000000000000000000000;
	14061 :	000000000000000000000000;
	14060 :	000000000000000000000000;
	14059 :	000000000000000000000000;
	14058 :	000000000000000000000000;
	14057 :	000000000000000000000000;
	14056 :	000000000000000000000000;
	14055 :	000000000000000000000000;
	14054 :	000000000000000000000000;
	14053 :	000000000000000000000000;
	14052 :	000000000000000000000000;
	14051 :	000000000000000000000000;
	14050 :	000000000000000000000000;
	14049 :	000000000000000000000000;
	14048 :	000000000000000000000000;
	14047 :	010100100011101100111101;
	14046 :	010100100011101100111101;
	14045 :	010100100011101100111101;
	14044 :	000110000000111110100001;
	14043 :	000110010000111110100001;
	14042 :	000110000000111110100001;
	14041 :	000110000000111110100001;
	14040 :	010001110100011111001111;
	14039 :	010001110100011111001111;
	14038 :	010001110100011111001111;
	14037 :	010001110100011111001111;
	14036 :	010001110100011111001111;
	14035 :	010001100100011111001111;
	14034 :	010001110100011111001111;
	14033 :	010001110100011111001111;
	14032 :	010001110100011111001111;
	14031 :	010001110100011111001111;
	14030 :	010001110100011111001111;
	14029 :	010001110100011111001111;
	14028 :	010001100100011111001111;
	14027 :	010001110100011111001111;
	14026 :	111111111111111111111111;
	14025 :	111111111111111111111111;
	14024 :	111111111111111111111111;
	14023 :	111111111111111111111111;
	14022 :	111111111111111111111110;
	14021 :	111111111111111111111111;
	14020 :	000110000000111110100001;
	14019 :	000110000000111010100001;
	14018 :	000110000000111110100001;
	14017 :	000110000000111110100001;
	14016 :	000110000000111110100001;
	14015 :	010001110100011111001111;
	14014 :	010001110100011111001111;
	14013 :	010001110100011111001111;
	14012 :	010001110100011111001111;
	14011 :	010001110100011111001111;
	14010 :	010001110100011111001111;
	14009 :	010001110100011111001111;
	14008 :	010001110100011111001111;
	14007 :	111111111111111111111111;
	14006 :	111111111111111111111111;
	14005 :	111111111111111111111111;
	14004 :	111111111111111111111111;
	14003 :	111111111111111111111111;
	14002 :	000110000000111110100001;
	14001 :	000110000000111010100001;
	14000 :	000110000000111110100001;
	13999 :	000110000000111110100001;
	13998 :	000110000000111110100000;
	13997 :	010001100100011111001111;
	13996 :	010001100100011111001111;
	13995 :	010001110100011111001111;
	13994 :	010001110100011111001111;
	13993 :	010001110100011111001111;
	13992 :	010001110100011111001111;
	13991 :	010001110100011111001111;
	13990 :	010001110100011111001111;
	13989 :	010001110100011111001111;
	13988 :	111111111111111111111111;
	13987 :	111111111111111111111111;
	13986 :	111111111111111111111111;
	13985 :	111111111111111111111111;
	13984 :	111111111111111111111111;
	13983 :	000110000000111110100001;
	13982 :	000110000000111110100001;
	13981 :	000110000000111110100001;
	13980 :	000110000000111010100001;
	13979 :	111111111111111111111111;
	13978 :	111111111111111011111111;
	13977 :	111111111111111111111111;
	13976 :	111111111111111111111111;
	13975 :	111111111111111111111111;
	13974 :	000110000000111110100001;
	13973 :	000110000000111110100001;
	13972 :	000110000000111110100001;
	13971 :	000110000000111110100001;
	13970 :	000110000000111110100001;
	13969 :	010001110100011111001111;
	13968 :	010001110100011111001111;
	13967 :	010001110100011111001111;
	13966 :	010001110100011111001111;
	13965 :	010001110100011111001111;
	13964 :	010001110100011111001111;
	13963 :	010001110100011111001111;
	13962 :	010001110100011111001111;
	13961 :	010001110100011111001111;
	13960 :	111111111111111111111111;
	13959 :	111111111111111111111110;
	13958 :	111111111111111111111111;
	13957 :	111111111111111111111111;
	13956 :	111111111111111111111111;
	13955 :	000110000000111110100000;
	13954 :	000110000000111110100001;
	13953 :	000110000000111110100001;
	13952 :	000110000000111110100001;
	13951 :	000110000000111110100001;
	13950 :	010001110100011111001111;
	13949 :	010001110100011111001111;
	13948 :	010001110100011011001111;
	13947 :	010001110100011111001111;
	13946 :	010001110100011111001111;
	13945 :	010001110100011111001111;
	13944 :	010001110100011111001111;
	13943 :	010001110100011111001111;
	13942 :	010001110100011111001111;
	13941 :	111111111111111111111111;
	13940 :	111111111111111111111111;
	13939 :	111111111111111111111111;
	13938 :	111111111111111111111111;
	13937 :	111111111111111111111111;
	13936 :	000110000000111110100001;
	13935 :	000110000000111110100001;
	13934 :	000110000000111110100001;
	13933 :	000110000000111110100001;
	13932 :	000110000000111110100001;
	13931 :	010001110100011111001111;
	13930 :	010001110100011111001111;
	13929 :	010001110100011111001111;
	13928 :	010001110100011111001111;
	13927 :	010001110100011111001111;
	13926 :	010001110100011111001111;
	13925 :	010001110100011111001111;
	13924 :	010001110100011111001111;
	13923 :	111111111111111111111111;
	13922 :	111111111111111111111111;
	13921 :	111111111111111011111111;
	13920 :	111111111111111111111111;
	13919 :	111111111111111111111111;
	13918 :	111111111111111111111111;
	13917 :	000110000000111110100001;
	13916 :	000110000000111110100001;
	13915 :	000110000000111110100001;
	13914 :	000110000000111110100001;
	13913 :	000110000000111110100001;
	13912 :	010001110100011111001111;
	13911 :	010001110100011111001111;
	13910 :	010001110100011111001111;
	13909 :	010001110100011111001111;
	13908 :	010001110100011111001111;
	13907 :	010001110100011111001111;
	13906 :	010001110100011111001111;
	13905 :	010001110100011111001111;
	13904 :	010001110100011111001111;
	13903 :	010001110100011111001111;
	13902 :	010001110100011111001111;
	13901 :	010001110100011111001111;
	13900 :	010001110100011111001111;
	13899 :	010001110100011111001111;
	13898 :	010001110100011111001111;
	13897 :	010001110100011111001111;
	13896 :	010001110100011111001111;
	13895 :	010001110100011111001111;
	13894 :	010001110100011111001111;
	13893 :	010001110100011011001111;
	13892 :	010001110100011111001111;
	13891 :	010001110100011111001111;
	13890 :	010001110100011011001111;
	13889 :	010100100011101100111101;
	13888 :	010100100011101100111101;
	13887 :	010100100011101100111101;
	13886 :	010100100011101100111101;
	13885 :	000000000000000000000000;
	13884 :	000000000000000000000000;
	13883 :	000000000000000000000000;
	13882 :	000000000000000000000000;
	13881 :	000000000000000000000000;
	13880 :	000000000000000000000000;
	13879 :	000000000000000000000000;
	13878 :	000000000000000000000000;
	13877 :	000000000000000000000000;
	13876 :	000000000000000000000000;
	13875 :	000000000000000000000000;
	13874 :	000000000000000000000000;
	13873 :	000000000000000000000000;
	13872 :	000000000000000000000000;
	13871 :	000000000000000000000000;
	13870 :	000000000000000000000000;
	13869 :	000000000000000000000000;
	13868 :	000000000000000000000000;
	13867 :	000000000000000000000000;
	13866 :	000000000000000000000000;
	13865 :	000000000000000000000000;
	13864 :	000000000000000000000000;
	13863 :	000000000000000000000000;
	13862 :	010100100011101100111101;
	13861 :	010100100011101100111101;
	13860 :	010100100011101100111101;
	13859 :	000110000000111110100001;
	13858 :	000110000000111110100001;
	13857 :	000110000000111110100001;
	13856 :	000110000000111110100001;
	13855 :	010001110100011111001111;
	13854 :	010001110100011111001111;
	13853 :	010001110100011111001111;
	13852 :	010001110100011111001111;
	13851 :	010001110100011111001111;
	13850 :	010001110100011111001111;
	13849 :	010001110100011111001111;
	13848 :	010001110100011111001111;
	13847 :	010001110100011111001111;
	13846 :	010001110100011111001111;
	13845 :	010001110100011111001111;
	13844 :	010001110100011111001111;
	13843 :	010001110100011111001111;
	13842 :	010001110100011111001111;
	13841 :	111111111111111111111111;
	13840 :	111111111111111111111111;
	13839 :	111111111111111111111111;
	13838 :	111111111111111111111111;
	13837 :	111111111111111111111111;
	13836 :	111111111111111111111111;
	13835 :	000110000000111110100001;
	13834 :	000110000000111110100001;
	13833 :	000110000000111110100001;
	13832 :	000110000000111110100001;
	13831 :	000110000000111110100001;
	13830 :	010001110100011111001111;
	13829 :	010001100100011111001111;
	13828 :	010001110100011111001111;
	13827 :	010001110100011111001111;
	13826 :	010001110100011111001111;
	13825 :	010001110100011111001111;
	13824 :	010001110100011111001111;
	13823 :	010001110100011111001111;
	13822 :	111111111111111111111111;
	13821 :	111111111111111111111111;
	13820 :	111111111111111111111111;
	13819 :	111111111111111111111111;
	13818 :	111111111111111111111111;
	13817 :	000110000000111110100001;
	13816 :	000110000000111110100001;
	13815 :	000110000000111010100001;
	13814 :	000110000000111110100001;
	13813 :	000110000000111110100000;
	13812 :	010001110100011111001111;
	13811 :	010001110100011111001111;
	13810 :	010001110100011111001111;
	13809 :	010001110100011111001111;
	13808 :	010001110100011111001111;
	13807 :	010001110100011111001111;
	13806 :	010001110100011111001111;
	13805 :	010001110100011111001111;
	13804 :	010001110100011011001111;
	13803 :	111111111111111111111111;
	13802 :	111111111111111111111111;
	13801 :	111111111111111111111111;
	13800 :	111111111111111111111111;
	13799 :	111111111111111111111111;
	13798 :	000110000000111110100001;
	13797 :	000110000000111110100001;
	13796 :	000110000000111110100001;
	13795 :	000110000000111110100001;
	13794 :	111111111111111111111111;
	13793 :	111111111111111111111111;
	13792 :	111111111111111111111110;
	13791 :	111111111111111011111111;
	13790 :	111111111111111111111111;
	13789 :	000110000000111110100001;
	13788 :	000110000000111110100001;
	13787 :	000110000000111110100001;
	13786 :	000110000000111110100001;
	13785 :	000110000000111010100001;
	13784 :	010001110100011111001111;
	13783 :	010001110100011111001111;
	13782 :	010001110100011111001111;
	13781 :	010001110100011111001111;
	13780 :	010001110100011111001111;
	13779 :	010001110100011111001111;
	13778 :	010001110100011111001110;
	13777 :	010001110100011111001111;
	13776 :	010001110100011111001111;
	13775 :	111111111111111111111111;
	13774 :	111111111111111111111111;
	13773 :	111111111111111111111111;
	13772 :	111111111111111111111111;
	13771 :	111111111111111111111111;
	13770 :	000110000000111110100001;
	13769 :	000110000000111110100001;
	13768 :	000110000000111110100001;
	13767 :	000110000000111110100001;
	13766 :	000110000000111110100001;
	13765 :	010001110100011111001111;
	13764 :	010001110100011111001111;
	13763 :	010001110100011111001111;
	13762 :	010001110100011111001111;
	13761 :	010001110100011111001111;
	13760 :	010001110100011111001111;
	13759 :	010001110100011111001111;
	13758 :	010001110100011111001111;
	13757 :	010001110100011111001111;
	13756 :	111111111111111111111111;
	13755 :	111111111111111111111111;
	13754 :	111111111111111111111111;
	13753 :	111111111111111111111111;
	13752 :	111111111111111111111111;
	13751 :	000110000000111110100001;
	13750 :	000110000000111110100001;
	13749 :	000110000000111110100001;
	13748 :	000110000000111010100001;
	13747 :	000110000000111110100000;
	13746 :	010001110100011111001111;
	13745 :	010001110100011111001111;
	13744 :	010001110100011111001111;
	13743 :	010001110100011111001111;
	13742 :	010001110100011111001111;
	13741 :	010001110100011111001111;
	13740 :	010001110100011111001111;
	13739 :	010001110100011111001111;
	13738 :	111111111111111111111111;
	13737 :	111111111111111111111111;
	13736 :	111111111111111111111111;
	13735 :	111111111111111111111110;
	13734 :	111111111111111111111111;
	13733 :	111111111111111111111111;
	13732 :	000110000000111110100001;
	13731 :	000110000000111110100001;
	13730 :	000110000000111010100001;
	13729 :	000110000000111110100001;
	13728 :	000110000000111110100001;
	13727 :	010001110100011111001111;
	13726 :	010001110100011111001110;
	13725 :	010001110100011111001111;
	13724 :	010001110100011111001111;
	13723 :	010001110100011111001111;
	13722 :	010001110100011111001111;
	13721 :	010001110100011011001111;
	13720 :	010001110100011111001111;
	13719 :	010001110100011111001111;
	13718 :	010001110100011111001111;
	13717 :	010001110100011111001111;
	13716 :	010001110100011111001111;
	13715 :	010001110100011011001111;
	13714 :	010001110100011111001111;
	13713 :	010001110100011111001111;
	13712 :	010001110100011111001111;
	13711 :	010001110100011111001111;
	13710 :	010001110100011111001111;
	13709 :	010001110100011111001111;
	13708 :	010001110100011111001111;
	13707 :	010001110100011111001111;
	13706 :	010001110100011111001111;
	13705 :	010001110100011111001111;
	13704 :	010100100011101100111101;
	13703 :	010100100011101100111101;
	13702 :	010100100011101100111101;
	13701 :	010100100011101100111101;
	13700 :	000000000000000000000000;
	13699 :	000000000000000000000000;
	13698 :	000000000000000000000000;
	13697 :	000000000000000000000000;
	13696 :	000000000000000000000000;
	13695 :	000000000000000000000000;
	13694 :	000000000000000000000000;
	13693 :	000000000000000000000000;
	13692 :	000000000000000000000000;
	13691 :	000000000000000000000000;
	13690 :	000000000000000000000000;
	13689 :	000000000000000000000000;
	13688 :	000000000000000000000000;
	13687 :	000000000000000000000000;
	13686 :	000000000000000000000000;
	13685 :	000000000000000000000000;
	13684 :	000000000000000000000000;
	13683 :	000000000000000000000000;
	13682 :	000000000000000000000000;
	13681 :	000000000000000000000000;
	13680 :	000000000000000000000000;
	13679 :	000000000000000000000000;
	13678 :	000000000000000000000000;
	13677 :	010100100011101100111101;
	13676 :	010100100011101100111101;
	13675 :	010100100011101100111101;
	13674 :	000110000000111110100001;
	13673 :	000110000000111110100001;
	13672 :	000110000000111110100001;
	13671 :	000110000000111110100001;
	13670 :	010001110100011111001111;
	13669 :	010001110100011111001111;
	13668 :	010001110100011111001111;
	13667 :	010001110100011111001111;
	13666 :	010001110100011111001111;
	13665 :	010001110100011111001111;
	13664 :	010001110100011111001111;
	13663 :	010001110100011111001111;
	13662 :	010001110100011111001111;
	13661 :	010001110100011111001111;
	13660 :	010001110100011111001111;
	13659 :	010001110100011111001111;
	13658 :	010001110100011111001111;
	13657 :	010001110100011111001111;
	13656 :	111111111111111111111111;
	13655 :	111111111111111111111111;
	13654 :	111111111111111111111111;
	13653 :	111111111111111111111111;
	13652 :	111111111111111111111111;
	13651 :	111111111111111111111111;
	13650 :	000110000000111110100001;
	13649 :	000110000000111110100001;
	13648 :	000110010000111110100001;
	13647 :	000110000000111110100001;
	13646 :	000110000000111110100000;
	13645 :	010001110100011111001111;
	13644 :	010001110100011111001111;
	13643 :	010001110100011111001111;
	13642 :	010001110100011111001111;
	13641 :	010001110100011111001111;
	13640 :	010001110100011011001111;
	13639 :	010001110100011111001111;
	13638 :	010001110100011111001111;
	13637 :	111111111111111111111111;
	13636 :	111111111111111111111111;
	13635 :	111111111111111111111111;
	13634 :	111111111111111111111111;
	13633 :	111111111111111111111111;
	13632 :	000110000000111110100001;
	13631 :	000110000000111110100001;
	13630 :	000110000000111110100001;
	13629 :	000110000000111110100001;
	13628 :	000110000000111110100001;
	13627 :	010001110100011111001111;
	13626 :	010001110100011111001111;
	13625 :	010001100100011111001111;
	13624 :	010001110100011111001111;
	13623 :	010001110100011111001111;
	13622 :	010001110100011111001111;
	13621 :	010001110100011111001111;
	13620 :	010001110100011111001111;
	13619 :	010001110100011111001111;
	13618 :	111111111111111111111111;
	13617 :	111111111111111111111111;
	13616 :	111111111111111111111111;
	13615 :	111111111111111111111111;
	13614 :	111111111111111111111111;
	13613 :	000110000000111110100001;
	13612 :	000110000000111110100001;
	13611 :	000110010000111110100001;
	13610 :	000110000000111110100001;
	13609 :	111111111111111111111111;
	13608 :	111111111111111111111111;
	13607 :	111111111111111111111111;
	13606 :	111111111111111111111111;
	13605 :	111111111111111111111111;
	13604 :	000110000000111110100001;
	13603 :	000110000000111110100001;
	13602 :	000110000000111110100001;
	13601 :	000110000000111110100001;
	13600 :	000110000000111110100001;
	13599 :	010001110100011111001111;
	13598 :	010001110100011111001111;
	13597 :	010001110100011111001111;
	13596 :	010001110100011111001111;
	13595 :	010001110100011111001111;
	13594 :	010001110100011111001111;
	13593 :	010001110100011111001111;
	13592 :	010001110100011111001111;
	13591 :	010001110100011111001111;
	13590 :	111111111111111111111111;
	13589 :	111111111111111111111110;
	13588 :	111111111111111111111111;
	13587 :	111111111111111111111111;
	13586 :	111111111111111111111111;
	13585 :	000110000000111110100001;
	13584 :	000110000000111110100001;
	13583 :	000110000000111110100001;
	13582 :	000110000000111110100001;
	13581 :	000110000000111110100001;
	13580 :	010001110100011111001111;
	13579 :	010001110100011111001111;
	13578 :	010001110100011111001111;
	13577 :	010001110100011111001111;
	13576 :	010001110100011111001111;
	13575 :	010001110100011111001111;
	13574 :	010001110100011111001111;
	13573 :	010001110100011111001111;
	13572 :	010001110100011111001111;
	13571 :	111111111111111111111111;
	13570 :	111111101111111111111111;
	13569 :	111111111111111111111111;
	13568 :	111111111111111111111111;
	13567 :	111111111111111111111111;
	13566 :	000110000000111110100001;
	13565 :	000110000000111110100001;
	13564 :	000110000000111110100001;
	13563 :	000110000000111110100001;
	13562 :	000110000000111110100001;
	13561 :	010001110100011111001111;
	13560 :	010001100100011111001111;
	13559 :	010001110100011111001111;
	13558 :	010001110100011111001111;
	13557 :	010001110100011011001111;
	13556 :	010001110100011111001111;
	13555 :	010001110100011111001111;
	13554 :	010001110100011111001111;
	13553 :	111111111111111111111111;
	13552 :	111111111111111111111111;
	13551 :	111111111111111111111111;
	13550 :	111111111111111111111111;
	13549 :	111111111111111111111111;
	13548 :	111111111111111111111110;
	13547 :	000110000000111110100001;
	13546 :	000110000000111110100001;
	13545 :	000110000000111110100001;
	13544 :	000110000000111110100001;
	13543 :	000110000000111110100001;
	13542 :	010001100100011111001111;
	13541 :	010001110100011111001111;
	13540 :	010001110100011111001111;
	13539 :	010001110100011111001110;
	13538 :	010001110100011111001111;
	13537 :	010001110100011111001111;
	13536 :	010001110100011111001111;
	13535 :	010001110100011111001111;
	13534 :	010001110100011111001111;
	13533 :	010001110100011111001111;
	13532 :	010001110100011111001110;
	13531 :	010001110100011111001111;
	13530 :	010001110100011111001111;
	13529 :	010001110100011111001111;
	13528 :	010001110100011111001111;
	13527 :	010001110100011111001111;
	13526 :	010001110100011111001111;
	13525 :	010001110100011111001111;
	13524 :	010001110100011111001111;
	13523 :	010001110100011011001111;
	13522 :	010001110100011111001111;
	13521 :	010001110100011111001111;
	13520 :	010001110100011111001111;
	13519 :	010100100011101100111101;
	13518 :	010100100011101100111101;
	13517 :	010100100011101100111101;
	13516 :	010100100011101100111101;
	13515 :	000000000000000000000000;
	13514 :	000000000000000000000000;
	13513 :	000000000000000000000000;
	13512 :	000000000000000000000000;
	13511 :	000000000000000000000000;
	13510 :	000000000000000000000000;
	13509 :	000000000000000000000000;
	13508 :	000000000000000000000000;
	13507 :	000000000000000000000000;
	13506 :	000000000000000000000000;
	13505 :	000000000000000000000000;
	13504 :	000000000000000000000000;
	13503 :	000000000000000000000000;
	13502 :	000000000000000000000000;
	13501 :	000000000000000000000000;
	13500 :	000000000000000000000000;
	13499 :	000000000000000000000000;
	13498 :	000000000000000000000000;
	13497 :	000000000000000000000000;
	13496 :	000000000000000000000000;
	13495 :	000000000000000000000000;
	13494 :	000000000000000000000000;
	13493 :	000000000000000000000000;
	13492 :	010100100011101100111101;
	13491 :	010100100011101100111101;
	13490 :	010100100011101100111101;
	13489 :	000110000000111110100001;
	13488 :	000110000000111110100000;
	13487 :	000110000000111110100001;
	13486 :	000110000000111110100001;
	13485 :	010001110100011111001111;
	13484 :	010001110100011111001111;
	13483 :	010001110100011111001111;
	13482 :	010001110100011111001111;
	13481 :	010001110100011111001111;
	13480 :	010001110100011111001111;
	13479 :	010001110100011111001111;
	13478 :	010001110100011111001111;
	13477 :	010001110100011111001111;
	13476 :	010001110100011111001111;
	13475 :	010001110100011111001111;
	13474 :	010001110100011111001111;
	13473 :	010001110100011111001111;
	13472 :	010001110100011111001111;
	13471 :	111111111111111111111111;
	13470 :	111111111111111111111111;
	13469 :	111111111111111111111111;
	13468 :	111111111111111111111111;
	13467 :	111111111111111111111111;
	13466 :	111111111111111111111111;
	13465 :	000110000000111110100001;
	13464 :	000110000000111110100001;
	13463 :	000110000000111110100001;
	13462 :	000110000000111110100001;
	13461 :	000110000000111110100001;
	13460 :	010001110100011111001111;
	13459 :	010001110100011111001111;
	13458 :	010001110100011111001111;
	13457 :	010001110100011111001111;
	13456 :	010001100100011111001111;
	13455 :	010001110100011111001111;
	13454 :	010001110100011111001111;
	13453 :	010001110100011111001110;
	13452 :	111111111111111111111111;
	13451 :	111111111111111111111111;
	13450 :	111111111111111111111111;
	13449 :	111111111111111111111111;
	13448 :	111111111111111111111111;
	13447 :	000110000000111110100001;
	13446 :	000110000000111110100001;
	13445 :	000110000000111110100001;
	13444 :	000110000000111110100001;
	13443 :	000110000000111110100001;
	13442 :	010001110100011111001111;
	13441 :	010001110100011111001111;
	13440 :	010001110100011111001111;
	13439 :	010001110100011111001111;
	13438 :	010001110100011111001111;
	13437 :	010001110100011111001111;
	13436 :	010001110100011111001111;
	13435 :	010001110100011011001111;
	13434 :	010001110100011111001111;
	13433 :	111111111111111111111111;
	13432 :	111111111111111111111111;
	13431 :	111111111111111111111111;
	13430 :	111111111111111111111111;
	13429 :	111111111111111111111111;
	13428 :	000110000000111110100001;
	13427 :	000110000000111110100001;
	13426 :	000110000000111110100001;
	13425 :	000110000000111110100000;
	13424 :	111111111111111111111111;
	13423 :	111111111111111111111111;
	13422 :	111111111111111111111111;
	13421 :	111111111111111111111111;
	13420 :	111111111111111111111111;
	13419 :	000110000000111110100001;
	13418 :	000110000000111110100001;
	13417 :	000110000000111110100001;
	13416 :	000110000000111110100001;
	13415 :	000110000000111110100001;
	13414 :	010001110100011111001111;
	13413 :	010001110100011111001111;
	13412 :	010001110100011111001111;
	13411 :	010001110100011111001111;
	13410 :	010001110100011111001111;
	13409 :	010001110100011111001111;
	13408 :	010001110100011111001111;
	13407 :	010001110100011111001111;
	13406 :	010001100100011111001111;
	13405 :	111111111111111111111111;
	13404 :	111111111111111111111111;
	13403 :	111111111111111111111111;
	13402 :	111111111111111111111111;
	13401 :	111111111111111111111111;
	13400 :	000110000000111110100001;
	13399 :	000110000000111110100001;
	13398 :	000110000000111110100001;
	13397 :	000110000000111110100001;
	13396 :	000110000000111110100001;
	13395 :	010001110100011111001111;
	13394 :	010001110100011111001111;
	13393 :	010001110100011111001111;
	13392 :	010001110100011111001111;
	13391 :	010001110100011111001111;
	13390 :	010001110100011111001111;
	13389 :	010001110100011111001111;
	13388 :	010001110100011111001111;
	13387 :	010001110100011111001111;
	13386 :	111111111111111111111111;
	13385 :	111111111111111111111111;
	13384 :	111111111111111111111111;
	13383 :	111111111111111111111111;
	13382 :	111111111111111111111111;
	13381 :	000110000000111110100001;
	13380 :	000110000000111110100001;
	13379 :	000110000000111110100001;
	13378 :	000110000000111110100001;
	13377 :	000110000000111110100001;
	13376 :	010001110100011111001111;
	13375 :	010001110100011111001111;
	13374 :	010001110100011011001111;
	13373 :	010001110100011111001111;
	13372 :	010001110100011111001111;
	13371 :	010001110100011111001111;
	13370 :	010001110100011111001111;
	13369 :	010001110100011111001111;
	13368 :	111111111111111111111111;
	13367 :	111111111111111111111111;
	13366 :	111111111111111111111111;
	13365 :	111111111111111111111111;
	13364 :	111111111111111111111111;
	13363 :	111111111111111111111111;
	13362 :	000110000000111110100001;
	13361 :	000110000000111110100001;
	13360 :	000110000000111110100001;
	13359 :	000110000000111110100001;
	13358 :	000110000000111110100001;
	13357 :	010001110100011111001111;
	13356 :	010001110100011111001111;
	13355 :	010001110100011111001111;
	13354 :	010001110100011111001111;
	13353 :	010001110100011111001111;
	13352 :	010001110100011111001111;
	13351 :	010001110100011111001111;
	13350 :	010001110100011111001111;
	13349 :	010001110100011111001111;
	13348 :	010001110100011111001111;
	13347 :	010001110100011111001111;
	13346 :	010001110100011111001111;
	13345 :	010001110100011111001111;
	13344 :	010001110100011111001111;
	13343 :	010001100100011111001111;
	13342 :	010001110100011111001111;
	13341 :	010001110100011111001111;
	13340 :	010001110100011111001111;
	13339 :	010001110100011111001111;
	13338 :	010001110100011111001111;
	13337 :	010001110100011111001111;
	13336 :	010001110100011111001111;
	13335 :	010001110100011111001111;
	13334 :	010100100011101100111101;
	13333 :	010100100011101100111101;
	13332 :	010100100011101100111101;
	13331 :	010100100011101100111101;
	13330 :	000000000000000000000000;
	13329 :	000000000000000000000000;
	13328 :	000000000000000000000000;
	13327 :	000000000000000000000000;
	13326 :	000000000000000000000000;
	13325 :	000000000000000000000000;
	13324 :	000000000000000000000000;
	13323 :	000000000000000000000000;
	13322 :	000000000000000000000000;
	13321 :	000000000000000000000000;
	13320 :	000000000000000000000000;
	13319 :	000000000000000000000000;
	13318 :	000000000000000000000000;
	13317 :	000000000000000000000000;
	13316 :	000000000000000000000000;
	13315 :	000000000000000000000000;
	13314 :	000000000000000000000000;
	13313 :	000000000000000000000000;
	13312 :	000000000000000000000000;
	13311 :	000000000000000000000000;
	13310 :	000000000000000000000000;
	13309 :	000000000000000000000000;
	13308 :	000000000000000000000000;
	13307 :	010100100011101100111101;
	13306 :	010100100011101100111101;
	13305 :	010100100011101100111101;
	13304 :	000110000000111110100001;
	13303 :	000110000000111110100001;
	13302 :	000110000000111110100001;
	13301 :	000110000000111110100001;
	13300 :	010001110100011111001111;
	13299 :	010001110100011111001110;
	13298 :	010001110100011111001111;
	13297 :	010001110100011111001111;
	13296 :	010001110100011111001110;
	13295 :	010001110100011111001111;
	13294 :	010001110100011111001111;
	13293 :	010001110100011111001111;
	13292 :	010001110100011111001111;
	13291 :	010001110100011111001111;
	13290 :	010001110100011111001111;
	13289 :	010001110100011111001111;
	13288 :	010001110100011111001111;
	13287 :	010001110100011111001111;
	13286 :	111111111111111111111111;
	13285 :	111111111111111111111111;
	13284 :	111111111111111111111111;
	13283 :	111111111111111111111111;
	13282 :	111111111111111111111111;
	13281 :	111111111111111111111111;
	13280 :	000110000000111110100001;
	13279 :	000110000000111110100001;
	13278 :	000110000000111110100001;
	13277 :	000110000000111110100001;
	13276 :	000110000000111110100001;
	13275 :	010001110100011111001111;
	13274 :	010001110100011111001111;
	13273 :	010001110100011111001111;
	13272 :	010001110100011111001111;
	13271 :	010001110100011111001111;
	13270 :	010001110100011111001111;
	13269 :	010001110100011111001111;
	13268 :	010001110100011111001111;
	13267 :	111111111111111111111111;
	13266 :	111111111111111111111111;
	13265 :	111111111111111111111111;
	13264 :	111111111111111111111111;
	13263 :	111111111111111111111111;
	13262 :	000110000000111110100001;
	13261 :	000110000000111110100001;
	13260 :	000110000000111110100001;
	13259 :	000110000000111110100001;
	13258 :	000110000000111110100001;
	13257 :	010001110100011111001111;
	13256 :	010001110100011111001111;
	13255 :	010001110100011111001111;
	13254 :	010001110100011111001111;
	13253 :	010001110100011111001111;
	13252 :	010001110100011111001111;
	13251 :	010001110100011111001111;
	13250 :	010001110100011111001111;
	13249 :	010001110100011111001111;
	13248 :	111111111111111111111111;
	13247 :	111111111111111111111111;
	13246 :	111111111111111111111111;
	13245 :	111111111111111111111111;
	13244 :	111111111111111111111111;
	13243 :	000110000000111110100001;
	13242 :	000110000000111110100001;
	13241 :	000110000000111110100001;
	13240 :	000110000000111110100001;
	13239 :	111111111111111111111111;
	13238 :	111111111111111111111111;
	13237 :	111111111111111111111111;
	13236 :	111111111111111111111111;
	13235 :	111111111111111111111111;
	13234 :	000110010000111110100001;
	13233 :	000110000000111110100001;
	13232 :	000110000000111110100001;
	13231 :	000110000000111110100001;
	13230 :	000110000000111110100001;
	13229 :	010001110100011111001111;
	13228 :	010001110100011111001111;
	13227 :	010001110100011111001111;
	13226 :	010001110100011111001111;
	13225 :	010001110100011111001111;
	13224 :	010001110100011111001111;
	13223 :	010001110100011111001111;
	13222 :	010001110100011111001111;
	13221 :	010001110100011111001111;
	13220 :	111111111111111111111111;
	13219 :	111111111111111111111111;
	13218 :	111111111111111111111111;
	13217 :	111111111111111111111111;
	13216 :	111111111111111111111111;
	13215 :	000110000000111110100001;
	13214 :	000110000000111110100001;
	13213 :	000110000000111110100001;
	13212 :	000110000000111110100001;
	13211 :	000110000000111110100001;
	13210 :	010001110100011111001111;
	13209 :	010001110100011111001111;
	13208 :	010001110100011111001111;
	13207 :	010001110100011111001111;
	13206 :	010001110100011111001111;
	13205 :	010001110100011111001111;
	13204 :	010001110100011111001111;
	13203 :	010001110100011111001111;
	13202 :	010001110100011111001111;
	13201 :	111111111111111111111111;
	13200 :	111111111111111111111111;
	13199 :	111111111111111111111111;
	13198 :	111111111111111111111111;
	13197 :	111111111111111111111111;
	13196 :	000110000000111110100001;
	13195 :	000110000000111110100001;
	13194 :	000110000000111110100001;
	13193 :	000110000000111110100001;
	13192 :	000110000000111110100001;
	13191 :	010001110100011111001111;
	13190 :	010001110100011111001111;
	13189 :	010001110100011111001111;
	13188 :	010001110100011111001111;
	13187 :	010001110100011111001111;
	13186 :	010001110100011111001110;
	13185 :	010001110100011111001111;
	13184 :	010001110100011111001111;
	13183 :	111111111111111111111111;
	13182 :	111111111111111111111111;
	13181 :	111111111111111111111111;
	13180 :	111111111111111111111111;
	13179 :	111111111111111111111111;
	13178 :	111111111111111011111111;
	13177 :	000110000000111110100001;
	13176 :	000110000000111110100001;
	13175 :	000110000000111110100001;
	13174 :	000110000000111110100001;
	13173 :	000110000000111110100001;
	13172 :	010001100100011111001111;
	13171 :	010001110100011111001111;
	13170 :	010001110100011111001111;
	13169 :	010001110100011111001111;
	13168 :	010001110100011111001111;
	13167 :	010001110100011111001111;
	13166 :	010001110100011111001111;
	13165 :	010001110100011111001111;
	13164 :	010001110100011111001111;
	13163 :	010001110100011111001111;
	13162 :	010001110100011111001111;
	13161 :	010001100100011111001111;
	13160 :	010001110100011111001111;
	13159 :	010001110100011111001111;
	13158 :	010001110100011111001111;
	13157 :	010001100100011111001111;
	13156 :	010001110100011111001111;
	13155 :	010001110100011111001111;
	13154 :	010001110100011111001111;
	13153 :	010001110100011111001111;
	13152 :	010001110100011111001111;
	13151 :	010001100100011111001111;
	13150 :	010001110100011111001111;
	13149 :	010100110011101100111101;
	13148 :	010100100011101100111101;
	13147 :	010100100011101100111101;
	13146 :	010100100011101100111101;
	13145 :	000000000000000000000000;
	13144 :	000000000000000000000000;
	13143 :	000000000000000000000000;
	13142 :	000000000000000000000000;
	13141 :	000000000000000000000000;
	13140 :	000000000000000000000000;
	13139 :	000000000000000000000000;
	13138 :	000000000000000000000000;
	13137 :	000000000000000000000000;
	13136 :	000000000000000000000000;
	13135 :	000000000000000000000000;
	13134 :	000000000000000000000000;
	13133 :	000000000000000000000000;
	13132 :	000000000000000000000000;
	13131 :	000000000000000000000000;
	13130 :	000000000000000000000000;
	13129 :	000000000000000000000000;
	13128 :	000000000000000000000000;
	13127 :	000000000000000000000000;
	13126 :	000000000000000000000000;
	13125 :	000000000000000000000000;
	13124 :	000000000000000000000000;
	13123 :	000000000000000000000000;
	13122 :	010100100011101100111101;
	13121 :	010100100011101100111101;
	13120 :	010100100011101100111101;
	13119 :	000110000000111110100001;
	13118 :	000110000000111110100001;
	13117 :	000110000000111110100001;
	13116 :	000110000000111110100001;
	13115 :	010001110100011111001111;
	13114 :	010001110100011111001111;
	13113 :	010001110100011111001111;
	13112 :	010001110100011111001111;
	13111 :	010001110100011111001111;
	13110 :	010001110100011111001111;
	13109 :	010001110100011111001111;
	13108 :	010001110100011111001111;
	13107 :	010001110100011111001111;
	13106 :	010001110100011111001111;
	13105 :	010001110100011111001111;
	13104 :	010001110100011111001111;
	13103 :	010001110100011111001111;
	13102 :	010001110100011111001111;
	13101 :	111111111111111111111111;
	13100 :	111111111111111111111111;
	13099 :	111111111111111111111111;
	13098 :	111111111111111111111111;
	13097 :	111111111111111111111111;
	13096 :	111111111111111111111111;
	13095 :	000110000000111110100001;
	13094 :	000110000000111110100001;
	13093 :	000110000000111110100001;
	13092 :	000110000000111110100001;
	13091 :	000110000000111110100001;
	13090 :	010001110100011111001111;
	13089 :	010001110100011111001111;
	13088 :	010001110100011111001111;
	13087 :	010001110100011111001111;
	13086 :	010001110100011111001111;
	13085 :	010001110100011111001111;
	13084 :	010001110100011111001111;
	13083 :	010001110100011111001111;
	13082 :	111111111111111111111111;
	13081 :	111111111111111111111111;
	13080 :	111111111111111111111111;
	13079 :	111111111111111111111111;
	13078 :	111111111111111111111111;
	13077 :	000110000000111110100001;
	13076 :	000110000000111110100001;
	13075 :	000110000000111110100001;
	13074 :	000110000000111110100001;
	13073 :	000110000000111110100001;
	13072 :	010001110100011111001111;
	13071 :	010001110100011111001111;
	13070 :	010001110100011111001111;
	13069 :	010001110100011111001111;
	13068 :	010001110100011111001111;
	13067 :	010001110100011111001111;
	13066 :	010001110100011111001111;
	13065 :	010001110100011111001111;
	13064 :	010001110100011111001111;
	13063 :	111111101111111111111111;
	13062 :	111111111111111111111111;
	13061 :	111111111111111111111111;
	13060 :	111111111111111111111111;
	13059 :	111111111111111111111111;
	13058 :	000110000000111110100001;
	13057 :	000110000000111110100001;
	13056 :	000110000000111110100001;
	13055 :	000110000000111110100001;
	13054 :	111111111111111111111111;
	13053 :	111111111111111111111111;
	13052 :	111111111111111111111111;
	13051 :	111111111111111111111111;
	13050 :	111111111111111111111111;
	13049 :	000110000000111110100001;
	13048 :	000110000000111110100001;
	13047 :	000110000000111110100001;
	13046 :	000110000000111110100001;
	13045 :	000110000000111110100001;
	13044 :	010001110100011111001111;
	13043 :	010001110100011111001111;
	13042 :	010001110100011111001111;
	13041 :	010001110100011111001111;
	13040 :	010001110100011111001111;
	13039 :	010001110100011111001111;
	13038 :	010001110100011111001110;
	13037 :	010001110100011111001111;
	13036 :	010001110100011111001111;
	13035 :	111111111111111111111111;
	13034 :	111111101111111111111111;
	13033 :	111111111111111111111111;
	13032 :	111111111111111111111111;
	13031 :	111111111111111111111111;
	13030 :	000110000000111110100001;
	13029 :	000110000000111110100001;
	13028 :	000110000000111110100001;
	13027 :	000110000000111110100001;
	13026 :	000110000000111110100001;
	13025 :	010001110100011111001111;
	13024 :	010001110100011111001111;
	13023 :	010001110100011111001111;
	13022 :	010001110100011111001111;
	13021 :	010001110100011111001111;
	13020 :	010001110100011111001111;
	13019 :	010001110100011111001111;
	13018 :	010001110100011111001111;
	13017 :	010001110100011111001111;
	13016 :	111111111111111111111111;
	13015 :	111111111111111111111111;
	13014 :	111111111111111111111111;
	13013 :	111111111111111111111111;
	13012 :	111111111111111111111111;
	13011 :	000110000000111110100001;
	13010 :	000110000000111110100001;
	13009 :	000110000000111110100001;
	13008 :	000110000000111110100001;
	13007 :	000110000000111110100001;
	13006 :	010001110100011111001111;
	13005 :	010001110100011111001111;
	13004 :	010001110100011111001111;
	13003 :	010001110100011111001111;
	13002 :	010001110100011111001111;
	13001 :	010001110100011111001111;
	13000 :	010001110100011111001111;
	12999 :	010001110100011111001111;
	12998 :	111111111111111111111111;
	12997 :	111111111111111111111111;
	12996 :	111111111111111011111111;
	12995 :	111111111111111111111111;
	12994 :	111111111111111111111111;
	12993 :	111111111111111111111111;
	12992 :	000110000000111110100001;
	12991 :	000110000000111110100001;
	12990 :	000110000000111110100001;
	12989 :	000110000000111110100001;
	12988 :	000110000000111110100001;
	12987 :	010001110100011111001111;
	12986 :	010001100100011111001111;
	12985 :	010001110100011111001111;
	12984 :	010001110100011111001111;
	12983 :	010001110100011111001111;
	12982 :	010001110100011111001111;
	12981 :	010001110100011111001111;
	12980 :	010001110100011111001111;
	12979 :	010001110100011111001111;
	12978 :	010001110100011111001111;
	12977 :	010001110100011111001111;
	12976 :	010001110100011111001111;
	12975 :	010001110100011111001111;
	12974 :	010001110100011111001111;
	12973 :	010001110100011111001111;
	12972 :	010001110100011111001111;
	12971 :	010001110100011111001111;
	12970 :	010001110100011111001111;
	12969 :	010001110100011111001111;
	12968 :	010001110100011111001111;
	12967 :	010001110100011111001111;
	12966 :	010001110100011111001111;
	12965 :	010001110100011111001111;
	12964 :	010100100011101100111101;
	12963 :	010100100011101100111101;
	12962 :	010100100011101100111101;
	12961 :	010100100011101100111101;
	12960 :	000000000000000000000000;
	12959 :	000000000000000000000000;
	12958 :	000000000000000000000000;
	12957 :	000000000000000000000000;
	12956 :	000000000000000000000000;
	12955 :	000000000000000000000000;
	12954 :	000000000000000000000000;
	12953 :	000000000000000000000000;
	12952 :	000000000000000000000000;
	12951 :	000000000000000000000000;
	12950 :	000000000000000000000000;
	12949 :	000000000000000000000000;
	12948 :	000000000000000000000000;
	12947 :	000000000000000000000000;
	12946 :	000000000000000000000000;
	12945 :	000000010000000000000000;
	12944 :	000000000000000000000000;
	12943 :	000000000000000000000000;
	12942 :	000000000000000000000000;
	12941 :	000000000000000000000000;
	12940 :	000000000000000000000000;
	12939 :	000000000000000000000000;
	12938 :	000000000000000000000000;
	12937 :	010100100011101100111101;
	12936 :	010100100011101100111101;
	12935 :	010100100011101100111101;
	12934 :	000110000000111110100001;
	12933 :	000110000000111110100001;
	12932 :	000110000000111110100001;
	12931 :	000110000000111110100001;
	12930 :	010001110100011111001111;
	12929 :	010001110100011111001111;
	12928 :	010001110100011111001111;
	12927 :	010001110100011111001111;
	12926 :	010001110100011111001111;
	12925 :	010001110100011111001111;
	12924 :	010001110100011111001111;
	12923 :	010001110100011111001111;
	12922 :	010001110100011111001110;
	12921 :	010001110100011111001111;
	12920 :	010001110100011111001111;
	12919 :	010001110100011111001111;
	12918 :	010001110100011111001111;
	12917 :	010001110100011111001111;
	12916 :	111111111111111111111111;
	12915 :	111111111111111111111111;
	12914 :	111111111111111111111111;
	12913 :	111111111111111111111111;
	12912 :	111111111111111111111111;
	12911 :	111111111111111011111111;
	12910 :	000110000000111110100001;
	12909 :	000110000000111110100001;
	12908 :	000110000000111110100001;
	12907 :	000110000000111110100001;
	12906 :	000110000000111110100001;
	12905 :	010001110100011111001111;
	12904 :	010001110100011111001111;
	12903 :	010001110100011111001110;
	12902 :	010001110100011111001111;
	12901 :	010001110100011111001111;
	12900 :	010001110100011111001111;
	12899 :	010001110100011111001111;
	12898 :	010001110100011111001111;
	12897 :	111111111111111111111111;
	12896 :	111111111111111111111111;
	12895 :	111111111111111111111111;
	12894 :	111111111111111111111111;
	12893 :	111111111111111111111111;
	12892 :	000110000000111110100001;
	12891 :	000110000000111110100001;
	12890 :	000110010000111110100001;
	12889 :	000110000000111110100001;
	12888 :	000110000000111110100001;
	12887 :	010001110100011111001111;
	12886 :	010001110100011111001111;
	12885 :	010001110100011111001111;
	12884 :	010001110100011111001111;
	12883 :	010001110100011111001111;
	12882 :	010001110100011111001111;
	12881 :	010001110100011111001111;
	12880 :	010001110100011111001111;
	12879 :	010001110100011111001111;
	12878 :	111111111111111111111111;
	12877 :	111111111111111011111111;
	12876 :	111111101111111111111111;
	12875 :	111111111111111111111111;
	12874 :	111111111111111111111111;
	12873 :	000110000000111110100001;
	12872 :	000110000000111110100001;
	12871 :	000110000000111110100001;
	12870 :	000110000000111110100001;
	12869 :	111111111111111111111111;
	12868 :	111111111111111111111111;
	12867 :	111111111111111111111111;
	12866 :	111111111111111111111111;
	12865 :	111111111111111111111111;
	12864 :	000110000000111110100001;
	12863 :	000110000000111110100001;
	12862 :	000110000000111110100001;
	12861 :	000110000000111110100001;
	12860 :	000110000000111110100001;
	12859 :	010001110100011111001111;
	12858 :	010001110100011111001111;
	12857 :	010001110100011111001111;
	12856 :	010001110100011111001111;
	12855 :	010001110100011111001111;
	12854 :	010001110100011111001111;
	12853 :	010001110100011111001111;
	12852 :	010001110100011111001111;
	12851 :	010001110100011111001111;
	12850 :	111111111111111111111111;
	12849 :	111111111111111111111110;
	12848 :	111111111111111111111111;
	12847 :	111111111111111111111111;
	12846 :	111111111111111111111111;
	12845 :	000110000000111110100001;
	12844 :	000110000000111110100001;
	12843 :	000110000000111110100001;
	12842 :	000110000000111110100001;
	12841 :	000110000000111110100001;
	12840 :	010001110100011111001111;
	12839 :	010001110100011111001111;
	12838 :	010001110100011111001111;
	12837 :	010001110100011111001111;
	12836 :	010001110100011111001111;
	12835 :	010001110100011111001111;
	12834 :	010001110100011111001111;
	12833 :	010001110100011111001111;
	12832 :	010001110100011111001111;
	12831 :	111111111111111111111111;
	12830 :	111111111111111111111111;
	12829 :	111111111111111111111111;
	12828 :	111111111111111111111111;
	12827 :	111111111111111111111111;
	12826 :	000110000000111110100001;
	12825 :	000110000000111110100001;
	12824 :	000110000000111110100001;
	12823 :	000110000000111110100001;
	12822 :	000110000000111110100001;
	12821 :	010001110100011111001111;
	12820 :	010001110100011111001111;
	12819 :	010001110100011111001111;
	12818 :	010001110100011111001111;
	12817 :	010001110100011111001111;
	12816 :	010001110100011111001111;
	12815 :	010001110100011111001111;
	12814 :	010001110100011111001111;
	12813 :	111111111111111111111111;
	12812 :	111111111111111111111111;
	12811 :	111111111111111111111111;
	12810 :	111111111111111111111111;
	12809 :	111111111111111111111111;
	12808 :	111111111111111111111110;
	12807 :	000110000000111110100001;
	12806 :	000110000000111110100001;
	12805 :	000110000000111110100001;
	12804 :	000110000000111110100001;
	12803 :	000110010000111110100001;
	12802 :	010001110100011111001111;
	12801 :	010001110100011111001111;
	12800 :	010001110100011111001111;
	12799 :	010001110100011111001111;
	12798 :	010001110100011111001111;
	12797 :	010001110100011111001111;
	12796 :	010001110100011111001111;
	12795 :	010001110100011111001111;
	12794 :	010001110100011111001111;
	12793 :	010001110100011111001111;
	12792 :	010001110100011111001111;
	12791 :	010001110100011111001111;
	12790 :	010001110100011111001111;
	12789 :	010001110100011111001111;
	12788 :	010001110100011111001111;
	12787 :	010001110100011111001111;
	12786 :	010001110100011111001111;
	12785 :	010001110100011111001111;
	12784 :	010001110100011111001111;
	12783 :	010001110100011111001111;
	12782 :	010001110100011111001111;
	12781 :	010001110100011111001111;
	12780 :	010001110100011111001111;
	12779 :	010100100011101100111101;
	12778 :	010100100011101100111101;
	12777 :	010100100011101100111101;
	12776 :	010100100011101100111101;
	12775 :	000000000000000000000000;
	12774 :	000000000000000000000000;
	12773 :	000000000000000000000000;
	12772 :	000000000000000000000000;
	12771 :	000000000000000000000000;
	12770 :	000000000000000000000000;
	12769 :	000000000000000000000000;
	12768 :	000000000000000000000000;
	12767 :	000000000000000000000000;
	12766 :	000000000000000000000000;
	12765 :	000000000000000000000000;
	12764 :	000000000000000000000000;
	12763 :	000000000000000000000000;
	12762 :	000000000000000000000000;
	12761 :	000000000000000000000000;
	12760 :	000000000000000000000000;
	12759 :	000000000000000000000000;
	12758 :	000000000000000000000000;
	12757 :	000000000000000000000000;
	12756 :	000000000000000000000000;
	12755 :	000000000000000000000000;
	12754 :	000000000000000000000000;
	12753 :	000000000000000000000000;
	12752 :	010100100011101100111101;
	12751 :	010100100011101100111101;
	12750 :	010100100011101100111101;
	12749 :	000110000000111110100001;
	12748 :	000110000000111110100001;
	12747 :	000110000000111110100001;
	12746 :	000110000000111110100000;
	12745 :	010001110100011111001111;
	12744 :	010001110100011111001111;
	12743 :	010001110100011111001111;
	12742 :	010001110100011111001111;
	12741 :	010001110100011111001111;
	12740 :	010001110100011111001111;
	12739 :	010001110100011111001111;
	12738 :	010001110100011111001111;
	12737 :	010001110100011111001111;
	12736 :	010001110100011111001111;
	12735 :	010001110100011111001111;
	12734 :	010001110100011111001111;
	12733 :	010001110100011111001111;
	12732 :	010001110100011111001111;
	12731 :	111111111111111111111111;
	12730 :	111111111111111111111111;
	12729 :	111111111111111111111111;
	12728 :	111111111111111111111111;
	12727 :	111111111111111111111111;
	12726 :	111111111111111111111111;
	12725 :	000110000000111110100001;
	12724 :	000110000000111110100001;
	12723 :	000110000000111110100001;
	12722 :	000110000000111110100001;
	12721 :	000110000000111110100001;
	12720 :	010001110100011111001111;
	12719 :	010001110100011111001111;
	12718 :	010001110100011111001111;
	12717 :	010001110100011111001111;
	12716 :	010001110100011111001111;
	12715 :	010001110100011111001111;
	12714 :	010001110100011111001111;
	12713 :	010001110100011111001111;
	12712 :	111111111111111111111111;
	12711 :	111111111111111111111111;
	12710 :	111111101111111111111110;
	12709 :	111111111111111111111111;
	12708 :	111111111111111111111111;
	12707 :	000110000000111110100001;
	12706 :	000110000000111110100001;
	12705 :	000110000000111110100001;
	12704 :	000110000000111110100001;
	12703 :	000110000000111110100001;
	12702 :	010001110100011111001111;
	12701 :	010001110100011111001111;
	12700 :	010001110100011011001111;
	12699 :	010001110100011111001110;
	12698 :	010001110100011111001111;
	12697 :	010001110100011111001111;
	12696 :	010001110100011111001111;
	12695 :	010001110100011111001111;
	12694 :	010001110100011111001111;
	12693 :	111111111111111111111111;
	12692 :	111111111111111111111111;
	12691 :	111111111111111111111111;
	12690 :	111111111111111111111111;
	12689 :	111111111111111111111111;
	12688 :	000110000000111110100001;
	12687 :	000110000000111110100001;
	12686 :	000110000000111110100001;
	12685 :	000110000000111110100001;
	12684 :	111111111111111111111111;
	12683 :	111111111111111111111111;
	12682 :	111111111111111111111111;
	12681 :	111111111111111111111111;
	12680 :	111111111111111111111111;
	12679 :	000110000000111110100001;
	12678 :	000110000000111110100001;
	12677 :	000110000000111110100001;
	12676 :	000110000000111110100001;
	12675 :	000110000000111110100001;
	12674 :	010001110100011111001111;
	12673 :	010001110100011111001111;
	12672 :	010001110100011111001111;
	12671 :	010001110100011111001111;
	12670 :	010001110100011111001111;
	12669 :	010001110100011111001111;
	12668 :	010001110100011111001111;
	12667 :	010001110100011111001111;
	12666 :	010001110100011111001111;
	12665 :	111111111111111111111111;
	12664 :	111111111111111111111111;
	12663 :	111111111111111111111111;
	12662 :	111111111111111111111111;
	12661 :	111111111111111111111111;
	12660 :	000110000000111110100001;
	12659 :	000110000000111110100001;
	12658 :	000110000000111110100001;
	12657 :	000110000000111110100001;
	12656 :	000110000000111110100001;
	12655 :	010001110100011111001111;
	12654 :	010001110100011111001111;
	12653 :	010001110100011111001111;
	12652 :	010001110100011111001111;
	12651 :	010001110100011111001111;
	12650 :	010001110100011111001111;
	12649 :	010001110100011111001111;
	12648 :	010001110100011111001111;
	12647 :	010001110100011111001111;
	12646 :	111111111111111111111111;
	12645 :	111111111111111111111111;
	12644 :	111111111111111111111111;
	12643 :	111111101111111111111111;
	12642 :	111111111111111111111111;
	12641 :	000110010000111110100001;
	12640 :	000110000000111010100001;
	12639 :	000110000000111110100001;
	12638 :	000110000000111110100001;
	12637 :	000110000000111110100001;
	12636 :	010001110100011111001111;
	12635 :	010001110100011111001111;
	12634 :	010001110100011111001111;
	12633 :	010001110100011111001111;
	12632 :	010001110100011111001111;
	12631 :	010001110100011111001111;
	12630 :	010001110100011111001111;
	12629 :	010001110100011111001111;
	12628 :	111111111111111111111111;
	12627 :	111111111111111111111111;
	12626 :	111111111111111111111111;
	12625 :	111111111111111111111111;
	12624 :	111111111111111111111111;
	12623 :	111111111111111111111111;
	12622 :	000110000000111110100001;
	12621 :	000110000000111110100001;
	12620 :	000110000000111110100001;
	12619 :	000110000000111110100001;
	12618 :	000110000000111110100001;
	12617 :	010001110100011111001111;
	12616 :	010001110100011111001111;
	12615 :	010001110100011111001111;
	12614 :	010001110100011111001111;
	12613 :	010001110100011111001111;
	12612 :	010001110100011111001111;
	12611 :	010001110100011111001111;
	12610 :	010001100100011111001111;
	12609 :	010001110100011111001111;
	12608 :	010001110100011111001111;
	12607 :	010001110100011111001111;
	12606 :	010001110100011111001111;
	12605 :	010001110100011111001111;
	12604 :	010001110100011111001111;
	12603 :	010001110100011111001111;
	12602 :	010001110100011111001111;
	12601 :	010001100100011111001111;
	12600 :	010001110100011111001111;
	12599 :	010001110100011111001111;
	12598 :	010001110100011111001111;
	12597 :	010001110100011111001111;
	12596 :	010001110100011111001111;
	12595 :	010001110100011111001111;
	12594 :	010100100011101100111100;
	12593 :	010100100011101100111100;
	12592 :	010100100011101100111101;
	12591 :	010100100011101100111101;
	12590 :	000000000000000000000000;
	12589 :	000000000000000000000000;
	12588 :	000000000000000000000000;
	12587 :	000000000000000000000000;
	12586 :	000000000000000000000000;
	12585 :	000000000000000000000000;
	12584 :	000000000000000000000000;
	12583 :	000000000000000000000000;
	12582 :	000000000000000000000000;
	12581 :	000000000000000000000000;
	12580 :	000000000000000000000000;
	12579 :	000000000000000000000000;
	12578 :	000000000000000000000000;
	12577 :	000000000000000000000000;
	12576 :	000000000000000000000000;
	12575 :	000000000000000000000000;
	12574 :	000000000000000000000000;
	12573 :	000000000000000000000000;
	12572 :	000000000000000000000000;
	12571 :	000000000000000000000000;
	12570 :	000000000000000000000000;
	12569 :	000000000000000000000000;
	12568 :	000000000000000000000000;
	12567 :	010100100011101100111101;
	12566 :	010100100011101100111101;
	12565 :	010100100011101100111101;
	12564 :	000110000000111110100001;
	12563 :	000110000000111010100001;
	12562 :	000110000000111110100001;
	12561 :	000110000000111110100001;
	12560 :	010001110100011111001111;
	12559 :	010001110100011111001111;
	12558 :	010001110100011111001111;
	12557 :	010001110100011111001111;
	12556 :	010001110100011111001111;
	12555 :	010001110100011111001111;
	12554 :	010001110100011111001111;
	12553 :	010001110100011111001111;
	12552 :	010001110100011111001111;
	12551 :	010001110100011011001111;
	12550 :	010001110100011111001111;
	12549 :	010001110100011111001111;
	12548 :	010001110100011111001111;
	12547 :	010001110100011111001111;
	12546 :	111111111111111111111111;
	12545 :	111111111111111111111111;
	12544 :	111111111111111111111111;
	12543 :	111111111111111111111111;
	12542 :	111111111111111111111111;
	12541 :	111111111111111111111111;
	12540 :	000110000000111110100001;
	12539 :	000110000000111110100001;
	12538 :	000110000000111110100001;
	12537 :	000110000000111110100001;
	12536 :	000110000000111110100001;
	12535 :	010001110100011111001111;
	12534 :	010001110100011011001111;
	12533 :	010001110100011111001111;
	12532 :	010001110100011111001111;
	12531 :	010001110100011111001111;
	12530 :	010001110100011111001110;
	12529 :	010001110100011011001111;
	12528 :	010001110100011111001111;
	12527 :	111111111111111111111111;
	12526 :	111111111111111111111111;
	12525 :	111111111111111111111111;
	12524 :	111111111111111111111111;
	12523 :	111111111111111111111111;
	12522 :	000110000000111110100001;
	12521 :	000110000000111110100001;
	12520 :	000110000000111110100001;
	12519 :	000110000000111110100001;
	12518 :	000110000000111010100001;
	12517 :	010001110100011111001111;
	12516 :	010001110100011111001111;
	12515 :	010001110100011111001111;
	12514 :	010001110100011111001110;
	12513 :	010001110100011111001111;
	12512 :	010001110100011011001111;
	12511 :	010001110100011111001111;
	12510 :	010001110100011111001111;
	12509 :	010001110100011111001111;
	12508 :	111111111111111111111111;
	12507 :	111111111111111111111111;
	12506 :	111111111111111111111111;
	12505 :	111111111111111111111111;
	12504 :	111111111111111111111111;
	12503 :	000110000000111110100001;
	12502 :	000110000000111110100001;
	12501 :	000110000000111110100001;
	12500 :	000110000000111110100001;
	12499 :	111111111111111111111111;
	12498 :	111111111111111111111111;
	12497 :	111111111111111111111111;
	12496 :	111111111111111111111111;
	12495 :	111111111111111111111111;
	12494 :	000110000000111110100001;
	12493 :	000110000000111110100001;
	12492 :	000110000000111110100001;
	12491 :	000110000000111110100001;
	12490 :	000110000000111110100001;
	12489 :	010001110100011111001111;
	12488 :	010001110100011111001111;
	12487 :	010001110100011111001111;
	12486 :	010001110100011111001111;
	12485 :	010001110100011111001111;
	12484 :	010001110100011111001111;
	12483 :	010001110100011111001111;
	12482 :	010001110100011111001111;
	12481 :	010001110100011111001111;
	12480 :	111111111111111111111111;
	12479 :	111111111111111111111111;
	12478 :	111111111111111111111111;
	12477 :	111111111111111111111111;
	12476 :	111111111111111111111111;
	12475 :	000110000000111110100001;
	12474 :	000110000000111110100001;
	12473 :	000110000000111110100001;
	12472 :	000110000000111110100001;
	12471 :	000110000000111110100001;
	12470 :	010001110100011111001111;
	12469 :	010001110100011111001111;
	12468 :	010001110100011111001111;
	12467 :	010001110100011111001111;
	12466 :	010001100100011111001111;
	12465 :	010001110100011111001111;
	12464 :	010001110100011111001111;
	12463 :	010001110100011111001111;
	12462 :	010001110100011011001111;
	12461 :	111111111111111111111111;
	12460 :	111111111111111111111111;
	12459 :	111111111111111111111111;
	12458 :	111111111111111111111111;
	12457 :	111111111111111111111111;
	12456 :	000110000000111110100001;
	12455 :	000110000000111110100001;
	12454 :	000110000000111010100001;
	12453 :	000110000000111110100001;
	12452 :	000110000000111110100001;
	12451 :	010001110100011111001111;
	12450 :	010001110100011111001111;
	12449 :	010001110100011111001111;
	12448 :	010001110100011111001111;
	12447 :	010001110100011111001111;
	12446 :	010001110100011111001111;
	12445 :	010001110100011111001111;
	12444 :	010001110100011111001111;
	12443 :	111111111111111111111111;
	12442 :	111111111111111111111111;
	12441 :	111111111111111111111111;
	12440 :	111111111111111111111111;
	12439 :	111111111111111111111111;
	12438 :	111111101111111111111111;
	12437 :	000110000000111110100001;
	12436 :	000110000000111110100001;
	12435 :	000110000000111110100001;
	12434 :	000110000000111110100001;
	12433 :	000110000000111110100001;
	12432 :	010001110100011111001111;
	12431 :	010001110100011111001111;
	12430 :	010001110100011111001111;
	12429 :	010001110100011111001111;
	12428 :	010001110100011111001111;
	12427 :	010001110100011111001111;
	12426 :	010001110100011111001111;
	12425 :	010001110100011111001111;
	12424 :	010001110100011111001111;
	12423 :	010001110100011111001111;
	12422 :	010001110100011111001111;
	12421 :	010001110100011111001111;
	12420 :	010001110100011011001111;
	12419 :	010001110100011111001111;
	12418 :	010001110100011111001111;
	12417 :	010001110100011111001111;
	12416 :	010001110100011111001111;
	12415 :	010001110100011111001111;
	12414 :	010001110100011111001111;
	12413 :	010001110100011111001111;
	12412 :	010001110100011111001111;
	12411 :	010001110100011111001111;
	12410 :	010001110100011111001111;
	12409 :	010100100011101100111101;
	12408 :	010100100011101100111101;
	12407 :	010100100011101100111101;
	12406 :	010100100011101100111101;
	12405 :	000000000000000000000000;
	12404 :	000000000000000000000000;
	12403 :	000000000000000000000000;
	12402 :	000000000000000000000000;
	12401 :	000000000000000000000000;
	12400 :	000000000000000000000000;
	12399 :	000000000000000000000000;
	12398 :	000000000000000000000000;
	12397 :	000000000000000000000000;
	12396 :	000000000000000000000000;
	12395 :	000000000000000000000000;
	12394 :	000000000000000000000000;
	12393 :	000000000000000000000000;
	12392 :	000000000000000000000000;
	12391 :	000000000000000000000000;
	12390 :	000000000000000000000000;
	12389 :	000000000000000000000000;
	12388 :	000000000000000000000000;
	12387 :	000000000000000000000000;
	12386 :	000000000000000000000000;
	12385 :	000000000000000000000000;
	12384 :	000000000000000000000000;
	12383 :	000000000000000000000000;
	12382 :	010100100011101100111101;
	12381 :	010100100011101100111101;
	12380 :	010100100011101100111101;
	12379 :	000110000000111110100001;
	12378 :	000110000000111110100001;
	12377 :	000110000000111110100001;
	12376 :	000110000000111110100001;
	12375 :	010001110100011111001111;
	12374 :	010001110100011111001111;
	12373 :	010001110100011111001111;
	12372 :	010001110100011111001111;
	12371 :	010001110100011111001111;
	12370 :	010001100100011111001111;
	12369 :	010001110100011111001111;
	12368 :	010001110100011111001111;
	12367 :	010001110100011111001111;
	12366 :	010001110100011111001111;
	12365 :	010001110100011111001111;
	12364 :	010001110100011111001111;
	12363 :	010001110100011111001111;
	12362 :	010001100100011111001111;
	12361 :	111111111111111111111111;
	12360 :	111111111111111111111111;
	12359 :	111111111111111011111111;
	12358 :	111111111111111111111111;
	12357 :	111111111111111111111111;
	12356 :	111111111111111111111111;
	12355 :	000110000000111110100001;
	12354 :	000110000000111110100001;
	12353 :	000110000000111110100001;
	12352 :	000110000000111110100001;
	12351 :	000110000000111110100001;
	12350 :	010001110100011111001111;
	12349 :	010001110100011111001111;
	12348 :	010001110100011111001111;
	12347 :	010001110100011111001111;
	12346 :	010001110100011111001111;
	12345 :	010001110100011111001111;
	12344 :	010001110100011111001111;
	12343 :	010001110100011111001111;
	12342 :	111111101111111111111111;
	12341 :	111111111111111111111111;
	12340 :	111111111111111111111111;
	12339 :	111111111111111111111110;
	12338 :	111111111111111111111111;
	12337 :	000110000000111110100001;
	12336 :	000110000000111110100001;
	12335 :	000110000000111110100001;
	12334 :	000110000000111110100001;
	12333 :	000110000000111110100001;
	12332 :	010001110100011111001111;
	12331 :	010001110100011111001111;
	12330 :	010001110100011111001111;
	12329 :	010001110100011111001111;
	12328 :	010001110100011111001110;
	12327 :	010001110100011111001111;
	12326 :	010001110100011111001111;
	12325 :	010001110100011111001111;
	12324 :	010001110100011111001111;
	12323 :	111111111111111111111111;
	12322 :	111111111111111111111111;
	12321 :	111111111111111111111111;
	12320 :	111111111111111111111111;
	12319 :	111111111111111111111111;
	12318 :	000110000000111110100001;
	12317 :	000110000000111110100001;
	12316 :	000110000000111110100001;
	12315 :	000110000000111110100001;
	12314 :	111111111111111111111111;
	12313 :	111111111111111111111111;
	12312 :	111111111111111111111111;
	12311 :	111111111111111111111111;
	12310 :	111111111111111111111111;
	12309 :	000110000000111110100001;
	12308 :	000110000000111110100001;
	12307 :	000110000000111110100001;
	12306 :	000110000000111110100001;
	12305 :	000110000000111110100001;
	12304 :	010001110100011111001111;
	12303 :	010001110100011111001111;
	12302 :	010001110100011111001111;
	12301 :	010001110100011111001111;
	12300 :	010001110100011111001111;
	12299 :	010001110100011111001111;
	12298 :	010001110100011111001111;
	12297 :	010001110100011111001111;
	12296 :	010001110100011111001111;
	12295 :	111111111111111111111111;
	12294 :	111111111111111111111111;
	12293 :	111111111111111111111111;
	12292 :	111111111111111111111111;
	12291 :	111111111111111111111111;
	12290 :	000110000000111110100001;
	12289 :	000110000000111110100001;
	12288 :	000110000000111110100001;
	12287 :	000110000000111110100001;
	12286 :	000110000000111110100001;
	12285 :	010001100100011111001111;
	12284 :	010001110100011111001111;
	12283 :	010001110100011111001111;
	12282 :	010001110100011111001111;
	12281 :	010001110100011111001111;
	12280 :	010001110100011111001111;
	12279 :	010001110100011111001111;
	12278 :	010001110100011111001111;
	12277 :	010001110100011111001111;
	12276 :	111111111111111111111111;
	12275 :	111111111111111111111111;
	12274 :	111111111111111111111111;
	12273 :	111111111111111111111111;
	12272 :	111111111111111111111111;
	12271 :	000110000000111010100001;
	12270 :	000110000000111110100001;
	12269 :	000110000000111110100001;
	12268 :	000110000000111110100001;
	12267 :	000110000000111110100001;
	12266 :	010001110100011111001111;
	12265 :	010001110100011111001111;
	12264 :	010001110100011111001111;
	12263 :	010001110100011111001111;
	12262 :	010001110100011111001111;
	12261 :	010001110100011111001111;
	12260 :	010001110100011111001111;
	12259 :	010001110100011111001111;
	12258 :	111111111111111111111110;
	12257 :	111111111111111111111111;
	12256 :	111111111111111111111111;
	12255 :	111111111111111111111111;
	12254 :	111111111111111111111111;
	12253 :	111111111111111111111111;
	12252 :	000110000000111110100001;
	12251 :	000110000000111110100001;
	12250 :	000110000000111110100001;
	12249 :	000110000000111110100000;
	12248 :	000110000000111110100001;
	12247 :	010001110100011111001111;
	12246 :	010001110100011111001111;
	12245 :	010001110100011111001111;
	12244 :	010001110100011111001110;
	12243 :	010001110100011111001111;
	12242 :	010001110100011111001111;
	12241 :	010001110100011111001111;
	12240 :	010001110100011111001111;
	12239 :	010001110100011111001111;
	12238 :	010001110100011111001111;
	12237 :	010001110100011111001111;
	12236 :	010001100100011111001110;
	12235 :	010001110100011111001111;
	12234 :	010001110100011111001111;
	12233 :	010001110100011111001111;
	12232 :	010001110100011111001111;
	12231 :	010001110100011111001111;
	12230 :	010001110100011111001111;
	12229 :	010001110100011111001111;
	12228 :	010001110100011111001111;
	12227 :	010001110100011111001111;
	12226 :	010001110100011111001111;
	12225 :	010001110100011111001111;
	12224 :	010100100011101100111101;
	12223 :	010100100011101100111101;
	12222 :	010100100011101100111101;
	12221 :	010100100011101100111101;
	12220 :	000000000000000000000000;
	12219 :	000000000000000000000000;
	12218 :	000000000000000000000000;
	12217 :	000000000000000000000000;
	12216 :	000000000000000000000000;
	12215 :	000000000000000000000000;
	12214 :	000000000000000000000000;
	12213 :	000000000000000000000000;
	12212 :	000000000000000000000000;
	12211 :	000000000000000000000000;
	12210 :	000000000000000000000000;
	12209 :	000000000000000000000000;
	12208 :	000000000000000000000000;
	12207 :	000000000000000000000000;
	12206 :	000000000000000000000000;
	12205 :	000000000000000000000000;
	12204 :	000000000000000000000000;
	12203 :	000000000000000000000000;
	12202 :	000000000000000000000000;
	12201 :	000000000000000000000000;
	12200 :	000000000000000000000000;
	12199 :	000000000000000000000000;
	12198 :	000000000000000000000000;
	12197 :	010100100011101100111101;
	12196 :	010100100011101100111101;
	12195 :	010100100011101100111101;
	12194 :	000110000000111110100001;
	12193 :	000110000000111110100001;
	12192 :	000110000000111110100001;
	12191 :	000110000000111110100001;
	12190 :	010001110100011111001111;
	12189 :	010001110100011111001111;
	12188 :	010001110100011111001111;
	12187 :	010001110100011111001111;
	12186 :	010001110100011111001111;
	12185 :	010001100100011111001111;
	12184 :	010001110100011111001111;
	12183 :	010001110100011111001111;
	12182 :	010001110100011111001111;
	12181 :	010001110100011111001111;
	12180 :	010001110100011111001111;
	12179 :	010001100100011111001111;
	12178 :	010001110100011111001111;
	12177 :	010001110100011111001111;
	12176 :	111111111111111111111111;
	12175 :	111111111111111111111111;
	12174 :	111111111111111111111111;
	12173 :	111111111111111111111111;
	12172 :	111111111111111111111111;
	12171 :	111111111111111111111110;
	12170 :	000110000000111110100001;
	12169 :	000110000000111110100001;
	12168 :	000110000000111110100001;
	12167 :	000110000000111110100001;
	12166 :	000110000000111110100001;
	12165 :	010001110100011111001111;
	12164 :	010001110100011111001111;
	12163 :	010001110100011111001111;
	12162 :	010001110100011111001111;
	12161 :	010001110100011111001111;
	12160 :	010001110100011111001111;
	12159 :	010001110100011111001111;
	12158 :	010001110100011111001111;
	12157 :	111111111111111111111111;
	12156 :	111111111111111111111111;
	12155 :	111111111111111111111111;
	12154 :	111111111111111111111111;
	12153 :	111111111111111111111111;
	12152 :	000110000000111110100001;
	12151 :	000110000000111110100001;
	12150 :	000110000000111110100001;
	12149 :	000110000000111110100001;
	12148 :	000110000000111110100001;
	12147 :	010001110100011111001111;
	12146 :	010001110100011111001111;
	12145 :	010001110100011111001111;
	12144 :	010001110100011111001111;
	12143 :	010001110100011111001111;
	12142 :	010001110100011111001111;
	12141 :	010001110100011111001111;
	12140 :	010001110100011111001111;
	12139 :	010001110100011111001111;
	12138 :	111111111111111111111111;
	12137 :	111111111111111111111111;
	12136 :	111111111111111111111111;
	12135 :	111111111111111111111111;
	12134 :	111111111111111111111111;
	12133 :	000110000000111110100001;
	12132 :	000110000000111110100001;
	12131 :	000110000000111110100001;
	12130 :	000110000000111110100001;
	12129 :	111111111111111111111111;
	12128 :	111111111111111111111111;
	12127 :	111111111111111111111111;
	12126 :	111111111111111111111111;
	12125 :	111111111111111111111111;
	12124 :	000110000000111110100001;
	12123 :	000110000000111110100001;
	12122 :	000110000000111110100001;
	12121 :	000110000000111110100001;
	12120 :	000110000000111110100001;
	12119 :	010001110100011111001111;
	12118 :	010001110100011111001111;
	12117 :	010001110100011111001111;
	12116 :	010001110100011111001111;
	12115 :	010001110100011111001111;
	12114 :	010001110100011111001111;
	12113 :	010001110100011111001111;
	12112 :	010001110100011111001111;
	12111 :	010001110100011111001111;
	12110 :	111111111111111111111111;
	12109 :	111111111111111111111111;
	12108 :	111111111111111111111111;
	12107 :	111111111111111111111111;
	12106 :	111111111111111111111111;
	12105 :	000110000000111110100001;
	12104 :	000110000000111110100001;
	12103 :	000110000000111110100001;
	12102 :	000110000000111110100001;
	12101 :	000110000000111110100001;
	12100 :	010001110100011111001111;
	12099 :	010001110100011111001111;
	12098 :	010001110100011111001111;
	12097 :	010001110100011011001111;
	12096 :	010001110100011111001111;
	12095 :	010001110100011111001111;
	12094 :	010001110100011111001111;
	12093 :	010001110100011111001111;
	12092 :	010001110100011111001111;
	12091 :	111111111111111111111111;
	12090 :	111111111111111111111111;
	12089 :	111111111111111111111111;
	12088 :	111111111111111111111111;
	12087 :	111111111111111111111111;
	12086 :	000110000000111110100001;
	12085 :	000110000000111110100001;
	12084 :	000110000000111110100001;
	12083 :	000110000000111110100001;
	12082 :	000110000000111110100001;
	12081 :	010001110100011111001111;
	12080 :	010001110100011111001111;
	12079 :	010001110100011111001111;
	12078 :	010001110100011111001111;
	12077 :	010001110100011111001111;
	12076 :	010001110100011111001111;
	12075 :	010001110100011111001111;
	12074 :	010001110100011111001111;
	12073 :	111111111111111111111111;
	12072 :	111111111111111111111111;
	12071 :	111111111111111011111111;
	12070 :	111111111111111111111111;
	12069 :	111111111111111111111111;
	12068 :	111111111111111111111111;
	12067 :	000110000000111110100001;
	12066 :	000110000000111110100001;
	12065 :	000110000000111110100001;
	12064 :	000110000000111110100001;
	12063 :	000110000000111110100001;
	12062 :	010001110100011111001111;
	12061 :	010001110100011111001111;
	12060 :	010001110100011111001111;
	12059 :	010001110100011111001111;
	12058 :	010001110100011111001111;
	12057 :	010001110100011011001111;
	12056 :	010001110100011111001110;
	12055 :	010001110100011111001111;
	12054 :	010001110100011111001111;
	12053 :	010001110100011111001110;
	12052 :	010001110100011011001111;
	12051 :	010001110100011111001111;
	12050 :	010001110100011111001111;
	12049 :	010001110100011111001111;
	12048 :	010001110100011111001110;
	12047 :	010001110100011111001111;
	12046 :	010001110100011111001111;
	12045 :	010001110100011111001111;
	12044 :	010001110100011111001111;
	12043 :	010001110100011111001111;
	12042 :	010001110100011111001111;
	12041 :	010001110100011111001111;
	12040 :	010001110100011111001111;
	12039 :	010100100011101100111101;
	12038 :	010100100011101100111101;
	12037 :	010100100011101100111101;
	12036 :	010100100011101100111101;
	12035 :	000000000000000000000000;
	12034 :	000000000000000000000000;
	12033 :	000000000000000000000000;
	12032 :	000000000000000000000000;
	12031 :	000000000000000000000000;
	12030 :	000000000000000000000000;
	12029 :	000000000000000000000000;
	12028 :	000000000000000000000000;
	12027 :	000000000000000000000000;
	12026 :	000000000000000000000000;
	12025 :	000000000000000000000000;
	12024 :	000000000000000000000000;
	12023 :	000000000000000000000000;
	12022 :	000000000000000000000000;
	12021 :	000000000000000000000000;
	12020 :	000000000000000000000000;
	12019 :	000000000000000000000000;
	12018 :	000000000000000000000000;
	12017 :	000000000000000000000000;
	12016 :	000000000000000000000000;
	12015 :	000000000000000000000000;
	12014 :	000000000000000000000000;
	12013 :	000000000000000000000000;
	12012 :	010100100011101100111101;
	12011 :	010100110011101100111101;
	12010 :	010100100011101100111101;
	12009 :	000110000000111110100001;
	12008 :	000110000000111110100001;
	12007 :	000110000000111110100001;
	12006 :	000110000000111110100001;
	12005 :	010001110100011111001111;
	12004 :	010001110100011111001111;
	12003 :	010001110100011111001111;
	12002 :	010001110100011111001111;
	12001 :	010001110100011111001111;
	12000 :	010001110100011111001111;
	11999 :	010001110100011111001111;
	11998 :	010001110100011111001111;
	11997 :	010001110100011111001111;
	11996 :	010001110100011111001111;
	11995 :	010001110100011111001111;
	11994 :	010001110100011111001111;
	11993 :	010001110100011011001111;
	11992 :	010001110100011111001111;
	11991 :	111111111111111111111111;
	11990 :	111111111111111111111111;
	11989 :	111111111111111111111111;
	11988 :	111111111111111111111111;
	11987 :	111111101111111111111111;
	11986 :	111111111111111111111111;
	11985 :	000110000000111110100001;
	11984 :	000110000000111110100001;
	11983 :	000110000000111110100001;
	11982 :	000110000000111110100001;
	11981 :	000110000000111110100001;
	11980 :	010001110100011111001111;
	11979 :	010001110100011111001111;
	11978 :	010001110100011111001111;
	11977 :	010001110100011111001111;
	11976 :	010001110100011111001111;
	11975 :	010001110100011111001111;
	11974 :	010001100100011111001111;
	11973 :	010001110100011111001111;
	11972 :	111111111111111111111111;
	11971 :	111111111111111111111111;
	11970 :	111111111111111111111111;
	11969 :	111111111111111111111111;
	11968 :	111111111111111111111111;
	11967 :	000110000000111110100001;
	11966 :	000110000000111110100001;
	11965 :	000110000000111110100001;
	11964 :	000110000000111110100001;
	11963 :	000110000000111110100001;
	11962 :	010001110100011111001111;
	11961 :	010001110100011111001111;
	11960 :	010001110100011111001111;
	11959 :	010001110100011111001111;
	11958 :	010001110100011111001111;
	11957 :	010001100100011111001111;
	11956 :	010001110100011111001111;
	11955 :	010001110100011111001111;
	11954 :	010001110100011111001111;
	11953 :	111111111111111111111111;
	11952 :	111111111111111111111111;
	11951 :	111111111111111111111111;
	11950 :	111111111111111111111111;
	11949 :	111111111111111111111111;
	11948 :	000110000000111110100001;
	11947 :	000110000000111110100001;
	11946 :	000110000000111110100001;
	11945 :	000110000000111110100001;
	11944 :	111111111111111111111111;
	11943 :	111111111111111111111111;
	11942 :	111111111111111111111111;
	11941 :	111111111111111111111111;
	11940 :	111111111111111111111111;
	11939 :	000110000000111110100001;
	11938 :	000110000000111110100001;
	11937 :	000110000000111110100001;
	11936 :	000110000000111110100001;
	11935 :	000110000000111110100001;
	11934 :	010001110100011111001111;
	11933 :	010001110100011111001111;
	11932 :	010001110100011111001111;
	11931 :	010001110100011111001111;
	11930 :	010001110100011111001111;
	11929 :	010001110100011111001111;
	11928 :	010001110100011111001111;
	11927 :	010001110100011111001110;
	11926 :	010001110100011111001111;
	11925 :	111111111111111111111111;
	11924 :	111111111111111111111111;
	11923 :	111111111111111111111111;
	11922 :	111111111111111111111111;
	11921 :	111111111111111111111111;
	11920 :	000110000000111110100001;
	11919 :	000110000000111110100001;
	11918 :	000110000000111110100000;
	11917 :	000110000000111110100001;
	11916 :	000110000000111110100001;
	11915 :	010001110100011111001111;
	11914 :	010001110100011111001111;
	11913 :	010001110100011111001111;
	11912 :	010001110100011111001111;
	11911 :	010001110100011011001111;
	11910 :	010001110100011111001111;
	11909 :	010001110100011111001111;
	11908 :	010001110100011111001111;
	11907 :	010001110100011111001111;
	11906 :	111111111111111111111111;
	11905 :	111111111111111111111111;
	11904 :	111111111111111111111111;
	11903 :	111111111111111111111111;
	11902 :	111111111111111111111111;
	11901 :	000110000000111110100001;
	11900 :	000110000000111110100001;
	11899 :	000110000000111110100001;
	11898 :	000110000000111110100001;
	11897 :	000110000000111110100001;
	11896 :	010001110100011111001111;
	11895 :	010001110100011111001111;
	11894 :	010001100100011111001111;
	11893 :	010001110100011111001111;
	11892 :	010001110100011111001111;
	11891 :	010001110100011011001111;
	11890 :	010001100100011111001111;
	11889 :	010001100100011111001111;
	11888 :	111111111111111111111111;
	11887 :	111111111111111111111111;
	11886 :	111111111111111111111111;
	11885 :	111111111111111111111111;
	11884 :	111111111111111111111111;
	11883 :	111111111111111111111111;
	11882 :	000110000000111110100001;
	11881 :	000110000000111110100001;
	11880 :	000110000000111110100001;
	11879 :	000110000000111110100001;
	11878 :	000110000000111110100001;
	11877 :	010001110100011111001111;
	11876 :	010001110100011111001111;
	11875 :	010001110100011111001111;
	11874 :	010001110100011111001111;
	11873 :	010001110100011111001111;
	11872 :	010001110100011111001111;
	11871 :	010001110100011111001111;
	11870 :	010001110100011111001111;
	11869 :	010001110100011111001111;
	11868 :	010001110100011111001111;
	11867 :	010001110100011011001111;
	11866 :	010001110100011111001111;
	11865 :	010001110100011111001111;
	11864 :	010001110100011111001111;
	11863 :	010001110100011111001111;
	11862 :	010001110100011111001111;
	11861 :	010001110100011111001111;
	11860 :	010001110100011111001111;
	11859 :	010001110100011111001111;
	11858 :	010001110100011111001111;
	11857 :	010001110100011111001111;
	11856 :	010001110100011111001111;
	11855 :	010001110100011111001111;
	11854 :	010100100011101100111101;
	11853 :	010100100011101100111101;
	11852 :	010100100011101100111101;
	11851 :	010100100011101100111101;
	11850 :	000000000000000000000000;
	11849 :	000000000000000000000000;
	11848 :	000000000000000000000000;
	11847 :	000000000000000000000000;
	11846 :	000000000000000000000000;
	11845 :	000000000000000000000000;
	11844 :	000000000000000000000000;
	11843 :	000000000000000000000000;
	11842 :	000000000000000000000000;
	11841 :	000000000000000000000000;
	11840 :	000000000000000000000000;
	11839 :	000000000000000000000001;
	11838 :	000000000000000000000000;
	11837 :	000000000000000000000000;
	11836 :	000000000000000000000000;
	11835 :	000000000000000000000000;
	11834 :	000000000000000000000000;
	11833 :	000000000000000000000000;
	11832 :	000000000000000000000000;
	11831 :	000000000000000000000000;
	11830 :	000000000000000000000000;
	11829 :	000000000000000000000000;
	11828 :	000000000000000000000000;
	11827 :	010100100011101100111101;
	11826 :	010100100011101100111101;
	11825 :	010100100011101100111101;
	11824 :	000110000000111110100001;
	11823 :	000110000000111110100001;
	11822 :	000110000000111110100001;
	11821 :	000110000000111110100001;
	11820 :	010001110100011111001111;
	11819 :	010001110100011111001111;
	11818 :	010001110100011111001111;
	11817 :	010001110100011111001111;
	11816 :	010001110100011111001111;
	11815 :	010001110100011111001111;
	11814 :	010001110100011111001111;
	11813 :	010001110100011011001111;
	11812 :	010001110100011111001111;
	11811 :	010001110100011111001111;
	11810 :	010001110100011111001111;
	11809 :	010001110100011111001111;
	11808 :	010001110100011111001111;
	11807 :	010001110100011111001111;
	11806 :	111111111111111111111111;
	11805 :	111111111111111111111111;
	11804 :	111111111111111111111111;
	11803 :	111111111111111111111111;
	11802 :	111111111111111111111111;
	11801 :	111111111111111111111111;
	11800 :	000110000000111110100001;
	11799 :	000110010000111110100000;
	11798 :	000110000000111110100001;
	11797 :	000110000000111110100001;
	11796 :	000110000000111110100001;
	11795 :	010001110100011111001111;
	11794 :	010001110100011111001111;
	11793 :	010001110100011111001111;
	11792 :	010001110100011111001111;
	11791 :	010001110100011111001111;
	11790 :	010001110100011111001111;
	11789 :	010001110100011111001111;
	11788 :	010001110100011111001111;
	11787 :	111111111111111111111111;
	11786 :	111111111111111111111111;
	11785 :	111111111111111011111111;
	11784 :	111111111111111111111111;
	11783 :	111111111111111011111111;
	11782 :	111111111111111111111111;
	11781 :	111111111111111111111111;
	11780 :	111111111111111111111111;
	11779 :	111111111111111111111111;
	11778 :	111111111111111111111111;
	11777 :	111111111111111111111111;
	11776 :	111111111111111111111111;
	11775 :	111111111111111111111111;
	11774 :	111111111111111111111111;
	11773 :	111111111111111111111111;
	11772 :	111111111111111111111111;
	11771 :	111111111111111111111111;
	11770 :	111111111111111111111111;
	11769 :	111111111111111111111111;
	11768 :	111111111111111111111111;
	11767 :	111111111111111111111111;
	11766 :	111111111111111111111111;
	11765 :	111111111111111111111111;
	11764 :	111111111111111111111111;
	11763 :	000110000000111110100001;
	11762 :	000110000000111110100001;
	11761 :	000110000000111110100001;
	11760 :	000110000000111110100001;
	11759 :	111111111111111111111111;
	11758 :	111111111111111111111111;
	11757 :	111111111111111111111111;
	11756 :	111111111111111111111111;
	11755 :	111111111111111111111111;
	11754 :	111111111111111111111111;
	11753 :	111111111111111111111111;
	11752 :	111111111111111111111111;
	11751 :	111111111111111111111111;
	11750 :	111111111111111111111111;
	11749 :	111111111111111111111111;
	11748 :	111111111111111111111111;
	11747 :	111111111111111111111111;
	11746 :	111111111111111111111111;
	11745 :	111111111111111111111111;
	11744 :	111111111111111111111111;
	11743 :	111111111111111111111111;
	11742 :	111111111111111111111111;
	11741 :	111111111111111111111111;
	11740 :	111111111111111111111111;
	11739 :	111111111111111111111111;
	11738 :	111111111111111111111111;
	11737 :	111111111111111111111111;
	11736 :	111111111111111111111111;
	11735 :	000110000000111010100001;
	11734 :	000110000000111110100001;
	11733 :	000110000000111110100001;
	11732 :	000110000000111110100001;
	11731 :	000110000000111110100001;
	11730 :	010001110100011111001111;
	11729 :	010001110100011111001111;
	11728 :	010001110100011111001111;
	11727 :	010001110100011111001111;
	11726 :	010001110100011111001111;
	11725 :	010001110100011111001111;
	11724 :	010001110100011111001111;
	11723 :	010001110100011111001111;
	11722 :	010001110100011111001111;
	11721 :	111111111111111111111111;
	11720 :	111111111111111111111110;
	11719 :	111111111111111111111111;
	11718 :	111111111111111111111111;
	11717 :	111111111111111111111111;
	11716 :	000110000000111110100001;
	11715 :	000110000000111110100001;
	11714 :	000110000000111110100001;
	11713 :	000110000000111110100001;
	11712 :	000110000000111110100001;
	11711 :	010001110100011111001111;
	11710 :	010001110100011111001111;
	11709 :	010001110100011111001111;
	11708 :	010001110100011111001111;
	11707 :	010001110100011111001111;
	11706 :	010001110100011111001111;
	11705 :	010001110100011111001111;
	11704 :	010001110100011111001111;
	11703 :	111111111111111111111111;
	11702 :	111111111111111111111111;
	11701 :	111111111111111111111111;
	11700 :	111111111111111111111110;
	11699 :	111111111111111111111111;
	11698 :	111111111111111111111111;
	11697 :	111111111111111111111111;
	11696 :	111111111111111111111111;
	11695 :	111111111111111111111111;
	11694 :	111111111111111111111111;
	11693 :	111111111111111111111111;
	11692 :	111111111111111111111111;
	11691 :	111111111111111111111111;
	11690 :	111111111111111111111111;
	11689 :	111111111111111111111111;
	11688 :	111111111111111111111111;
	11687 :	111111111111111111111111;
	11686 :	111111111111111111111111;
	11685 :	111111111111111111111111;
	11684 :	111111111111111111111111;
	11683 :	000110000000111110100001;
	11682 :	000110000000111110100001;
	11681 :	000110000000111110100001;
	11680 :	000110000000111110100001;
	11679 :	000110000000111110100001;
	11678 :	010001110100011111001111;
	11677 :	010001110100011111001111;
	11676 :	010001110100011111001111;
	11675 :	010001110100011111001111;
	11674 :	010001110100011111001111;
	11673 :	010001110100011111001111;
	11672 :	010001110100011111001111;
	11671 :	010001110100011111001111;
	11670 :	010001110100011111001111;
	11669 :	010100100011101100111101;
	11668 :	010100100011101100111101;
	11667 :	010100100011101100111101;
	11666 :	010100100011101100111101;
	11665 :	000000000000000000000000;
	11664 :	000000000000000000000000;
	11663 :	000000000000000000000000;
	11662 :	000000000000000000000000;
	11661 :	000000000000000000000000;
	11660 :	000000000000000000000000;
	11659 :	000000000000000000000000;
	11658 :	000000000000000000000000;
	11657 :	000000000000000000000000;
	11656 :	000000000000000000000000;
	11655 :	000000000000000000000000;
	11654 :	000000000000000000000000;
	11653 :	000000000000000000000000;
	11652 :	000000000000000000000000;
	11651 :	000000000000000000000000;
	11650 :	000000000000000000000000;
	11649 :	000000000000000000000000;
	11648 :	000000000000000000000000;
	11647 :	000000000000000000000000;
	11646 :	000000000000000000000000;
	11645 :	000000000000000000000000;
	11644 :	000000000000000000000000;
	11643 :	000000000000000000000000;
	11642 :	010100100011101100111101;
	11641 :	010100100011101100111101;
	11640 :	010100100011101100111101;
	11639 :	000110000000111110100001;
	11638 :	000110000000111110100001;
	11637 :	000110000000111110100001;
	11636 :	000110000000111110100001;
	11635 :	010001110100011111001111;
	11634 :	010001110100011111001111;
	11633 :	010001110100011111001111;
	11632 :	010001110100011111001111;
	11631 :	010001110100011111001111;
	11630 :	010001110100011111001111;
	11629 :	010001110100011111001111;
	11628 :	010001110100011111001110;
	11627 :	010001110100011111001111;
	11626 :	010001110100011111001111;
	11625 :	010001110100011111001111;
	11624 :	010001110100011111001111;
	11623 :	010001110100011111001111;
	11622 :	010001110100011111001111;
	11621 :	111111111111111111111111;
	11620 :	111111111111111111111111;
	11619 :	111111111111111111111111;
	11618 :	111111111111111111111111;
	11617 :	111111111111111111111111;
	11616 :	111111111111111111111111;
	11615 :	000110000000111110100001;
	11614 :	000110000000111110100001;
	11613 :	000110000000111110100001;
	11612 :	000110000000111110100001;
	11611 :	000110000000111110100001;
	11610 :	010001110100011111001111;
	11609 :	010001110100011111001110;
	11608 :	010001100100011011001111;
	11607 :	010001110100011111001111;
	11606 :	010001110100011111001111;
	11605 :	010001110100011111001111;
	11604 :	010001110100011111001111;
	11603 :	010001110100011111001111;
	11602 :	010001110100011111001111;
	11601 :	010001110100011111001111;
	11600 :	010001110100011111001111;
	11599 :	010001110100011111001111;
	11598 :	111111111111111111111111;
	11597 :	111111111111111111111111;
	11596 :	111111111111111111111111;
	11595 :	111111111111111111111111;
	11594 :	111111111111111111111111;
	11593 :	111111111111111111111111;
	11592 :	111111111111111111111111;
	11591 :	111111111111111111111110;
	11590 :	111111111111111111111111;
	11589 :	111111111111111111111111;
	11588 :	111111111111111111111111;
	11587 :	111111111111111111111111;
	11586 :	111111111111111111111111;
	11585 :	111111111111111111111111;
	11584 :	111111111111111111111111;
	11583 :	111111111111111111111111;
	11582 :	111111111111111111111111;
	11581 :	111111111111111111111111;
	11580 :	111111111111111111111111;
	11579 :	111111111111111111111111;
	11578 :	000110000000111110100001;
	11577 :	000110000000111110100001;
	11576 :	000110000000111110100001;
	11575 :	000110000000111110100001;
	11574 :	111111111111111111111111;
	11573 :	111111111111111111111111;
	11572 :	111111111111111111111111;
	11571 :	111111111111111111111111;
	11570 :	111111111111111111111111;
	11569 :	111111111111111111111111;
	11568 :	111111111111111111111111;
	11567 :	111111111111111111111111;
	11566 :	111111111111111111111111;
	11565 :	111111111111111111111111;
	11564 :	111111111111111111111111;
	11563 :	111111111111111111111111;
	11562 :	111111111111111111111111;
	11561 :	111111111111111111111111;
	11560 :	111111111111111111111111;
	11559 :	111111111111111111111111;
	11558 :	111111111111111111111111;
	11557 :	111111111111111111111111;
	11556 :	111111111111111111111111;
	11555 :	111111111111111111111111;
	11554 :	111111111111111111111111;
	11553 :	111111111111111111111111;
	11552 :	111111111111111111111111;
	11551 :	111111111111111011111111;
	11550 :	000110000000111110100001;
	11549 :	000110000000111110100001;
	11548 :	000110000000111110100001;
	11547 :	000110000000111110100001;
	11546 :	000110010000111110100001;
	11545 :	010001110100011111001111;
	11544 :	010001110100011111001111;
	11543 :	010001110100011111001111;
	11542 :	010001110100011111001111;
	11541 :	010001110100011111001111;
	11540 :	010001110100011111001111;
	11539 :	010001110100011111001111;
	11538 :	010001110100011111001111;
	11537 :	010001110100011111001111;
	11536 :	111111111111111111111111;
	11535 :	111111111111111111111111;
	11534 :	111111111111111111111111;
	11533 :	111111111111111111111111;
	11532 :	111111111111111111111111;
	11531 :	000110000000111110100001;
	11530 :	000110000000111110100001;
	11529 :	000110000000111110100001;
	11528 :	000110000000111110100001;
	11527 :	000110000000111110100001;
	11526 :	010001110100011111001111;
	11525 :	010001100100011111001111;
	11524 :	010001110100011111001111;
	11523 :	010001110100011111001111;
	11522 :	010001110100011111001111;
	11521 :	010001110100011111001111;
	11520 :	010001110100011111001111;
	11519 :	010001110100011111001111;
	11518 :	010001110100011111001111;
	11517 :	010001110100011111001111;
	11516 :	010001110100011111001111;
	11515 :	010001110100011111001111;
	11514 :	010001110100011111001111;
	11513 :	111111111111111111111111;
	11512 :	111111111111111111111111;
	11511 :	111111111111111111111111;
	11510 :	111111111111111111111111;
	11509 :	111111111111111111111111;
	11508 :	111111111111111111111111;
	11507 :	111111111111111111111111;
	11506 :	111111111111111111111111;
	11505 :	111111111111111111111111;
	11504 :	111111111111111111111111;
	11503 :	111111111111111111111111;
	11502 :	111111111111111111111111;
	11501 :	111111111111111111111111;
	11500 :	111111111111111111111111;
	11499 :	111111111111111111111111;
	11498 :	000110000000111110100001;
	11497 :	000110000000111110100001;
	11496 :	000110000000111110100000;
	11495 :	000110000000111010100001;
	11494 :	000110000000111110100001;
	11493 :	010001110100011111001111;
	11492 :	010001110100011111001111;
	11491 :	010001110100011111001111;
	11490 :	010001110100011111001111;
	11489 :	010001110100011111001111;
	11488 :	010001110100011111001111;
	11487 :	010001110100011111001111;
	11486 :	010001110100011111001111;
	11485 :	010001110100011111001111;
	11484 :	010100100011101100111101;
	11483 :	010100100011101100111101;
	11482 :	010100100011101100111101;
	11481 :	010100100011101100111101;
	11480 :	000000000000000000000000;
	11479 :	000000000000000000000000;
	11478 :	000000000000000000000000;
	11477 :	000000000000000000000000;
	11476 :	000000000000000000000000;
	11475 :	000000000000000000000000;
	11474 :	000000000000000000000000;
	11473 :	000000000000000000000000;
	11472 :	000000000000000000000000;
	11471 :	000000000000000000000000;
	11470 :	000000000000000000000000;
	11469 :	000000000000000000000000;
	11468 :	000000000000000000000000;
	11467 :	000000000000000000000000;
	11466 :	000000000000000000000000;
	11465 :	000000000000000000000000;
	11464 :	000000000000000000000000;
	11463 :	000000000000000000000000;
	11462 :	000000000000000000000000;
	11461 :	000000000000000000000000;
	11460 :	000000000000000000000000;
	11459 :	000000000000000000000000;
	11458 :	000000000000000000000000;
	11457 :	010100100011101100111101;
	11456 :	010100100011101100111101;
	11455 :	010100100011101100111101;
	11454 :	000110000000111110100001;
	11453 :	000110000000111110100001;
	11452 :	000110000000111110100001;
	11451 :	000110000000111010100001;
	11450 :	010001110100011111001111;
	11449 :	010001110100011111001111;
	11448 :	010001110100011111001111;
	11447 :	010001110100011111001111;
	11446 :	010001110100011111001111;
	11445 :	010001110100011111001111;
	11444 :	010001110100011111001111;
	11443 :	010001110100011111001111;
	11442 :	010001110100011111001111;
	11441 :	010001110100011111001111;
	11440 :	010001110100011111001111;
	11439 :	010001110100011111001111;
	11438 :	010001110100011111001111;
	11437 :	010001110100011111001111;
	11436 :	111111111111111111111111;
	11435 :	111111111111111111111111;
	11434 :	111111111111111111111111;
	11433 :	111111101111111111111111;
	11432 :	111111111111111111111111;
	11431 :	111111111111111111111110;
	11430 :	000110000000111110100001;
	11429 :	000110010000111110100001;
	11428 :	000110000000111110100001;
	11427 :	000110000000111110100001;
	11426 :	000110000000111110100001;
	11425 :	010001110100011111001111;
	11424 :	010001100100011111001111;
	11423 :	010001110100011111001111;
	11422 :	010001110100011111001111;
	11421 :	010001110100011111001111;
	11420 :	010001110100011111001111;
	11419 :	010001110100011111001111;
	11418 :	010001110100011111001111;
	11417 :	010001110100011111001111;
	11416 :	010001110100011111001111;
	11415 :	010001110100011111001111;
	11414 :	010001110100011111001111;
	11413 :	111111111111111111111111;
	11412 :	111111111111111111111111;
	11411 :	111111111111111111111111;
	11410 :	111111111111111111111111;
	11409 :	111111111111111111111111;
	11408 :	111111111111111111111111;
	11407 :	111111111111111111111111;
	11406 :	111111111111111111111111;
	11405 :	111111111111111111111111;
	11404 :	111111111111111111111111;
	11403 :	111111111111111111111111;
	11402 :	111111111111111111111111;
	11401 :	111111111111111111111111;
	11400 :	111111111111111111111111;
	11399 :	111111111111111111111110;
	11398 :	111111111111111111111111;
	11397 :	111111111111111111111111;
	11396 :	111111111111111111111111;
	11395 :	111111111111111111111111;
	11394 :	111111111111111111111111;
	11393 :	000110000000111110100001;
	11392 :	000110000000111110100001;
	11391 :	000110000000111110100001;
	11390 :	000110000000111110100001;
	11389 :	111111111111111111111111;
	11388 :	111111111111111111111111;
	11387 :	111111111111111111111111;
	11386 :	111111111111111111111111;
	11385 :	111111111111111111111111;
	11384 :	111111111111111111111111;
	11383 :	111111111111111111111111;
	11382 :	111111111111111111111111;
	11381 :	111111111111111111111111;
	11380 :	111111111111111111111111;
	11379 :	111111111111111111111111;
	11378 :	111111111111111111111111;
	11377 :	111111111111111111111111;
	11376 :	111111111111111111111111;
	11375 :	111111111111111111111111;
	11374 :	111111111111111111111111;
	11373 :	111111111111111111111111;
	11372 :	111111111111111111111111;
	11371 :	111111111111111111111111;
	11370 :	111111111111111111111111;
	11369 :	111111111111111111111111;
	11368 :	111111111111111111111111;
	11367 :	111111111111111111111111;
	11366 :	111111111111111111111111;
	11365 :	000110000000111110100001;
	11364 :	000110000000111110100001;
	11363 :	000110000000111110100001;
	11362 :	000110000000111110100001;
	11361 :	000110000000111110100001;
	11360 :	010001110100011111001111;
	11359 :	010001110100011111001111;
	11358 :	010001110100011111001111;
	11357 :	010001110100011111001111;
	11356 :	010001110100011111001111;
	11355 :	010001110100011111001111;
	11354 :	010001110100011111001111;
	11353 :	010001110100011111001111;
	11352 :	010001110100011111001111;
	11351 :	111111111111111111111111;
	11350 :	111111111111111111111111;
	11349 :	111111111111111111111111;
	11348 :	111111111111111111111111;
	11347 :	111111111111111111111111;
	11346 :	000110000000111110100001;
	11345 :	000110000000111110100001;
	11344 :	000110000000111110100001;
	11343 :	000110000000111110100001;
	11342 :	000110000000111110100001;
	11341 :	010001110100011111001111;
	11340 :	010001110100011111001111;
	11339 :	010001110100011111001111;
	11338 :	010001110100011111001111;
	11337 :	010001110100011111001111;
	11336 :	010001110100011111001111;
	11335 :	010001110100011111001111;
	11334 :	010001110100011111001111;
	11333 :	010001110100011111001111;
	11332 :	010001110100011111001111;
	11331 :	010001110100011111001111;
	11330 :	010001110100011111001111;
	11329 :	010001110100011011001111;
	11328 :	111111111111111111111111;
	11327 :	111111111111111111111111;
	11326 :	111111111111111111111111;
	11325 :	111111111111111111111111;
	11324 :	111111111111111111111111;
	11323 :	111111111111111111111111;
	11322 :	111111111111111111111111;
	11321 :	111111111111111111111111;
	11320 :	111111111111111111111111;
	11319 :	111111111111111111111111;
	11318 :	111111101111111111111111;
	11317 :	111111101111111111111111;
	11316 :	111111111111111111111111;
	11315 :	111111111111111111111111;
	11314 :	111111111111111111111111;
	11313 :	000110000000111110100001;
	11312 :	000110000000111110100001;
	11311 :	000110010000111110100001;
	11310 :	000110000000111110100001;
	11309 :	000110000000111110100001;
	11308 :	010001110100011111001111;
	11307 :	010001110100011111001111;
	11306 :	010001110100011111001111;
	11305 :	010001110100011111001111;
	11304 :	010001110100011111001111;
	11303 :	010001110100011111001111;
	11302 :	010001110100011111001111;
	11301 :	010001110100011111001111;
	11300 :	010001110100011111001110;
	11299 :	010100100011101100111101;
	11298 :	010100100011101100111101;
	11297 :	010100100011101100111101;
	11296 :	010100100011101100111101;
	11295 :	000000000000000000000000;
	11294 :	000000000000000000000000;
	11293 :	000000000000000000000000;
	11292 :	000000000000000000000000;
	11291 :	000000000000000000000000;
	11290 :	000000000000000000000000;
	11289 :	000000000000000000000000;
	11288 :	000000000000000000000000;
	11287 :	000000000000000000000000;
	11286 :	000000000000000000000000;
	11285 :	000000000000000000000000;
	11284 :	000000000000000000000000;
	11283 :	000000000000000000000000;
	11282 :	000000000000000000000000;
	11281 :	000000000000000000000000;
	11280 :	000000000000000000000000;
	11279 :	000000000000000000000000;
	11278 :	000000000000000000000000;
	11277 :	000000000000000000000000;
	11276 :	000000000000000000000000;
	11275 :	000000000000000000000000;
	11274 :	000000000000000000000000;
	11273 :	000000000000000000000000;
	11272 :	010100100011101100111101;
	11271 :	010100100011101100111101;
	11270 :	010100100011101100111101;
	11269 :	000110000000111110100001;
	11268 :	000110000000111110100001;
	11267 :	000110000000111110100001;
	11266 :	000110000000111110100001;
	11265 :	010001110100011111001111;
	11264 :	010001110100011111001111;
	11263 :	010001110100011111001111;
	11262 :	010001110100011111001111;
	11261 :	010001110100011111001111;
	11260 :	010001110100011111001111;
	11259 :	010001110100011111001111;
	11258 :	010001110100011111001111;
	11257 :	010001110100011111001110;
	11256 :	010001110100011111001111;
	11255 :	010001110100011111001111;
	11254 :	010001110100011111001111;
	11253 :	010001100100011111001111;
	11252 :	010001110100011111001111;
	11251 :	111111111111111111111111;
	11250 :	111111111111111111111111;
	11249 :	111111111111111111111111;
	11248 :	111111111111111111111111;
	11247 :	111111111111111111111111;
	11246 :	111111111111111011111111;
	11245 :	000110000000111110100001;
	11244 :	000110000000111110100001;
	11243 :	000110000000111110100001;
	11242 :	000110000000111110100001;
	11241 :	000110000000111110100001;
	11240 :	010001110100011111001111;
	11239 :	010001110100011111001111;
	11238 :	010001110100011111001111;
	11237 :	010001110100011111001110;
	11236 :	010001110100011111001111;
	11235 :	010001110100011111001111;
	11234 :	010001110100011111001111;
	11233 :	010001110100011111001110;
	11232 :	010001110100011111001111;
	11231 :	010001110100011111001111;
	11230 :	010001110100011111001111;
	11229 :	010001110100011111001111;
	11228 :	111111111111111111111111;
	11227 :	111111111111111111111111;
	11226 :	111111111111111111111111;
	11225 :	111111111111111111111111;
	11224 :	111111111111111111111111;
	11223 :	111111111111111111111111;
	11222 :	111111111111111111111111;
	11221 :	111111111111111111111111;
	11220 :	111111111111111111111111;
	11219 :	111111111111111111111111;
	11218 :	111111111111111111111111;
	11217 :	111111111111111111111111;
	11216 :	111111111111111111111111;
	11215 :	111111111111111111111111;
	11214 :	111111111111111011111111;
	11213 :	111111111111111111111111;
	11212 :	111111111111111111111111;
	11211 :	111111111111111111111111;
	11210 :	111111111111111111111111;
	11209 :	111111111111111111111111;
	11208 :	000110000000111110100001;
	11207 :	000110000000111110100001;
	11206 :	000110000000111110100001;
	11205 :	000110000000111110100001;
	11204 :	111111111111111111111111;
	11203 :	111111111111111111111111;
	11202 :	111111111111111111111111;
	11201 :	111111111111111111111110;
	11200 :	111111111111111111111111;
	11199 :	111111111111111111111111;
	11198 :	111111111111111111111111;
	11197 :	111111111111111111111111;
	11196 :	111111111111111111111111;
	11195 :	111111111111111111111111;
	11194 :	111111111111111111111111;
	11193 :	111111111111111111111111;
	11192 :	111111111111111111111111;
	11191 :	111111111111111111111111;
	11190 :	111111111111111111111111;
	11189 :	111111111111111111111111;
	11188 :	111111111111111111111111;
	11187 :	111111111111111111111111;
	11186 :	111111111111111111111111;
	11185 :	111111111111111111111111;
	11184 :	111111111111111111111111;
	11183 :	111111111111111111111111;
	11182 :	111111111111111111111111;
	11181 :	111111111111111111111111;
	11180 :	000110000000111110100001;
	11179 :	000110000000111110100001;
	11178 :	000110000000111110100001;
	11177 :	000110000000111110100001;
	11176 :	000110000000111110100001;
	11175 :	010001110100011111001111;
	11174 :	010001110100011111001111;
	11173 :	010001110100011111001111;
	11172 :	010001110100011111001111;
	11171 :	010001110100011111001111;
	11170 :	010001110100011111001111;
	11169 :	010001110100011111001111;
	11168 :	010001110100011111001111;
	11167 :	010001110100011111001111;
	11166 :	111111111111111111111111;
	11165 :	111111111111111111111111;
	11164 :	111111111111111111111111;
	11163 :	111111111111111111111111;
	11162 :	111111111111111111111111;
	11161 :	000110000000111110100001;
	11160 :	000110000000111110100001;
	11159 :	000110000000111110100001;
	11158 :	000110000000111110100001;
	11157 :	000110000000111110100001;
	11156 :	010001110100011111001111;
	11155 :	010001110100011111001111;
	11154 :	010001110100011111001111;
	11153 :	010001110100011111001111;
	11152 :	010001110100011111001111;
	11151 :	010001110100011111001111;
	11150 :	010001110100011011001111;
	11149 :	010001110100011111001111;
	11148 :	010001110100011111001111;
	11147 :	010001110100011111001111;
	11146 :	010001110100011111001111;
	11145 :	010001110100011111001111;
	11144 :	010001110100011011001111;
	11143 :	111111111111111111111111;
	11142 :	111111111111111111111111;
	11141 :	111111111111111111111111;
	11140 :	111111111111111111111111;
	11139 :	111111111111111111111111;
	11138 :	111111111111111111111111;
	11137 :	111111111111111111111111;
	11136 :	111111111111111111111111;
	11135 :	111111111111111111111111;
	11134 :	111111111111111111111111;
	11133 :	111111111111111111111111;
	11132 :	111111111111111111111111;
	11131 :	111111111111111111111111;
	11130 :	111111111111111111111111;
	11129 :	111111111111111111111111;
	11128 :	000110000000111110100001;
	11127 :	000110000000111110100001;
	11126 :	000110000000111110100001;
	11125 :	000110000000111110100000;
	11124 :	000110000000111110100001;
	11123 :	010001110100011111001111;
	11122 :	010001110100011111001111;
	11121 :	010001110100011111001111;
	11120 :	010001110100011111001111;
	11119 :	010001110100011111001111;
	11118 :	010001110100011111001111;
	11117 :	010001110100011111001111;
	11116 :	010001110100011111001111;
	11115 :	010001110100011111001111;
	11114 :	010100100011101100111101;
	11113 :	010100100011101100111101;
	11112 :	010100100011101100111101;
	11111 :	010100100011101100111101;
	11110 :	000000000000000000000000;
	11109 :	000000000000000000000000;
	11108 :	000000000000000000000000;
	11107 :	000000000000000000000000;
	11106 :	000000000000000000000000;
	11105 :	000000000000000000000000;
	11104 :	000000000000000000000000;
	11103 :	000000000000000000000000;
	11102 :	000000000000000000000000;
	11101 :	000000000000000000000000;
	11100 :	000000000000000000000000;
	11099 :	000000000000000000000000;
	11098 :	000000000000000000000000;
	11097 :	000000000000000000000000;
	11096 :	000000000000000000000000;
	11095 :	000000000000000000000000;
	11094 :	000000000000000000000000;
	11093 :	000000000000000000000000;
	11092 :	000000000000000000000000;
	11091 :	000000000000000000000000;
	11090 :	000000000000000000000000;
	11089 :	000000000000000000000000;
	11088 :	000000000000000000000000;
	11087 :	010100100011101100111101;
	11086 :	010100100011101100111101;
	11085 :	010100100011101100111101;
	11084 :	000110000000111110100001;
	11083 :	000110000000111110100001;
	11082 :	000110000000111110100001;
	11081 :	000110000000111110100001;
	11080 :	010001110100011111001111;
	11079 :	010001110100011111001111;
	11078 :	010001110100011111001111;
	11077 :	010001110100011111001111;
	11076 :	010001110100011111001111;
	11075 :	010001110100011111001111;
	11074 :	010001110100011111001111;
	11073 :	010001110100011111001111;
	11072 :	010001110100011111001111;
	11071 :	010001110100011111001111;
	11070 :	010001110100011111001111;
	11069 :	010001110100011111001111;
	11068 :	010001110100011111001111;
	11067 :	010001110100011111001111;
	11066 :	111111111111111111111111;
	11065 :	111111111111111111111111;
	11064 :	111111111111111111111111;
	11063 :	111111111111111111111111;
	11062 :	111111111111111111111111;
	11061 :	111111111111111111111110;
	11060 :	000110000000111110100001;
	11059 :	000110000000111110100001;
	11058 :	000110000000111110100001;
	11057 :	000110000000111110100001;
	11056 :	000110000000111110100001;
	11055 :	010001110100011111001111;
	11054 :	010001110100011111001111;
	11053 :	010001110100011111001111;
	11052 :	010001110100011111001111;
	11051 :	010001110100011111001111;
	11050 :	010001110100011111001111;
	11049 :	010001110100011111001111;
	11048 :	010001110100011111001111;
	11047 :	111111111111111111111111;
	11046 :	111111111111111111111111;
	11045 :	111111111111111111111111;
	11044 :	111111111111111111111111;
	11043 :	111111111111111111111111;
	11042 :	111111111111111111111111;
	11041 :	111111111111111111111111;
	11040 :	111111111111111111111111;
	11039 :	111111111111111111111111;
	11038 :	111111111111111011111111;
	11037 :	111111111111111111111111;
	11036 :	111111111111111111111111;
	11035 :	111111111111111111111111;
	11034 :	111111111111111111111111;
	11033 :	111111111111111111111111;
	11032 :	111111111111111011111111;
	11031 :	111111111111111111111111;
	11030 :	111111111111111111111111;
	11029 :	111111111111111111111111;
	11028 :	111111111111111111111111;
	11027 :	111111111111111111111111;
	11026 :	111111111111111111111111;
	11025 :	111111111111111111111111;
	11024 :	111111111111111111111111;
	11023 :	000110000000111110100001;
	11022 :	000110000000111110100001;
	11021 :	000110000000111110100001;
	11020 :	000110000000111110100001;
	11019 :	111111111111111111111111;
	11018 :	111111111111111111111111;
	11017 :	111111111111111111111111;
	11016 :	111111111111111111111111;
	11015 :	111111111111111111111111;
	11014 :	111111111111111111111111;
	11013 :	111111111111111111111111;
	11012 :	111111111111111111111110;
	11011 :	111111111111111111111111;
	11010 :	111111111111111111111111;
	11009 :	111111111111111111111111;
	11008 :	111111111111111111111111;
	11007 :	111111111111111111111111;
	11006 :	111111111111111111111111;
	11005 :	111111111111111111111111;
	11004 :	111111111111111111111111;
	11003 :	111111111111111111111111;
	11002 :	111111111111111111111111;
	11001 :	111111111111111111111111;
	11000 :	111111111111111111111111;
	10999 :	111111111111111111111111;
	10998 :	111111111111111111111111;
	10997 :	111111111111111111111111;
	10996 :	111111111111111111111111;
	10995 :	000110000000111110100001;
	10994 :	000110000000111110100001;
	10993 :	000110000000111010100001;
	10992 :	000110000000111110100001;
	10991 :	000110000000111110100001;
	10990 :	010001110100011111001111;
	10989 :	010001110100011111001111;
	10988 :	010001110100011111001111;
	10987 :	010001110100011111001111;
	10986 :	010001110100011111001111;
	10985 :	010001110100011111001111;
	10984 :	010001110100011111001111;
	10983 :	010001110100011111001111;
	10982 :	010001110100011111001111;
	10981 :	111111111111111111111111;
	10980 :	111111111111111111111111;
	10979 :	111111111111111111111111;
	10978 :	111111111111111111111111;
	10977 :	111111111111111111111111;
	10976 :	000110000000111110100001;
	10975 :	000110000000111110100001;
	10974 :	000110000000111110100001;
	10973 :	000110000000111110100001;
	10972 :	000110000000111110100001;
	10971 :	010001110100011111001111;
	10970 :	010001110100011111001111;
	10969 :	010001110100011111001111;
	10968 :	010001110100011111001111;
	10967 :	010001110100011111001111;
	10966 :	010001110100011111001111;
	10965 :	010001110100011111001111;
	10964 :	010001110100011111001111;
	10963 :	010001100100011111001111;
	10962 :	010001110100011111001111;
	10961 :	010001110100011111001111;
	10960 :	010001110100011111001111;
	10959 :	010001110100011111001111;
	10958 :	111111111111111111111111;
	10957 :	111111101111111111111111;
	10956 :	111111111111111111111111;
	10955 :	111111111111111111111111;
	10954 :	111111111111111111111111;
	10953 :	111111111111111111111111;
	10952 :	111111111111111111111111;
	10951 :	111111111111111111111111;
	10950 :	111111111111111111111111;
	10949 :	111111111111111111111111;
	10948 :	111111111111111111111111;
	10947 :	111111111111111111111111;
	10946 :	111111111111111111111111;
	10945 :	111111111111111111111111;
	10944 :	111111111111111111111111;
	10943 :	000110000000111110100001;
	10942 :	000110000000111110100001;
	10941 :	000110000000111110100001;
	10940 :	000110000000111110100001;
	10939 :	000110000000111110100001;
	10938 :	000110000000111110100001;
	10937 :	000110000000111110100001;
	10936 :	000110000000111110100001;
	10935 :	000110000000111110100001;
	10934 :	010001110100011111001111;
	10933 :	010001110100011111001111;
	10932 :	010001110100011111001111;
	10931 :	010001110100011111001111;
	10930 :	010001110100011111001111;
	10929 :	010100100011101100111101;
	10928 :	010100100011101100111101;
	10927 :	010100100011101100111101;
	10926 :	010100100011101100111101;
	10925 :	000000000000000000000000;
	10924 :	000000000000000000000000;
	10923 :	000000000000000000000000;
	10922 :	000000000000000000000000;
	10921 :	000000000000000000000000;
	10920 :	000000000000000000000000;
	10919 :	000000000000000100000000;
	10918 :	000000000000000000000000;
	10917 :	000000000000000000000000;
	10916 :	000000000000000000000000;
	10915 :	000000000000000000000000;
	10914 :	000000000000000000000000;
	10913 :	000000000000000000000000;
	10912 :	000000000000000000000000;
	10911 :	000000000000000000000000;
	10910 :	000000000000000000000000;
	10909 :	000000000000000000000000;
	10908 :	000000000000000000000000;
	10907 :	000000000000000000000000;
	10906 :	000000000000000000000000;
	10905 :	000000000000000000000000;
	10904 :	000000000000000000000000;
	10903 :	000000000000000000000000;
	10902 :	010100100011101100111100;
	10901 :	010100100011101100111101;
	10900 :	010100100011101100111101;
	10899 :	000110000000111110100001;
	10898 :	000110000000111110100001;
	10897 :	000110000000111110100001;
	10896 :	000110000000111110100001;
	10895 :	010001110100011111001111;
	10894 :	010001110100011111001110;
	10893 :	010001110100011111001111;
	10892 :	010001110100011111001111;
	10891 :	010001110100011111001111;
	10890 :	010001110100011111001111;
	10889 :	010001110100011111001111;
	10888 :	010001110100011111001111;
	10887 :	010001110100011011001111;
	10886 :	010001110100011111001111;
	10885 :	010001110100011111001111;
	10884 :	010001110100011111001111;
	10883 :	010001110100011111001111;
	10882 :	010001110100011111001111;
	10881 :	111111111111111111111111;
	10880 :	111111111111111111111111;
	10879 :	111111111111111111111111;
	10878 :	111111111111111111111111;
	10877 :	111111111111111111111111;
	10876 :	111111111111111111111111;
	10875 :	000110000000111110100001;
	10874 :	000110000000111110100001;
	10873 :	000110000000111110100001;
	10872 :	000110000000111110100001;
	10871 :	000110000000111110100001;
	10870 :	010001110100011111001111;
	10869 :	010001110100011111001111;
	10868 :	010001110100011111001111;
	10867 :	010001110100011111001111;
	10866 :	010001110100011111001111;
	10865 :	010001110100011111001111;
	10864 :	010001110100011111001111;
	10863 :	010001110100011111001111;
	10862 :	111111111111111111111111;
	10861 :	111111111111111111111111;
	10860 :	111111111111111111111111;
	10859 :	111111111111111111111111;
	10858 :	111111111111111111111111;
	10857 :	000110000000111110100001;
	10856 :	000110000000111110100001;
	10855 :	000110000000111110100001;
	10854 :	000110000000111110100001;
	10853 :	000110010000111110100001;
	10852 :	010001110100011111001111;
	10851 :	010001110100011111001111;
	10850 :	010001110100011111001111;
	10849 :	010001110100011111001111;
	10848 :	010001110100011111001111;
	10847 :	010001110100011111001111;
	10846 :	010001110100011111001111;
	10845 :	010001110100011111001111;
	10844 :	010001110100011111001111;
	10843 :	111111111111111111111111;
	10842 :	111111111111111111111111;
	10841 :	111111111111111111111111;
	10840 :	111111111111111111111111;
	10839 :	111111111111111111111111;
	10838 :	000110000000111110100001;
	10837 :	000110000000111110100001;
	10836 :	000110000000111110100001;
	10835 :	000110000000111110100001;
	10834 :	111111111111111111111111;
	10833 :	111111111111111111111111;
	10832 :	111111111111111111111111;
	10831 :	111111111111111111111111;
	10830 :	111111101111111111111111;
	10829 :	000110000000111110100001;
	10828 :	000110000000111110100001;
	10827 :	000110000000111110100001;
	10826 :	000110000000111110100001;
	10825 :	000110000000111110100001;
	10824 :	010001110100011111001111;
	10823 :	010001110100011111001111;
	10822 :	010001110100011111001111;
	10821 :	010001110100011111001111;
	10820 :	010001110100011111001111;
	10819 :	010001110100011111001111;
	10818 :	010001110100011111001111;
	10817 :	010001110100011111001111;
	10816 :	010001110100011111001111;
	10815 :	111111111111111111111111;
	10814 :	111111111111111111111111;
	10813 :	111111111111111111111111;
	10812 :	111111111111111111111111;
	10811 :	111111111111111111111111;
	10810 :	000110000000111110100001;
	10809 :	000110000000111110100001;
	10808 :	000110000000111110100001;
	10807 :	000110000000111110100001;
	10806 :	000110000000111110100001;
	10805 :	010001110100011111001111;
	10804 :	010001110100011111001111;
	10803 :	010001110100011111001111;
	10802 :	010001110100011111001111;
	10801 :	010001110100011111001111;
	10800 :	010001110100011111001111;
	10799 :	010001110100011111001111;
	10798 :	010001110100011111001111;
	10797 :	010001110100011111001111;
	10796 :	111111111111111111111111;
	10795 :	111111111111111111111111;
	10794 :	111111111111111111111111;
	10793 :	111111111111111111111111;
	10792 :	111111111111111111111111;
	10791 :	000110000000111010100001;
	10790 :	000110000000111110100001;
	10789 :	000110000000111110100001;
	10788 :	000110000000111110100001;
	10787 :	000110000000111110100001;
	10786 :	010001110100011111001110;
	10785 :	010001110100011111001111;
	10784 :	010001110100011111001111;
	10783 :	010001110100011111001111;
	10782 :	010001110100011111001111;
	10781 :	010001110100011111001111;
	10780 :	010001110100011111001111;
	10779 :	010001110100011111001111;
	10778 :	010001110100011111001111;
	10777 :	010001110100011111001111;
	10776 :	010001110100011111001111;
	10775 :	010001110100011111001111;
	10774 :	010001110100011111001111;
	10773 :	111111111111111111111111;
	10772 :	111111111111111111111111;
	10771 :	111111111111111111111111;
	10770 :	111111111111111111111111;
	10769 :	111111111111111111111111;
	10768 :	111111111111111111111111;
	10767 :	111111111111111111111111;
	10766 :	111111111111111111111111;
	10765 :	111111111111111111111111;
	10764 :	111111111111111111111111;
	10763 :	111111111111111111111111;
	10762 :	111111111111111111111111;
	10761 :	111111111111111111111111;
	10760 :	111111111111111111111111;
	10759 :	111111111111111111111111;
	10758 :	111111111111111111111111;
	10757 :	111111111111111111111111;
	10756 :	111111111111111111111111;
	10755 :	111111111111111111111110;
	10754 :	111111111111111111111111;
	10753 :	000110000000111110100001;
	10752 :	000110000000111110100001;
	10751 :	000110000000111110100001;
	10750 :	000110000000111110100001;
	10749 :	010001110100011111001111;
	10748 :	010001110100011111001111;
	10747 :	010001110100011111001111;
	10746 :	010001110100011111001111;
	10745 :	010001110100011111001111;
	10744 :	010100100011101100111101;
	10743 :	010100100011101100111101;
	10742 :	010100100011101100111101;
	10741 :	010100100011101100111101;
	10740 :	000000000000000000000000;
	10739 :	000000000000000000000000;
	10738 :	000000000000000000000000;
	10737 :	000000000000000000000000;
	10736 :	000000000000000000000000;
	10735 :	000000000000000000000000;
	10734 :	000000000000000000000000;
	10733 :	000000000000000000000000;
	10732 :	000000000000000000000000;
	10731 :	000000000000000000000000;
	10730 :	000000000000000000000000;
	10729 :	000000000000000000000000;
	10728 :	000000000000000000000000;
	10727 :	000000000000000000000000;
	10726 :	000000000000000000000000;
	10725 :	000000000000000000000000;
	10724 :	000000000000000000000000;
	10723 :	000000000000000000000000;
	10722 :	000000000000000000000000;
	10721 :	000000000000000000000000;
	10720 :	000000000000000000000000;
	10719 :	000000000000000000000000;
	10718 :	000000000000000000000000;
	10717 :	010100100011101100111101;
	10716 :	010100100011101100111101;
	10715 :	010100100011101100111101;
	10714 :	000110000000111110100001;
	10713 :	000110000000111110100001;
	10712 :	000110000000111010100001;
	10711 :	000110000000111110100001;
	10710 :	010001110100011111001111;
	10709 :	010001110100011111001111;
	10708 :	010001110100011011001111;
	10707 :	010001110100011111001111;
	10706 :	010001100100011111001111;
	10705 :	010001110100011111001111;
	10704 :	010001110100011111001111;
	10703 :	010001100100011111001111;
	10702 :	010001110100011111001111;
	10701 :	010001100100011111001111;
	10700 :	010001110100011111001111;
	10699 :	010001110100011111001111;
	10698 :	010001110100011111001111;
	10697 :	010001110100011111001111;
	10696 :	111111111111111111111111;
	10695 :	111111111111111011111111;
	10694 :	111111111111111111111111;
	10693 :	111111111111111111111111;
	10692 :	111111111111111111111111;
	10691 :	111111111111111111111111;
	10690 :	000110000000111110100001;
	10689 :	000110000000111110100001;
	10688 :	000110000000111110100001;
	10687 :	000110000000111110100001;
	10686 :	000110000000111110100001;
	10685 :	010001110100011111001111;
	10684 :	010001110100011111001111;
	10683 :	010001110100011111001111;
	10682 :	010001110100011111001111;
	10681 :	010001110100011111001111;
	10680 :	010001110100011111001111;
	10679 :	010001110100011111001111;
	10678 :	010001110100011111001111;
	10677 :	111111111111111111111111;
	10676 :	111111111111111111111111;
	10675 :	111111111111111111111111;
	10674 :	111111111111111111111111;
	10673 :	111111111111111111111111;
	10672 :	000110000000111110100001;
	10671 :	000110000000111110100001;
	10670 :	000110000000111110100001;
	10669 :	000110000000111110100001;
	10668 :	000110000000111110100001;
	10667 :	010001110100011111001111;
	10666 :	010001110100011111001111;
	10665 :	010001110100011111001111;
	10664 :	010001110100011111001111;
	10663 :	010001110100011111001111;
	10662 :	010001110100011111001111;
	10661 :	010001110100011111001111;
	10660 :	010001110100011111001111;
	10659 :	010001110100011111001111;
	10658 :	111111111111111111111111;
	10657 :	111111111111111111111111;
	10656 :	111111111111111111111111;
	10655 :	111111111111111111111111;
	10654 :	111111111111111111111111;
	10653 :	000110000000111110100001;
	10652 :	000110000000111110100001;
	10651 :	000110000000111110100001;
	10650 :	000110000000111110100001;
	10649 :	111111111111111111111111;
	10648 :	111111111111111111111111;
	10647 :	111111111111111111111111;
	10646 :	111111111111111111111111;
	10645 :	111111111111111111111111;
	10644 :	000110000000111110100001;
	10643 :	000110010000111110100001;
	10642 :	000110000000111110100001;
	10641 :	000110000000111110100001;
	10640 :	000110000000111110100001;
	10639 :	010001110100011111001111;
	10638 :	010001110100011111001111;
	10637 :	010001110100011111001111;
	10636 :	010001100100011111001111;
	10635 :	010001110100011111001111;
	10634 :	010001110100011111001111;
	10633 :	010001110100011111001111;
	10632 :	010001110100011111001111;
	10631 :	010001110100011111001111;
	10630 :	111111111111111111111111;
	10629 :	111111111111111111111111;
	10628 :	111111111111111111111111;
	10627 :	111111111111111111111111;
	10626 :	111111111111111111111111;
	10625 :	000110000000111110100001;
	10624 :	000110000000111110100001;
	10623 :	000110000000111110100001;
	10622 :	000110000000111110100001;
	10621 :	000110000000111110100001;
	10620 :	010001110100011111001111;
	10619 :	010001110100011111001111;
	10618 :	010001110100011111001111;
	10617 :	010001110100011111001111;
	10616 :	010001110100011111001111;
	10615 :	010001110100011111001111;
	10614 :	010001110100011111001111;
	10613 :	010001100100011111001110;
	10612 :	010001110100011111001111;
	10611 :	111111111111111111111111;
	10610 :	111111111111111111111111;
	10609 :	111111111111111111111110;
	10608 :	111111111111111111111111;
	10607 :	111111111111111111111111;
	10606 :	000110000000111110100001;
	10605 :	000110000000111110100001;
	10604 :	000110000000111110100001;
	10603 :	000110000000111110100001;
	10602 :	000110000000111110100001;
	10601 :	010001110100011111001111;
	10600 :	010001110100011111001111;
	10599 :	010001110100011111001111;
	10598 :	010001110100011111001111;
	10597 :	010001110100011111001111;
	10596 :	010001110100011111001111;
	10595 :	010001110100011111001111;
	10594 :	010001110100011111001111;
	10593 :	010001110100011111001111;
	10592 :	010001110100011111001111;
	10591 :	010001110100011111001111;
	10590 :	010001110100011111001111;
	10589 :	010001110100011111001111;
	10588 :	111111111111111111111111;
	10587 :	111111111111111111111111;
	10586 :	111111111111111111111111;
	10585 :	111111111111111111111111;
	10584 :	111111111111111111111111;
	10583 :	111111111111111111111111;
	10582 :	111111111111111111111111;
	10581 :	111111111111111111111111;
	10580 :	111111111111111111111111;
	10579 :	111111111111111111111111;
	10578 :	111111111111111111111111;
	10577 :	111111111111111111111110;
	10576 :	111111111111111111111111;
	10575 :	111111111111111111111111;
	10574 :	111111111111111111111111;
	10573 :	111111101111111111111111;
	10572 :	111111111111111111111111;
	10571 :	111111111111111111111111;
	10570 :	111111111111111111111111;
	10569 :	111111111111111111111111;
	10568 :	000110000000111110100001;
	10567 :	000110000000111110100001;
	10566 :	000110000000111110100001;
	10565 :	000110000000111110100001;
	10564 :	010001110100011111001111;
	10563 :	010001110100011111001111;
	10562 :	010001110100011111001111;
	10561 :	010001110100011111001110;
	10560 :	010001110100011111001111;
	10559 :	010100100011101100111101;
	10558 :	010100100011101100111101;
	10557 :	010100100011101100111101;
	10556 :	010100100011101100111101;
	10555 :	000000000000000000000000;
	10554 :	000000000000000000000000;
	10553 :	000000000000000000000000;
	10552 :	000000000000000000000000;
	10551 :	000000000000000000000000;
	10550 :	000000000000000000000000;
	10549 :	000000000000000000000000;
	10548 :	000000000000000000000000;
	10547 :	000000000000000000000000;
	10546 :	000000000000000000000000;
	10545 :	000000000000000000000000;
	10544 :	000000000000000000000000;
	10543 :	000000000000000000000000;
	10542 :	000000000000000000000000;
	10541 :	000000000000000000000000;
	10540 :	000000000000000000000000;
	10539 :	000000000000000000000000;
	10538 :	000000000000000000000000;
	10537 :	000000000000000000000000;
	10536 :	000000000000000000000000;
	10535 :	000000000000000000000000;
	10534 :	000000000000000000000000;
	10533 :	000000000000000000000000;
	10532 :	010100100011101100111101;
	10531 :	010100100011101100111101;
	10530 :	010100100011101100111101;
	10529 :	000110000000111110100001;
	10528 :	000110000000111110100001;
	10527 :	000110000000111110100001;
	10526 :	000110000000111110100001;
	10525 :	010001110100011111001111;
	10524 :	010001110100011111001111;
	10523 :	010001110100011111001111;
	10522 :	010001110100011111001111;
	10521 :	010001110100011111001111;
	10520 :	010001110100011111001111;
	10519 :	010001110100011111001111;
	10518 :	010001110100011111001111;
	10517 :	010001110100011111001110;
	10516 :	010001110100011111001111;
	10515 :	010001110100011111001111;
	10514 :	010001110100011111001111;
	10513 :	010001110100011111001111;
	10512 :	010001110100011111001111;
	10511 :	111111111111111111111111;
	10510 :	111111111111111111111111;
	10509 :	111111111111111111111111;
	10508 :	111111111111111111111111;
	10507 :	111111111111111111111111;
	10506 :	111111111111111111111111;
	10505 :	000110000000111110100001;
	10504 :	000110000000111110100001;
	10503 :	000110000000111110100001;
	10502 :	000110000000111110100001;
	10501 :	000110000000111110100001;
	10500 :	010001110100011111001111;
	10499 :	010001110100011111001111;
	10498 :	010001110100011111001111;
	10497 :	010001110100011111001111;
	10496 :	010001110100011111001111;
	10495 :	010001110100011111001111;
	10494 :	010001110100011111001111;
	10493 :	010001110100011111001111;
	10492 :	111111111111111111111111;
	10491 :	111111111111111111111111;
	10490 :	111111111111111111111111;
	10489 :	111111111111111111111111;
	10488 :	111111111111111111111111;
	10487 :	000110000000111110100001;
	10486 :	000110000000111110100001;
	10485 :	000110000000111110100001;
	10484 :	000110000000111110100001;
	10483 :	000110000000111110100001;
	10482 :	010001110100011111001111;
	10481 :	010001110100011111001110;
	10480 :	010001110100011111001111;
	10479 :	010001110100011111001111;
	10478 :	010001110100011111001111;
	10477 :	010001110100011011001111;
	10476 :	010001110100011111001111;
	10475 :	010001110100011111001111;
	10474 :	010001110100011111001111;
	10473 :	111111111111111111111111;
	10472 :	111111111111111111111111;
	10471 :	111111111111111111111111;
	10470 :	111111111111111111111111;
	10469 :	111111111111111111111111;
	10468 :	000110000000111110100001;
	10467 :	000110000000111110100001;
	10466 :	000110000000111110100001;
	10465 :	000110000000111110100001;
	10464 :	111111111111111111111111;
	10463 :	111111111111111111111111;
	10462 :	111111111111111111111111;
	10461 :	111111111111111111111111;
	10460 :	111111111111111111111111;
	10459 :	000110000000111110100001;
	10458 :	000110000000111110100001;
	10457 :	000110000000111110100001;
	10456 :	000110000000111110100001;
	10455 :	000110000000111110100001;
	10454 :	010001110100011111001111;
	10453 :	010001110100011111001111;
	10452 :	010001110100011111001111;
	10451 :	010001110100011111001111;
	10450 :	010001110100011111001111;
	10449 :	010001110100011111001111;
	10448 :	010001110100011111001111;
	10447 :	010001110100011011001111;
	10446 :	010001110100011111001111;
	10445 :	111111111111111111111111;
	10444 :	111111111111111111111110;
	10443 :	111111111111111111111111;
	10442 :	111111111111111111111111;
	10441 :	111111111111111111111111;
	10440 :	000110000000111110100001;
	10439 :	000110000000111110100001;
	10438 :	000110000000111110100001;
	10437 :	000110000000111110100001;
	10436 :	000110000000111110100001;
	10435 :	010001110100011111001111;
	10434 :	010001110100011111001111;
	10433 :	010001110100011111001111;
	10432 :	010001110100011111001111;
	10431 :	010001110100011111001111;
	10430 :	010001110100011111001111;
	10429 :	010001110100011111001111;
	10428 :	010001110100011111001111;
	10427 :	010001110100011111001111;
	10426 :	111111111111111111111111;
	10425 :	111111111111111011111111;
	10424 :	111111111111111111111111;
	10423 :	111111111111111111111111;
	10422 :	111111111111111111111111;
	10421 :	000110000000111110100001;
	10420 :	000110000000111110100001;
	10419 :	000110000000111110100001;
	10418 :	000110000000111110100001;
	10417 :	000110000000111110100001;
	10416 :	010001110100011111001111;
	10415 :	010001110100011111001111;
	10414 :	010001110100011111001111;
	10413 :	010001110100011011001111;
	10412 :	010001110100011111001111;
	10411 :	010001110100011111001111;
	10410 :	010001110100011111001111;
	10409 :	010001110100011111001111;
	10408 :	010001110100011111001111;
	10407 :	010001110100011111001111;
	10406 :	010001110100011111001111;
	10405 :	010001110100011111001111;
	10404 :	010001110100011111001111;
	10403 :	010001110100011111001111;
	10402 :	010001110100011111001111;
	10401 :	010001110100011111001110;
	10400 :	010001110100011111001111;
	10399 :	010001110100011111001111;
	10398 :	010001110100011111001111;
	10397 :	010001110100011111001111;
	10396 :	010001110100011111001111;
	10395 :	010001110100011111001111;
	10394 :	010001110100011111001111;
	10393 :	010001110100011111001111;
	10392 :	010001110100011111001111;
	10391 :	010001110100011111001111;
	10390 :	010001110100011111001111;
	10389 :	111111111111111111111111;
	10388 :	111111111111111111111111;
	10387 :	111111111111111111111111;
	10386 :	111111111111111111111111;
	10385 :	111111111111111111111111;
	10384 :	111111111111111111111111;
	10383 :	000110000000111110100001;
	10382 :	000110000000111110100001;
	10381 :	000110000000111110100001;
	10380 :	000110000000111110100001;
	10379 :	010001110100011111001111;
	10378 :	010001110100011111001111;
	10377 :	010001110100011111001111;
	10376 :	010001110100011111001111;
	10375 :	010001110100011111001111;
	10374 :	010100100011101100111101;
	10373 :	010100100011101100111101;
	10372 :	010100100011101100111101;
	10371 :	010100100011101100111101;
	10370 :	000000000000000000000000;
	10369 :	000000000000000000000000;
	10368 :	000000000000000000000000;
	10367 :	000000000000000000000000;
	10366 :	000000000000000000000000;
	10365 :	000000000000000000000000;
	10364 :	000000000000000000000000;
	10363 :	000000000000000000000000;
	10362 :	000000000000000000000000;
	10361 :	000000000000000000000000;
	10360 :	000000000000000000000000;
	10359 :	000000000000000000000000;
	10358 :	000000000000000000000000;
	10357 :	000000000000000000000000;
	10356 :	000000000000000000000000;
	10355 :	000000000000000000000000;
	10354 :	000000000000000000000000;
	10353 :	000000000000000000000000;
	10352 :	000000000000000000000000;
	10351 :	000000000000000000000000;
	10350 :	000000000000000000000000;
	10349 :	000000000000000000000000;
	10348 :	000000000000000000000000;
	10347 :	010100100011101100111101;
	10346 :	010100100011101100111101;
	10345 :	010100100011101100111101;
	10344 :	000110000000111110100001;
	10343 :	000110000000111110100001;
	10342 :	000110000000111110100001;
	10341 :	000110000000111110100001;
	10340 :	010001110100011111001111;
	10339 :	010001100100011111001111;
	10338 :	010001110100011111001111;
	10337 :	010001110100011111001111;
	10336 :	010001110100011111001111;
	10335 :	010001110100011111001111;
	10334 :	010001110100011111001110;
	10333 :	010001110100011111001111;
	10332 :	010001110100011111001111;
	10331 :	010001110100011111001111;
	10330 :	010001110100011111001111;
	10329 :	010001110100011111001111;
	10328 :	010001110100011111001111;
	10327 :	010001110100011111001111;
	10326 :	111111111111111111111111;
	10325 :	111111111111111111111111;
	10324 :	111111111111111111111111;
	10323 :	111111111111111111111111;
	10322 :	111111111111111111111111;
	10321 :	111111111111111111111111;
	10320 :	000110000000111110100001;
	10319 :	000110000000111110100001;
	10318 :	000110000000111110100001;
	10317 :	000110000000111110100001;
	10316 :	000110000000111110100001;
	10315 :	010001110100011111001111;
	10314 :	010001110100011111001111;
	10313 :	010001110100011111001111;
	10312 :	010001110100011111001111;
	10311 :	010001110100011111001111;
	10310 :	010001110100011111001111;
	10309 :	010001110100011111001111;
	10308 :	010001110100011111001111;
	10307 :	111111111111111111111111;
	10306 :	111111111111111111111111;
	10305 :	111111111111111111111111;
	10304 :	111111111111111111111111;
	10303 :	111111111111111111111111;
	10302 :	000110000000111110100001;
	10301 :	000110000000111110100001;
	10300 :	000110000000111110100001;
	10299 :	000110000000111110100001;
	10298 :	000110000000111110100001;
	10297 :	010001110100011111001111;
	10296 :	010001110100011111001111;
	10295 :	010001110100011111001111;
	10294 :	010001110100011111001111;
	10293 :	010001110100011111001111;
	10292 :	010001110100011111001111;
	10291 :	010001110100011111001111;
	10290 :	010001110100011111001111;
	10289 :	010001110100011111001111;
	10288 :	111111111111111111111111;
	10287 :	111111111111111111111111;
	10286 :	111111111111111111111111;
	10285 :	111111111111111111111111;
	10284 :	111111111111111111111111;
	10283 :	000110000000111110100001;
	10282 :	000110000000111110100001;
	10281 :	000110000000111110100001;
	10280 :	000110000000111110100001;
	10279 :	111111111111111111111111;
	10278 :	111111111111111111111111;
	10277 :	111111111111111111111111;
	10276 :	111111111111111111111111;
	10275 :	111111111111111111111111;
	10274 :	000110000000111110100001;
	10273 :	000110000000111110100001;
	10272 :	000110000000111110100001;
	10271 :	000110000000111110100001;
	10270 :	000110000000111110100001;
	10269 :	010001110100011111001111;
	10268 :	010001110100011111001111;
	10267 :	010001110100011111001111;
	10266 :	010001110100011111001111;
	10265 :	010001110100011111001111;
	10264 :	010001110100011111001111;
	10263 :	010001110100011111001111;
	10262 :	010001110100011111001111;
	10261 :	010001110100011111001111;
	10260 :	111111111111111111111111;
	10259 :	111111111111111111111111;
	10258 :	111111111111111111111111;
	10257 :	111111111111111111111111;
	10256 :	111111111111111111111111;
	10255 :	000110000000111110100001;
	10254 :	000110000000111110100001;
	10253 :	000110000000111110100001;
	10252 :	000110000000111110100001;
	10251 :	000110000000111110100001;
	10250 :	010001110100011111001111;
	10249 :	010001110100011111001111;
	10248 :	010001110100011111001111;
	10247 :	010001110100011111001111;
	10246 :	010001110100011111001111;
	10245 :	010001110100011111001111;
	10244 :	010001110100011111001111;
	10243 :	010001110100011111001111;
	10242 :	010001110100011111001111;
	10241 :	111111111111111111111111;
	10240 :	111111111111111111111111;
	10239 :	111111111111111111111111;
	10238 :	111111111111111011111111;
	10237 :	111111111111111111111111;
	10236 :	000110000000111110100001;
	10235 :	000110000000111110100001;
	10234 :	000110000000111110100001;
	10233 :	000110000000111110100001;
	10232 :	000110000000111110100001;
	10231 :	010001110100011111001111;
	10230 :	010001110100011111001111;
	10229 :	010001110100011111001111;
	10228 :	010001110100011111001111;
	10227 :	010001110100011111001111;
	10226 :	010001110100011111001111;
	10225 :	010001110100011111001111;
	10224 :	010001110100011111001111;
	10223 :	010001110100011111001111;
	10222 :	010001110100011111001110;
	10221 :	010001110100011111001111;
	10220 :	010001110100011111001111;
	10219 :	010001110100011111001111;
	10218 :	010001110100011111001111;
	10217 :	010001110100011111001111;
	10216 :	010001110100011111001111;
	10215 :	010001110100011111001110;
	10214 :	010001110100011111001111;
	10213 :	010001110100011111001111;
	10212 :	010001110100011111001111;
	10211 :	010001110100011111001111;
	10210 :	010001110100011111001111;
	10209 :	010001110100011111001111;
	10208 :	010001110100011111001111;
	10207 :	010001110100011111001111;
	10206 :	010001110100011111001111;
	10205 :	010001110100011111001111;
	10204 :	111111111111111111111111;
	10203 :	111111111111111111111111;
	10202 :	111111111111111111111111;
	10201 :	111111111111111111111111;
	10200 :	111111111111111011111111;
	10199 :	111111111111111111111111;
	10198 :	000110000000111110100001;
	10197 :	000110000000111110100001;
	10196 :	000110000000111110100001;
	10195 :	000110000000111110100000;
	10194 :	010001110100011111001111;
	10193 :	010001110100011111001111;
	10192 :	010001110100011111001111;
	10191 :	010001110100011111001111;
	10190 :	010001110100011111001111;
	10189 :	010100100011101100111101;
	10188 :	010100100011101100111101;
	10187 :	010100100011101100111101;
	10186 :	010100100011101100111101;
	10185 :	000000000000000000000000;
	10184 :	000000000000000000000000;
	10183 :	000000000000000000000000;
	10182 :	000000000000000000000000;
	10181 :	000000000000000000000000;
	10180 :	000000000000000000000000;
	10179 :	000000000000000000000000;
	10178 :	000000000000000000000000;
	10177 :	000000000000000000000000;
	10176 :	000000000000000000000000;
	10175 :	000000000000000000000000;
	10174 :	000000000000000000000000;
	10173 :	000000000000000000000000;
	10172 :	000000000000000000000000;
	10171 :	000000000000000000000000;
	10170 :	000000000000000000000000;
	10169 :	000000000000000000000000;
	10168 :	000000000000000000000000;
	10167 :	000000000000000000000000;
	10166 :	000000000000000000000000;
	10165 :	000000000000000000000000;
	10164 :	000000000000000000000000;
	10163 :	000000000000000000000000;
	10162 :	010100100011101100111101;
	10161 :	010100100011101100111101;
	10160 :	010100100011101100111101;
	10159 :	000110000000111110100001;
	10158 :	000110000000111110100001;
	10157 :	000110000000111110100001;
	10156 :	000110000000111110100001;
	10155 :	010001110100011111001111;
	10154 :	010001110100011111001111;
	10153 :	010001110100011111001111;
	10152 :	010001110100011111001111;
	10151 :	010001110100011111001111;
	10150 :	010001110100011111001111;
	10149 :	010001110100011111001111;
	10148 :	010001110100011111001111;
	10147 :	010001100100011111001111;
	10146 :	010001110100011111001111;
	10145 :	010001110100011111001111;
	10144 :	010001110100011111001111;
	10143 :	010001110100011111001111;
	10142 :	010001110100011111001111;
	10141 :	111111111111111111111111;
	10140 :	111111111111111111111111;
	10139 :	111111111111111111111111;
	10138 :	111111111111111111111111;
	10137 :	111111111111111111111111;
	10136 :	111111111111111111111111;
	10135 :	000110010000111110100001;
	10134 :	000110000000111110100001;
	10133 :	000110000000111110100001;
	10132 :	000110000000111110100001;
	10131 :	000110010000111110100001;
	10130 :	010001110100011111001111;
	10129 :	010001110100011111001111;
	10128 :	010001110100011111001111;
	10127 :	010001110100011111001111;
	10126 :	010001110100011111001111;
	10125 :	010001110100011111001111;
	10124 :	010001110100011111001111;
	10123 :	010001110100011111001111;
	10122 :	111111111111111111111111;
	10121 :	111111111111111111111111;
	10120 :	111111111111111111111111;
	10119 :	111111111111111111111111;
	10118 :	111111101111111111111111;
	10117 :	000110000000111110100001;
	10116 :	000110000000111110100001;
	10115 :	000110000000111110100001;
	10114 :	000110000000111110100001;
	10113 :	000110000000111110100001;
	10112 :	010001110100011111001111;
	10111 :	010001110100011111001111;
	10110 :	010001110100011111001111;
	10109 :	010001110100011111001111;
	10108 :	010001110100011111001111;
	10107 :	010001110100011111001111;
	10106 :	010001110100011111001111;
	10105 :	010001110100011111001111;
	10104 :	010001110100011111001111;
	10103 :	111111111111111111111111;
	10102 :	111111111111111111111111;
	10101 :	111111111111111111111111;
	10100 :	111111111111111111111111;
	10099 :	111111111111111111111111;
	10098 :	000110000000111110100001;
	10097 :	000110000000111110100001;
	10096 :	000110000000111110100001;
	10095 :	000110000000111110100001;
	10094 :	111111111111111111111111;
	10093 :	111111111111111111111111;
	10092 :	111111111111111111111111;
	10091 :	111111111111111111111111;
	10090 :	111111111111111111111111;
	10089 :	000110000000111110100001;
	10088 :	000110000000111110100001;
	10087 :	000110000000111110100001;
	10086 :	000110000000111110100001;
	10085 :	000110000000111110100001;
	10084 :	010001110100011111001111;
	10083 :	010001110100011111001111;
	10082 :	010001110100011111001111;
	10081 :	010001110100011111001111;
	10080 :	010001110100011111001111;
	10079 :	010001110100011111001111;
	10078 :	010001110100011111001111;
	10077 :	010001110100011111001111;
	10076 :	010001110100011111001111;
	10075 :	111111111111111111111111;
	10074 :	111111111111111111111111;
	10073 :	111111111111111111111111;
	10072 :	111111111111111111111111;
	10071 :	111111111111111111111111;
	10070 :	000110000000111110100001;
	10069 :	000110000000111110100001;
	10068 :	000110000000111110100001;
	10067 :	000110000000111110100001;
	10066 :	000110000000111110100001;
	10065 :	010001110100011111001111;
	10064 :	010001110100011111001111;
	10063 :	010001110100011111001111;
	10062 :	010001110100011111001111;
	10061 :	010001110100011111001110;
	10060 :	010001110100011111001111;
	10059 :	010001110100011111001111;
	10058 :	010001110100011111001111;
	10057 :	010001110100011111001111;
	10056 :	111111111111111111111111;
	10055 :	111111111111111111111111;
	10054 :	111111111111111111111111;
	10053 :	111111111111111111111111;
	10052 :	111111111111111111111111;
	10051 :	000110000000111110100001;
	10050 :	000110000000111110100001;
	10049 :	000110000000111110100001;
	10048 :	000110000000111110100001;
	10047 :	000110000000111110100001;
	10046 :	010001110100011111001111;
	10045 :	010001110100011111001111;
	10044 :	010001110100011111001111;
	10043 :	010001110100011111001111;
	10042 :	010001110100011111001111;
	10041 :	010001110100011111001111;
	10040 :	010001110100011111001111;
	10039 :	010001110100011111001111;
	10038 :	010001110100011111001111;
	10037 :	010001110100011111001111;
	10036 :	010001110100011111001111;
	10035 :	010001110100011111001111;
	10034 :	010001110100011111001111;
	10033 :	010001110100011111001111;
	10032 :	010001110100011111001111;
	10031 :	010001110100011111001111;
	10030 :	010001110100011111001111;
	10029 :	010001110100011111001111;
	10028 :	010001110100011111001111;
	10027 :	010001110100011111001111;
	10026 :	010001110100011111001111;
	10025 :	010001110100011111001111;
	10024 :	010001110100011111001111;
	10023 :	010001110100011111001111;
	10022 :	010001110100011111001111;
	10021 :	010001110100011111001111;
	10020 :	010001110100011111001111;
	10019 :	111111111111111111111111;
	10018 :	111111111111111111111111;
	10017 :	111111111111111111111111;
	10016 :	111111111111111111111111;
	10015 :	111111111111111111111111;
	10014 :	111111111111111111111111;
	10013 :	000110000000111110100001;
	10012 :	000110000000111110100001;
	10011 :	000110000000111110100001;
	10010 :	000110000000111110100001;
	10009 :	010001110100011111001111;
	10008 :	010001110100011111001111;
	10007 :	010001110100011111001111;
	10006 :	010001110100011111001110;
	10005 :	010001110100011111001111;
	10004 :	010100100011101100111101;
	10003 :	010100100011101100111101;
	10002 :	010100100011101100111101;
	10001 :	010100100011101100111101;
	10000 :	000000000000000000000000;
	9999 :	000000000000000000000000;
	9998 :	000000000000000000000000;
	9997 :	000000000000000000000000;
	9996 :	000000000000000000000000;
	9995 :	000000000000000000000000;
	9994 :	000000000000000000000000;
	9993 :	000000000000000000000000;
	9992 :	000000000000000000000000;
	9991 :	000000000000000000000000;
	9990 :	000000000000000000000000;
	9989 :	000000000000000000000000;
	9988 :	000000000000000000000000;
	9987 :	000000000000000000000000;
	9986 :	000000000000000100000000;
	9985 :	000000000000000000000000;
	9984 :	000000000000000000000000;
	9983 :	000000000000000000000000;
	9982 :	000000000000000000000000;
	9981 :	000000000000000000000000;
	9980 :	000000000000000000000000;
	9979 :	000000000000000000000000;
	9978 :	000000000000000000000000;
	9977 :	010100100011101100111101;
	9976 :	010100100011101100111101;
	9975 :	010100100011101100111101;
	9974 :	000110000000111110100001;
	9973 :	000110000000111010100001;
	9972 :	000110000000111110100001;
	9971 :	000110000000111110100001;
	9970 :	010001110100011111001111;
	9969 :	010001110100011111001111;
	9968 :	010001110100011111001111;
	9967 :	010001110100011111001111;
	9966 :	010001110100011111001111;
	9965 :	010001110100011111001111;
	9964 :	010001110100011111001111;
	9963 :	010001110100011111001111;
	9962 :	010001110100011111001111;
	9961 :	010001110100011111001111;
	9960 :	010001110100011111001111;
	9959 :	010001110100011111001111;
	9958 :	010001110100011011001111;
	9957 :	010001110100011111001111;
	9956 :	111111111111111111111111;
	9955 :	111111111111111111111111;
	9954 :	111111111111111111111111;
	9953 :	111111111111111111111111;
	9952 :	111111111111111111111111;
	9951 :	111111111111111111111111;
	9950 :	000110000000111110100001;
	9949 :	000110000000111110100001;
	9948 :	000110000000111110100001;
	9947 :	000110000000111110100001;
	9946 :	000110000000111110100001;
	9945 :	010001110100011111001111;
	9944 :	010001110100011111001111;
	9943 :	010001110100011111001111;
	9942 :	010001110100011111001111;
	9941 :	010001110100011111001111;
	9940 :	010001110100011111001111;
	9939 :	010001110100011111001111;
	9938 :	010001110100011111001111;
	9937 :	111111111111111111111111;
	9936 :	111111111111111011111111;
	9935 :	111111111111111111111111;
	9934 :	111111111111111111111111;
	9933 :	111111111111111111111111;
	9932 :	000110000000111110100001;
	9931 :	000110000000111110100001;
	9930 :	000110000000111110100001;
	9929 :	000110000000111110100001;
	9928 :	000110000000111110100001;
	9927 :	010001110100011111001111;
	9926 :	010001110100011111001111;
	9925 :	010001110100011111001110;
	9924 :	010001110100011111001111;
	9923 :	010001110100011111001111;
	9922 :	010001110100011111001111;
	9921 :	010001110100011111001111;
	9920 :	010001110100011111001111;
	9919 :	010001110100011111001111;
	9918 :	111111111111111111111111;
	9917 :	111111111111111111111111;
	9916 :	111111111111111111111111;
	9915 :	111111111111111111111111;
	9914 :	111111111111111111111111;
	9913 :	000110000000111110100001;
	9912 :	000110000000111110100001;
	9911 :	000110000000111110100001;
	9910 :	000110000000111110100001;
	9909 :	111111111111111111111111;
	9908 :	111111111111111111111111;
	9907 :	111111111111111111111111;
	9906 :	111111111111111111111111;
	9905 :	111111111111111111111111;
	9904 :	000110000000111110100001;
	9903 :	000110000000111110100001;
	9902 :	000110000000111110100000;
	9901 :	000110000000111110100001;
	9900 :	000110000000111010100001;
	9899 :	010001110100011111001111;
	9898 :	010001110100011111001111;
	9897 :	010001110100011111001111;
	9896 :	010001110100011111001111;
	9895 :	010001110100011111001111;
	9894 :	010001110100011111001111;
	9893 :	010001110100011111001111;
	9892 :	010001110100011111001111;
	9891 :	010001110100011111001111;
	9890 :	111111111111111111111111;
	9889 :	111111111111111111111111;
	9888 :	111111111111111111111111;
	9887 :	111111101111111111111111;
	9886 :	111111111111111111111111;
	9885 :	000110000000111110100001;
	9884 :	000110000000111110100001;
	9883 :	000110000000111110100001;
	9882 :	000110000000111110100001;
	9881 :	000110000000111110100001;
	9880 :	010001110100011111001111;
	9879 :	010001110100011111001111;
	9878 :	010001110100011111001111;
	9877 :	010001110100011111001111;
	9876 :	010001110100011111001111;
	9875 :	010001110100011111001111;
	9874 :	010001110100011111001111;
	9873 :	010001110100011111001111;
	9872 :	010001110100011111001111;
	9871 :	111111111111111111111111;
	9870 :	111111111111111111111111;
	9869 :	111111111111111111111111;
	9868 :	111111111111111111111111;
	9867 :	111111101111111111111111;
	9866 :	000110000000111110100001;
	9865 :	000110000000111110100001;
	9864 :	000110000000111110100001;
	9863 :	000110000000111110100001;
	9862 :	000110000000111110100001;
	9861 :	010001110100011111001111;
	9860 :	010001110100011111001111;
	9859 :	010001110100011111001111;
	9858 :	010001110100011111001111;
	9857 :	010001110100011111001111;
	9856 :	010001110100011111001110;
	9855 :	010001110100011011001111;
	9854 :	010001110100011111001111;
	9853 :	010001110100011111001111;
	9852 :	010001110100011111001111;
	9851 :	010001110100011111001111;
	9850 :	010001110100011111001111;
	9849 :	010001110100011111001111;
	9848 :	010001110100011111001111;
	9847 :	010001110100011111001111;
	9846 :	010001110100011111001111;
	9845 :	010001110100011111001111;
	9844 :	010001110100011111001111;
	9843 :	010001110100011111001111;
	9842 :	010001100100011111001111;
	9841 :	010001110100011111001111;
	9840 :	010001110100011111001111;
	9839 :	010001110100011111001110;
	9838 :	010001110100011111001111;
	9837 :	010001110100011111001111;
	9836 :	010001110100011111001111;
	9835 :	010001110100011111001111;
	9834 :	111111111111111111111111;
	9833 :	111111111111111111111111;
	9832 :	111111111111111111111111;
	9831 :	111111111111111111111111;
	9830 :	111111111111111111111110;
	9829 :	111111111111111111111111;
	9828 :	000110000000111110100001;
	9827 :	000110000000111110100001;
	9826 :	000110000000111110100001;
	9825 :	000110000000111110100001;
	9824 :	010001110100011111001111;
	9823 :	010001110100011111001111;
	9822 :	010001110100011011001111;
	9821 :	010001110100011111001111;
	9820 :	010001110100011111001111;
	9819 :	010100100011101100111101;
	9818 :	010100100011101100111101;
	9817 :	010100100011101100111101;
	9816 :	010100100011101100111101;
	9815 :	000000000000000000000000;
	9814 :	000000000000000000000000;
	9813 :	000000000000000000000000;
	9812 :	000000000000000000000000;
	9811 :	000000000000000000000000;
	9810 :	000000000000000000000000;
	9809 :	000000000000000000000000;
	9808 :	000000000000000000000000;
	9807 :	000000000000000000000000;
	9806 :	000000000000000000000000;
	9805 :	000000000000000000000000;
	9804 :	000000000000000000000000;
	9803 :	000000000000000000000000;
	9802 :	000000000000000000000000;
	9801 :	000000000000000000000000;
	9800 :	000000000000000000000000;
	9799 :	000000000000000000000000;
	9798 :	000000000000000000000000;
	9797 :	000000000000000000000000;
	9796 :	000000000000000000000000;
	9795 :	000000000000000000000000;
	9794 :	000000000000000000000000;
	9793 :	000000000000000000000000;
	9792 :	010100100011101100111101;
	9791 :	010100100011101100111101;
	9790 :	010100100011101100111101;
	9789 :	000110000000111110100001;
	9788 :	000110000000111110100001;
	9787 :	000110000000111110100001;
	9786 :	000110000000111110100001;
	9785 :	010001110100011111001111;
	9784 :	010001110100011111001111;
	9783 :	010001110100011111001111;
	9782 :	010001110100011111001111;
	9781 :	010001110100011111001111;
	9780 :	010001100100011111001111;
	9779 :	010001110100011111001111;
	9778 :	010001110100011111001111;
	9777 :	010001110100011111001111;
	9776 :	010001110100011111001111;
	9775 :	010001110100011111001111;
	9774 :	010001110100011111001111;
	9773 :	010001110100011111001111;
	9772 :	010001110100011111001111;
	9771 :	111111111111111111111111;
	9770 :	111111111111111111111111;
	9769 :	111111111111111111111111;
	9768 :	111111111111111111111111;
	9767 :	111111111111111111111111;
	9766 :	111111111111111111111111;
	9765 :	000110000000111110100001;
	9764 :	000110000000111110100001;
	9763 :	000110000000111110100001;
	9762 :	000110000000111110100001;
	9761 :	000110000000111110100001;
	9760 :	010001110100011111001111;
	9759 :	010001110100011111001111;
	9758 :	010001110100011111001111;
	9757 :	010001110100011111001111;
	9756 :	010001110100011111001111;
	9755 :	010001110100011111001111;
	9754 :	010001110100011111001111;
	9753 :	010001110100011111001111;
	9752 :	111111111111111111111110;
	9751 :	111111111111111111111111;
	9750 :	111111111111111111111111;
	9749 :	111111111111111111111111;
	9748 :	111111111111111111111111;
	9747 :	000110000000111110100001;
	9746 :	000110000000111110100001;
	9745 :	000110000000111110100001;
	9744 :	000110000000111010100001;
	9743 :	000110000000111110100001;
	9742 :	010001110100011111001111;
	9741 :	010001110100011111001111;
	9740 :	010001110100011111001111;
	9739 :	010001110100011111001111;
	9738 :	010001110100011111001111;
	9737 :	010001110100011111001111;
	9736 :	010001110100011111001111;
	9735 :	010001110100011111001111;
	9734 :	010001110100011111001111;
	9733 :	111111111111111111111111;
	9732 :	111111111111111111111111;
	9731 :	111111111111111111111111;
	9730 :	111111111111111111111111;
	9729 :	111111111111111111111111;
	9728 :	000110000000111110100001;
	9727 :	000110000000111110100001;
	9726 :	000110000000111110100001;
	9725 :	000110000000111110100001;
	9724 :	111111111111111111111111;
	9723 :	111111111111111111111111;
	9722 :	111111111111111111111111;
	9721 :	111111111111111111111111;
	9720 :	111111111111111111111111;
	9719 :	000110000000111110100001;
	9718 :	000110000000111110100001;
	9717 :	000110000000111110100001;
	9716 :	000110000000111110100001;
	9715 :	000110000000111110100001;
	9714 :	010001110100011111001111;
	9713 :	010001110100011111001111;
	9712 :	010001110100011111001111;
	9711 :	010001110100011111001111;
	9710 :	010001110100011111001111;
	9709 :	010001110100011111001111;
	9708 :	010001110100011111001111;
	9707 :	010001110100011111001111;
	9706 :	010001110100011111001111;
	9705 :	111111111111111111111111;
	9704 :	111111111111111111111111;
	9703 :	111111111111111111111111;
	9702 :	111111111111111111111111;
	9701 :	111111111111111111111111;
	9700 :	000110000000111110100001;
	9699 :	000110000000111110100001;
	9698 :	000110000000111110100001;
	9697 :	000110000000111110100001;
	9696 :	000110000000111110100001;
	9695 :	010001110100011111001110;
	9694 :	010001110100011111001111;
	9693 :	010001110100011111001111;
	9692 :	010001110100011111001111;
	9691 :	010001110100011111001111;
	9690 :	010001110100011111001111;
	9689 :	010001110100011111001111;
	9688 :	010001110100011111001111;
	9687 :	010001110100011111001111;
	9686 :	111111111111111111111111;
	9685 :	111111111111111111111111;
	9684 :	111111111111111111111111;
	9683 :	111111111111111111111111;
	9682 :	111111111111111111111111;
	9681 :	000110000000111110100001;
	9680 :	000110000000111110100001;
	9679 :	000110000000111110100001;
	9678 :	000110000000111110100000;
	9677 :	000110000000111110100001;
	9676 :	010001110100011111001111;
	9675 :	010001110100011111001111;
	9674 :	010001110100011111001111;
	9673 :	010001110100011111001110;
	9672 :	010001110100011111001111;
	9671 :	010001110100011111001111;
	9670 :	010001110100011111001111;
	9669 :	010001110100011111001111;
	9668 :	010001110100011111001111;
	9667 :	010001110100011111001111;
	9666 :	010001110100011111001111;
	9665 :	010001110100011111001111;
	9664 :	010001110100011111001111;
	9663 :	010001110100011111001111;
	9662 :	010001110100011111001111;
	9661 :	010001110100011111001111;
	9660 :	010001110100011111001111;
	9659 :	010001110100011111001111;
	9658 :	010001110100011111001111;
	9657 :	010001110100011111001111;
	9656 :	010001110100011111001111;
	9655 :	010001110100011111001111;
	9654 :	010001110100011111001111;
	9653 :	010001110100011111001111;
	9652 :	010001110100011111001111;
	9651 :	010001110100011111001111;
	9650 :	010001110100011111001111;
	9649 :	111111111111111111111111;
	9648 :	111111111111111111111111;
	9647 :	111111111111111111111111;
	9646 :	111111111111111111111111;
	9645 :	111111111111111111111111;
	9644 :	111111111111111111111111;
	9643 :	000110000000111110100001;
	9642 :	000110000000111110100001;
	9641 :	000110000000111110100001;
	9640 :	000110000000111110100001;
	9639 :	010001110100011111001111;
	9638 :	010001110100011111001111;
	9637 :	010001110100011111001111;
	9636 :	010001110100011111001111;
	9635 :	010001110100011111001111;
	9634 :	010100100011101100111101;
	9633 :	010100100011101100111101;
	9632 :	010100100011101100111101;
	9631 :	010100100011101100111101;
	9630 :	000000000000000000000000;
	9629 :	000000000000000000000000;
	9628 :	000000000000000000000000;
	9627 :	000000000000000000000000;
	9626 :	000000000000000000000000;
	9625 :	000000000000000000000000;
	9624 :	000000000000000000000000;
	9623 :	000000000000000000000000;
	9622 :	000000000000000000000000;
	9621 :	000000000000000000000000;
	9620 :	000000000000000000000000;
	9619 :	000000000000000000000000;
	9618 :	000000000000000000000000;
	9617 :	000000000000000000000000;
	9616 :	000000000000000000000000;
	9615 :	000000000000000000000000;
	9614 :	000000000000000000000000;
	9613 :	000000000000000000000000;
	9612 :	000000000000000000000000;
	9611 :	000000000000000000000000;
	9610 :	000000000000000000000000;
	9609 :	000000000000000000000000;
	9608 :	000000000000000000000000;
	9607 :	010100100011101100111101;
	9606 :	010100100011101100111101;
	9605 :	010100100011101100111101;
	9604 :	000110000000111110100001;
	9603 :	000110000000111110100001;
	9602 :	000110000000111110100001;
	9601 :	000110000000111110100001;
	9600 :	010001110100011111001111;
	9599 :	010001110100011111001111;
	9598 :	010001110100011111001111;
	9597 :	010001110100011111001111;
	9596 :	010001110100011111001111;
	9595 :	010001110100011111001111;
	9594 :	010001110100011111001111;
	9593 :	010001110100011111001111;
	9592 :	010001110100011111001110;
	9591 :	010001110100011111001111;
	9590 :	010001110100011111001111;
	9589 :	010001110100011111001111;
	9588 :	010001110100011111001111;
	9587 :	010001110100011111001111;
	9586 :	111111111111111111111111;
	9585 :	111111111111111111111111;
	9584 :	111111111111111111111111;
	9583 :	111111111111111111111111;
	9582 :	111111111111111111111111;
	9581 :	111111111111111111111111;
	9580 :	000110000000111110100001;
	9579 :	000110000000111110100001;
	9578 :	000110000000111110100001;
	9577 :	000110000000111110100001;
	9576 :	000110000000111110100001;
	9575 :	010001110100011111001111;
	9574 :	010001110100011111001111;
	9573 :	010001110100011111001111;
	9572 :	010001110100011111001111;
	9571 :	010001100100011111001111;
	9570 :	010001110100011111001111;
	9569 :	010001110100011111001111;
	9568 :	010001110100011111001111;
	9567 :	111111111111111011111111;
	9566 :	111111111111111111111111;
	9565 :	111111101111111111111111;
	9564 :	111111111111111111111111;
	9563 :	111111111111111111111111;
	9562 :	000110000000111110100001;
	9561 :	000110000000111110100001;
	9560 :	000110000000111110100001;
	9559 :	000110000000111110100001;
	9558 :	000110000000111110100001;
	9557 :	010001110100011111001111;
	9556 :	010001110100011111001111;
	9555 :	010001110100011111001111;
	9554 :	010001110100011111001111;
	9553 :	010001100100011111001111;
	9552 :	010001110100011111001111;
	9551 :	010001110100011111001111;
	9550 :	010001110100011111001111;
	9549 :	010001110100011111001111;
	9548 :	111111111111111111111111;
	9547 :	111111111111111111111111;
	9546 :	111111111111111111111111;
	9545 :	111111111111111111111111;
	9544 :	111111111111111111111111;
	9543 :	000110000000111110100001;
	9542 :	000110000000111110100001;
	9541 :	000110000000111110100001;
	9540 :	000110000000111110100001;
	9539 :	111111111111111111111111;
	9538 :	111111111111111111111111;
	9537 :	111111111111111111111111;
	9536 :	111111111111111111111111;
	9535 :	111111111111111111111111;
	9534 :	000110000000111110100001;
	9533 :	000110000000111110100001;
	9532 :	000110000000111110100001;
	9531 :	000110000000111110100001;
	9530 :	000110000000111110100001;
	9529 :	010001110100011111001111;
	9528 :	010001110100011111001111;
	9527 :	010001110100011111001111;
	9526 :	010001110100011111001111;
	9525 :	010001110100011111001111;
	9524 :	010001110100011111001111;
	9523 :	010001110100011111001111;
	9522 :	010001110100011111001111;
	9521 :	010001110100011111001111;
	9520 :	111111111111111111111111;
	9519 :	111111111111111011111111;
	9518 :	111111111111111111111111;
	9517 :	111111111111111111111111;
	9516 :	111111111111111111111111;
	9515 :	000110000000111110100001;
	9514 :	000110000000111010100001;
	9513 :	000110000000111110100001;
	9512 :	000110000000111110100001;
	9511 :	000110010000111110100001;
	9510 :	010001110100011111001111;
	9509 :	010001110100011111001111;
	9508 :	010001110100011111001111;
	9507 :	010001110100011111001111;
	9506 :	010001110100011111001111;
	9505 :	010001110100011011001111;
	9504 :	010001110100011111001111;
	9503 :	010001110100011111001111;
	9502 :	010001110100011111001111;
	9501 :	111111111111111111111111;
	9500 :	111111111111111111111111;
	9499 :	111111111111111111111111;
	9498 :	111111111111111111111111;
	9497 :	111111111111111111111111;
	9496 :	000110000000111110100001;
	9495 :	000110000000111110100001;
	9494 :	000110000000111110100001;
	9493 :	000110000000111110100001;
	9492 :	000110000000111110100001;
	9491 :	010001110100011111001111;
	9490 :	010001110100011111001111;
	9489 :	010001110100011111001111;
	9488 :	010001110100011111001111;
	9487 :	010001110100011111001111;
	9486 :	010001110100011111001111;
	9485 :	010001110100011111001111;
	9484 :	010001100100011111001111;
	9483 :	010001110100011111001111;
	9482 :	010001110100011111001111;
	9481 :	010001110100011111001111;
	9480 :	010001110100011111001111;
	9479 :	010001110100011111001111;
	9478 :	010001110100011111001111;
	9477 :	010001110100011111001111;
	9476 :	010001110100011011001111;
	9475 :	010001110100011111001111;
	9474 :	010001110100011111001111;
	9473 :	010001110100011111001111;
	9472 :	010001110100011111001111;
	9471 :	010001110100011111001111;
	9470 :	010001110100011111001111;
	9469 :	010001110100011111001111;
	9468 :	010001110100011111001111;
	9467 :	010001110100011111001111;
	9466 :	010001110100011111001111;
	9465 :	010001110100011111001111;
	9464 :	111111111111111111111111;
	9463 :	111111111111111111111111;
	9462 :	111111111111111011111111;
	9461 :	111111111111111111111111;
	9460 :	111111111111111111111111;
	9459 :	111111111111111111111111;
	9458 :	000110000000111110100001;
	9457 :	000110000000111110100001;
	9456 :	000110000000111110100001;
	9455 :	000110000000111110100001;
	9454 :	010001110100011111001111;
	9453 :	010001110100011111001111;
	9452 :	010001110100011111001111;
	9451 :	010001110100011111001111;
	9450 :	010001110100011111001111;
	9449 :	010100100011101100111101;
	9448 :	010100100011101100111101;
	9447 :	010100100011101100111101;
	9446 :	010100110011101100111101;
	9445 :	000000000000000000000000;
	9444 :	000000000000000000000000;
	9443 :	000000000000000000000000;
	9442 :	000000000000000000000000;
	9441 :	000000000000000000000000;
	9440 :	000000000000000000000000;
	9439 :	000000000000000000000000;
	9438 :	000000000000000000000000;
	9437 :	000000000000000000000000;
	9436 :	000000000000000000000000;
	9435 :	000000000000000000000000;
	9434 :	000000000000000000000000;
	9433 :	000000000000000000000000;
	9432 :	000000000000000000000000;
	9431 :	000000000000000000000000;
	9430 :	000000000000000000000000;
	9429 :	000000000000000000000000;
	9428 :	000000000000000000000000;
	9427 :	000000000000000000000000;
	9426 :	000000000000000000000000;
	9425 :	000000000000000000000000;
	9424 :	000000000000000000000000;
	9423 :	000000000000000000000000;
	9422 :	010100100011101100111101;
	9421 :	010100100011101100111101;
	9420 :	010100100011101100111101;
	9419 :	000110000000111110100001;
	9418 :	000110000000111110100001;
	9417 :	000110000000111110100001;
	9416 :	000110000000111110100000;
	9415 :	010001110100011111001111;
	9414 :	010001110100011111001111;
	9413 :	010001110100011111001111;
	9412 :	010001110100011111001111;
	9411 :	010001110100011111001111;
	9410 :	010001110100011111001111;
	9409 :	010001110100011111001111;
	9408 :	010001110100011111001111;
	9407 :	010001110100011111001111;
	9406 :	010001110100011111001111;
	9405 :	010001110100011111001111;
	9404 :	010001110100011111001111;
	9403 :	010001110100011111001111;
	9402 :	010001110100011111001111;
	9401 :	111111111111111111111111;
	9400 :	111111111111111111111111;
	9399 :	111111101111111111111111;
	9398 :	111111111111111111111111;
	9397 :	111111111111111111111111;
	9396 :	111111111111111111111111;
	9395 :	000110000000111110100001;
	9394 :	000110000000111110100001;
	9393 :	000110000000111110100001;
	9392 :	000110000000111010100001;
	9391 :	000110000000111110100001;
	9390 :	010001110100011111001111;
	9389 :	010001110100011111001111;
	9388 :	010001110100011111001111;
	9387 :	010001110100011111001111;
	9386 :	010001110100011111001110;
	9385 :	010001110100011111001111;
	9384 :	010001110100011111001111;
	9383 :	010001110100011111001111;
	9382 :	111111111111111111111111;
	9381 :	111111111111111111111111;
	9380 :	111111111111111111111111;
	9379 :	111111111111111111111111;
	9378 :	111111111111111111111111;
	9377 :	000110000000111110100001;
	9376 :	000110000000111110100001;
	9375 :	000110010000111110100001;
	9374 :	000110000000111110100001;
	9373 :	000110000000111110100001;
	9372 :	010001110100011111001110;
	9371 :	010001110100011111001111;
	9370 :	010001110100011111001111;
	9369 :	010001110100011111001111;
	9368 :	010001100100011111001111;
	9367 :	010001110100011111001111;
	9366 :	010001110100011011001110;
	9365 :	010001110100011111001111;
	9364 :	010001110100011111001111;
	9363 :	111111111111111111111111;
	9362 :	111111111111111111111111;
	9361 :	111111111111111111111111;
	9360 :	111111101111111111111111;
	9359 :	111111111111111111111111;
	9358 :	000110000000111110100001;
	9357 :	000110000000111110100001;
	9356 :	000110010000111110100001;
	9355 :	000110010000111110100001;
	9354 :	111111111111111111111111;
	9353 :	111111111111111111111111;
	9352 :	111111111111111111111111;
	9351 :	111111111111111111111111;
	9350 :	111111111111111111111111;
	9349 :	000110000000111110100001;
	9348 :	000110000000111110100001;
	9347 :	000110000000111110100001;
	9346 :	000110000000111110100001;
	9345 :	000110000000111110100001;
	9344 :	010001110100011111001111;
	9343 :	010001110100011111001111;
	9342 :	010001110100011111001111;
	9341 :	010001110100011111001111;
	9340 :	010001110100011111001111;
	9339 :	010001110100011111001111;
	9338 :	010001110100011111001111;
	9337 :	010001110100011111001111;
	9336 :	010001110100011111001111;
	9335 :	111111111111111111111111;
	9334 :	111111111111111111111111;
	9333 :	111111111111111111111111;
	9332 :	111111111111111111111111;
	9331 :	111111111111111111111111;
	9330 :	000110000000111110100001;
	9329 :	000110000000111110100001;
	9328 :	000110000000111110100001;
	9327 :	000110000000111110100001;
	9326 :	000110000000111110100001;
	9325 :	010001110100011111001111;
	9324 :	010001110100011111001111;
	9323 :	010001110100011111001111;
	9322 :	010001110100011111001111;
	9321 :	010001110100011111001111;
	9320 :	010001110100011111001111;
	9319 :	010001110100011111001111;
	9318 :	010001110100011111001111;
	9317 :	010001110100011111001111;
	9316 :	111111111111111111111111;
	9315 :	111111111111111111111111;
	9314 :	111111111111111111111111;
	9313 :	111111111111111111111111;
	9312 :	111111111111111111111111;
	9311 :	000110000000111110100001;
	9310 :	000110000000111110100001;
	9309 :	000110000000111110100001;
	9308 :	000110000000111110100001;
	9307 :	000110000000111110100001;
	9306 :	010001110100011111001111;
	9305 :	010001110100011111001111;
	9304 :	010001110100011111001111;
	9303 :	010001110100011111001111;
	9302 :	010001110100011111001111;
	9301 :	010001100100011111001111;
	9300 :	010001110100011111001111;
	9299 :	010001110100011111001111;
	9298 :	010001110100011111001111;
	9297 :	010001110100011111001111;
	9296 :	010001110100011111001111;
	9295 :	010001110100011111001111;
	9294 :	010001110100011111001111;
	9293 :	010001110100011111001111;
	9292 :	010001110100011111001111;
	9291 :	010001110100011111001111;
	9290 :	010001110100011111001111;
	9289 :	010001110100011111001111;
	9288 :	010001110100011111001111;
	9287 :	010001110100011111001111;
	9286 :	010001110100011111001111;
	9285 :	010001110100011111001111;
	9284 :	010001110100011111001111;
	9283 :	010001110100011111001111;
	9282 :	010001110100011111001111;
	9281 :	010001110100011111001111;
	9280 :	010001110100011111001111;
	9279 :	111111111111111111111111;
	9278 :	111111101111111111111111;
	9277 :	111111111111111111111111;
	9276 :	111111111111111111111111;
	9275 :	111111111111111111111111;
	9274 :	111111111111111111111111;
	9273 :	000110000000111110100001;
	9272 :	000110000000111110100001;
	9271 :	000110000000111110100001;
	9270 :	000110000000111110100001;
	9269 :	010001110100011111001111;
	9268 :	010001110100011111001111;
	9267 :	010001110100011111001111;
	9266 :	010001110100011111001111;
	9265 :	010001110100011111001111;
	9264 :	010100100011101100111101;
	9263 :	010100100011101100111101;
	9262 :	010100100011101100111101;
	9261 :	010100100011101100111101;
	9260 :	000000000000000000000000;
	9259 :	000000000000000000000000;
	9258 :	000000000000000000000000;
	9257 :	000000000000000000000000;
	9256 :	000000000000000000000000;
	9255 :	000000000000000000000000;
	9254 :	000000000000000000000000;
	9253 :	000000000000000000000000;
	9252 :	000000000000000000000000;
	9251 :	000000000000000000000000;
	9250 :	000000000000000000000000;
	9249 :	000000000000000000000000;
	9248 :	000000000000000000000000;
	9247 :	000000000000000000000000;
	9246 :	000000000000000000000000;
	9245 :	000000000000000000000000;
	9244 :	000000000000000000000000;
	9243 :	000000000000000100000000;
	9242 :	000000000000000000000000;
	9241 :	000000000000000000000000;
	9240 :	000000000000000000000000;
	9239 :	000000000000000000000000;
	9238 :	000000000000000000000000;
	9237 :	010100100011101100111101;
	9236 :	010100100011101100111101;
	9235 :	010100100011101100111101;
	9234 :	000110000000111110100001;
	9233 :	000110000000111110100001;
	9232 :	000110000000111110100001;
	9231 :	000110000000111110100001;
	9230 :	010001110100011111001111;
	9229 :	010001110100011111001111;
	9228 :	010001110100011111001111;
	9227 :	010001110100011111001111;
	9226 :	010001110100011111001111;
	9225 :	010001110100011111001111;
	9224 :	010001110100011111001111;
	9223 :	010001110100011111001111;
	9222 :	010001110100011111001111;
	9221 :	010001110100011111001111;
	9220 :	010001110100011111001111;
	9219 :	010001110100011111001111;
	9218 :	010001110100011111001111;
	9217 :	010001110100011111001111;
	9216 :	111111111111111111111111;
	9215 :	111111111111111111111111;
	9214 :	111111111111111111111111;
	9213 :	111111111111111111111111;
	9212 :	111111111111111111111111;
	9211 :	111111111111111111111111;
	9210 :	000110000000111110100001;
	9209 :	000110000000111110100001;
	9208 :	000110000000111110100001;
	9207 :	000110000000111110100001;
	9206 :	000110000000111110100001;
	9205 :	010001110100011111001111;
	9204 :	010001110100011111001111;
	9203 :	010001110100011111001111;
	9202 :	010001110100011111001111;
	9201 :	010001110100011111001111;
	9200 :	010001110100011111001111;
	9199 :	010001110100011111001111;
	9198 :	010001110100011111001111;
	9197 :	111111111111111111111111;
	9196 :	111111111111111111111111;
	9195 :	111111111111111111111111;
	9194 :	111111111111111111111111;
	9193 :	111111111111111111111111;
	9192 :	000110000000111110100001;
	9191 :	000110000000111110100001;
	9190 :	000110000000111110100001;
	9189 :	000110000000111110100001;
	9188 :	000110000000111110100001;
	9187 :	010001110100011111001111;
	9186 :	010001110100011111001111;
	9185 :	010001110100011111001111;
	9184 :	010001110100011111001111;
	9183 :	010001110100011111001111;
	9182 :	010001110100011111001111;
	9181 :	010001110100011111001111;
	9180 :	010001110100011111001111;
	9179 :	010001110100011111001111;
	9178 :	111111111111111111111111;
	9177 :	111111111111111111111111;
	9176 :	111111111111111111111111;
	9175 :	111111111111111111111111;
	9174 :	111111111111111111111111;
	9173 :	000110000000111110100001;
	9172 :	000110000000111110100001;
	9171 :	000110000000111110100001;
	9170 :	000110000000111110100001;
	9169 :	111111111111111111111111;
	9168 :	111111111111111111111111;
	9167 :	111111111111111111111111;
	9166 :	111111111111111111111111;
	9165 :	111111111111111111111111;
	9164 :	000110000000111110100001;
	9163 :	000110000000111110100001;
	9162 :	000110000000111110100001;
	9161 :	000110000000111110100001;
	9160 :	000110000000111110100001;
	9159 :	010001110100011111001111;
	9158 :	010001110100011011001111;
	9157 :	010001110100011111001111;
	9156 :	010001110100011111001111;
	9155 :	010001110100011111001111;
	9154 :	010001110100011111001111;
	9153 :	010001110100011111001111;
	9152 :	010001110100011111001111;
	9151 :	010001110100011111001111;
	9150 :	111111101111111111111111;
	9149 :	111111111111111111111111;
	9148 :	111111111111111111111111;
	9147 :	111111111111111111111111;
	9146 :	111111111111111111111111;
	9145 :	000110000000111110100001;
	9144 :	000110000000111110100001;
	9143 :	000110000000111110100001;
	9142 :	000110000000111110100001;
	9141 :	000110000000111110100001;
	9140 :	010001110100011111001111;
	9139 :	010001110100011111001111;
	9138 :	010001110100011111001111;
	9137 :	010001110100011111001111;
	9136 :	010001110100011111001111;
	9135 :	010001110100011111001111;
	9134 :	010001110100011111001111;
	9133 :	010001110100011111001110;
	9132 :	010001110100011111001111;
	9131 :	111111111111111111111111;
	9130 :	111111111111111111111111;
	9129 :	111111111111111111111111;
	9128 :	111111111111111111111111;
	9127 :	111111111111111111111111;
	9126 :	000110000000111110100001;
	9125 :	000110000000111110100001;
	9124 :	000110000000111110100001;
	9123 :	000110000000111110100001;
	9122 :	000110000000111110100001;
	9121 :	010001110100011111001111;
	9120 :	010001110100011111001111;
	9119 :	010001110100011111001110;
	9118 :	010001110100011111001111;
	9117 :	010001110100011111001111;
	9116 :	010001110100011111001111;
	9115 :	010001110100011111001111;
	9114 :	010001110100011111001111;
	9113 :	010001110100011111001111;
	9112 :	010001110100011111001111;
	9111 :	010001110100011111001111;
	9110 :	010001110100011111001111;
	9109 :	010001110100011111001111;
	9108 :	010001100100011011001111;
	9107 :	010001110100011111001111;
	9106 :	010001110100011111001111;
	9105 :	010001110100011111001111;
	9104 :	010001110100011111001111;
	9103 :	010001110100011111001111;
	9102 :	010001110100011111001111;
	9101 :	010001110100011111001111;
	9100 :	010001110100011111001111;
	9099 :	010001110100011111001111;
	9098 :	010001110100011111001111;
	9097 :	010001110100011111001111;
	9096 :	010001110100011111001111;
	9095 :	010001110100011111001111;
	9094 :	111111111111111111111111;
	9093 :	111111111111111111111111;
	9092 :	111111111111111111111111;
	9091 :	111111111111111111111111;
	9090 :	111111111111111111111111;
	9089 :	111111111111111111111111;
	9088 :	000110000000111110100001;
	9087 :	000110000000111110100001;
	9086 :	000110000000111110100001;
	9085 :	000110000000111110100001;
	9084 :	010001110100011111001111;
	9083 :	010001110100011111001111;
	9082 :	010001110100011111001111;
	9081 :	010001110100011111001111;
	9080 :	010001110100011111001111;
	9079 :	010100100011101100111101;
	9078 :	010100100011101100111101;
	9077 :	010100100011101100111101;
	9076 :	010100100011101100111101;
	9075 :	000000000000000000000000;
	9074 :	000000000000000000000000;
	9073 :	000000000000000000000000;
	9072 :	000000000000000000000000;
	9071 :	000000000000000000000000;
	9070 :	000000000000000000000000;
	9069 :	000000000000000000000000;
	9068 :	000000000000000000000000;
	9067 :	000000000000000000000000;
	9066 :	000000000000000000000000;
	9065 :	000000000000000000000000;
	9064 :	000000000000000000000000;
	9063 :	000000000000000000000000;
	9062 :	000000000000000000000000;
	9061 :	000000000000000000000000;
	9060 :	000000000000000000000000;
	9059 :	000000000000000000000000;
	9058 :	000000000000000000000000;
	9057 :	000000000000000000000000;
	9056 :	000000000000000000000000;
	9055 :	000000000000000000000000;
	9054 :	000000000000000000000000;
	9053 :	000000000000000000000000;
	9052 :	010100100011101100111101;
	9051 :	010100100011101100111101;
	9050 :	010100100011101100111101;
	9049 :	000110000000111110100001;
	9048 :	000110000000111110100001;
	9047 :	000110000000111110100001;
	9046 :	000110000000111110100001;
	9045 :	010001110100011111001111;
	9044 :	010001110100011111001111;
	9043 :	010001110100011111001111;
	9042 :	010001110100011111001111;
	9041 :	010001110100011111001111;
	9040 :	010001110100011111001111;
	9039 :	010001110100011111001111;
	9038 :	010001110100011111001111;
	9037 :	010001110100011111001111;
	9036 :	010001110100011111001111;
	9035 :	010001110100011111001111;
	9034 :	010001110100011111001111;
	9033 :	010001110100011111001111;
	9032 :	010001110100011111001111;
	9031 :	111111111111111111111111;
	9030 :	111111111111111111111111;
	9029 :	111111111111111111111111;
	9028 :	111111111111111111111111;
	9027 :	111111111111111111111111;
	9026 :	111111111111111111111111;
	9025 :	000110000000111110100001;
	9024 :	000110000000111110100001;
	9023 :	000110000000111110100001;
	9022 :	000110000000111110100001;
	9021 :	000110000000111110100001;
	9020 :	010001110100011111001111;
	9019 :	010001110100011111001111;
	9018 :	010001110100011111001111;
	9017 :	010001110100011111001111;
	9016 :	010001110100011111001111;
	9015 :	010001110100011111001111;
	9014 :	010001110100011111001111;
	9013 :	010001110100011111001111;
	9012 :	111111111111111111111111;
	9011 :	111111111111111111111111;
	9010 :	111111111111111111111111;
	9009 :	111111111111111111111111;
	9008 :	111111111111111111111111;
	9007 :	000110000000111110100001;
	9006 :	000110000000111110100001;
	9005 :	000110000000111110100001;
	9004 :	000110000000111110100001;
	9003 :	000110000000111110100000;
	9002 :	010001110100011111001111;
	9001 :	010001110100011111001111;
	9000 :	010001110100011111001111;
	8999 :	010001100100011111001111;
	8998 :	010001110100011111001111;
	8997 :	010001110100011011001111;
	8996 :	010001110100011111001111;
	8995 :	010001110100011111001111;
	8994 :	010001110100011111001111;
	8993 :	111111111111111111111111;
	8992 :	111111111111111111111111;
	8991 :	111111111111111111111111;
	8990 :	111111111111111111111111;
	8989 :	111111111111111111111111;
	8988 :	000110000000111110100001;
	8987 :	000110000000111110100001;
	8986 :	000110000000111110100001;
	8985 :	000110000000111110100000;
	8984 :	111111111111111111111111;
	8983 :	111111111111111111111111;
	8982 :	111111111111111111111111;
	8981 :	111111111111111111111111;
	8980 :	111111111111111111111111;
	8979 :	000110000000111110100001;
	8978 :	000110000000111110100001;
	8977 :	000110000000111110100001;
	8976 :	000110000000111110100001;
	8975 :	000110000000111110100001;
	8974 :	010001110100011111001111;
	8973 :	010001110100011111001111;
	8972 :	010001110100011111001111;
	8971 :	010001110100011111001111;
	8970 :	010001110100011111001111;
	8969 :	010001110100011111001111;
	8968 :	010001110100011111001111;
	8967 :	010001110100011111001111;
	8966 :	010001110100011111001111;
	8965 :	111111111111111111111111;
	8964 :	111111111111111111111111;
	8963 :	111111111111111111111111;
	8962 :	111111111111111111111111;
	8961 :	111111111111111111111111;
	8960 :	000110000000111110100001;
	8959 :	000110000000111110100001;
	8958 :	000110000000111110100000;
	8957 :	000110000000111110100001;
	8956 :	000110000000111110100001;
	8955 :	010001110100011111001111;
	8954 :	010001110100011111001111;
	8953 :	010001110100011111001111;
	8952 :	010001110100011111001111;
	8951 :	010001110100011111001111;
	8950 :	010001110100011111001111;
	8949 :	010001110100011111001111;
	8948 :	010001110100011111001111;
	8947 :	010001110100011111001111;
	8946 :	111111111111111111111110;
	8945 :	111111111111111111111110;
	8944 :	111111111111111111111111;
	8943 :	111111111111111111111111;
	8942 :	111111111111111111111111;
	8941 :	000110000000111110100001;
	8940 :	000110000000111110100001;
	8939 :	000110000000111110100001;
	8938 :	000110000000111110100001;
	8937 :	000110000000111110100001;
	8936 :	010001110100011111001111;
	8935 :	010001110100011111001111;
	8934 :	010001110100011111001111;
	8933 :	010001110100011111001111;
	8932 :	010001110100011111001111;
	8931 :	010001110100011111001111;
	8930 :	010001110100011111001111;
	8929 :	010001110100011111001111;
	8928 :	010001110100011111001111;
	8927 :	010001110100011111001111;
	8926 :	010001110100011111001111;
	8925 :	010001110100011111001111;
	8924 :	010001110100011111001111;
	8923 :	010001110100011111001111;
	8922 :	010001110100011111001111;
	8921 :	010001110100011111001111;
	8920 :	010001110100011111001111;
	8919 :	010001110100011111001111;
	8918 :	010001110100011111001111;
	8917 :	010001110100011111001111;
	8916 :	010001110100011111001111;
	8915 :	010001110100011111001111;
	8914 :	010001110100011111001111;
	8913 :	010001110100011111001111;
	8912 :	010001110100011111001111;
	8911 :	010001110100011111001111;
	8910 :	010001110100011111001111;
	8909 :	111111111111111111111111;
	8908 :	111111111111111111111111;
	8907 :	111111111111111111111111;
	8906 :	111111111111111111111111;
	8905 :	111111111111111111111111;
	8904 :	111111111111111111111111;
	8903 :	000110000000111110100001;
	8902 :	000110010000111110100001;
	8901 :	000110000000111110100001;
	8900 :	000110000000111110100001;
	8899 :	010001110100011111001111;
	8898 :	010001110100011111001111;
	8897 :	010001110100011111001111;
	8896 :	010001110100011111001111;
	8895 :	010001110100011111001111;
	8894 :	010100100011101100111101;
	8893 :	010100100011101100111101;
	8892 :	010100100011101100111101;
	8891 :	010100100011101100111101;
	8890 :	000000000000000000000000;
	8889 :	000000000000000000000000;
	8888 :	000000000000000000000000;
	8887 :	000000000000000000000000;
	8886 :	000000000000000000000000;
	8885 :	000000000000000000000000;
	8884 :	000000000000000000000000;
	8883 :	000000000000000000000000;
	8882 :	000000000000000000000000;
	8881 :	000000000000000000000000;
	8880 :	000000000000000000000000;
	8879 :	000000000000000000000000;
	8878 :	000000000000000000000000;
	8877 :	000000000000000000000000;
	8876 :	000000000000000000000000;
	8875 :	000000000000000000000000;
	8874 :	000000000000000000000000;
	8873 :	000000000000000000000000;
	8872 :	000000000000000000000000;
	8871 :	000000000000000000000000;
	8870 :	000000000000000000000000;
	8869 :	000000000000000000000000;
	8868 :	000000000000000000000001;
	8867 :	010100100011101000111101;
	8866 :	010100100011101100111101;
	8865 :	010100100011101100111101;
	8864 :	000110000000111110100001;
	8863 :	000110000000111110100001;
	8862 :	000110000000111110100001;
	8861 :	000110000000111010100001;
	8860 :	010001110100011111001111;
	8859 :	010001110100011111001111;
	8858 :	010001110100011111001111;
	8857 :	010001110100011111001111;
	8856 :	010001110100011111001111;
	8855 :	010001110100011111001111;
	8854 :	010001110100011111001111;
	8853 :	010001110100011111001111;
	8852 :	010001110100011111001111;
	8851 :	010001110100011111001111;
	8850 :	010001110100011111001111;
	8849 :	010001110100011111001111;
	8848 :	010001110100011111001111;
	8847 :	010001110100011111001111;
	8846 :	111111111111111111111111;
	8845 :	111111101111111111111111;
	8844 :	111111111111111011111111;
	8843 :	111111111111111111111111;
	8842 :	111111111111111111111111;
	8841 :	111111111111111111111111;
	8840 :	000110000000111110100001;
	8839 :	000110000000111110100001;
	8838 :	000110000000111110100001;
	8837 :	000110000000111110100001;
	8836 :	000110000000111110100001;
	8835 :	010001110100011111001111;
	8834 :	010001110100011111001111;
	8833 :	010001110100011111001111;
	8832 :	010001110100011111001111;
	8831 :	010001100100011111001111;
	8830 :	010001110100011111001111;
	8829 :	010001110100011111001111;
	8828 :	010001110100011111001111;
	8827 :	111111111111111111111111;
	8826 :	111111111111111111111111;
	8825 :	111111111111111111111111;
	8824 :	111111111111111111111111;
	8823 :	111111111111111111111111;
	8822 :	000110000000111110100001;
	8821 :	000110000000111110100001;
	8820 :	000110000000111110100001;
	8819 :	000110000000111110100001;
	8818 :	000110000000111110100001;
	8817 :	010001110100011111001111;
	8816 :	010001110100011111001111;
	8815 :	010001110100011111001111;
	8814 :	010001110100011111001111;
	8813 :	010001110100011111001111;
	8812 :	010001110100011111001111;
	8811 :	010001110100011111001111;
	8810 :	010001110100011111001111;
	8809 :	010001110100011111001111;
	8808 :	111111111111111111111111;
	8807 :	111111111111111111111111;
	8806 :	111111111111111111111111;
	8805 :	111111111111111111111111;
	8804 :	111111111111111111111111;
	8803 :	000110000000111110100001;
	8802 :	000110000000111110100001;
	8801 :	000110000000111110100001;
	8800 :	000110000000111110100001;
	8799 :	111111111111111111111111;
	8798 :	111111111111111111111111;
	8797 :	111111111111111111111111;
	8796 :	111111111111111111111111;
	8795 :	111111101111111111111111;
	8794 :	000110000000111110100001;
	8793 :	000110000000111110100001;
	8792 :	000110000000111110100001;
	8791 :	000110000000111110100001;
	8790 :	000110000000111110100001;
	8789 :	010001110100011111001111;
	8788 :	010001110100011111001111;
	8787 :	010001110100011111001111;
	8786 :	010001110100011111001111;
	8785 :	010001110100011111001111;
	8784 :	010001110100011111001111;
	8783 :	010001110100011111001111;
	8782 :	010001110100011111001111;
	8781 :	010001110100011111001111;
	8780 :	111111101111111111111111;
	8779 :	111111111111111111111111;
	8778 :	111111111111111111111111;
	8777 :	111111111111111111111111;
	8776 :	111111111111111111111111;
	8775 :	000110000000111110100001;
	8774 :	000110000000111110100001;
	8773 :	000110000000111110100001;
	8772 :	000110000000111110100001;
	8771 :	000110000000111110100001;
	8770 :	010001110100011111001111;
	8769 :	010001110100011111001111;
	8768 :	010001110100011111001111;
	8767 :	010001110100011111001111;
	8766 :	010001110100011111001111;
	8765 :	010001110100011111001111;
	8764 :	010001110100011111001111;
	8763 :	010001110100011111001111;
	8762 :	010001110100011111001111;
	8761 :	111111111111111111111111;
	8760 :	111111111111111111111111;
	8759 :	111111111111111111111111;
	8758 :	111111111111111111111111;
	8757 :	111111111111111111111111;
	8756 :	000110000000111110100001;
	8755 :	000110000000111110100001;
	8754 :	000110000000111110100001;
	8753 :	000110000000111110100001;
	8752 :	000110000000111110100001;
	8751 :	010001110100011011001111;
	8750 :	010001110100011111001111;
	8749 :	010001110100011111001111;
	8748 :	010001110100011111001111;
	8747 :	010001110100011111001111;
	8746 :	010001110100011111001111;
	8745 :	010001110100011111001111;
	8744 :	010001110100011111001111;
	8743 :	010001110100011111001111;
	8742 :	010001110100011111001111;
	8741 :	010001110100011111001111;
	8740 :	010001110100011111001111;
	8739 :	010001110100011111001111;
	8738 :	010001110100011111001111;
	8737 :	010001110100011111001111;
	8736 :	010001110100011111001111;
	8735 :	010001110100011111001111;
	8734 :	010001110100011111001111;
	8733 :	010001110100011111001111;
	8732 :	010001110100011111001111;
	8731 :	010001110100011111001111;
	8730 :	010001110100011111001111;
	8729 :	010001110100011111001111;
	8728 :	010001110100011111001111;
	8727 :	010001110100011111001111;
	8726 :	010001110100011111001111;
	8725 :	010001110100011111001111;
	8724 :	111111111111111111111111;
	8723 :	111111111111111111111111;
	8722 :	111111111111111111111111;
	8721 :	111111111111111111111111;
	8720 :	111111101111111111111111;
	8719 :	111111111111111111111111;
	8718 :	000110000000111110100001;
	8717 :	000110000000111110100001;
	8716 :	000110000000111110100001;
	8715 :	000110000000111110100001;
	8714 :	010001100100011111001111;
	8713 :	010001110100011111001111;
	8712 :	010001110100011111001111;
	8711 :	010001110100011111001111;
	8710 :	010001110100011111001111;
	8709 :	010100100011101100111101;
	8708 :	010100100011101100111101;
	8707 :	010100100011101100111101;
	8706 :	010100100011101100111101;
	8705 :	000000000000000000000000;
	8704 :	000000000000000000000000;
	8703 :	000000000000000000000000;
	8702 :	000000000000000000000000;
	8701 :	000000000000000000000000;
	8700 :	000000000000000000000001;
	8699 :	000000000000000000000000;
	8698 :	000000000000000000000000;
	8697 :	000000000000000000000000;
	8696 :	000000000000000000000000;
	8695 :	000000000000000000000000;
	8694 :	000000000000000000000000;
	8693 :	000000000000000000000000;
	8692 :	000000000000000000000000;
	8691 :	000000000000000000000000;
	8690 :	000000000000000000000000;
	8689 :	000000000000000000000000;
	8688 :	000000000000000000000000;
	8687 :	000000000000000000000000;
	8686 :	000000000000000000000001;
	8685 :	000000000000000000000000;
	8684 :	000000000000000000000000;
	8683 :	000000000000000000000000;
	8682 :	010100100011101100111101;
	8681 :	010100100011101100111101;
	8680 :	010100100011101100111101;
	8679 :	000110000000111110100001;
	8678 :	000110000000111110100001;
	8677 :	000110000000111110100001;
	8676 :	000110000000111110100001;
	8675 :	010001110100011111001111;
	8674 :	010001110100011111001111;
	8673 :	010001100100011111001111;
	8672 :	010001110100011111001110;
	8671 :	010001110100011111001111;
	8670 :	010001110100011111001111;
	8669 :	010001110100011111001111;
	8668 :	010001110100011111001111;
	8667 :	010001110100011111001111;
	8666 :	010001110100011111001111;
	8665 :	010001110100011111001111;
	8664 :	010001110100011111001111;
	8663 :	010001110100011111001110;
	8662 :	010001110100011111001111;
	8661 :	111111111111111111111111;
	8660 :	111111111111111111111111;
	8659 :	111111111111111111111111;
	8658 :	111111111111111111111111;
	8657 :	111111111111111111111110;
	8656 :	111111111111111111111111;
	8655 :	000110000000111110100001;
	8654 :	000110000000111110100001;
	8653 :	000110000000111110100001;
	8652 :	000110000000111110100001;
	8651 :	000110000000111110100001;
	8650 :	010001110100011111001111;
	8649 :	010001110100011111001111;
	8648 :	010001110100011111001111;
	8647 :	010001110100011111001111;
	8646 :	010001110100011111001111;
	8645 :	010001110100011111001111;
	8644 :	010001110100011111001111;
	8643 :	010001110100011111001111;
	8642 :	111111111111111111111111;
	8641 :	111111111111111111111111;
	8640 :	111111111111111111111111;
	8639 :	111111111111111111111111;
	8638 :	111111111111111111111111;
	8637 :	000110000000111110100001;
	8636 :	000110010000111110100001;
	8635 :	000110000000111110100001;
	8634 :	000110000000111110100001;
	8633 :	000110000000111110100001;
	8632 :	010001110100011011001111;
	8631 :	010001110100011111001111;
	8630 :	010001110100011111001111;
	8629 :	010001110100011111001111;
	8628 :	010001110100011111001111;
	8627 :	010001110100011111001111;
	8626 :	010001110100011111001111;
	8625 :	010001110100011111001111;
	8624 :	010001110100011111001111;
	8623 :	111111111111111111111111;
	8622 :	111111111111111111111111;
	8621 :	111111111111111111111111;
	8620 :	111111111111111111111111;
	8619 :	111111111111111111111111;
	8618 :	000110000000111110100001;
	8617 :	000110000000111110100001;
	8616 :	000110000000111110100001;
	8615 :	000110000000111110100001;
	8614 :	111111111111111111111111;
	8613 :	111111111111111111111111;
	8612 :	111111111111111111111111;
	8611 :	111111111111111011111111;
	8610 :	111111111111111111111111;
	8609 :	000110000000111110100001;
	8608 :	000110000000111110100001;
	8607 :	000110000000111110100001;
	8606 :	000110000000111110100001;
	8605 :	000110000000111110100001;
	8604 :	010001110100011111001111;
	8603 :	010001110100011111001111;
	8602 :	010001110100011111001111;
	8601 :	010001110100011111001111;
	8600 :	010001110100011111001111;
	8599 :	010001110100011111001111;
	8598 :	010001110100011111001111;
	8597 :	010001110100011111001111;
	8596 :	010001110100011111001111;
	8595 :	111111111111111111111111;
	8594 :	111111111111111111111111;
	8593 :	111111111111111111111111;
	8592 :	111111111111111111111111;
	8591 :	111111111111111111111111;
	8590 :	000110000000111110100001;
	8589 :	000110000000111110100001;
	8588 :	000110000000111110100001;
	8587 :	000110000000111110100001;
	8586 :	000110000000111110100001;
	8585 :	010001110100011111001111;
	8584 :	010001100100011111001111;
	8583 :	010001110100011111001111;
	8582 :	010001110100011111001111;
	8581 :	010001110100011111001111;
	8580 :	010001110100011111001111;
	8579 :	010001100100011111001111;
	8578 :	010001110100011011001111;
	8577 :	010001110100011111001111;
	8576 :	111111111111111111111111;
	8575 :	111111111111111111111111;
	8574 :	111111111111111111111111;
	8573 :	111111111111111111111111;
	8572 :	111111111111111111111111;
	8571 :	000110000000111110100001;
	8570 :	000110000000111110100001;
	8569 :	000110000000111110100001;
	8568 :	000110000000111110100001;
	8567 :	000110000000111110100001;
	8566 :	010001110100011111001111;
	8565 :	010001110100011111001111;
	8564 :	010001110100011111001111;
	8563 :	010001110100011111001111;
	8562 :	010001110100011111001111;
	8561 :	010001110100011111001111;
	8560 :	010001110100011111001111;
	8559 :	010001110100011111001111;
	8558 :	010001110100011111001111;
	8557 :	010001110100011111001111;
	8556 :	010001110100011111001111;
	8555 :	010001110100011111001111;
	8554 :	010001110100011111001111;
	8553 :	010001110100011111001111;
	8552 :	010001110100011111001111;
	8551 :	010001110100011111001111;
	8550 :	010001110100011111001110;
	8549 :	010001110100011111001111;
	8548 :	010001110100011111001111;
	8547 :	010001110100011111001111;
	8546 :	010001110100011111001111;
	8545 :	010001110100011111001111;
	8544 :	010001110100011111001111;
	8543 :	010001110100011111001111;
	8542 :	010001110100011111001111;
	8541 :	010001110100011111001111;
	8540 :	010001110100011111001111;
	8539 :	111111111111111111111111;
	8538 :	111111111111111111111111;
	8537 :	111111111111111111111111;
	8536 :	111111111111111111111111;
	8535 :	111111111111111111111111;
	8534 :	111111111111111111111111;
	8533 :	000110000000111110100001;
	8532 :	000110000000111110100001;
	8531 :	000110000000111110100001;
	8530 :	000110000000111110100001;
	8529 :	010001100100011111001111;
	8528 :	010001110100011111001111;
	8527 :	010001110100011111001111;
	8526 :	010001110100011111001111;
	8525 :	010001110100011111001111;
	8524 :	010100110011101100111101;
	8523 :	010100100011101100111101;
	8522 :	010100100011101100111101;
	8521 :	010100100011101100111101;
	8520 :	000000000000000000000000;
	8519 :	000000000000000000000000;
	8518 :	000000000000000000000000;
	8517 :	000000000000000000000000;
	8516 :	000000000000000000000000;
	8515 :	000000000000000000000000;
	8514 :	000000000000000000000000;
	8513 :	000000000000000000000000;
	8512 :	000000000000000000000000;
	8511 :	000000000000000000000000;
	8510 :	000000000000000000000000;
	8509 :	000000000000000000000000;
	8508 :	000000000000000000000000;
	8507 :	000000000000000000000000;
	8506 :	000000000000000000000000;
	8505 :	000000000000000000000000;
	8504 :	000000000000000000000000;
	8503 :	000000000000000000000000;
	8502 :	000000000000000000000000;
	8501 :	000000000000000000000000;
	8500 :	000000000000000000000000;
	8499 :	000000000000000000000000;
	8498 :	000000000000000000000000;
	8497 :	010100100011101100111101;
	8496 :	010100100011101100111101;
	8495 :	010100100011101100111101;
	8494 :	000110000000111110100001;
	8493 :	000110000000111110100001;
	8492 :	000110000000111110100001;
	8491 :	000110000000111110100001;
	8490 :	010001110100011111001111;
	8489 :	010001110100011111001111;
	8488 :	010001110100011111001111;
	8487 :	010001110100011111001111;
	8486 :	010001110100011111001111;
	8485 :	010001110100011111001111;
	8484 :	010001110100011111001111;
	8483 :	010001110100011111001111;
	8482 :	010001110100011111001111;
	8481 :	010001110100011111001111;
	8480 :	010001110100011111001111;
	8479 :	010001110100011011001111;
	8478 :	010001110100011111001111;
	8477 :	010001110100011111001111;
	8476 :	111111111111111111111111;
	8475 :	111111111111111111111111;
	8474 :	111111111111111111111111;
	8473 :	111111111111111111111111;
	8472 :	111111111111111111111111;
	8471 :	111111111111111111111111;
	8470 :	000110000000111110100001;
	8469 :	000110000000111110100001;
	8468 :	000110000000111110100001;
	8467 :	000110000000111110100001;
	8466 :	000110000000111110100001;
	8465 :	010001110100011111001111;
	8464 :	010001110100011111001111;
	8463 :	010001110100011111001111;
	8462 :	010001110100011111001111;
	8461 :	010001110100011111001111;
	8460 :	010001110100011111001111;
	8459 :	010001110100011111001111;
	8458 :	010001110100011111001111;
	8457 :	111111111111111111111111;
	8456 :	111111111111111111111111;
	8455 :	111111111111111111111111;
	8454 :	111111111111111111111111;
	8453 :	111111111111111111111111;
	8452 :	000110000000111110100001;
	8451 :	000110000000111110100001;
	8450 :	000110000000111110100001;
	8449 :	000110000000111110100001;
	8448 :	000110000000111110100001;
	8447 :	010001110100011111001110;
	8446 :	010001110100011111001111;
	8445 :	010001110100011111001111;
	8444 :	010001110100011111001111;
	8443 :	010001110100011111001111;
	8442 :	010001110100011111001111;
	8441 :	010001110100011111001111;
	8440 :	010001110100011111001111;
	8439 :	010001110100011111001111;
	8438 :	111111111111111111111111;
	8437 :	111111111111111111111111;
	8436 :	111111111111111111111111;
	8435 :	111111111111111111111111;
	8434 :	111111111111111111111111;
	8433 :	000110000000111110100001;
	8432 :	000110000000111110100001;
	8431 :	000110000000111010100001;
	8430 :	000110000000111110100001;
	8429 :	111111111111111111111111;
	8428 :	111111111111111111111111;
	8427 :	111111101111111111111111;
	8426 :	111111111111111111111111;
	8425 :	111111111111111111111110;
	8424 :	000110000000111110100001;
	8423 :	000110000000111110100001;
	8422 :	000110000000111110100001;
	8421 :	000110000000111110100001;
	8420 :	000110000000111110100001;
	8419 :	010001110100011111001111;
	8418 :	010001110100011111001111;
	8417 :	010001110100011111001111;
	8416 :	010001110100011111001111;
	8415 :	010001110100011111001111;
	8414 :	010001110100011111001111;
	8413 :	010001110100011111001111;
	8412 :	010001110100011111001111;
	8411 :	010001110100011111001111;
	8410 :	111111101111111111111111;
	8409 :	111111111111111111111111;
	8408 :	111111111111111111111111;
	8407 :	111111111111111111111111;
	8406 :	111111111111111111111111;
	8405 :	000110000000111110100001;
	8404 :	000110000000111110100001;
	8403 :	000110000000111110100001;
	8402 :	000110000000111110100001;
	8401 :	000110000000111110100001;
	8400 :	010001110100011111001111;
	8399 :	010001110100011111001111;
	8398 :	010001110100011111001111;
	8397 :	010001110100011111001111;
	8396 :	010001110100011111001111;
	8395 :	010001110100011111001111;
	8394 :	010001110100011111001111;
	8393 :	010001110100011111001111;
	8392 :	010001110100011111001111;
	8391 :	111111111111111111111111;
	8390 :	111111111111111111111111;
	8389 :	111111111111111111111111;
	8388 :	111111111111111111111111;
	8387 :	111111111111111111111111;
	8386 :	000110000000111110100001;
	8385 :	000110000000111110100001;
	8384 :	000110000000111110100001;
	8383 :	000110000000111110100000;
	8382 :	000110000000111110100001;
	8381 :	010001110100011111001111;
	8380 :	010001110100011111001111;
	8379 :	010001110100011111001111;
	8378 :	010001110100011111001111;
	8377 :	010001110100011111001111;
	8376 :	010001100100011011001111;
	8375 :	010001110100011111001111;
	8374 :	010001110100011111001111;
	8373 :	010001110100011111001111;
	8372 :	010001110100011111001111;
	8371 :	010001110100011111001111;
	8370 :	010001110100011111001111;
	8369 :	010001110100011111001111;
	8368 :	010001110100011111001111;
	8367 :	010001110100011111001111;
	8366 :	010001110100011111001111;
	8365 :	010001110100011111001111;
	8364 :	010001110100011111001111;
	8363 :	010001110100011111001111;
	8362 :	010001110100011111001111;
	8361 :	010001110100011111001111;
	8360 :	010001110100011111001111;
	8359 :	010001110100011111001111;
	8358 :	010001110100011111001111;
	8357 :	010001110100011111001111;
	8356 :	010001110100011111001111;
	8355 :	010001110100011111001111;
	8354 :	111111111111111111111111;
	8353 :	111111111111111111111111;
	8352 :	111111111111111111111111;
	8351 :	111111111111111111111111;
	8350 :	111111111111111111111111;
	8349 :	111111111111111111111111;
	8348 :	000110000000111110100001;
	8347 :	000110000000111110100001;
	8346 :	000110000000111110100001;
	8345 :	000110000000111110100001;
	8344 :	010001110100011111001110;
	8343 :	010001110100011111001111;
	8342 :	010001110100011111001111;
	8341 :	010001110100011111001111;
	8340 :	010001110100011111001111;
	8339 :	010100100011101100111101;
	8338 :	010100100011101100111101;
	8337 :	010100100011101100111101;
	8336 :	010100100011101100111101;
	8335 :	000000000000000000000000;
	8334 :	000000000000000000000000;
	8333 :	000000000000000000000000;
	8332 :	000000000000000000000000;
	8331 :	000000000000000000000000;
	8330 :	000000000000000000000000;
	8329 :	000000000000000000000000;
	8328 :	000000000000000000000000;
	8327 :	000000000000000000000000;
	8326 :	000000000000000000000000;
	8325 :	000000000000000000000000;
	8324 :	000000000000000000000000;
	8323 :	000000000000000000000000;
	8322 :	000000000000000000000000;
	8321 :	000000000000000000000000;
	8320 :	000000000000000000000000;
	8319 :	000000000000000100000000;
	8318 :	000000000000000000000000;
	8317 :	000000000000000000000000;
	8316 :	000000000000000000000000;
	8315 :	000000000000000000000000;
	8314 :	000000000000000000000000;
	8313 :	000000000000000000000000;
	8312 :	010100100011101100111101;
	8311 :	010100100011101100111101;
	8310 :	010100100011101100111101;
	8309 :	000110000000111110100001;
	8308 :	000110000000111110100001;
	8307 :	000110000000111110100001;
	8306 :	000110000000111110100001;
	8305 :	010001110100011111001111;
	8304 :	010001110100011111001111;
	8303 :	010001110100011111001111;
	8302 :	010001110100011011001111;
	8301 :	010001110100011111001111;
	8300 :	010001110100011111001111;
	8299 :	010001110100011011001111;
	8298 :	010001110100011111001111;
	8297 :	010001110100011111001111;
	8296 :	010001100100011111001111;
	8295 :	010001110100011111001111;
	8294 :	010001110100011111001111;
	8293 :	010001110100011111001111;
	8292 :	010001110100011111001111;
	8291 :	111111111111111111111111;
	8290 :	111111111111111111111111;
	8289 :	111111111111111111111111;
	8288 :	111111111111111111111111;
	8287 :	111111111111111111111111;
	8286 :	111111111111111111111111;
	8285 :	000110000000111110100001;
	8284 :	000110000000111110100001;
	8283 :	000110000000111110100001;
	8282 :	000110000000111110100001;
	8281 :	000110000000111110100001;
	8280 :	010001110100011111001111;
	8279 :	010001110100011111001111;
	8278 :	010001110100011111001111;
	8277 :	010001110100011111001111;
	8276 :	010001110100011111001111;
	8275 :	010001110100011111001111;
	8274 :	010001110100011111001111;
	8273 :	010001110100011111001111;
	8272 :	111111111111111111111111;
	8271 :	111111111111111111111111;
	8270 :	111111111111111111111111;
	8269 :	111111111111111111111111;
	8268 :	111111111111111111111111;
	8267 :	000110000000111110100001;
	8266 :	000110000000111110100001;
	8265 :	000110000000111110100001;
	8264 :	000110000000111110100001;
	8263 :	000110000000111110100001;
	8262 :	010001110100011111001111;
	8261 :	010001110100011111001111;
	8260 :	010001110100011111001111;
	8259 :	010001110100011111001111;
	8258 :	010001110100011111001111;
	8257 :	010001110100011111001111;
	8256 :	010001110100011111001111;
	8255 :	010001110100011111001111;
	8254 :	010001110100011111001111;
	8253 :	111111111111111111111111;
	8252 :	111111111111111111111111;
	8251 :	111111101111111111111111;
	8250 :	111111111111111111111111;
	8249 :	111111111111111111111111;
	8248 :	000110000000111110100001;
	8247 :	000110000000111110100001;
	8246 :	000110000000111110100001;
	8245 :	000110000000111110100001;
	8244 :	111111111111111111111111;
	8243 :	111111111111111111111111;
	8242 :	111111111111111111111111;
	8241 :	111111111111111111111111;
	8240 :	111111111111111111111111;
	8239 :	000110000000111110100001;
	8238 :	000110000000111110100001;
	8237 :	000110000000111110100001;
	8236 :	000110000000111110100001;
	8235 :	000110000000111110100001;
	8234 :	010001110100011111001111;
	8233 :	010001110100011111001111;
	8232 :	010001110100011111001111;
	8231 :	010001110100011111001111;
	8230 :	010001110100011111001111;
	8229 :	010001110100011111001111;
	8228 :	010001110100011111001111;
	8227 :	010001110100011111001111;
	8226 :	010001110100011111001111;
	8225 :	111111111111111111111111;
	8224 :	111111111111111111111111;
	8223 :	111111111111111111111111;
	8222 :	111111111111111111111110;
	8221 :	111111111111111111111111;
	8220 :	000110000000111110100001;
	8219 :	000110000000111110100001;
	8218 :	000110000000111110100001;
	8217 :	000110000000111110100001;
	8216 :	000110000000111110100001;
	8215 :	010001110100011111001111;
	8214 :	010001110100011111001111;
	8213 :	010001110100011111001111;
	8212 :	010001110100011111001111;
	8211 :	010001110100011111001111;
	8210 :	010001110100011011001111;
	8209 :	010001110100011111001111;
	8208 :	010001110100011111001111;
	8207 :	010001110100011111001111;
	8206 :	111111111111111111111111;
	8205 :	111111111111111111111111;
	8204 :	111111111111111111111111;
	8203 :	111111111111111111111111;
	8202 :	111111111111111111111111;
	8201 :	000110000000111110100001;
	8200 :	000110000000111110100001;
	8199 :	000110000000111110100001;
	8198 :	000110000000111110100001;
	8197 :	000110000000111110100001;
	8196 :	010001110100011111001111;
	8195 :	010001110100011111001111;
	8194 :	010001110100011111001111;
	8193 :	010001110100011111001111;
	8192 :	010001110100011111001111;
	8191 :	010001110100011111001111;
	8190 :	010001110100011111001111;
	8189 :	010001110100011111001111;
	8188 :	010001110100011111001111;
	8187 :	010001110100011111001111;
	8186 :	010001110100011111001111;
	8185 :	010001110100011111001111;
	8184 :	010001110100011111001111;
	8183 :	010001110100011111001111;
	8182 :	010001110100011111001111;
	8181 :	010001110100011111001111;
	8180 :	010001110100011111001111;
	8179 :	010001110100011111001111;
	8178 :	010001110100011111001111;
	8177 :	010001110100011111001111;
	8176 :	010001110100011111001111;
	8175 :	010001110100011111001111;
	8174 :	010001110100011111001111;
	8173 :	010001110100011111001111;
	8172 :	010001110100011111001111;
	8171 :	010001110100011111001111;
	8170 :	010001110100011111001111;
	8169 :	111111111111111111111111;
	8168 :	111111111111111111111111;
	8167 :	111111111111111111111111;
	8166 :	111111111111111111111111;
	8165 :	111111111111111111111111;
	8164 :	111111111111111111111111;
	8163 :	000110000000111110100001;
	8162 :	000110000000111110100001;
	8161 :	000110000000111110100001;
	8160 :	000110000000111110100001;
	8159 :	010001110100011111001111;
	8158 :	010001110100011111001111;
	8157 :	010001110100011111001111;
	8156 :	010001110100011111001111;
	8155 :	010001110100011111001111;
	8154 :	010100100011101100111101;
	8153 :	010100100011101100111101;
	8152 :	010100100011101100111101;
	8151 :	010100100011101100111101;
	8150 :	000000000000000000000000;
	8149 :	000000000000000000000000;
	8148 :	000000000000000000000000;
	8147 :	000000000000000000000000;
	8146 :	000000000000000000000000;
	8145 :	000000000000000000000000;
	8144 :	000000000000000000000000;
	8143 :	000000000000000000000000;
	8142 :	000000000000000000000000;
	8141 :	000000000000000000000000;
	8140 :	000000000000000000000000;
	8139 :	000000000000000000000000;
	8138 :	000000000000000000000000;
	8137 :	000000000000000000000000;
	8136 :	000000000000000000000000;
	8135 :	000000000000000000000000;
	8134 :	000000000000000000000000;
	8133 :	000000000000000000000000;
	8132 :	000000000000000000000000;
	8131 :	000000000000000000000000;
	8130 :	000000000000000000000000;
	8129 :	000000000000000000000000;
	8128 :	000000000000000000000000;
	8127 :	010100100011101100111101;
	8126 :	010100100011101100111101;
	8125 :	010100100011101100111101;
	8124 :	000110000000111110100001;
	8123 :	000110000000111110100001;
	8122 :	000110000000111110100001;
	8121 :	000110000000111110100001;
	8120 :	010001110100011111001111;
	8119 :	010001110100011111001111;
	8118 :	010001110100011111001111;
	8117 :	010001110100011111001111;
	8116 :	010001110100011111001111;
	8115 :	010001110100011111001111;
	8114 :	010001110100011111001111;
	8113 :	010001110100011111001111;
	8112 :	010001110100011111001111;
	8111 :	010001110100011111001111;
	8110 :	010001110100011111001111;
	8109 :	010001110100011111001111;
	8108 :	010001110100011111001111;
	8107 :	010001110100011111001111;
	8106 :	111111111111111111111110;
	8105 :	111111111111111011111111;
	8104 :	111111111111111111111111;
	8103 :	111111111111111111111111;
	8102 :	111111111111111111111111;
	8101 :	111111111111111111111111;
	8100 :	000110000000111110100001;
	8099 :	000110000000111110100001;
	8098 :	000110000000111110100001;
	8097 :	000110000000111110100001;
	8096 :	000110000000111110100001;
	8095 :	010001110100011011001111;
	8094 :	010001110100011111001111;
	8093 :	010001110100011111001111;
	8092 :	010001110100011111001111;
	8091 :	010001110100011111001111;
	8090 :	010001110100011111001111;
	8089 :	010001110100011111001111;
	8088 :	010001110100011111001111;
	8087 :	111111111111111111111111;
	8086 :	111111111111111111111111;
	8085 :	111111111111111111111111;
	8084 :	111111111111111111111111;
	8083 :	111111111111111111111111;
	8082 :	000110010000111110100001;
	8081 :	000110000000111110100001;
	8080 :	000110000000111110100001;
	8079 :	000110000000111110100001;
	8078 :	000110000000111110100001;
	8077 :	010001110100011111001111;
	8076 :	010001110100011111001111;
	8075 :	010001110100011111001111;
	8074 :	010001110100011111001111;
	8073 :	010001110100011111001111;
	8072 :	010001110100011111001111;
	8071 :	010001110100011111001111;
	8070 :	010001110100011111001111;
	8069 :	010001110100011111001111;
	8068 :	111111111111111111111111;
	8067 :	111111111111111111111111;
	8066 :	111111111111111111111111;
	8065 :	111111111111111111111111;
	8064 :	111111111111111111111111;
	8063 :	000110000000111110100001;
	8062 :	000110000000111110100001;
	8061 :	000110000000111110100000;
	8060 :	000110000000111110100001;
	8059 :	111111111111111111111111;
	8058 :	111111111111111111111111;
	8057 :	111111111111111111111111;
	8056 :	111111111111111111111111;
	8055 :	111111111111111111111111;
	8054 :	000110000000111110100001;
	8053 :	000110000000111110100001;
	8052 :	000110000000111110100001;
	8051 :	000110000000111110100001;
	8050 :	000110000000111110100001;
	8049 :	010001110100011111001111;
	8048 :	010001110100011111001111;
	8047 :	010001110100011111001111;
	8046 :	010001110100011111001111;
	8045 :	010001110100011111001111;
	8044 :	010001110100011111001111;
	8043 :	010001110100011111001111;
	8042 :	010001110100011111001111;
	8041 :	010001100100011111001111;
	8040 :	111111111111111111111111;
	8039 :	111111111111111111111111;
	8038 :	111111111111111111111111;
	8037 :	111111111111111111111111;
	8036 :	111111111111111111111111;
	8035 :	000110000000111110100001;
	8034 :	000110000000111110100001;
	8033 :	000110000000111110100001;
	8032 :	000110000000111110100001;
	8031 :	000110000000111110100001;
	8030 :	010001110100011111001111;
	8029 :	010001110100011111001111;
	8028 :	010001110100011111001111;
	8027 :	010001110100011111001111;
	8026 :	010001110100011111001111;
	8025 :	010001110100011111001111;
	8024 :	010001110100011111001111;
	8023 :	010001110100011111001111;
	8022 :	010001110100011111001111;
	8021 :	111111111111111111111111;
	8020 :	111111111111111111111111;
	8019 :	111111111111111111111111;
	8018 :	111111111111111111111111;
	8017 :	111111111111111111111111;
	8016 :	000110000000111110100001;
	8015 :	000110000000111110100001;
	8014 :	000110000000111110100001;
	8013 :	000110000000111110100001;
	8012 :	000110000000111110100001;
	8011 :	010001110100011111001111;
	8010 :	010001110100011111001111;
	8009 :	010001110100011111001111;
	8008 :	010001110100011111001111;
	8007 :	010001100100011111001111;
	8006 :	010001110100011111001111;
	8005 :	010001110100011111001111;
	8004 :	010001110100011111001111;
	8003 :	010001110100011111001111;
	8002 :	010001110100011111001111;
	8001 :	010001110100011111001111;
	8000 :	010001110100011111001111;
	7999 :	010001110100011111001111;
	7998 :	010001110100011111001111;
	7997 :	010001110100011111001111;
	7996 :	010001110100011111001111;
	7995 :	010001110100011111001111;
	7994 :	010001110100011111001111;
	7993 :	010001110100011111001111;
	7992 :	010001110100011111001111;
	7991 :	010001110100011111001111;
	7990 :	010001110100011111001111;
	7989 :	010001110100011111001111;
	7988 :	010001110100011111001111;
	7987 :	010001110100011111001111;
	7986 :	010001110100011111001110;
	7985 :	010001110100011111001111;
	7984 :	111111111111111111111111;
	7983 :	111111111111111111111111;
	7982 :	111111111111111111111111;
	7981 :	111111111111111111111111;
	7980 :	111111111111111111111111;
	7979 :	111111111111111111111111;
	7978 :	000110000000111110100001;
	7977 :	000110000000111110100001;
	7976 :	000110000000111110100001;
	7975 :	000110000000111110100001;
	7974 :	010001110100011111001111;
	7973 :	010001110100011111001111;
	7972 :	010001110100011111001111;
	7971 :	010001110100011111001111;
	7970 :	010001110100011111001111;
	7969 :	010100100011101100111101;
	7968 :	010100100011101100111101;
	7967 :	010100100011101100111101;
	7966 :	010100100011101100111101;
	7965 :	000000000000000000000000;
	7964 :	000000000000000000000000;
	7963 :	000000000000000000000000;
	7962 :	000000000000000000000000;
	7961 :	000000000000000000000000;
	7960 :	000000000000000000000000;
	7959 :	000000000000000000000000;
	7958 :	000000000000000000000000;
	7957 :	000000000000000000000000;
	7956 :	000000000000000000000001;
	7955 :	000000000000000000000000;
	7954 :	000000000000000000000000;
	7953 :	000000000000000000000000;
	7952 :	000000000000000000000000;
	7951 :	000000000000000000000000;
	7950 :	000000000000000000000000;
	7949 :	000000000000000000000000;
	7948 :	000000000000000000000000;
	7947 :	000000000000000000000000;
	7946 :	000000000000000000000000;
	7945 :	000000000000000000000000;
	7944 :	000000000000000000000000;
	7943 :	000000000000000000000000;
	7942 :	010100100011101100111101;
	7941 :	010100100011101100111101;
	7940 :	010100100011101100111101;
	7939 :	000110000000111110100001;
	7938 :	000110000000111010100001;
	7937 :	000110000000111110100001;
	7936 :	000110000000111110100001;
	7935 :	010001110100011111001111;
	7934 :	010001110100011111001111;
	7933 :	010001110100011111001111;
	7932 :	010001110100011111001111;
	7931 :	010001110100011111001111;
	7930 :	111111111111111111111111;
	7929 :	111111111111111111111111;
	7928 :	111111111111111111111111;
	7927 :	111111111111111111111111;
	7926 :	111111111111111111111111;
	7925 :	111111111111111111111111;
	7924 :	111111111111111111111111;
	7923 :	111111111111111111111111;
	7922 :	111111111111111111111111;
	7921 :	111111111111111111111111;
	7920 :	111111111111111111111111;
	7919 :	111111111111111111111111;
	7918 :	111111111111111111111111;
	7917 :	111111111111111111111111;
	7916 :	111111111111111111111111;
	7915 :	111111111111111111111111;
	7914 :	111111101111111111111111;
	7913 :	111111111111111111111111;
	7912 :	111111101111111111111111;
	7911 :	111111111111111111111111;
	7910 :	111111111111111111111111;
	7909 :	111111111111111111111111;
	7908 :	111111111111111111111111;
	7907 :	111111111111111111111111;
	7906 :	000110000000111110100001;
	7905 :	000110000000111110100001;
	7904 :	000110000000111010100001;
	7903 :	000110000000111010100001;
	7902 :	111111111111111111111111;
	7901 :	111111111111111111111111;
	7900 :	111111111111111111111111;
	7899 :	111111111111111111111111;
	7898 :	111111111111111111111111;
	7897 :	000110000000111110100001;
	7896 :	000110000000111110100000;
	7895 :	000110000000111110100001;
	7894 :	000110000000111110100001;
	7893 :	000110000000111110100001;
	7892 :	010001110100011111001111;
	7891 :	010001110100011111001111;
	7890 :	010001110100011111001111;
	7889 :	010001110100011111001111;
	7888 :	010001110100011111001111;
	7887 :	010001110100011111001111;
	7886 :	010001110100011111001111;
	7885 :	010001110100011111001111;
	7884 :	010001110100011111001111;
	7883 :	111111111111111111111111;
	7882 :	111111111111111111111111;
	7881 :	111111111111111111111111;
	7880 :	111111111111111111111111;
	7879 :	111111111111111111111111;
	7878 :	000110000000111110100001;
	7877 :	000110000000111010100001;
	7876 :	000110000000111110100001;
	7875 :	000110000000111110100001;
	7874 :	111111111111111111111111;
	7873 :	111111111111111111111111;
	7872 :	111111111111111111111111;
	7871 :	111111111111111111111111;
	7870 :	111111111111111111111111;
	7869 :	000110000000111110100001;
	7868 :	000110000000111110100001;
	7867 :	000110000000111110100001;
	7866 :	000110000000111110100000;
	7865 :	000110000000111110100001;
	7864 :	010001110100011111001111;
	7863 :	010001110100011111001111;
	7862 :	010001110100011011001111;
	7861 :	010001110100011111001111;
	7860 :	010001110100011111001111;
	7859 :	010001110100011111001111;
	7858 :	010001110100011111001111;
	7857 :	010001110100011111001111;
	7856 :	010001100100011111001111;
	7855 :	111111111111111111111111;
	7854 :	111111111111111111111111;
	7853 :	111111111111111011111111;
	7852 :	111111111111111111111111;
	7851 :	111111101111111111111111;
	7850 :	000110000000111110100001;
	7849 :	000110000000111110100001;
	7848 :	000110000000111110100001;
	7847 :	000110000000111110100001;
	7846 :	000110000000111110100001;
	7845 :	010001110100011111001111;
	7844 :	010001110100011111001111;
	7843 :	010001110100011111001111;
	7842 :	010001110100011111001111;
	7841 :	010001110100011111001110;
	7840 :	010001110100011111001111;
	7839 :	010001110100011111001111;
	7838 :	010001110100011111001111;
	7837 :	010001110100011111001111;
	7836 :	111111111111111111111111;
	7835 :	111111111111111011111111;
	7834 :	111111111111111111111111;
	7833 :	111111111111111111111111;
	7832 :	111111111111111111111111;
	7831 :	000110000000111110100001;
	7830 :	000110000000111110100001;
	7829 :	000110000000111110100001;
	7828 :	000110000000111110100001;
	7827 :	000110000000111110100001;
	7826 :	010001110100011111001111;
	7825 :	010001110100011111001111;
	7824 :	010001110100011111001111;
	7823 :	010001110100011111001111;
	7822 :	010001110100011111001111;
	7821 :	010001110100011111001111;
	7820 :	010001110100011111001111;
	7819 :	010001110100011111001111;
	7818 :	010001110100011111001111;
	7817 :	111111111111111111111111;
	7816 :	111111111111111111111111;
	7815 :	111111111111111111111111;
	7814 :	111111111111111111111111;
	7813 :	111111101111111111111111;
	7812 :	111111111111111111111111;
	7811 :	111111111111111111111111;
	7810 :	111111111111111111111111;
	7809 :	111111111111111111111111;
	7808 :	111111111111111111111111;
	7807 :	111111111111111111111111;
	7806 :	111111111111111111111111;
	7805 :	111111101111111111111111;
	7804 :	111111111111111111111111;
	7803 :	111111111111111111111111;
	7802 :	111111111111111111111111;
	7801 :	111111111111111111111111;
	7800 :	111111111111111111111111;
	7799 :	111111111111111111111111;
	7798 :	111111111111111111111111;
	7797 :	111111111111111111111111;
	7796 :	111111111111111111111111;
	7795 :	111111111111111111111111;
	7794 :	111111111111111111111111;
	7793 :	000110000000111110100001;
	7792 :	000110000000111110100001;
	7791 :	000110000000111110100001;
	7790 :	000110000000111110100001;
	7789 :	010001110100011111001111;
	7788 :	010001110100011111001111;
	7787 :	010001110100011111001111;
	7786 :	010001110100011111001111;
	7785 :	010001110100011111001111;
	7784 :	010100100011101100111101;
	7783 :	010100100011101100111101;
	7782 :	010100100011101100111101;
	7781 :	010100100011101100111101;
	7780 :	000000000000000000000000;
	7779 :	000000000000000000000000;
	7778 :	000000000000000000000000;
	7777 :	000000000000000000000000;
	7776 :	000000000000000000000000;
	7775 :	000000000000000000000000;
	7774 :	000000000000000000000000;
	7773 :	000000000000000000000000;
	7772 :	000000000000000000000000;
	7771 :	000000000000000000000000;
	7770 :	000000000000000000000000;
	7769 :	000000000000000000000000;
	7768 :	000000000000000000000000;
	7767 :	000000000000000000000000;
	7766 :	000000000000000000000000;
	7765 :	000000000000000000000000;
	7764 :	000000000000000000000000;
	7763 :	000000000000000000000000;
	7762 :	000000000000000000000000;
	7761 :	000000000000000000000000;
	7760 :	000000000000000000000000;
	7759 :	000000000000000000000000;
	7758 :	000000000000000000000000;
	7757 :	010100100011101100111101;
	7756 :	010100100011101100111101;
	7755 :	010100100011101100111101;
	7754 :	000110000000111110100001;
	7753 :	000110000000111110100001;
	7752 :	000110000000111110100001;
	7751 :	000110000000111110100001;
	7750 :	010001110100011111001111;
	7749 :	010001110100011111001111;
	7748 :	010001110100011111001111;
	7747 :	010001110100011111001111;
	7746 :	010001110100011111001111;
	7745 :	111111111111111111111111;
	7744 :	111111111111111111111111;
	7743 :	111111111111111111111111;
	7742 :	111111111111111111111111;
	7741 :	111111111111111111111111;
	7740 :	111111111111111111111111;
	7739 :	111111111111111111111111;
	7738 :	111111111111111111111111;
	7737 :	111111111111111111111111;
	7736 :	111111111111111111111111;
	7735 :	111111111111111111111111;
	7734 :	111111111111111111111111;
	7733 :	111111111111111111111111;
	7732 :	111111111111111111111111;
	7731 :	111111111111111111111111;
	7730 :	111111111111111111111111;
	7729 :	111111111111111111111111;
	7728 :	111111111111111111111111;
	7727 :	111111111111111111111111;
	7726 :	111111111111111111111111;
	7725 :	111111111111111111111111;
	7724 :	111111111111111111111111;
	7723 :	111111111111111111111111;
	7722 :	111111111111111111111111;
	7721 :	000110000000111110100001;
	7720 :	000110000000111110100001;
	7719 :	000110000000111110100001;
	7718 :	000110000000111110100001;
	7717 :	000110000000111110100001;
	7716 :	010001110100011111001111;
	7715 :	010001110100011111001111;
	7714 :	010001110100011111001111;
	7713 :	111111111111111111111111;
	7712 :	111111111111111111111111;
	7711 :	111111111111111111111111;
	7710 :	111111111111111111111111;
	7709 :	111111111111111111111111;
	7708 :	111111111111111111111111;
	7707 :	111111111111111111111111;
	7706 :	111111111111111111111111;
	7705 :	111111111111111111111111;
	7704 :	111111111111111111111111;
	7703 :	111111111111111111111111;
	7702 :	111111111111111111111111;
	7701 :	111111111111111111111111;
	7700 :	111111111111111111111111;
	7699 :	111111111111111111111111;
	7698 :	111111111111111111111111;
	7697 :	111111111111111111111111;
	7696 :	111111111111111111111111;
	7695 :	111111111111111111111111;
	7694 :	111111111111111111111111;
	7693 :	000110000000111110100000;
	7692 :	000110000000111010100001;
	7691 :	000110000000111110100001;
	7690 :	000110000000111110100001;
	7689 :	000110000000111110100001;
	7688 :	010001110100011111001111;
	7687 :	010001110100011111001111;
	7686 :	010001110100011111001111;
	7685 :	010001110100011111001111;
	7684 :	111111111111111111111111;
	7683 :	111111111111111111111111;
	7682 :	111111111111111111111111;
	7681 :	111111111111111111111111;
	7680 :	111111111111111111111111;
	7679 :	111111111111111111111111;
	7678 :	111111111111111111111111;
	7677 :	111111111111111111111111;
	7676 :	111111111111111111111111;
	7675 :	111111111111111111111111;
	7674 :	111111111111111111111111;
	7673 :	111111111111111111111111;
	7672 :	111111111111111111111111;
	7671 :	111111111111111111111111;
	7670 :	000110000000111110100001;
	7669 :	000110000000111110100000;
	7668 :	000110000000111110100001;
	7667 :	000110000000111110100001;
	7666 :	000110000000111110100001;
	7665 :	010001110100011111001111;
	7664 :	010001110100011111001111;
	7663 :	010001110100011111001111;
	7662 :	010001100100011111001111;
	7661 :	010001110100011111001111;
	7660 :	111111111111111111111111;
	7659 :	111111111111111111111111;
	7658 :	111111111111111111111111;
	7657 :	111111111111111111111111;
	7656 :	111111111111111111111111;
	7655 :	111111111111111111111111;
	7654 :	111111111111111111111111;
	7653 :	111111111111111111111111;
	7652 :	111111111111111111111111;
	7651 :	111111111111111111111111;
	7650 :	111111111111111111111111;
	7649 :	111111111111111111111111;
	7648 :	111111111111111111111111;
	7647 :	111111111111111111111111;
	7646 :	111111111111111011111111;
	7645 :	111111111111111111111111;
	7644 :	111111111111111111111111;
	7643 :	111111111111111111111111;
	7642 :	111111111111111011111111;
	7641 :	111111111111111111111111;
	7640 :	111111111111111111111111;
	7639 :	111111111111111111111111;
	7638 :	111111111111111111111111;
	7637 :	000110000000111110100001;
	7636 :	000110000000111110100001;
	7635 :	000110000000111110100001;
	7634 :	000110000000111110100001;
	7633 :	010001110100011111001111;
	7632 :	111111111111111111111111;
	7631 :	111111111111111111111111;
	7630 :	111111111111111111111111;
	7629 :	111111111111111111111111;
	7628 :	111111111111111111111111;
	7627 :	111111111111111111111111;
	7626 :	111111111111111111111111;
	7625 :	111111111111111111111111;
	7624 :	111111111111111111111111;
	7623 :	111111111111111111111111;
	7622 :	111111111111111111111111;
	7621 :	111111111111111111111111;
	7620 :	111111111111111111111111;
	7619 :	111111111111111111111111;
	7618 :	111111111111111111111111;
	7617 :	111111111111111111111111;
	7616 :	111111111111111011111111;
	7615 :	111111111111111111111111;
	7614 :	111111111111111111111111;
	7613 :	000110000000111110100001;
	7612 :	000110000000111110100001;
	7611 :	000110000000111110100001;
	7610 :	000110000000111110100001;
	7609 :	000110000000111110100001;
	7608 :	010001110100011111001111;
	7607 :	010001100100011111001110;
	7606 :	010001110100011111001111;
	7605 :	010001110100011111001111;
	7604 :	010001110100011111001111;
	7603 :	010001110100011111001111;
	7602 :	010001110100011111001111;
	7601 :	010001110100011111001111;
	7600 :	010001110100011011001111;
	7599 :	010100100011101100111101;
	7598 :	010100100011101100111101;
	7597 :	010100100011101100111101;
	7596 :	010100100011101100111101;
	7595 :	000000000000000000000000;
	7594 :	000000000000000000000000;
	7593 :	000000000000000000000000;
	7592 :	000000000000000000000000;
	7591 :	000000000000000000000000;
	7590 :	000000000000000000000000;
	7589 :	000000000000000000000000;
	7588 :	000000000000000000000000;
	7587 :	000000000000000000000000;
	7586 :	000000000000000000000000;
	7585 :	000000000000000000000000;
	7584 :	000000000000000000000000;
	7583 :	000000000000000000000000;
	7582 :	000000000000000000000000;
	7581 :	000000000000000000000000;
	7580 :	000000000000000000000000;
	7579 :	000000000000000000000000;
	7578 :	000000000000000000000000;
	7577 :	000000000000000000000000;
	7576 :	000000000000000000000000;
	7575 :	000000000000000000000000;
	7574 :	000000000000000000000000;
	7573 :	000000000000000000000000;
	7572 :	010100100011101100111101;
	7571 :	010100100011101100111101;
	7570 :	010100100011101100111101;
	7569 :	000110000000111110100001;
	7568 :	000110000000111110100001;
	7567 :	000110000000111110100001;
	7566 :	000110000000111010100001;
	7565 :	010001110100011111001111;
	7564 :	010001110100011111001111;
	7563 :	010001110100011111001111;
	7562 :	010001110100011111001111;
	7561 :	010001110100011111001111;
	7560 :	111111111111111111111111;
	7559 :	111111111111111111111111;
	7558 :	111111111111111111111111;
	7557 :	111111111111111111111111;
	7556 :	111111111111111111111111;
	7555 :	111111111111111111111111;
	7554 :	111111111111111111111111;
	7553 :	111111111111111111111111;
	7552 :	111111111111111111111111;
	7551 :	111111111111111111111111;
	7550 :	111111111111111111111111;
	7549 :	111111111111111111111111;
	7548 :	111111111111111111111111;
	7547 :	111111111111111111111111;
	7546 :	111111111111111111111111;
	7545 :	111111111111111111111111;
	7544 :	111111111111111111111110;
	7543 :	111111111111111111111111;
	7542 :	111111111111111111111111;
	7541 :	111111111111111111111111;
	7540 :	111111111111111111111111;
	7539 :	111111101111111111111111;
	7538 :	111111111111111111111111;
	7537 :	111111111111111111111111;
	7536 :	000110000000111110100001;
	7535 :	000110000000111110100001;
	7534 :	000110000000111110100001;
	7533 :	000110000000111110100001;
	7532 :	000110000000111110100001;
	7531 :	010001110100011111001111;
	7530 :	010001110100011111001111;
	7529 :	010001110100011111001111;
	7528 :	111111111111111111111111;
	7527 :	111111111111111111111111;
	7526 :	111111111111111111111111;
	7525 :	111111111111111111111111;
	7524 :	111111111111111111111111;
	7523 :	111111111111111111111111;
	7522 :	111111111111111111111111;
	7521 :	111111111111111111111111;
	7520 :	111111111111111111111111;
	7519 :	111111111111111111111111;
	7518 :	111111111111111111111111;
	7517 :	111111111111111111111111;
	7516 :	111111111111111111111111;
	7515 :	111111111111111111111110;
	7514 :	111111111111111111111111;
	7513 :	111111111111111111111111;
	7512 :	111111111111111111111111;
	7511 :	111111111111111111111111;
	7510 :	111111111111111111111111;
	7509 :	111111111111111111111111;
	7508 :	000110000000111110100001;
	7507 :	000110000000111110100001;
	7506 :	000110000000111110100001;
	7505 :	000110000000111110100001;
	7504 :	000110000000111110100001;
	7503 :	010001110100011111001111;
	7502 :	010001110100011111001111;
	7501 :	010001110100011111001111;
	7500 :	010001110100011111001111;
	7499 :	111111111111111111111111;
	7498 :	111111111111111111111111;
	7497 :	111111111111111111111111;
	7496 :	111111111111111111111111;
	7495 :	111111111111111111111111;
	7494 :	111111111111111111111111;
	7493 :	111111111111111111111111;
	7492 :	111111111111111111111111;
	7491 :	111111111111111111111111;
	7490 :	111111111111111111111111;
	7489 :	111111111111111111111111;
	7488 :	111111111111111111111111;
	7487 :	111111111111111111111111;
	7486 :	111111111111111111111111;
	7485 :	000110000000111110100001;
	7484 :	000110000000111110100001;
	7483 :	000110000000111110100001;
	7482 :	000110010000111110100001;
	7481 :	000110000000111110100001;
	7480 :	010001110100011111001111;
	7479 :	010001100100011111001111;
	7478 :	010001110100011111001111;
	7477 :	010001110100011111001111;
	7476 :	010001110100011111001111;
	7475 :	111111111111111111111111;
	7474 :	111111111111111111111111;
	7473 :	111111111111111111111111;
	7472 :	111111111111111111111111;
	7471 :	111111111111111111111111;
	7470 :	111111111111111111111111;
	7469 :	111111111111111111111111;
	7468 :	111111111111111111111111;
	7467 :	111111111111111111111111;
	7466 :	111111111111111111111111;
	7465 :	111111111111111111111111;
	7464 :	111111111111111111111111;
	7463 :	111111111111111111111111;
	7462 :	111111111111111111111111;
	7461 :	111111111111111111111111;
	7460 :	111111111111111111111111;
	7459 :	111111111111111111111111;
	7458 :	111111111111111111111111;
	7457 :	111111111111111111111111;
	7456 :	111111111111111111111111;
	7455 :	111111111111111111111111;
	7454 :	111111111111111111111111;
	7453 :	111111111111111111111111;
	7452 :	000110000000111110100001;
	7451 :	000110000000111110100001;
	7450 :	000110000000111110100001;
	7449 :	000110000000111110100001;
	7448 :	010001110100011111001111;
	7447 :	111111111111111111111111;
	7446 :	111111101111111111111111;
	7445 :	111111111111111111111111;
	7444 :	111111111111111111111111;
	7443 :	111111111111111111111111;
	7442 :	111111111111111111111111;
	7441 :	111111111111111111111111;
	7440 :	111111111111111111111111;
	7439 :	111111111111111111111111;
	7438 :	111111111111111111111111;
	7437 :	111111101111111111111111;
	7436 :	111111111111111111111111;
	7435 :	111111111111111111111111;
	7434 :	111111111111111111111111;
	7433 :	111111111111111111111111;
	7432 :	111111111111111111111111;
	7431 :	111111111111111111111111;
	7430 :	111111111111111111111111;
	7429 :	111111111111111111111111;
	7428 :	000110000000111110100001;
	7427 :	000110000000111110100001;
	7426 :	000110000000111110100001;
	7425 :	000110000000111110100001;
	7424 :	000110000000111110100001;
	7423 :	010001110100011111001111;
	7422 :	010001110100011111001111;
	7421 :	010001110100011111001111;
	7420 :	010001110100011111001111;
	7419 :	010001110100011111001111;
	7418 :	010001100100011111001111;
	7417 :	010001110100011111001111;
	7416 :	010001110100011111001111;
	7415 :	010001110100011111001111;
	7414 :	010100100011101100111101;
	7413 :	010100100011101100111101;
	7412 :	010100100011101100111101;
	7411 :	010100100011101100111101;
	7410 :	000000000000000000000000;
	7409 :	000000000000000000000000;
	7408 :	000000000000000000000000;
	7407 :	000000000000000000000000;
	7406 :	000000000000000000000000;
	7405 :	000000000000000000000000;
	7404 :	000000000000000000000000;
	7403 :	000000000000000000000000;
	7402 :	000000000000000000000000;
	7401 :	000000000000000000000000;
	7400 :	000000000000000000000000;
	7399 :	000000000000000000000000;
	7398 :	000000000000000000000000;
	7397 :	000000000000000000000000;
	7396 :	000000000000000000000000;
	7395 :	000000000000000000000000;
	7394 :	000000000000000000000000;
	7393 :	000000000000000000000000;
	7392 :	000000000000000000000000;
	7391 :	000000000000000000000000;
	7390 :	000000000000000000000000;
	7389 :	000000000000000000000000;
	7388 :	000000000000000000000000;
	7387 :	010100100011101100111101;
	7386 :	010100100011101100111101;
	7385 :	010100100011101100111101;
	7384 :	000110000000111110100001;
	7383 :	000110000000111110100001;
	7382 :	000110000000111110100001;
	7381 :	000110000000111110100001;
	7380 :	010001110100011111001111;
	7379 :	010001110100011111001111;
	7378 :	010001110100011111001111;
	7377 :	010001110100011111001111;
	7376 :	010001110100011111001111;
	7375 :	111111111111111111111111;
	7374 :	111111111111111111111111;
	7373 :	111111111111111111111111;
	7372 :	111111111111111111111111;
	7371 :	111111111111111111111111;
	7370 :	111111111111111111111111;
	7369 :	111111111111111111111111;
	7368 :	111111111111111011111111;
	7367 :	111111111111111111111111;
	7366 :	111111111111111111111111;
	7365 :	111111111111111111111111;
	7364 :	111111111111111111111111;
	7363 :	111111111111111111111111;
	7362 :	111111111111111111111111;
	7361 :	111111111111111111111111;
	7360 :	111111111111111111111111;
	7359 :	111111111111111111111111;
	7358 :	111111111111111111111111;
	7357 :	111111111111111111111111;
	7356 :	111111111111111111111111;
	7355 :	111111111111111111111111;
	7354 :	111111111111111111111111;
	7353 :	111111111111111111111111;
	7352 :	111111111111111111111111;
	7351 :	000110000000111110100001;
	7350 :	000110000000111110100001;
	7349 :	000110000000111110100001;
	7348 :	000110000000111110100001;
	7347 :	000110000000111110100001;
	7346 :	010001110100011111001111;
	7345 :	010001110100011111001111;
	7344 :	010001110100011111001111;
	7343 :	111111111111111111111111;
	7342 :	111111111111111111111111;
	7341 :	111111111111111111111111;
	7340 :	111111111111111111111111;
	7339 :	111111111111111111111111;
	7338 :	111111111111111111111111;
	7337 :	111111111111111111111111;
	7336 :	111111111111111111111111;
	7335 :	111111111111111111111111;
	7334 :	111111111111111111111111;
	7333 :	111111111111111111111111;
	7332 :	111111111111111111111111;
	7331 :	111111111111111111111111;
	7330 :	111111111111111111111111;
	7329 :	111111111111111111111111;
	7328 :	111111111111111111111111;
	7327 :	111111111111111111111111;
	7326 :	111111111111111111111111;
	7325 :	111111111111111111111111;
	7324 :	111111111111111111111110;
	7323 :	000110000000111110100001;
	7322 :	000110000000111110100001;
	7321 :	000110000000111110100001;
	7320 :	000110000000111110100001;
	7319 :	000110000000111110100001;
	7318 :	010001110100011111001111;
	7317 :	010001110100011111001111;
	7316 :	010001110100011111001111;
	7315 :	010001110100011111001111;
	7314 :	111111111111111111111111;
	7313 :	111111111111111111111111;
	7312 :	111111111111111111111111;
	7311 :	111111111111111011111111;
	7310 :	111111111111111111111111;
	7309 :	111111111111111111111111;
	7308 :	111111111111111111111111;
	7307 :	111111111111111111111111;
	7306 :	111111111111111111111111;
	7305 :	111111111111111011111111;
	7304 :	111111111111111111111111;
	7303 :	111111111111111111111111;
	7302 :	111111111111111111111111;
	7301 :	111111111111111111111111;
	7300 :	000110000000111110100001;
	7299 :	000110000000111110100001;
	7298 :	000110000000111110100001;
	7297 :	000110000000111110100001;
	7296 :	000110000000111110100001;
	7295 :	010001110100011111001111;
	7294 :	010001110100011111001111;
	7293 :	010001110100011111001111;
	7292 :	010001110100011111001111;
	7291 :	010001110100011111001111;
	7290 :	111111111111111111111111;
	7289 :	111111101111111111111111;
	7288 :	111111111111111111111111;
	7287 :	111111111111111111111111;
	7286 :	111111111111111111111111;
	7285 :	111111111111111111111111;
	7284 :	111111111111111111111111;
	7283 :	111111111111111111111111;
	7282 :	111111111111111111111111;
	7281 :	111111111111111111111111;
	7280 :	111111111111111111111111;
	7279 :	111111111111111111111111;
	7278 :	111111111111111111111111;
	7277 :	111111111111111111111110;
	7276 :	111111111111111111111111;
	7275 :	111111111111111111111111;
	7274 :	111111111111111111111111;
	7273 :	111111111111111111111111;
	7272 :	111111111111111111111111;
	7271 :	111111111111111111111111;
	7270 :	111111111111111111111111;
	7269 :	111111111111111111111111;
	7268 :	111111111111111111111111;
	7267 :	000110000000111110100001;
	7266 :	000110000000111110100001;
	7265 :	000110000000111110100001;
	7264 :	000110000000111110100001;
	7263 :	010001110100011111001111;
	7262 :	111111111111111111111111;
	7261 :	111111111111111111111111;
	7260 :	111111111111111111111111;
	7259 :	111111111111111111111111;
	7258 :	111111111111111111111111;
	7257 :	111111111111111111111111;
	7256 :	111111111111111111111111;
	7255 :	111111111111111111111111;
	7254 :	111111111111111111111111;
	7253 :	111111111111111111111111;
	7252 :	111111111111111111111111;
	7251 :	111111111111111111111111;
	7250 :	111111111111111111111111;
	7249 :	111111111111111111111111;
	7248 :	111111111111111111111111;
	7247 :	111111111111111111111111;
	7246 :	111111111111111111111111;
	7245 :	111111111111111111111111;
	7244 :	111111111111111111111111;
	7243 :	000110000000111110100001;
	7242 :	000110000000111010100001;
	7241 :	000110000000111110100001;
	7240 :	000110000000111110100001;
	7239 :	000110000000111110100001;
	7238 :	010001110100011111001111;
	7237 :	010001110100011111001111;
	7236 :	010001110100011111001111;
	7235 :	010001110100011111001111;
	7234 :	010001110100011111001111;
	7233 :	010001110100011111001111;
	7232 :	010001110100011111001111;
	7231 :	010001110100011111001111;
	7230 :	010001110100011111001111;
	7229 :	010100110011101100111101;
	7228 :	010100100011101100111101;
	7227 :	010100100011101100111101;
	7226 :	010100100011101100111101;
	7225 :	000000000000000000000000;
	7224 :	000000000000000000000000;
	7223 :	000000000000000000000000;
	7222 :	000000000000000000000000;
	7221 :	000000000000000000000000;
	7220 :	000000000000000000000000;
	7219 :	000000000000000000000000;
	7218 :	000000000000000000000000;
	7217 :	000000000000000000000000;
	7216 :	000000000000000000000000;
	7215 :	000000000000000000000000;
	7214 :	000000000000000000000000;
	7213 :	000000000000000000000000;
	7212 :	000000000000000000000000;
	7211 :	000000000000000000000000;
	7210 :	000000000000000100000000;
	7209 :	000000000000000000000000;
	7208 :	000000000000000000000000;
	7207 :	000000000000000000000000;
	7206 :	000000000000000000000000;
	7205 :	000000000000000000000000;
	7204 :	000000000000000000000000;
	7203 :	000000000000000000000000;
	7202 :	010100100011101100111101;
	7201 :	010100100011101100111101;
	7200 :	010100100011101100111101;
	7199 :	000110000000111110100001;
	7198 :	000110000000111110100001;
	7197 :	000110000000111110100001;
	7196 :	000110000000111110100001;
	7195 :	010001110100011111001111;
	7194 :	010001110100011111001111;
	7193 :	010001110100011111001111;
	7192 :	010001110100011111001111;
	7191 :	010001110100011111001111;
	7190 :	111111111111111111111111;
	7189 :	111111111111111111111111;
	7188 :	111111111111111111111111;
	7187 :	111111111111111111111111;
	7186 :	111111111111111111111111;
	7185 :	111111111111111111111111;
	7184 :	111111101111111111111111;
	7183 :	111111111111111111111110;
	7182 :	111111111111111111111111;
	7181 :	111111111111111111111111;
	7180 :	111111111111111111111111;
	7179 :	111111111111111111111111;
	7178 :	111111111111111111111111;
	7177 :	111111101111111111111111;
	7176 :	111111111111111111111111;
	7175 :	111111111111111111111111;
	7174 :	111111111111111111111111;
	7173 :	111111111111111011111111;
	7172 :	111111111111111111111111;
	7171 :	111111111111111111111111;
	7170 :	111111111111111111111111;
	7169 :	111111111111111111111111;
	7168 :	111111111111111111111111;
	7167 :	111111111111111111111111;
	7166 :	000110000000111110100001;
	7165 :	000110000000111110100001;
	7164 :	000110000000111110100001;
	7163 :	000110000000111110100001;
	7162 :	000110000000111110100001;
	7161 :	010001110100011111001111;
	7160 :	010001110100011111001111;
	7159 :	010001110100011111001111;
	7158 :	111111111111111111111111;
	7157 :	111111111111111111111111;
	7156 :	111111111111111111111111;
	7155 :	111111111111111111111111;
	7154 :	111111111111111111111111;
	7153 :	111111111111111111111111;
	7152 :	111111111111111111111111;
	7151 :	111111111111111111111111;
	7150 :	111111111111111111111111;
	7149 :	111111111111111111111111;
	7148 :	111111111111111111111111;
	7147 :	111111111111111111111111;
	7146 :	111111111111111111111111;
	7145 :	111111111111111111111111;
	7144 :	111111111111111111111111;
	7143 :	111111111111111111111111;
	7142 :	111111111111111111111111;
	7141 :	111111111111111111111111;
	7140 :	111111111111111111111111;
	7139 :	111111111111111111111111;
	7138 :	000110000000111110100001;
	7137 :	000110000000111110100001;
	7136 :	000110000000111110100001;
	7135 :	000110000000111110100001;
	7134 :	000110000000111110100001;
	7133 :	010001110100011111001111;
	7132 :	010001110100011111001111;
	7131 :	010001110100011111001111;
	7130 :	010001110100011111001111;
	7129 :	111111111111111111111111;
	7128 :	111111111111111111111111;
	7127 :	111111111111111111111111;
	7126 :	111111111111111111111111;
	7125 :	111111111111111111111111;
	7124 :	111111111111111111111111;
	7123 :	111111111111111111111111;
	7122 :	111111111111111111111111;
	7121 :	111111111111111111111111;
	7120 :	111111111111111111111111;
	7119 :	111111111111111111111111;
	7118 :	111111111111111111111111;
	7117 :	111111111111111111111111;
	7116 :	111111111111111111111111;
	7115 :	000110000000111110100001;
	7114 :	000110000000111110100001;
	7113 :	000110000000111110100001;
	7112 :	000110000000111110100001;
	7111 :	000110000000111110100001;
	7110 :	010001110100011111001111;
	7109 :	010001110100011111001111;
	7108 :	010001110100011111001111;
	7107 :	010001110100011111001111;
	7106 :	010001110100011111001111;
	7105 :	111111111111111111111111;
	7104 :	111111111111111111111111;
	7103 :	111111111111111111111111;
	7102 :	111111111111111111111111;
	7101 :	111111111111111111111111;
	7100 :	111111111111111111111111;
	7099 :	111111111111111111111111;
	7098 :	111111111111111111111111;
	7097 :	111111111111111111111111;
	7096 :	111111111111111111111111;
	7095 :	111111111111111111111111;
	7094 :	111111111111111111111111;
	7093 :	111111111111111111111110;
	7092 :	111111111111111111111111;
	7091 :	111111111111111111111111;
	7090 :	111111111111111111111111;
	7089 :	111111111111111111111111;
	7088 :	111111111111111111111111;
	7087 :	111111111111111111111111;
	7086 :	111111111111111111111111;
	7085 :	111111111111111111111111;
	7084 :	111111111111111111111111;
	7083 :	111111111111111111111111;
	7082 :	000110000000111110100001;
	7081 :	000110000000111110100001;
	7080 :	000110000000111110100001;
	7079 :	000110000000111110100001;
	7078 :	010001110100011111001111;
	7077 :	111111111111111111111111;
	7076 :	111111111111111111111111;
	7075 :	111111111111111111111111;
	7074 :	111111111111111111111111;
	7073 :	111111111111111111111111;
	7072 :	111111111111111111111111;
	7071 :	111111111111111111111111;
	7070 :	111111111111111111111111;
	7069 :	111111111111111111111111;
	7068 :	111111111111111111111111;
	7067 :	111111111111111011111111;
	7066 :	111111111111111111111111;
	7065 :	111111111111111111111111;
	7064 :	111111111111111111111111;
	7063 :	111111111111111111111111;
	7062 :	111111111111111111111111;
	7061 :	111111111111111111111111;
	7060 :	111111111111111111111111;
	7059 :	111111111111111111111111;
	7058 :	000110000000111110100001;
	7057 :	000110000000111110100001;
	7056 :	000110000000111110100001;
	7055 :	000110000000111110100001;
	7054 :	000110000000111110100001;
	7053 :	010001110100011111001111;
	7052 :	010001110100011111001111;
	7051 :	010001110100011111001110;
	7050 :	010001110100011111001111;
	7049 :	010001110100011111001111;
	7048 :	010001110100011111001111;
	7047 :	010001110100011111001111;
	7046 :	010001110100011111001111;
	7045 :	010001110100011111001111;
	7044 :	010100100011101100111101;
	7043 :	010100100011101100111101;
	7042 :	010100100011101100111101;
	7041 :	010100100011101100111101;
	7040 :	000000000000000000000000;
	7039 :	000000000000000000000000;
	7038 :	000000000000000000000000;
	7037 :	000000000000000000000000;
	7036 :	000000000000000000000000;
	7035 :	000000000000000000000000;
	7034 :	000000000000000000000000;
	7033 :	000000000000000000000000;
	7032 :	000000000000000000000000;
	7031 :	000000000000000000000000;
	7030 :	000000000000000000000000;
	7029 :	000000000000000000000000;
	7028 :	000000000000000000000000;
	7027 :	000000000000000000000000;
	7026 :	000000000000000000000000;
	7025 :	000000000000000000000000;
	7024 :	000000000000000000000000;
	7023 :	000000000000000000000000;
	7022 :	000000000000000000000000;
	7021 :	000000000000000000000000;
	7020 :	000000000000000000000000;
	7019 :	000000000000000000000000;
	7018 :	000000000000000000000000;
	7017 :	010100100011101100111101;
	7016 :	010100100011101100111101;
	7015 :	010100100011101100111101;
	7014 :	000110000000111110100001;
	7013 :	000110000000111110100001;
	7012 :	000110000000111110100001;
	7011 :	000110000000111110100001;
	7010 :	010001110100011111001111;
	7009 :	010001110100011111001111;
	7008 :	010001110100011111001111;
	7007 :	010001110100011111001111;
	7006 :	010001110100011111001111;
	7005 :	111111111111111111111111;
	7004 :	111111111111111111111111;
	7003 :	111111111111111111111111;
	7002 :	111111111111111111111111;
	7001 :	111111111111111111111111;
	7000 :	111111111111111111111111;
	6999 :	111111111111111111111111;
	6998 :	111111111111111111111111;
	6997 :	111111111111111111111111;
	6996 :	111111111111111111111111;
	6995 :	111111111111111111111111;
	6994 :	111111111111111111111111;
	6993 :	111111111111111111111111;
	6992 :	111111111111111111111111;
	6991 :	111111111111111111111111;
	6990 :	111111111111111111111111;
	6989 :	111111111111111111111111;
	6988 :	111111111111111111111111;
	6987 :	111111111111111111111111;
	6986 :	111111111111111111111110;
	6985 :	111111111111111111111111;
	6984 :	111111111111111111111111;
	6983 :	111111111111111111111111;
	6982 :	111111111111111111111111;
	6981 :	000110000000111110100001;
	6980 :	000110000000111110100001;
	6979 :	000110000000111110100001;
	6978 :	000110000000111110100001;
	6977 :	000110000000111110100001;
	6976 :	010001110100011111001111;
	6975 :	010001110100011111001111;
	6974 :	010001110100011111001111;
	6973 :	111111111111111111111111;
	6972 :	111111111111111111111111;
	6971 :	111111111111111111111111;
	6970 :	111111111111111111111111;
	6969 :	111111111111111111111111;
	6968 :	111111111111111111111111;
	6967 :	111111111111111111111111;
	6966 :	111111111111111111111111;
	6965 :	111111111111111111111111;
	6964 :	111111111111111111111111;
	6963 :	111111111111111111111111;
	6962 :	111111111111111111111111;
	6961 :	111111111111111111111111;
	6960 :	111111111111111111111110;
	6959 :	111111111111111111111111;
	6958 :	111111111111111111111111;
	6957 :	111111111111111111111111;
	6956 :	111111111111111111111111;
	6955 :	111111111111111111111111;
	6954 :	111111111111111111111111;
	6953 :	000110000000111110100001;
	6952 :	000110000000111110100001;
	6951 :	000110000000111110100001;
	6950 :	000110000000111110100001;
	6949 :	000110000000111110100001;
	6948 :	010001110100011111001111;
	6947 :	010001110100011111001111;
	6946 :	010001110100011111001111;
	6945 :	010001100100011111001111;
	6944 :	111111111111111111111111;
	6943 :	111111111111111111111111;
	6942 :	111111111111111111111111;
	6941 :	111111111111111111111111;
	6940 :	111111111111111111111111;
	6939 :	111111111111111111111111;
	6938 :	111111111111111111111111;
	6937 :	111111111111111111111111;
	6936 :	111111111111111111111111;
	6935 :	111111111111111111111111;
	6934 :	111111111111111111111111;
	6933 :	111111111111111111111111;
	6932 :	111111111111111111111111;
	6931 :	111111111111111111111111;
	6930 :	000110000000111110100001;
	6929 :	000110000000111110100001;
	6928 :	000110000000111110100001;
	6927 :	000110000000111110100001;
	6926 :	000110000000111110100001;
	6925 :	010001110100011111001111;
	6924 :	010001110100011111001111;
	6923 :	010001110100011111001111;
	6922 :	010001110100011111001111;
	6921 :	010001110100011111001111;
	6920 :	111111111111111111111111;
	6919 :	111111111111111111111111;
	6918 :	111111111111111111111111;
	6917 :	111111111111111111111111;
	6916 :	111111111111111111111111;
	6915 :	111111111111111111111111;
	6914 :	111111111111111111111111;
	6913 :	111111111111111111111111;
	6912 :	111111111111111111111111;
	6911 :	111111111111111111111111;
	6910 :	111111111111111111111111;
	6909 :	111111111111111111111111;
	6908 :	111111111111111111111111;
	6907 :	111111111111111111111111;
	6906 :	111111111111111111111110;
	6905 :	111111111111111111111111;
	6904 :	111111111111111111111111;
	6903 :	111111111111111111111111;
	6902 :	111111111111111111111111;
	6901 :	111111111111111111111111;
	6900 :	111111111111111111111111;
	6899 :	111111111111111111111111;
	6898 :	111111111111111111111111;
	6897 :	000110000000111110100000;
	6896 :	000110000000111110100001;
	6895 :	000110000000111110100001;
	6894 :	000110000000111110100001;
	6893 :	010001110100011011001111;
	6892 :	111111111111111111111111;
	6891 :	111111111111111111111111;
	6890 :	111111111111111111111111;
	6889 :	111111111111111111111111;
	6888 :	111111111111111111111111;
	6887 :	111111111111111111111111;
	6886 :	111111111111111111111111;
	6885 :	111111111111111111111111;
	6884 :	111111111111111111111111;
	6883 :	111111111111111111111111;
	6882 :	111111111111111111111111;
	6881 :	111111111111111111111111;
	6880 :	111111111111111111111110;
	6879 :	111111101111111111111111;
	6878 :	111111111111111111111111;
	6877 :	111111111111111111111111;
	6876 :	111111111111111111111111;
	6875 :	111111111111111111111111;
	6874 :	111111111111111111111111;
	6873 :	000110000000111110100001;
	6872 :	000110000000111110100001;
	6871 :	000110000000111110100001;
	6870 :	000110000000111110100001;
	6869 :	000110000000111110100001;
	6868 :	010001110100011111001111;
	6867 :	010001110100011111001111;
	6866 :	010001110100011111001111;
	6865 :	010001110100011111001111;
	6864 :	010100100011101100111101;
	6863 :	010100100011101100111101;
	6862 :	010100100011101100111101;
	6861 :	010100100011101100111101;
	6860 :	010100100011101100111101;
	6859 :	010100100011101100111101;
	6858 :	010100100011101100111101;
	6857 :	010100100011101100111100;
	6856 :	010100100011101100111101;
	6855 :	000000000000000000000000;
	6854 :	000000000000000000000000;
	6853 :	000000000000000000000000;
	6852 :	000000000000000000000000;
	6851 :	000000000000000000000000;
	6850 :	000000000000000000000000;
	6849 :	000000000000000000000000;
	6848 :	000000000000000000000000;
	6847 :	000000000000000000000000;
	6846 :	000000000000000000000000;
	6845 :	000000000000000000000000;
	6844 :	000000000000000000000000;
	6843 :	000000000000000000000000;
	6842 :	000000000000000000000000;
	6841 :	000000000000000000000000;
	6840 :	000000000000000000000000;
	6839 :	000000000000000000000000;
	6838 :	000000000000000000000000;
	6837 :	000000000000000000000000;
	6836 :	000000000000000000000000;
	6835 :	000000000000000000000000;
	6834 :	000000000000000000000000;
	6833 :	000000000000000000000000;
	6832 :	010100100011101100111101;
	6831 :	010100100011101100111101;
	6830 :	010100100011101100111101;
	6829 :	000110010000111110100001;
	6828 :	000110000000111110100001;
	6827 :	000110000000111110100001;
	6826 :	000110000000111110100001;
	6825 :	010001110100011111001111;
	6824 :	010001110100011111001111;
	6823 :	010001110100011111001111;
	6822 :	010001110100011111001111;
	6821 :	010001110100011111001111;
	6820 :	111111101111111111111111;
	6819 :	111111111111111111111111;
	6818 :	111111111111111111111111;
	6817 :	111111111111111111111111;
	6816 :	111111111111111111111111;
	6815 :	111111111111111111111111;
	6814 :	111111111111111111111111;
	6813 :	111111111111111111111111;
	6812 :	111111101111111111111111;
	6811 :	111111111111111111111111;
	6810 :	111111111111111111111111;
	6809 :	111111101111111111111111;
	6808 :	111111111111111111111111;
	6807 :	111111111111111111111111;
	6806 :	111111111111111111111111;
	6805 :	111111111111111111111111;
	6804 :	111111111111111111111111;
	6803 :	111111111111111111111110;
	6802 :	111111111111111111111111;
	6801 :	111111111111111111111111;
	6800 :	111111111111111111111111;
	6799 :	111111111111111111111111;
	6798 :	111111111111111111111111;
	6797 :	111111111111111111111111;
	6796 :	000110000000111110100001;
	6795 :	000110000000111110100001;
	6794 :	000110000000111110100001;
	6793 :	000110000000111110100001;
	6792 :	000110000000111110100001;
	6791 :	010001110100011111001111;
	6790 :	010001110100011111001111;
	6789 :	010001110100011111001111;
	6788 :	111111111111111111111111;
	6787 :	111111111111111111111111;
	6786 :	111111101111111111111111;
	6785 :	111111111111111111111111;
	6784 :	111111111111111111111111;
	6783 :	111111111111111011111111;
	6782 :	111111111111111111111111;
	6781 :	111111111111111111111111;
	6780 :	111111111111111111111111;
	6779 :	111111111111111111111111;
	6778 :	111111111111111111111111;
	6777 :	111111111111111111111111;
	6776 :	111111111111111111111111;
	6775 :	111111111111111111111111;
	6774 :	111111111111111111111111;
	6773 :	111111111111111111111111;
	6772 :	111111111111111111111111;
	6771 :	111111111111111111111111;
	6770 :	111111111111111111111111;
	6769 :	111111111111111111111111;
	6768 :	000110000000111110100001;
	6767 :	000110000000111110100001;
	6766 :	000110000000111110100000;
	6765 :	000110000000111110100001;
	6764 :	000110000000111110100001;
	6763 :	010001110100011111001111;
	6762 :	010001110100011111001111;
	6761 :	010001110100011111001111;
	6760 :	010001110100011111001111;
	6759 :	111111111111111111111111;
	6758 :	111111111111111111111111;
	6757 :	111111111111111111111111;
	6756 :	111111111111111111111111;
	6755 :	111111111111111111111111;
	6754 :	111111111111111111111111;
	6753 :	111111111111111111111111;
	6752 :	111111111111111111111111;
	6751 :	111111111111111111111111;
	6750 :	111111111111111111111111;
	6749 :	111111111111111111111111;
	6748 :	111111111111111111111111;
	6747 :	111111111111111111111111;
	6746 :	111111111111111111111111;
	6745 :	000110000000111110100001;
	6744 :	000110000000111110100000;
	6743 :	000110000000111110100001;
	6742 :	000110000000111110100001;
	6741 :	000110000000111110100001;
	6740 :	010001110100011111001111;
	6739 :	010001110100011111001111;
	6738 :	010001110100011111001111;
	6737 :	010001110100011111001111;
	6736 :	010001110100011111001111;
	6735 :	111111111111111111111111;
	6734 :	111111111111111111111111;
	6733 :	111111111111111111111111;
	6732 :	111111111111111111111111;
	6731 :	111111111111111111111111;
	6730 :	111111111111111111111111;
	6729 :	111111111111111111111111;
	6728 :	111111111111111111111111;
	6727 :	111111111111111111111111;
	6726 :	111111111111111011111111;
	6725 :	111111111111111111111111;
	6724 :	111111111111111111111111;
	6723 :	111111111111111111111111;
	6722 :	111111111111111111111111;
	6721 :	111111111111111111111111;
	6720 :	111111111111111111111111;
	6719 :	111111111111111111111111;
	6718 :	111111111111111111111111;
	6717 :	111111111111111111111111;
	6716 :	111111111111111111111111;
	6715 :	111111111111111111111111;
	6714 :	111111111111111111111111;
	6713 :	111111111111111111111111;
	6712 :	000110000000111110100001;
	6711 :	000110000000111110100000;
	6710 :	000110000000111110100001;
	6709 :	000110000000111110100001;
	6708 :	010001110100011111001111;
	6707 :	111111111111111111111111;
	6706 :	111111111111111111111111;
	6705 :	111111111111111111111111;
	6704 :	111111111111111111111111;
	6703 :	111111111111111111111111;
	6702 :	111111111111111111111111;
	6701 :	111111111111111111111111;
	6700 :	111111111111111111111111;
	6699 :	111111111111111111111110;
	6698 :	111111111111111111111111;
	6697 :	111111111111111111111111;
	6696 :	111111111111111111111111;
	6695 :	111111111111111111111111;
	6694 :	111111111111111111111111;
	6693 :	111111111111111111111111;
	6692 :	111111111111111111111111;
	6691 :	111111111111111111111111;
	6690 :	111111111111111111111110;
	6689 :	111111111111111111111111;
	6688 :	000110000000111110100001;
	6687 :	000110000000111110100001;
	6686 :	000110000000111110100001;
	6685 :	000110000000111110100001;
	6684 :	000110000000111110100001;
	6683 :	010001110100011111001111;
	6682 :	010001110100011111001111;
	6681 :	010001110100011111001111;
	6680 :	010001110100011111001111;
	6679 :	010100100011101100111101;
	6678 :	010100100011101100111101;
	6677 :	010100100011101100111101;
	6676 :	010100100011101100111101;
	6675 :	010100100011101100111101;
	6674 :	010100100011101100111101;
	6673 :	010100100011101100111101;
	6672 :	010100100011101100111101;
	6671 :	010100100011101100111101;
	6670 :	000000000000000000000000;
	6669 :	000000000000000000000000;
	6668 :	000000000000000000000000;
	6667 :	000000000000000000000000;
	6666 :	000000000000000000000000;
	6665 :	000000000000000000000000;
	6664 :	000000000000000000000000;
	6663 :	000000000000000000000000;
	6662 :	000000000000000000000000;
	6661 :	000000000000000000000000;
	6660 :	000000000000000000000000;
	6659 :	000000000000000000000000;
	6658 :	000000000000000000000000;
	6657 :	000000000000000000000000;
	6656 :	000000000000000000000000;
	6655 :	000000000000000000000000;
	6654 :	000000000000000000000000;
	6653 :	000000000000000000000000;
	6652 :	000000000000000000000000;
	6651 :	000000000000000000000000;
	6650 :	000000000000000000000000;
	6649 :	000000000000000000000000;
	6648 :	000000000000000000000000;
	6647 :	010100100011101100111101;
	6646 :	010100100011101000111101;
	6645 :	010100100011101100111101;
	6644 :	010100100011101100111101;
	6643 :	010100100011101100111101;
	6642 :	010100100011101100111101;
	6641 :	010100100011101100111101;
	6640 :	010001110100011111001111;
	6639 :	010001110100011111001111;
	6638 :	010001110100011111001111;
	6637 :	010001110100011111001111;
	6636 :	010001110100011111001111;
	6635 :	010001110100011111001111;
	6634 :	010001110100011111001111;
	6633 :	010001100100011111001111;
	6632 :	010001110100011111001111;
	6631 :	010001110100011111001111;
	6630 :	010001110100011111001111;
	6629 :	010001110100011111001111;
	6628 :	010001110100011111001111;
	6627 :	010001110100011111001111;
	6626 :	010001110100011111001111;
	6625 :	010001110100011111001111;
	6624 :	010001110100011111001111;
	6623 :	010001110100011111001111;
	6622 :	010001110100011111001111;
	6621 :	010001110100011111001111;
	6620 :	010001110100011111001111;
	6619 :	010001110100011111001111;
	6618 :	010001110100011111001111;
	6617 :	010001110100011111001111;
	6616 :	010001110100011111001111;
	6615 :	010001110100011111001111;
	6614 :	010001110100011111001111;
	6613 :	010001110100011111001111;
	6612 :	010001110100011111001111;
	6611 :	010001110100011111001111;
	6610 :	010001110100011111001111;
	6609 :	010001110100011111001111;
	6608 :	010001110100011111001111;
	6607 :	010001110100011111001111;
	6606 :	010001110100011111001111;
	6605 :	010001110100011111001111;
	6604 :	010001110100011111001111;
	6603 :	010001110100011111001111;
	6602 :	010001110100011111001111;
	6601 :	010001110100011111001111;
	6600 :	010001110100011111001111;
	6599 :	010001110100011111001110;
	6598 :	010001110100011111001111;
	6597 :	010001110100011111001111;
	6596 :	010001110100011111001111;
	6595 :	010001110100011111001111;
	6594 :	010001110100011111001111;
	6593 :	010001110100011111001110;
	6592 :	010001110100011111001111;
	6591 :	010001110100011111001111;
	6590 :	010001110100011111001111;
	6589 :	010001100100011111001111;
	6588 :	010001110100011111001111;
	6587 :	010001110100011111001111;
	6586 :	010001110100011111001111;
	6585 :	010001110100011111001111;
	6584 :	010001110100011111001111;
	6583 :	010001110100011111001111;
	6582 :	010001110100011111001111;
	6581 :	010001110100011111001110;
	6580 :	010001110100011111001111;
	6579 :	010001110100011111001111;
	6578 :	010001110100011111001111;
	6577 :	010001110100011111001111;
	6576 :	010001110100011111001111;
	6575 :	010001110100011111001111;
	6574 :	010001110100011111001111;
	6573 :	010001110100011111001111;
	6572 :	010001110100011111001111;
	6571 :	010001110100011111001111;
	6570 :	010001110100011111001111;
	6569 :	010001110100011111001111;
	6568 :	010001110100011111001111;
	6567 :	010001110100011111001111;
	6566 :	010001110100011111001111;
	6565 :	010001110100011111001111;
	6564 :	010001110100011111001111;
	6563 :	010001110100011111001111;
	6562 :	010001110100011111001111;
	6561 :	010001110100011111001111;
	6560 :	010001110100011111001111;
	6559 :	010001110100011111001111;
	6558 :	010001110100011111001111;
	6557 :	010001110100011111001111;
	6556 :	010001110100011111001111;
	6555 :	010001110100011111001111;
	6554 :	010001110100011111001111;
	6553 :	010001110100011111001111;
	6552 :	010001110100011111001111;
	6551 :	010001110100011111001111;
	6550 :	010001110100011111001111;
	6549 :	010001110100011111001111;
	6548 :	010001110100011111001111;
	6547 :	010001110100011111001111;
	6546 :	010001110100011111001111;
	6545 :	010001100100011111001111;
	6544 :	010001110100011111001111;
	6543 :	010001110100011111001111;
	6542 :	010001110100011111001111;
	6541 :	010001110100011111001111;
	6540 :	010001110100011111001111;
	6539 :	010001110100011111001111;
	6538 :	010001110100011111001111;
	6537 :	010001110100011111001111;
	6536 :	010001110100011111001111;
	6535 :	010001110100011111001111;
	6534 :	010001100100011111001111;
	6533 :	010001110100011111001111;
	6532 :	010001110100011011001111;
	6531 :	010001110100011111001111;
	6530 :	010001110100011111001111;
	6529 :	010001110100011111001111;
	6528 :	010001110100011111001111;
	6527 :	010001110100011111001111;
	6526 :	010001110100011111001111;
	6525 :	010001110100011111001111;
	6524 :	010001110100011111001111;
	6523 :	010001110100011111001111;
	6522 :	010001110100011111001111;
	6521 :	010001110100011111001111;
	6520 :	010001110100011111001110;
	6519 :	010001110100011111001111;
	6518 :	010001110100011111001111;
	6517 :	010001110100011011001111;
	6516 :	010001110100011011001111;
	6515 :	010001110100011111001111;
	6514 :	010001110100011111001111;
	6513 :	010001110100011111001111;
	6512 :	010001110100011111001111;
	6511 :	010001110100011111001111;
	6510 :	010001110100011111001111;
	6509 :	010001110100011111001111;
	6508 :	010001110100011111001111;
	6507 :	010001110100011111001111;
	6506 :	010001110100011111001111;
	6505 :	010001110100011111001111;
	6504 :	010001110100011111001111;
	6503 :	010001110100011111001111;
	6502 :	010001110100011111001111;
	6501 :	010001110100011111001111;
	6500 :	010001110100011111001111;
	6499 :	010001110100011111001111;
	6498 :	010001110100011111001111;
	6497 :	010001100100011111001111;
	6496 :	010001110100011111001111;
	6495 :	010001110100011111001111;
	6494 :	010100100011101100111101;
	6493 :	010100100011101100111101;
	6492 :	010100100011101100111101;
	6491 :	010100100011101100111101;
	6490 :	010100100011101100111101;
	6489 :	000000000000000000000000;
	6488 :	000000000000000000000000;
	6487 :	000000000000000000000000;
	6486 :	000000000000000000000000;
	6485 :	000000000000000000000000;
	6484 :	000000000000000000000000;
	6483 :	000000000000000000000000;
	6482 :	000000000000000000000000;
	6481 :	000000000000000000000000;
	6480 :	000000000000000000000000;
	6479 :	000000000000000000000000;
	6478 :	000000000000000000000000;
	6477 :	000000000000000000000000;
	6476 :	000000000000000000000000;
	6475 :	000000000000000000000000;
	6474 :	000000000000000000000000;
	6473 :	000000000000000000000000;
	6472 :	000000000000000000000000;
	6471 :	000000000000000000000000;
	6470 :	000000000000000000000000;
	6469 :	000000000000000000000000;
	6468 :	000000000000000000000000;
	6467 :	000000000000000000000000;
	6466 :	000000000000000000000000;
	6465 :	000000000000000000000000;
	6464 :	000000000000000000000000;
	6463 :	000000000000000000000000;
	6462 :	010100100011101100111101;
	6461 :	010100110011101100111101;
	6460 :	010100100011101100111101;
	6459 :	010100100011101100111101;
	6458 :	010100100011101100111101;
	6457 :	010100100011101100111101;
	6456 :	010100100011101100111101;
	6455 :	010001110100011111001111;
	6454 :	010001110100011111001111;
	6453 :	010001110100011111001111;
	6452 :	010001110100011111001111;
	6451 :	010001110100011111001111;
	6450 :	010001110100011111001111;
	6449 :	010001110100011111001111;
	6448 :	010001110100011111001111;
	6447 :	010001110100011111001111;
	6446 :	010001110100011111001110;
	6445 :	010001110100011111001111;
	6444 :	010001110100011111001111;
	6443 :	010001110100011111001111;
	6442 :	010001110100011111001111;
	6441 :	010001110100011111001111;
	6440 :	010001110100011111001111;
	6439 :	010001110100011111001111;
	6438 :	010001110100011111001111;
	6437 :	010001110100011111001111;
	6436 :	010001110100011111001111;
	6435 :	010001110100011111001111;
	6434 :	010001110100011111001111;
	6433 :	010001110100011111001111;
	6432 :	010001110100011111001111;
	6431 :	010001110100011111001111;
	6430 :	010001110100011111001111;
	6429 :	010001110100011111001111;
	6428 :	010001110100011111001111;
	6427 :	010001110100011111001111;
	6426 :	010001110100011111001111;
	6425 :	010001110100011111001111;
	6424 :	010001110100011011001111;
	6423 :	010001110100011111001111;
	6422 :	010001110100011111001111;
	6421 :	010001110100011111001111;
	6420 :	010001110100011011001111;
	6419 :	010001110100011111001111;
	6418 :	010001110100011111001111;
	6417 :	010001110100011111001111;
	6416 :	010001110100011111001111;
	6415 :	010001110100011111001111;
	6414 :	010001110100011111001111;
	6413 :	010001110100011111001111;
	6412 :	010001110100011111001111;
	6411 :	010001110100011111001111;
	6410 :	010001110100011111001111;
	6409 :	010001110100011111001111;
	6408 :	010001110100011111001111;
	6407 :	010001110100011111001111;
	6406 :	010001110100011111001111;
	6405 :	010001110100011111001111;
	6404 :	010001110100011111001111;
	6403 :	010001110100011111001111;
	6402 :	010001110100011111001111;
	6401 :	010001110100011111001110;
	6400 :	010001110100011111001111;
	6399 :	010001110100011111001111;
	6398 :	010001110100011111001111;
	6397 :	010001110100011111001111;
	6396 :	010001110100011111001111;
	6395 :	010001110100011111001111;
	6394 :	010001110100011111001111;
	6393 :	010001110100011111001111;
	6392 :	010001110100011111001111;
	6391 :	010001110100011111001111;
	6390 :	010001110100011111001111;
	6389 :	010001110100011111001111;
	6388 :	010001110100011111001111;
	6387 :	010001110100011111001111;
	6386 :	010001110100011111001111;
	6385 :	010001110100011111001111;
	6384 :	010001110100011111001111;
	6383 :	010001110100011111001111;
	6382 :	010001110100011111001111;
	6381 :	010001110100011111001111;
	6380 :	010001110100011111001111;
	6379 :	010001110100011111001111;
	6378 :	010001110100011111001111;
	6377 :	010001110100011111001111;
	6376 :	010001100100011111001111;
	6375 :	010001110100011111001111;
	6374 :	010001110100011111001111;
	6373 :	010001110100011111001111;
	6372 :	010001110100011111001111;
	6371 :	010001110100011111001111;
	6370 :	010001110100011111001111;
	6369 :	010001110100011111001111;
	6368 :	010001110100011111001111;
	6367 :	010001110100011111001111;
	6366 :	010001110100011111001111;
	6365 :	010001110100011111001111;
	6364 :	010001110100011111001111;
	6363 :	010001110100011111001111;
	6362 :	010001110100011111001111;
	6361 :	010001110100011111001111;
	6360 :	010001110100011111001111;
	6359 :	010001110100011111001111;
	6358 :	010001110100011111001111;
	6357 :	010001110100011111001111;
	6356 :	010001110100011111001111;
	6355 :	010001110100011111001111;
	6354 :	010001110100011111001111;
	6353 :	010001110100011111001111;
	6352 :	010001110100011111001111;
	6351 :	010001110100011111001111;
	6350 :	010001110100011111001111;
	6349 :	010001110100011111001111;
	6348 :	010001110100011111001111;
	6347 :	010001110100011111001111;
	6346 :	010001110100011111001111;
	6345 :	010001110100011111001111;
	6344 :	010001110100011111001111;
	6343 :	010001110100011111001111;
	6342 :	010001110100011111001111;
	6341 :	010001110100011111001111;
	6340 :	010001110100011111001111;
	6339 :	010001110100011111001111;
	6338 :	010001110100011111001111;
	6337 :	010001100100011111001111;
	6336 :	010001110100011111001111;
	6335 :	010001110100011111001111;
	6334 :	010001110100011111001111;
	6333 :	010001110100011111001111;
	6332 :	010001110100011111001111;
	6331 :	010001110100011111001111;
	6330 :	010001110100011111001111;
	6329 :	010001110100011111001111;
	6328 :	010001110100011111001111;
	6327 :	010001110100011111001111;
	6326 :	010001110100011111001111;
	6325 :	010001110100011111001111;
	6324 :	010001110100011111001111;
	6323 :	010001110100011111001111;
	6322 :	010001110100011111001111;
	6321 :	010001100100011111001111;
	6320 :	010001100100011111001111;
	6319 :	010001110100011111001111;
	6318 :	010001110100011111001111;
	6317 :	010001110100011111001111;
	6316 :	010001110100011111001111;
	6315 :	010001110100011111001111;
	6314 :	010001110100011111001111;
	6313 :	010001110100011111001111;
	6312 :	010001110100011111001111;
	6311 :	010001110100011111001111;
	6310 :	010001110100011111001111;
	6309 :	010100100011101100111101;
	6308 :	010100100011101100111101;
	6307 :	010100100011101100111101;
	6306 :	010100100011101100111101;
	6305 :	010100100011101100111101;
	6304 :	000000000000000000000000;
	6303 :	000000000000000000000000;
	6302 :	000000000000000000000000;
	6301 :	000000000000000000000000;
	6300 :	000000000000000000000000;
	6299 :	000000000000000000000000;
	6298 :	000000000000000000000000;
	6297 :	000000000000000000000000;
	6296 :	000000000000000000000000;
	6295 :	000000000000000000000000;
	6294 :	000000000000000000000000;
	6293 :	000000000000000000000000;
	6292 :	000000000000000000000000;
	6291 :	000000000000000000000000;
	6290 :	000000000000000000000000;
	6289 :	000000000000000000000000;
	6288 :	000000000000000000000000;
	6287 :	000000000000000000000000;
	6286 :	000000000000000000000000;
	6285 :	000000000000000000000000;
	6284 :	000000000000000000000000;
	6283 :	000000000000000000000000;
	6282 :	000000000000000000000000;
	6281 :	000000000000000000000000;
	6280 :	000000000000000000000000;
	6279 :	000000000000000000000000;
	6278 :	000000000000000000000000;
	6277 :	010100100011101100111101;
	6276 :	010100100011101100111101;
	6275 :	010100100011101100111101;
	6274 :	010100100011101100111101;
	6273 :	010100100011101100111101;
	6272 :	010100100011101100111101;
	6271 :	010100100011101100111101;
	6270 :	010001110100011111001111;
	6269 :	010001110100011111001111;
	6268 :	010001110100011111001111;
	6267 :	010001110100011111001111;
	6266 :	010001110100011111001111;
	6265 :	010001110100011111001111;
	6264 :	010001110100011111001111;
	6263 :	010001110100011111001111;
	6262 :	010001110100011111001111;
	6261 :	010001110100011111001111;
	6260 :	010001110100011111001111;
	6259 :	010001110100011111001110;
	6258 :	010001100100011111001111;
	6257 :	010001110100011111001111;
	6256 :	010001110100011111001111;
	6255 :	010001110100011111001111;
	6254 :	010001110100011111001111;
	6253 :	010001110100011111001111;
	6252 :	010001110100011111001111;
	6251 :	010001110100011111001111;
	6250 :	010001110100011111001111;
	6249 :	010001110100011111001111;
	6248 :	010001110100011011001111;
	6247 :	010001110100011111001111;
	6246 :	010001110100011111001111;
	6245 :	010001110100011111001111;
	6244 :	010001110100011111001111;
	6243 :	010001110100011111001111;
	6242 :	010001110100011111001111;
	6241 :	010001110100011111001111;
	6240 :	010001110100011111001111;
	6239 :	010001110100011111001111;
	6238 :	010001110100011111001111;
	6237 :	010001110100011111001111;
	6236 :	010001110100011111001111;
	6235 :	010001110100011111001111;
	6234 :	010001110100011111001111;
	6233 :	010001110100011111001111;
	6232 :	010001110100011111001111;
	6231 :	010001100100011111001111;
	6230 :	010001110100011111001111;
	6229 :	010001110100011111001111;
	6228 :	010001110100011111001111;
	6227 :	010001110100011111001111;
	6226 :	010001110100011111001111;
	6225 :	010001110100011111001111;
	6224 :	010001110100011111001111;
	6223 :	010001110100011111001111;
	6222 :	010001110100011111001111;
	6221 :	010001110100011111001111;
	6220 :	010001110100011111001111;
	6219 :	010001110100011111001111;
	6218 :	010001110100011111001111;
	6217 :	010001100100011111001111;
	6216 :	010001110100011011001111;
	6215 :	010001110100011111001111;
	6214 :	010001110100011111001111;
	6213 :	010001110100011111001111;
	6212 :	010001110100011111001111;
	6211 :	010001110100011111001111;
	6210 :	010001100100011111001111;
	6209 :	010001110100011111001111;
	6208 :	010001110100011111001111;
	6207 :	010001110100011111001111;
	6206 :	010001110100011111001111;
	6205 :	010001110100011111001111;
	6204 :	010001110100011111001111;
	6203 :	010001110100011111001111;
	6202 :	010001110100011111001111;
	6201 :	010001110100011111001111;
	6200 :	010001110100011111001111;
	6199 :	010001110100011111001111;
	6198 :	010001110100011111001111;
	6197 :	010001110100011111001111;
	6196 :	010001110100011111001111;
	6195 :	010001110100011011001111;
	6194 :	010001110100011111001111;
	6193 :	010001110100011111001111;
	6192 :	010001110100011111001111;
	6191 :	010001110100011111001111;
	6190 :	010001110100011111001111;
	6189 :	010001110100011111001111;
	6188 :	010001110100011111001111;
	6187 :	010001110100011111001111;
	6186 :	010001110100011111001111;
	6185 :	010001110100011111001111;
	6184 :	010001110100011111001111;
	6183 :	010001110100011111001111;
	6182 :	010001110100011111001111;
	6181 :	010001110100011111001110;
	6180 :	010001110100011011001111;
	6179 :	010001110100011111001111;
	6178 :	010001110100011111001111;
	6177 :	010001110100011111001111;
	6176 :	010001110100011111001111;
	6175 :	010001110100011111001111;
	6174 :	010001110100011111001111;
	6173 :	010001110100011111001111;
	6172 :	010001110100011011001111;
	6171 :	010001110100011111001111;
	6170 :	010001110100011111001111;
	6169 :	010001110100011011001111;
	6168 :	010001110100011111001111;
	6167 :	010001110100011111001111;
	6166 :	010001110100011111001111;
	6165 :	010001110100011111001111;
	6164 :	010001110100011111001111;
	6163 :	010001110100011111001111;
	6162 :	010001110100011011001111;
	6161 :	010001110100011111001111;
	6160 :	010001110100011111001111;
	6159 :	010001110100011111001111;
	6158 :	010001110100011111001111;
	6157 :	010001110100011111001111;
	6156 :	010001110100011111001111;
	6155 :	010001110100011111001111;
	6154 :	010001110100011111001110;
	6153 :	010001110100011111001111;
	6152 :	010001110100011111001111;
	6151 :	010001110100011111001111;
	6150 :	010001110100011111001111;
	6149 :	010001110100011111001111;
	6148 :	010001110100011111001111;
	6147 :	010001110100011111001111;
	6146 :	010001110100011111001111;
	6145 :	010001110100011111001111;
	6144 :	010001110100011111001111;
	6143 :	010001110100011011001111;
	6142 :	010001110100011111001111;
	6141 :	010001110100011111001111;
	6140 :	010001110100011111001111;
	6139 :	010001110100011111001111;
	6138 :	010001110100011111001111;
	6137 :	010001110100011111001111;
	6136 :	010001110100011111001111;
	6135 :	010001110100011111001111;
	6134 :	010001110100011111001111;
	6133 :	010001110100011111001110;
	6132 :	010001110100011111001111;
	6131 :	010001110100011111001111;
	6130 :	010001110100011111001111;
	6129 :	010001110100011111001111;
	6128 :	010001110100011111001111;
	6127 :	010001110100011111001111;
	6126 :	010001110100011111001111;
	6125 :	010001110100011111001111;
	6124 :	010100100011101100111101;
	6123 :	010100100011101100111101;
	6122 :	010100100011101100111101;
	6121 :	010100100011101100111101;
	6120 :	010100100011101100111101;
	6119 :	000000000000000000000000;
	6118 :	000000000000000000000000;
	6117 :	000000000000000000000000;
	6116 :	000000000000000000000000;
	6115 :	000000000000000000000000;
	6114 :	000000000000000000000000;
	6113 :	000000000000000000000000;
	6112 :	000000000000000000000001;
	6111 :	000000000000000000000000;
	6110 :	000000000000000000000000;
	6109 :	000000000000000000000000;
	6108 :	000000000000000000000000;
	6107 :	000000000000000000000000;
	6106 :	000000000000000000000000;
	6105 :	000000000000000000000000;
	6104 :	000000000000000000000000;
	6103 :	000000000000000000000000;
	6102 :	000000000000000000000000;
	6101 :	000000000000000000000000;
	6100 :	000000000000000000000000;
	6099 :	000000000000000000000000;
	6098 :	000000000000000000000000;
	6097 :	000000000000000000000000;
	6096 :	000000000000000000000000;
	6095 :	000000000000000000000000;
	6094 :	000000000000000000000000;
	6093 :	000000000000000000000000;
	6092 :	010100110011101100111101;
	6091 :	010100100011101100111101;
	6090 :	010100100011101100111101;
	6089 :	010100100011101100111101;
	6088 :	010100100011101100111101;
	6087 :	010100100011101100111101;
	6086 :	010100100011101100111101;
	6085 :	010001110100011111001111;
	6084 :	010001110100011111001111;
	6083 :	010001110100011111001111;
	6082 :	010001100100011111001111;
	6081 :	010001110100011111001111;
	6080 :	010001110100011111001111;
	6079 :	010001110100011111001111;
	6078 :	010001110100011111001111;
	6077 :	010001110100011111001111;
	6076 :	010001110100011111001111;
	6075 :	010001110100011111001111;
	6074 :	010001110100011111001111;
	6073 :	010001110100011111001111;
	6072 :	010001110100011111001111;
	6071 :	010001110100011111001111;
	6070 :	010001110100011111001111;
	6069 :	010001110100011111001111;
	6068 :	010001110100011111001111;
	6067 :	010001110100011111001111;
	6066 :	010001110100011111001111;
	6065 :	010001110100011011001111;
	6064 :	010001110100011111001111;
	6063 :	010001110100011111001111;
	6062 :	010001110100011111001111;
	6061 :	010001110100011111001111;
	6060 :	010001110100011111001111;
	6059 :	010001110100011111001111;
	6058 :	010001110100011111001111;
	6057 :	010001110100011111001111;
	6056 :	010001110100011111001111;
	6055 :	010001110100011111001111;
	6054 :	010001110100011111001111;
	6053 :	010001110100011111001111;
	6052 :	010001110100011111001111;
	6051 :	010001110100011111001111;
	6050 :	010001110100011111001111;
	6049 :	010001110100011111001111;
	6048 :	010001110100011111001111;
	6047 :	010001110100011111001111;
	6046 :	010001110100011111001111;
	6045 :	010001110100011111001111;
	6044 :	010001110100011111001111;
	6043 :	010001110100011111001111;
	6042 :	010001100100011111001111;
	6041 :	010001110100011111001111;
	6040 :	010001110100011111001111;
	6039 :	010001110100011111001111;
	6038 :	010001110100011111001111;
	6037 :	010001110100011111001111;
	6036 :	010001110100011111001111;
	6035 :	010001110100011111001111;
	6034 :	010001110100011111001111;
	6033 :	010001110100011111001111;
	6032 :	010001110100011111001111;
	6031 :	010001110100011111001111;
	6030 :	010001110100011111001111;
	6029 :	010001110100011111001111;
	6028 :	010001110100011111001111;
	6027 :	010001110100011111001111;
	6026 :	010001110100011111001111;
	6025 :	010001110100011111001111;
	6024 :	010001110100011111001111;
	6023 :	010001110100011011001111;
	6022 :	010001100100011111001111;
	6021 :	010001110100011111001111;
	6020 :	010001110100011111001111;
	6019 :	010001110100011111001111;
	6018 :	010001110100011111001111;
	6017 :	010001110100011111001111;
	6016 :	010001110100011111001111;
	6015 :	010001110100011111001111;
	6014 :	010001110100011111001111;
	6013 :	010001110100011111001111;
	6012 :	010001110100011111001111;
	6011 :	010001110100011111001111;
	6010 :	010001110100011111001111;
	6009 :	010001110100011111001111;
	6008 :	010001110100011111001111;
	6007 :	010001110100011111001111;
	6006 :	010001110100011111001111;
	6005 :	010001110100011111001111;
	6004 :	010001110100011111001111;
	6003 :	010001110100011111001111;
	6002 :	010001110100011111001111;
	6001 :	010001110100011111001111;
	6000 :	010001110100011111001111;
	5999 :	010001110100011111001110;
	5998 :	010001110100011111001111;
	5997 :	010001110100011111001111;
	5996 :	010001110100011111001111;
	5995 :	010001110100011111001111;
	5994 :	010001110100011111001111;
	5993 :	010001110100011111001110;
	5992 :	010001110100011111001111;
	5991 :	010001110100011111001111;
	5990 :	010001110100011111001111;
	5989 :	010001110100011111001111;
	5988 :	010001110100011111001111;
	5987 :	010001110100011111001111;
	5986 :	010001110100011111001111;
	5985 :	010001110100011111001111;
	5984 :	010001110100011111001111;
	5983 :	010001110100011111001111;
	5982 :	010001110100011111001111;
	5981 :	010001110100011111001111;
	5980 :	010001110100011111001111;
	5979 :	010001110100011111001111;
	5978 :	010001100100011111001111;
	5977 :	010001110100011111001111;
	5976 :	010001110100011111001111;
	5975 :	010001110100011111001111;
	5974 :	010001110100011111001111;
	5973 :	010001110100011111001111;
	5972 :	010001110100011111001111;
	5971 :	010001110100011111001111;
	5970 :	010001110100011111001111;
	5969 :	010001110100011111001111;
	5968 :	010001110100011111001111;
	5967 :	010001110100011111001111;
	5966 :	010001110100011111001111;
	5965 :	010001110100011111001111;
	5964 :	010001110100011111001111;
	5963 :	010001110100011111001111;
	5962 :	010001110100011111001111;
	5961 :	010001110100011111001111;
	5960 :	010001110100011111001111;
	5959 :	010001110100011111001111;
	5958 :	010001110100011111001111;
	5957 :	010001110100011111001111;
	5956 :	010001110100011111001111;
	5955 :	010001110100011111001111;
	5954 :	010001110100011111001111;
	5953 :	010001110100011111001111;
	5952 :	010001110100011111001111;
	5951 :	010001110100011111001111;
	5950 :	010001110100011111001111;
	5949 :	010001110100011111001111;
	5948 :	010001110100011111001111;
	5947 :	010001110100011111001111;
	5946 :	010001110100011111001111;
	5945 :	010001110100011111001111;
	5944 :	010001110100011111001111;
	5943 :	010001110100011111001111;
	5942 :	010001110100011111001111;
	5941 :	010001110100011111001111;
	5940 :	010001110100011111001111;
	5939 :	010100100011101100111101;
	5938 :	010100100011101100111101;
	5937 :	010100100011101100111101;
	5936 :	010100100011101100111101;
	5935 :	010100100011101100111101;
	5934 :	000000000000000000000000;
	5933 :	000000000000000000000000;
	5932 :	000000000000000000000000;
	5931 :	000000000000000000000000;
	5930 :	000000000000000000000000;
	5929 :	000000000000000000000000;
	5928 :	000000000000000000000000;
	5927 :	000000000000000000000000;
	5926 :	000000000000000000000000;
	5925 :	000000000000000000000000;
	5924 :	000000000000000000000000;
	5923 :	000000000000000000000000;
	5922 :	000000000000000000000000;
	5921 :	000000000000000000000000;
	5920 :	000000000000000000000000;
	5919 :	000000000000000000000000;
	5918 :	000000000000000000000000;
	5917 :	000000000000000000000000;
	5916 :	000000000000000000000000;
	5915 :	000000000000000000000000;
	5914 :	000000000000000000000000;
	5913 :	000000000000000000000000;
	5912 :	000000000000000000000000;
	5911 :	000000000000000000000000;
	5910 :	000000000000000000000000;
	5909 :	000000000000000000000000;
	5908 :	000000000000000000000000;
	5907 :	000000000000000000000000;
	5906 :	000000000000000000000000;
	5905 :	000000000000000000000000;
	5904 :	000000000000000000000000;
	5903 :	000000000000000000000000;
	5902 :	000000000000000000000000;
	5901 :	000000000000000000000000;
	5900 :	010100100011101100111101;
	5899 :	010100100011101100111101;
	5898 :	010100100011101100111101;
	5897 :	010100100011101100111101;
	5896 :	010100100011101100111101;
	5895 :	010001110100011111001111;
	5894 :	010001110100011111001111;
	5893 :	010001110100011111001111;
	5892 :	010001110100011111001111;
	5891 :	010001110100011111001111;
	5890 :	010001110100011111001111;
	5889 :	010001110100011111001111;
	5888 :	010001110100011111001111;
	5887 :	010001110100011111001111;
	5886 :	010001110100011111001111;
	5885 :	010001110100011111001111;
	5884 :	010001110100011111001111;
	5883 :	010001110100011111001111;
	5882 :	010001110100011111001111;
	5881 :	010001110100011111001111;
	5880 :	010001110100011111001111;
	5879 :	010001110100011111001111;
	5878 :	010001110100011111001111;
	5877 :	010001110100011111001111;
	5876 :	010001110100011111001111;
	5875 :	010001110100011111001111;
	5874 :	010001110100011111001111;
	5873 :	010001110100011111001111;
	5872 :	010001110100011111001111;
	5871 :	010001110100011111001111;
	5870 :	010001110100011111001111;
	5869 :	010001100100011111001111;
	5868 :	010001110100011111001111;
	5867 :	010001110100011111001111;
	5866 :	010001110100011111001111;
	5865 :	010001110100011111001111;
	5864 :	010001110100011111001111;
	5863 :	010001110100011111001111;
	5862 :	010001110100011111001111;
	5861 :	010001110100011111001111;
	5860 :	010001110100011111001110;
	5859 :	010001110100011111001111;
	5858 :	010001110100011111001111;
	5857 :	010001110100011111001111;
	5856 :	010001110100011111001111;
	5855 :	010001110100011111001111;
	5854 :	010001110100011111001111;
	5853 :	010001110100011011001111;
	5852 :	010001110100011111001111;
	5851 :	010001110100011111001111;
	5850 :	010001110100011111001111;
	5849 :	010001110100011111001111;
	5848 :	010001110100011111001111;
	5847 :	010001110100011111001111;
	5846 :	010001110100011111001111;
	5845 :	010001110100011111001111;
	5844 :	010001110100011111001111;
	5843 :	010001110100011111001111;
	5842 :	010001110100011111001111;
	5841 :	010001110100011111001111;
	5840 :	010001110100011111001111;
	5839 :	010001110100011111001111;
	5838 :	010001110100011111001111;
	5837 :	010001110100011111001111;
	5836 :	010001110100011111001111;
	5835 :	010001110100011111001111;
	5834 :	010001110100011111001111;
	5833 :	010001110100011111001111;
	5832 :	010001110100011011001111;
	5831 :	010001110100011111001111;
	5830 :	010001110100011111001111;
	5829 :	010001110100011111001111;
	5828 :	010001110100011111001111;
	5827 :	010001110100011111001111;
	5826 :	010001110100011111001111;
	5825 :	010001110100011111001111;
	5824 :	010001110100011111001111;
	5823 :	010001110100011111001111;
	5822 :	010001110100011111001111;
	5821 :	010001110100011111001111;
	5820 :	010001110100011111001111;
	5819 :	010001110100011111001111;
	5818 :	010001110100011111001111;
	5817 :	010001110100011111001111;
	5816 :	010001110100011111001111;
	5815 :	010001110100011111001111;
	5814 :	010001110100011111001111;
	5813 :	010001110100011111001111;
	5812 :	010001110100011111001111;
	5811 :	010001110100011111001111;
	5810 :	010001110100011111001111;
	5809 :	010001110100011111001111;
	5808 :	010001110100011111001111;
	5807 :	010001110100011011001111;
	5806 :	010001110100011111001111;
	5805 :	010001110100011111001111;
	5804 :	010001110100011111001111;
	5803 :	010001110100011111001110;
	5802 :	010001110100011111001111;
	5801 :	010001110100011111001111;
	5800 :	010001100100011111001111;
	5799 :	010001110100011111001111;
	5798 :	010001110100011111001111;
	5797 :	010001110100011111001111;
	5796 :	010001110100011111001111;
	5795 :	010001110100011111001111;
	5794 :	010001110100011111001111;
	5793 :	010001110100011111001111;
	5792 :	010001110100011111001111;
	5791 :	010001110100011111001111;
	5790 :	010001110100011111001111;
	5789 :	010001110100011111001111;
	5788 :	010001110100011111001111;
	5787 :	010001110100011111001111;
	5786 :	010001110100011111001111;
	5785 :	010001110100011111001111;
	5784 :	010001110100011111001111;
	5783 :	010001110100011111001111;
	5782 :	010001110100011111001111;
	5781 :	010001110100011111001111;
	5780 :	010001110100011111001111;
	5779 :	010001110100011111001111;
	5778 :	010001110100011111001111;
	5777 :	010001110100011111001111;
	5776 :	010001110100011111001111;
	5775 :	010001110100011111001110;
	5774 :	010001110100011111001111;
	5773 :	010001110100011011001111;
	5772 :	010001110100011111001111;
	5771 :	010001110100011111001111;
	5770 :	010001110100011111001111;
	5769 :	010001110100011111001111;
	5768 :	010001110100011111001111;
	5767 :	010001110100011111001111;
	5766 :	010001110100011111001111;
	5765 :	010001110100011111001111;
	5764 :	010001110100011111001111;
	5763 :	010001110100011111001111;
	5762 :	010001110100011111001111;
	5761 :	010001110100011111001111;
	5760 :	010001110100011111001111;
	5759 :	010100100011101100111101;
	5758 :	010100100011101100111101;
	5757 :	010100100011101100111101;
	5756 :	010100100011101100111101;
	5755 :	010100100011101100111101;
	5754 :	000000000000000000000000;
	5753 :	000000000000000000000000;
	5752 :	000000000000000000000000;
	5751 :	000000000000000000000000;
	5750 :	000000000000000000000000;
	5749 :	000000000000000000000000;
	5748 :	000000000000000000000000;
	5747 :	000000000000000000000000;
	5746 :	000000000000000000000000;
	5745 :	000000000000000000000000;
	5744 :	000000000000000000000000;
	5743 :	000000000000000000000000;
	5742 :	000000000000000000000000;
	5741 :	000000000000000000000000;
	5740 :	000000000000000000000000;
	5739 :	000000000000000000000000;
	5738 :	000000000000000000000000;
	5737 :	000000000000000000000000;
	5736 :	000000000000000000000000;
	5735 :	000000000000000000000000;
	5734 :	000000000000000000000000;
	5733 :	000000000000000000000000;
	5732 :	000000000000000000000000;
	5731 :	000000000000000000000000;
	5730 :	000000000000000000000000;
	5729 :	000000000000000000000000;
	5728 :	000000000000000000000000;
	5727 :	000000000000000000000000;
	5726 :	000000000000000000000000;
	5725 :	000000000000000000000001;
	5724 :	000000000000000000000000;
	5723 :	000000000000000000000000;
	5722 :	000000000000000000000000;
	5721 :	000000000000000000000000;
	5720 :	000000000000000000000000;
	5719 :	000000000000000000000000;
	5718 :	000000000000000000000000;
	5717 :	000000000000000000000000;
	5716 :	000000000000000000000000;
	5715 :	000000000000000000000000;
	5714 :	010100110011101100111101;
	5713 :	010100100011101100111101;
	5712 :	010100100011101100111101;
	5711 :	010100100011101100111101;
	5710 :	010001110100011111001111;
	5709 :	010001110100011111001111;
	5708 :	010001110100011111001111;
	5707 :	010001110100011111001111;
	5706 :	010001110100011111001111;
	5705 :	010001110100011111001111;
	5704 :	010001110100011111001111;
	5703 :	010001110100011111001111;
	5702 :	010001110100011111001111;
	5701 :	010001110100011111001111;
	5700 :	010001110100011111001111;
	5699 :	010001110100011111001111;
	5698 :	010001110100011111001111;
	5697 :	010001110100011111001111;
	5696 :	010001110100011111001111;
	5695 :	010001110100011111001111;
	5694 :	010001110100011111001111;
	5693 :	010001110100011111001111;
	5692 :	010001110100011111001111;
	5691 :	010001110100011111001111;
	5690 :	010001110100011111001111;
	5689 :	010001110100011111001111;
	5688 :	010001110100011111001111;
	5687 :	010001110100011111001111;
	5686 :	010001110100011111001111;
	5685 :	010001110100011111001111;
	5684 :	010001110100011111001111;
	5683 :	010001110100011111001111;
	5682 :	010001110100011111001111;
	5681 :	010001100100011111001111;
	5680 :	010001110100011111001111;
	5679 :	010001110100011111001111;
	5678 :	010001110100011111001111;
	5677 :	010001110100011111001111;
	5676 :	010001110100011111001111;
	5675 :	010001110100011111001111;
	5674 :	010001110100011111001111;
	5673 :	010001110100011111001111;
	5672 :	010001110100011111001111;
	5671 :	010001110100011111001111;
	5670 :	010001110100011111001111;
	5669 :	010001110100011111001111;
	5668 :	010001110100011111001111;
	5667 :	010001110100011111001111;
	5666 :	010001110100011111001111;
	5665 :	010001110100011111001111;
	5664 :	010001110100011111001111;
	5663 :	010001110100011111001111;
	5662 :	010001110100011111001111;
	5661 :	010001100100011111001111;
	5660 :	010001110100011111001111;
	5659 :	010001110100011111001111;
	5658 :	010001110100011111001111;
	5657 :	010001110100011111001111;
	5656 :	010001110100011111001111;
	5655 :	010001110100011111001111;
	5654 :	010001110100011111001111;
	5653 :	010001110100011111001111;
	5652 :	010001110100011111001111;
	5651 :	010001110100011111001111;
	5650 :	010001110100011111001111;
	5649 :	010001110100011111001111;
	5648 :	010001110100011111001111;
	5647 :	010001110100011111001111;
	5646 :	010001110100011111001111;
	5645 :	010001110100011111001111;
	5644 :	010001110100011111001111;
	5643 :	010001110100011111001111;
	5642 :	010001110100011111001111;
	5641 :	010001110100011111001111;
	5640 :	010001110100011111001111;
	5639 :	010001110100011111001111;
	5638 :	010001110100011111001111;
	5637 :	010001110100011111001111;
	5636 :	010001110100011111001111;
	5635 :	010001110100011111001111;
	5634 :	010001110100011111001111;
	5633 :	010001110100011111001111;
	5632 :	010001110100011111001111;
	5631 :	010001110100011111001111;
	5630 :	010001110100011111001111;
	5629 :	010001110100011111001111;
	5628 :	010001110100011111001111;
	5627 :	010001110100011111001111;
	5626 :	010001110100011111001111;
	5625 :	010001110100011111001111;
	5624 :	010001110100011111001111;
	5623 :	010001110100011111001111;
	5622 :	010001110100011111001111;
	5621 :	010001110100011111001111;
	5620 :	010001110100011111001111;
	5619 :	010001110100011111001111;
	5618 :	010001110100011111001111;
	5617 :	010001110100011111001111;
	5616 :	010001110100011011001111;
	5615 :	010001110100011111001111;
	5614 :	010001110100011111001111;
	5613 :	010001110100011111001111;
	5612 :	010001110100011111001111;
	5611 :	010001110100011111001111;
	5610 :	010001110100011111001111;
	5609 :	010001110100011111001111;
	5608 :	010001110100011111001111;
	5607 :	010001110100011111001111;
	5606 :	010001110100011111001111;
	5605 :	010001110100011111001111;
	5604 :	010001110100011111001111;
	5603 :	010001110100011111001111;
	5602 :	010001110100011111001111;
	5601 :	010001110100011111001111;
	5600 :	010001110100011111001111;
	5599 :	010001110100011111001111;
	5598 :	010001110100011111001111;
	5597 :	010001110100011111001111;
	5596 :	010001110100011011001111;
	5595 :	010001110100011111001111;
	5594 :	010001110100011111001111;
	5593 :	010001110100011111001111;
	5592 :	010001110100011111001111;
	5591 :	010001110100011111001111;
	5590 :	010001110100011111001111;
	5589 :	010001110100011111001111;
	5588 :	010001110100011111001111;
	5587 :	010001110100011111001111;
	5586 :	010001110100011111001111;
	5585 :	010001110100011111001111;
	5584 :	010001110100011111001111;
	5583 :	010001110100011111001111;
	5582 :	010001110100011111001111;
	5581 :	010001110100011111001111;
	5580 :	010001110100011111001111;
	5579 :	010001110100011011001111;
	5578 :	010001110100011111001111;
	5577 :	010001110100011111001111;
	5576 :	010001110100011111001111;
	5575 :	010001110100011111001111;
	5574 :	010100100011101100111101;
	5573 :	010100100011101100111101;
	5572 :	010100100011101100111100;
	5571 :	010100100011101100111101;
	5570 :	010100100011101100111101;
	5569 :	000000000000000000000000;
	5568 :	000000000000000000000000;
	5567 :	000000000000000000000000;
	5566 :	000000000000000000000000;
	5565 :	000000000000000000000000;
	5564 :	000000000000000000000000;
	5563 :	000000000000000000000000;
	5562 :	000000000000000000000000;
	5561 :	000000000000000000000000;
	5560 :	000000000000000000000000;
	5559 :	000000000000000000000000;
	5558 :	000000000000000000000000;
	5557 :	000000000000000000000000;
	5556 :	000000000000000000000000;
	5555 :	000000000000000000000000;
	5554 :	000000000000000000000000;
	5553 :	000000000000000000000000;
	5552 :	000000000000000000000000;
	5551 :	000000000000000000000000;
	5550 :	000000000000000000000000;
	5549 :	000000000000000000000000;
	5548 :	000000000000000000000000;
	5547 :	000000000000000000000000;
	5546 :	000000000000000000000000;
	5545 :	000000000000000000000000;
	5544 :	000000000000000000000000;
	5543 :	000000000000000000000000;
	5542 :	000000000000000000000000;
	5541 :	000000000000000100000000;
	5540 :	000000000000000000000000;
	5539 :	000000000000000000000000;
	5538 :	000000000000000000000000;
	5537 :	000000000000000000000000;
	5536 :	000000000000000000000000;
	5535 :	000000000000000000000000;
	5534 :	000000000000000000000000;
	5533 :	000000000000000000000000;
	5532 :	000000000000000000000000;
	5531 :	000000000000000000000000;
	5530 :	000000000000000000000000;
	5529 :	010100100011101100111101;
	5528 :	010100100011101100111101;
	5527 :	010100100011101100111100;
	5526 :	010100100011101100111101;
	5525 :	010001100100011111001111;
	5524 :	010001110100011111001111;
	5523 :	010001110100011111001111;
	5522 :	010001110100011111001111;
	5521 :	010001110100011111001111;
	5520 :	010001110100011111001111;
	5519 :	010001100100011111001111;
	5518 :	010001110100011111001111;
	5517 :	010001110100011111001111;
	5516 :	010001110100011111001111;
	5515 :	010001110100011111001111;
	5514 :	010001110100011111001111;
	5513 :	010001110100011111001111;
	5512 :	010001110100011111001111;
	5511 :	010001110100011111001111;
	5510 :	010001110100011111001111;
	5509 :	010001110100011111001111;
	5508 :	010001110100011111001111;
	5507 :	010001110100011011001111;
	5506 :	010001110100011111001111;
	5505 :	010001110100011111001111;
	5504 :	010001110100011111001111;
	5503 :	010001110100011111001111;
	5502 :	010001110100011111001111;
	5501 :	010001110100011111001111;
	5500 :	010001110100011111001111;
	5499 :	010001110100011111001111;
	5498 :	010001110100011111001111;
	5497 :	010001110100011111001111;
	5496 :	010001110100011111001111;
	5495 :	010001110100011111001111;
	5494 :	010001110100011111001111;
	5493 :	010001110100011111001110;
	5492 :	010001110100011111001111;
	5491 :	010001110100011111001111;
	5490 :	010001110100011111001111;
	5489 :	010001110100011111001110;
	5488 :	010001110100011111001111;
	5487 :	010001110100011111001111;
	5486 :	010001110100011111001111;
	5485 :	010001110100011111001111;
	5484 :	010001110100011111001111;
	5483 :	010001110100011111001111;
	5482 :	010001110100011111001111;
	5481 :	010001110100011111001111;
	5480 :	010001110100011111001111;
	5479 :	010001110100011111001111;
	5478 :	010001110100011111001111;
	5477 :	010001110100011111001111;
	5476 :	010001110100011111001111;
	5475 :	010001110100011111001111;
	5474 :	010001110100011111001111;
	5473 :	010001110100011111001111;
	5472 :	010001110100011111001111;
	5471 :	010001110100011111001111;
	5470 :	010001110100011111001111;
	5469 :	010001110100011111001111;
	5468 :	010001110100011111001111;
	5467 :	010001110100011111001111;
	5466 :	010001110100011111001111;
	5465 :	010001110100011111001111;
	5464 :	010001110100011111001111;
	5463 :	010001110100011111001111;
	5462 :	010001110100011111001111;
	5461 :	010001110100011111001111;
	5460 :	010001110100011111001111;
	5459 :	010001110100011111001111;
	5458 :	010001110100011111001111;
	5457 :	010001110100011111001111;
	5456 :	010001110100011111001111;
	5455 :	010001110100011111001111;
	5454 :	010001110100011111001111;
	5453 :	010001110100011111001111;
	5452 :	010001110100011111001111;
	5451 :	010001110100011111001110;
	5450 :	010001110100011111001111;
	5449 :	010001110100011111001111;
	5448 :	010001110100011111001111;
	5447 :	010001100100011111001111;
	5446 :	010001110100011111001111;
	5445 :	010001110100011111001111;
	5444 :	010001110100011111001111;
	5443 :	010001110100011111001111;
	5442 :	010001110100011111001111;
	5441 :	010001110100011111001111;
	5440 :	010001110100011111001111;
	5439 :	010001110100011111001111;
	5438 :	010001110100011111001111;
	5437 :	010001110100011111001111;
	5436 :	010001110100011111001111;
	5435 :	010001110100011111001111;
	5434 :	010001110100011111001111;
	5433 :	010001110100011111001111;
	5432 :	010001110100011111001111;
	5431 :	010001110100011111001111;
	5430 :	010001110100011111001111;
	5429 :	010001110100011111001111;
	5428 :	010001110100011111001111;
	5427 :	010001110100011111001111;
	5426 :	010001110100011111001111;
	5425 :	010001110100011111001111;
	5424 :	010001110100011111001111;
	5423 :	010001110100011111001111;
	5422 :	010001110100011111001111;
	5421 :	010001110100011111001111;
	5420 :	010001110100011111001111;
	5419 :	010001110100011111001111;
	5418 :	010001110100011111001111;
	5417 :	010001110100011111001111;
	5416 :	010001110100011111001111;
	5415 :	010001110100011111001111;
	5414 :	010001110100011111001111;
	5413 :	010001110100011111001111;
	5412 :	010001110100011111001111;
	5411 :	010001110100011111001111;
	5410 :	010001110100011111001111;
	5409 :	010001110100011111001111;
	5408 :	010001110100011111001111;
	5407 :	010001110100011111001110;
	5406 :	010001110100011111001111;
	5405 :	010001110100011111001111;
	5404 :	010001110100011111001111;
	5403 :	010001110100011111001111;
	5402 :	010001110100011111001111;
	5401 :	010001110100011111001111;
	5400 :	010001110100011111001111;
	5399 :	010001110100011111001111;
	5398 :	010001110100011011001111;
	5397 :	010001110100011111001111;
	5396 :	010001110100011111001111;
	5395 :	010001110100011111001111;
	5394 :	010001110100011111001111;
	5393 :	010001110100011111001111;
	5392 :	010001110100011111001111;
	5391 :	010001110100011111001111;
	5390 :	010001110100011111001111;
	5389 :	010100100011101100111101;
	5388 :	010100100011101100111101;
	5387 :	010100100011101100111101;
	5386 :	010100100011101100111101;
	5385 :	010100100011101100111101;
	5384 :	000000000000000000000000;
	5383 :	000000000000000000000000;
	5382 :	000000000000000000000000;
	5381 :	000000000000000000000000;
	5380 :	000000000000000000000000;
	5379 :	000000000000000000000000;
	5378 :	000000000000000000000000;
	5377 :	000000000000000000000000;
	5376 :	000000000000000000000000;
	5375 :	000000000000000000000000;
	5374 :	000000000000000000000000;
	5373 :	000000000000000000000000;
	5372 :	000000000000000000000000;
	5371 :	000000000000000000000000;
	5370 :	000000000000000000000000;
	5369 :	000000000000000000000000;
	5368 :	000000000000000000000000;
	5367 :	000000000000000000000000;
	5366 :	000000000000000000000000;
	5365 :	000000000000000000000000;
	5364 :	000000000000000000000000;
	5363 :	000000000000000000000000;
	5362 :	000000000000000000000000;
	5361 :	000000000000000000000000;
	5360 :	000000000000000000000000;
	5359 :	000000000000000000000000;
	5358 :	000000000000000000000000;
	5357 :	000000000000000000000000;
	5356 :	000000010000000000000000;
	5355 :	000000000000000000000000;
	5354 :	000000000000000000000000;
	5353 :	000000000000000000000000;
	5352 :	000000000000000000000000;
	5351 :	000000000000000000000000;
	5350 :	000000000000000000000000;
	5349 :	000000000000000000000000;
	5348 :	000000000000000000000000;
	5347 :	000000000000000000000000;
	5346 :	000000000000000000000000;
	5345 :	000000000000000000000000;
	5344 :	010100100011101100111101;
	5343 :	010100100011101100111101;
	5342 :	010100100011101100111101;
	5341 :	010100100011101100111101;
	5340 :	010001110100011111001111;
	5339 :	010001110100011111001111;
	5338 :	010001110100011111001111;
	5337 :	010001110100011111001111;
	5336 :	010001100100011111001111;
	5335 :	010001110100011111001111;
	5334 :	010001110100011111001111;
	5333 :	010001110100011111001111;
	5332 :	010001110100011111001111;
	5331 :	010001110100011111001111;
	5330 :	010001110100011111001111;
	5329 :	010001110100011111001111;
	5328 :	010001110100011111001111;
	5327 :	010001110100011111001111;
	5326 :	010001110100011111001111;
	5325 :	010001110100011111001111;
	5324 :	010001110100011111001111;
	5323 :	010001110100011111001111;
	5322 :	010001110100011111001111;
	5321 :	010001110100011111001111;
	5320 :	010001110100011111001111;
	5319 :	010001110100011111001111;
	5318 :	010001110100011111001111;
	5317 :	010001110100011111001111;
	5316 :	010001110100011111001111;
	5315 :	010001110100011111001111;
	5314 :	010001110100011111001111;
	5313 :	010001110100011111001111;
	5312 :	010001110100011111001111;
	5311 :	010001110100011111001111;
	5310 :	010001110100011111001111;
	5309 :	010001110100011111001111;
	5308 :	010001110100011111001111;
	5307 :	010001110100011111001111;
	5306 :	010001100100011111001111;
	5305 :	010001110100011111001111;
	5304 :	010001110100011111001111;
	5303 :	010001110100011111001111;
	5302 :	010001110100011111001111;
	5301 :	010001110100011111001111;
	5300 :	010001110100011111001111;
	5299 :	010001110100011111001111;
	5298 :	010001110100011111001111;
	5297 :	010001110100011111001111;
	5296 :	010001110100011111001111;
	5295 :	010001110100011111001111;
	5294 :	010001110100011111001111;
	5293 :	010001110100011111001111;
	5292 :	010001110100011111001111;
	5291 :	010001110100011111001111;
	5290 :	010001110100011111001111;
	5289 :	010001110100011111001110;
	5288 :	010001110100011111001111;
	5287 :	010001110100011111001111;
	5286 :	010001110100011111001111;
	5285 :	010001110100011111001111;
	5284 :	010001110100011111001111;
	5283 :	010001110100011111001111;
	5282 :	010001110100011111001111;
	5281 :	010001110100011111001111;
	5280 :	010001110100011111001111;
	5279 :	010001110100011111001111;
	5278 :	010001110100011111001111;
	5277 :	010001110100011111001111;
	5276 :	010001110100011111001111;
	5275 :	010001110100011011001111;
	5274 :	010001110100011011001111;
	5273 :	010001110100011111001111;
	5272 :	010001110100011111001111;
	5271 :	010001110100011111001111;
	5270 :	010001110100011111001111;
	5269 :	010001110100011111001111;
	5268 :	010001110100011111001111;
	5267 :	010001110100011111001111;
	5266 :	010001110100011111001111;
	5265 :	010001110100011111001111;
	5264 :	010001110100011111001111;
	5263 :	010001110100011111001111;
	5262 :	010001110100011111001111;
	5261 :	010001110100011111001111;
	5260 :	010001110100011111001111;
	5259 :	010001110100011111001111;
	5258 :	010001110100011111001111;
	5257 :	010001110100011111001111;
	5256 :	010001110100011111001111;
	5255 :	010001100100011111001111;
	5254 :	010001110100011111001111;
	5253 :	010001110100011111001111;
	5252 :	010001110100011111001111;
	5251 :	010001110100011111001111;
	5250 :	010001110100011111001111;
	5249 :	010001110100011111001111;
	5248 :	010001110100011111001111;
	5247 :	010001110100011111001111;
	5246 :	010001110100011111001111;
	5245 :	010001110100011111001111;
	5244 :	010001110100011111001111;
	5243 :	010001110100011111001111;
	5242 :	010001110100011111001111;
	5241 :	010001110100011111001111;
	5240 :	010001110100011111001110;
	5239 :	010001110100011111001111;
	5238 :	010001110100011111001111;
	5237 :	010001110100011111001111;
	5236 :	010001110100011111001111;
	5235 :	010001110100011111001111;
	5234 :	010001110100011111001111;
	5233 :	010001100100011111001111;
	5232 :	010001110100011111001111;
	5231 :	010001110100011111001111;
	5230 :	010001110100011111001111;
	5229 :	010001110100011111001111;
	5228 :	010001110100011111001111;
	5227 :	010001110100011111001111;
	5226 :	010001110100011111001111;
	5225 :	010001110100011111001111;
	5224 :	010001110100011111001111;
	5223 :	010001110100011111001111;
	5222 :	010001110100011111001111;
	5221 :	010001110100011111001111;
	5220 :	010001110100011111001111;
	5219 :	010001110100011111001111;
	5218 :	010001110100011111001111;
	5217 :	010001110100011111001111;
	5216 :	010001110100011111001111;
	5215 :	010001110100011111001111;
	5214 :	010001110100011111001111;
	5213 :	010001110100011011001111;
	5212 :	010001110100011111001111;
	5211 :	010001110100011111001111;
	5210 :	010001110100011111001111;
	5209 :	010001110100011111001111;
	5208 :	010001110100011111001111;
	5207 :	010001110100011111001111;
	5206 :	010001110100011111001111;
	5205 :	010001110100011111001111;
	5204 :	010100100011101100111101;
	5203 :	010100100011101100111101;
	5202 :	010100100011101100111101;
	5201 :	010100100011101100111101;
	5200 :	010100100011101100111101;
	5199 :	000000000000000000000000;
	5198 :	000000000000000000000000;
	5197 :	000000000000000000000000;
	5196 :	000000000000000000000000;
	5195 :	000000000000000000000000;
	5194 :	000000000000000000000000;
	5193 :	000000000000000000000000;
	5192 :	000000010000000000000000;
	5191 :	000000000000000000000000;
	5190 :	000000000000000000000000;
	5189 :	000000000000000000000000;
	5188 :	000000000000000000000000;
	5187 :	000000000000000000000000;
	5186 :	000000000000000000000000;
	5185 :	000000000000000000000000;
	5184 :	000000000000000000000000;
	5183 :	000000000000000000000000;
	5182 :	000000000000000000000000;
	5181 :	000000000000000000000000;
	5180 :	000000000000000000000000;
	5179 :	000000000000000000000000;
	5178 :	000000000000000000000000;
	5177 :	000000000000000000000000;
	5176 :	000000000000000000000000;
	5175 :	000000000000000000000000;
	5174 :	000000000000000000000000;
	5173 :	000000000000000000000000;
	5172 :	000000000000000000000000;
	5171 :	000000000000000000000000;
	5170 :	000000000000000000000000;
	5169 :	000000000000000000000000;
	5168 :	000000000000000000000000;
	5167 :	000000000000000000000000;
	5166 :	000000000000000000000000;
	5165 :	000000000000000000000000;
	5164 :	000000000000000000000000;
	5163 :	000000000000000000000000;
	5162 :	000000000000000000000000;
	5161 :	000000000000000000000000;
	5160 :	000000000000000000000000;
	5159 :	010100100011101100111101;
	5158 :	010100100011101100111101;
	5157 :	010100100011101100111101;
	5156 :	010100100011101100111101;
	5155 :	010001110100011111001111;
	5154 :	010001110100011111001111;
	5153 :	010001110100011111001111;
	5152 :	010001110100011111001111;
	5151 :	010001110100011111001111;
	5150 :	010001110100011111001111;
	5149 :	010001110100011111001111;
	5148 :	010001110100011111001111;
	5147 :	010001110100011111001111;
	5146 :	010001110100011111001111;
	5145 :	010001110100011111001111;
	5144 :	010001110100011111001111;
	5143 :	010001110100011111001111;
	5142 :	010001110100011111001111;
	5141 :	010001110100011111001111;
	5140 :	010001110100011111001111;
	5139 :	010001110100011111001111;
	5138 :	010001110100011111001111;
	5137 :	010001110100011111001111;
	5136 :	010001110100011011001111;
	5135 :	010001110100011111001111;
	5134 :	010001110100011111001111;
	5133 :	010001110100011111001111;
	5132 :	010001110100011111001111;
	5131 :	010001110100011111001111;
	5130 :	010001110100011111001111;
	5129 :	010001110100011111001111;
	5128 :	010001110100011111001111;
	5127 :	010001110100011111001111;
	5126 :	010001110100011111001111;
	5125 :	010001110100011111001111;
	5124 :	010001110100011111001111;
	5123 :	010001110100011111001111;
	5122 :	010001110100011111001111;
	5121 :	010001110100011111001111;
	5120 :	010001110100011111001111;
	5119 :	010001110100011111001111;
	5118 :	010001110100011111001111;
	5117 :	010001110100011111001111;
	5116 :	010001110100011111001111;
	5115 :	010001110100011111001111;
	5114 :	010001110100011111001111;
	5113 :	010001110100011111001111;
	5112 :	010001110100011111001111;
	5111 :	010001110100011111001111;
	5110 :	010001110100011111001111;
	5109 :	010001110100011111001111;
	5108 :	010001110100011111001111;
	5107 :	010001110100011111001111;
	5106 :	010001110100011111001111;
	5105 :	010001110100011111001111;
	5104 :	010001110100011111001111;
	5103 :	010001110100011111001111;
	5102 :	010001110100011111001111;
	5101 :	010001110100011111001111;
	5100 :	010001110100011111001111;
	5099 :	010001110100011111001111;
	5098 :	010001110100011111001111;
	5097 :	010001110100011011001111;
	5096 :	010001110100011111001111;
	5095 :	010001110100011111001111;
	5094 :	010001110100011111001111;
	5093 :	010001110100011111001111;
	5092 :	010001110100011111001111;
	5091 :	010001110100011111001111;
	5090 :	010001110100011111001111;
	5089 :	010001110100011111001111;
	5088 :	010001110100011111001111;
	5087 :	010001110100011111001111;
	5086 :	010001110100011111001111;
	5085 :	010001110100011111001111;
	5084 :	010001110100011111001111;
	5083 :	010001110100011111001111;
	5082 :	010001110100011111001110;
	5081 :	010001110100011111001111;
	5080 :	010001110100011111001111;
	5079 :	010001110100011111001111;
	5078 :	010001110100011111001111;
	5077 :	010001110100011111001111;
	5076 :	010001110100011111001111;
	5075 :	010001110100011111001111;
	5074 :	010001110100011111001111;
	5073 :	010001110100011111001111;
	5072 :	010001110100011111001111;
	5071 :	010001110100011111001111;
	5070 :	010001110100011111001111;
	5069 :	010001110100011111001111;
	5068 :	010001110100011111001111;
	5067 :	010001110100011111001111;
	5066 :	010001110100011111001111;
	5065 :	010001110100011111001111;
	5064 :	010001110100011111001111;
	5063 :	010001110100011111001111;
	5062 :	010001100100011111001111;
	5061 :	010001110100011111001111;
	5060 :	010001110100011111001111;
	5059 :	010001110100011111001111;
	5058 :	010001110100011111001110;
	5057 :	010001110100011111001111;
	5056 :	010001110100011111001111;
	5055 :	010001110100011111001111;
	5054 :	010001100100011111001111;
	5053 :	010001110100011111001111;
	5052 :	010001110100011111001111;
	5051 :	010001110100011111001111;
	5050 :	010001110100011111001111;
	5049 :	010001110100011111001111;
	5048 :	010001110100011111001111;
	5047 :	010001110100011111001111;
	5046 :	010001110100011111001111;
	5045 :	010001110100011111001111;
	5044 :	010001110100011111001111;
	5043 :	010001110100011111001111;
	5042 :	010001110100011111001111;
	5041 :	010001110100011011001111;
	5040 :	010001110100011111001111;
	5039 :	010001110100011111001111;
	5038 :	010001110100011111001111;
	5037 :	010001110100011111001111;
	5036 :	010001110100011111001111;
	5035 :	010001110100011111001111;
	5034 :	010001110100011111001111;
	5033 :	010001110100011111001111;
	5032 :	010001110100011111001111;
	5031 :	010001110100011111001111;
	5030 :	010001110100011111001111;
	5029 :	010001110100011111001111;
	5028 :	010001110100011111001111;
	5027 :	010001110100011111001111;
	5026 :	010001110100011111001111;
	5025 :	010001110100011111001111;
	5024 :	010001110100011111001111;
	5023 :	010001110100011111001111;
	5022 :	010001110100011111001111;
	5021 :	010001110100011111001111;
	5020 :	010001110100011111001111;
	5019 :	010100100011101100111101;
	5018 :	010100100011101100111101;
	5017 :	010100100011101100111101;
	5016 :	010100100011101100111101;
	5015 :	010100100011101100111101;
	5014 :	000000000000000000000000;
	5013 :	000000000000000000000000;
	5012 :	000000000000000000000000;
	5011 :	000000000000000000000000;
	5010 :	000000000000000000000000;
	5009 :	000000000000000000000000;
	5008 :	000000000000000000000000;
	5007 :	000000000000000000000000;
	5006 :	000000000000000000000000;
	5005 :	000000000000000000000000;
	5004 :	000000000000000000000000;
	5003 :	000000000000000000000000;
	5002 :	000000000000000000000000;
	5001 :	000000000000000000000000;
	5000 :	000000000000000000000000;
	4999 :	000000000000000000000000;
	4998 :	000000000000000000000000;
	4997 :	000000000000000000000000;
	4996 :	000000000000000000000000;
	4995 :	000000000000000000000000;
	4994 :	000000000000000000000000;
	4993 :	000000000000000000000000;
	4992 :	000000000000000000000000;
	4991 :	000000000000000000000000;
	4990 :	000000000000000000000000;
	4989 :	000000000000000000000000;
	4988 :	000000000000000000000000;
	4987 :	000000000000000000000000;
	4986 :	000000000000000000000000;
	4985 :	000000000000000000000000;
	4984 :	000000000000000000000000;
	4983 :	000000000000000000000000;
	4982 :	000000000000000000000000;
	4981 :	000000000000000000000000;
	4980 :	000000000000000000000000;
	4979 :	000000000000000000000000;
	4978 :	000000000000000000000000;
	4977 :	000000000000000000000000;
	4976 :	000000000000000000000000;
	4975 :	000000000000000000000000;
	4974 :	010100100011101100111101;
	4973 :	010100100011101100111101;
	4972 :	010100100011101100111101;
	4971 :	010100100011101100111101;
	4970 :	010001110100011111001111;
	4969 :	010001110100011111001111;
	4968 :	010001110100011111001111;
	4967 :	010001110100011111001111;
	4966 :	010001110100011111001111;
	4965 :	010001110100011111001111;
	4964 :	010001110100011111001111;
	4963 :	010001110100011111001111;
	4962 :	010001110100011111001111;
	4961 :	010001110100011111001111;
	4960 :	010001110100011111001111;
	4959 :	010001110100011111001111;
	4958 :	010001110100011111001111;
	4957 :	010001110100011111001111;
	4956 :	010001110100011111001111;
	4955 :	010001110100011111001111;
	4954 :	010001110100011111001111;
	4953 :	010001110100011111001111;
	4952 :	010001110100011111001111;
	4951 :	010001110100011111001111;
	4950 :	010001110100011111001111;
	4949 :	010001110100011111001111;
	4948 :	010001110100011111001111;
	4947 :	010001110100011111001111;
	4946 :	010001110100011111001111;
	4945 :	010001110100011111001111;
	4944 :	010001110100011111001111;
	4943 :	010001110100011111001111;
	4942 :	010001110100011111001111;
	4941 :	010001110100011111001111;
	4940 :	010001110100011111001111;
	4939 :	010001110100011111001111;
	4938 :	010001110100011111001111;
	4937 :	010001110100011111001111;
	4936 :	010001110100011111001111;
	4935 :	010001100100011111001111;
	4934 :	010001110100011111001111;
	4933 :	010001110100011111001111;
	4932 :	010001110100011111001111;
	4931 :	010001110100011111001111;
	4930 :	010001110100011111001111;
	4929 :	010001100100011111001111;
	4928 :	010001110100011111001110;
	4927 :	010001110100011111001111;
	4926 :	010001110100011111001111;
	4925 :	010001110100011111001111;
	4924 :	010001110100011111001111;
	4923 :	010001110100011111001111;
	4922 :	010001110100011111001111;
	4921 :	010001110100011111001111;
	4920 :	010001110100011111001111;
	4919 :	010001110100011011001111;
	4918 :	010001110100011111001111;
	4917 :	010001110100011111001111;
	4916 :	010001110100011011001111;
	4915 :	010001110100011111001111;
	4914 :	010001110100011111001111;
	4913 :	010001110100011111001111;
	4912 :	010001110100011111001111;
	4911 :	010001110100011111001111;
	4910 :	010001110100011111001111;
	4909 :	010001110100011111001111;
	4908 :	010001110100011111001111;
	4907 :	010001110100011111001111;
	4906 :	010001110100011111001111;
	4905 :	010001110100011111001111;
	4904 :	010001110100011111001111;
	4903 :	010001110100011111001111;
	4902 :	010001100100011111001111;
	4901 :	010001110100011111001111;
	4900 :	010001110100011111001111;
	4899 :	010001110100011111001111;
	4898 :	010001110100011111001111;
	4897 :	010001110100011111001111;
	4896 :	010001110100011111001111;
	4895 :	010001110100011111001111;
	4894 :	010001110100011111001111;
	4893 :	010001110100011111001111;
	4892 :	010001110100011111001111;
	4891 :	010001110100011111001111;
	4890 :	010001110100011111001111;
	4889 :	010001110100011111001111;
	4888 :	010001110100011111001111;
	4887 :	010001110100011111001111;
	4886 :	010001110100011111001111;
	4885 :	010001110100011111001111;
	4884 :	010001110100011111001111;
	4883 :	010001110100011111001111;
	4882 :	010001110100011111001111;
	4881 :	010001110100011111001111;
	4880 :	010001110100011011001111;
	4879 :	010001110100011111001111;
	4878 :	010001110100011111001111;
	4877 :	010001110100011111001111;
	4876 :	010001110100011111001110;
	4875 :	010001110100011111001111;
	4874 :	010001110100011111001111;
	4873 :	010001110100011111001111;
	4872 :	010001110100011111001111;
	4871 :	010001100100011111001111;
	4870 :	010001110100011111001111;
	4869 :	010001110100011111001111;
	4868 :	010001110100011111001111;
	4867 :	010001110100011111001111;
	4866 :	010001110100011111001111;
	4865 :	010001110100011111001111;
	4864 :	010001110100011111001111;
	4863 :	010001110100011111001111;
	4862 :	010001110100011111001111;
	4861 :	010001110100011111001111;
	4860 :	010001110100011111001111;
	4859 :	010001110100011111001111;
	4858 :	010001110100011111001111;
	4857 :	010001110100011111001111;
	4856 :	010001110100011111001111;
	4855 :	010001110100011111001111;
	4854 :	010001110100011111001111;
	4853 :	010001110100011111001111;
	4852 :	010001110100011111001111;
	4851 :	010001110100011111001111;
	4850 :	010001110100011111001111;
	4849 :	010001110100011111001111;
	4848 :	010001110100011111001111;
	4847 :	010001110100011111001111;
	4846 :	010001110100011111001111;
	4845 :	010001110100011111001111;
	4844 :	010001110100011111001111;
	4843 :	010001110100011111001111;
	4842 :	010001110100011111001111;
	4841 :	010001110100011111001111;
	4840 :	010001110100011111001111;
	4839 :	010001110100011111001110;
	4838 :	010001110100011111001111;
	4837 :	010001110100011111001111;
	4836 :	010001110100011111001111;
	4835 :	010001110100011111001111;
	4834 :	010100100011101100111101;
	4833 :	010100100011101100111101;
	4832 :	010100100011101100111101;
	4831 :	010100100011101100111101;
	4830 :	010100100011101100111101;
	4829 :	000000000000000000000000;
	4828 :	000000000000000000000000;
	4827 :	000000000000000000000000;
	4826 :	000000000000000000000000;
	4825 :	000000000000000000000000;
	4824 :	000000000000000000000000;
	4823 :	000000000000000000000000;
	4822 :	000000000000000000000000;
	4821 :	000000000000000000000000;
	4820 :	000000000000000000000000;
	4819 :	000000000000000000000000;
	4818 :	000000000000000000000000;
	4817 :	000000000000000000000000;
	4816 :	000000000000000000000000;
	4815 :	000000000000000000000000;
	4814 :	000000000000000000000000;
	4813 :	000000000000000000000000;
	4812 :	000000000000000000000000;
	4811 :	000000000000000000000000;
	4810 :	000000000000000000000000;
	4809 :	000000000000000000000000;
	4808 :	000000000000000000000000;
	4807 :	000000000000000000000000;
	4806 :	000000000000000000000000;
	4805 :	000000000000000000000000;
	4804 :	000000000000000000000000;
	4803 :	000000000000000000000000;
	4802 :	000000000000000000000000;
	4801 :	000000000000000000000000;
	4800 :	000000000000000000000000;
	4799 :	000000000000000000000000;
	4798 :	000000000000000000000000;
	4797 :	000000000000000000000000;
	4796 :	000000000000000000000000;
	4795 :	000000000000000000000000;
	4794 :	000000000000000000000000;
	4793 :	000000000000000000000000;
	4792 :	000000000000000000000000;
	4791 :	000000000000000000000000;
	4790 :	000000000000000000000000;
	4789 :	000000000000000000000000;
	4788 :	000000000000000000000000;
	4787 :	000000000000000000000000;
	4786 :	000000000000000000000000;
	4785 :	010100100011101100111101;
	4784 :	010100100011101100111101;
	4783 :	010100100011101100111101;
	4782 :	010100100011101100111101;
	4781 :	010100100011101100111101;
	4780 :	010100100011101100111101;
	4779 :	010100100011101100111101;
	4778 :	010100100011101100111101;
	4777 :	010100100011101100111101;
	4776 :	010100100011101100111101;
	4775 :	010100110011101100111101;
	4774 :	010100100011101000111101;
	4773 :	010100100011101100111101;
	4772 :	010100100011101100111101;
	4771 :	010100100011101100111101;
	4770 :	010100100011101100111101;
	4769 :	010100100011101100111101;
	4768 :	010100100011101100111101;
	4767 :	010100100011101100111101;
	4766 :	010100100011101100111101;
	4765 :	010100100011101100111101;
	4764 :	010100100011101100111101;
	4763 :	010100100011101000111101;
	4762 :	010100100011101100111101;
	4761 :	010100100011101100111101;
	4760 :	010100100011101100111101;
	4759 :	010100100011101100111101;
	4758 :	010100100011101100111101;
	4757 :	010100100011101100111101;
	4756 :	010100100011101100111101;
	4755 :	010100100011101100111101;
	4754 :	010100100011101100111101;
	4753 :	010100100011101100111101;
	4752 :	010100100011101100111101;
	4751 :	010100100011101100111101;
	4750 :	010100100011101100111101;
	4749 :	010100100011101100111101;
	4748 :	010100100011101100111101;
	4747 :	010100100011101100111101;
	4746 :	010100100011101100111101;
	4745 :	010100100011101100111101;
	4744 :	010100100011101100111101;
	4743 :	010100100011101100111101;
	4742 :	010100100011101100111101;
	4741 :	010100100011101100111101;
	4740 :	010100100011101100111101;
	4739 :	010100100011101100111101;
	4738 :	010100100011101100111101;
	4737 :	010100100011101100111101;
	4736 :	010100100011101100111101;
	4735 :	010100100011101100111101;
	4734 :	010100100011101100111101;
	4733 :	010100100011101100111101;
	4732 :	010100100011101100111101;
	4731 :	010100100011101100111101;
	4730 :	010100100011101100111101;
	4729 :	010100100011101100111101;
	4728 :	010100100011101100111101;
	4727 :	010100100011101100111101;
	4726 :	010100100011101000111101;
	4725 :	010100100011101100111101;
	4724 :	010100100011101100111101;
	4723 :	010100100011101100111101;
	4722 :	010100100011101100111101;
	4721 :	010100100011101100111101;
	4720 :	010100100011101100111101;
	4719 :	010100100011101100111101;
	4718 :	010100100011101100111101;
	4717 :	010100100011101100111101;
	4716 :	010100100011101100111101;
	4715 :	010100100011101100111101;
	4714 :	010100100011101100111101;
	4713 :	010100100011101100111101;
	4712 :	010100100011101100111101;
	4711 :	010100100011101100111101;
	4710 :	010100100011101100111101;
	4709 :	010100100011101100111101;
	4708 :	010100100011101100111101;
	4707 :	010100100011101100111101;
	4706 :	010100100011101100111101;
	4705 :	010100100011101100111101;
	4704 :	010100100011101100111101;
	4703 :	010100100011101100111100;
	4702 :	010100100011101100111101;
	4701 :	010100100011101100111101;
	4700 :	010100110011101100111101;
	4699 :	010100100011101000111101;
	4698 :	010100100011101100111101;
	4697 :	010100100011101100111101;
	4696 :	010100100011101100111101;
	4695 :	010100100011101100111101;
	4694 :	010100100011101100111101;
	4693 :	010100100011101100111101;
	4692 :	010100100011101100111101;
	4691 :	010100100011101100111101;
	4690 :	010100100011101100111101;
	4689 :	010100100011101100111101;
	4688 :	010100100011101100111101;
	4687 :	010100100011101100111101;
	4686 :	010100100011101100111101;
	4685 :	010100100011101100111101;
	4684 :	010100100011101100111101;
	4683 :	010100100011101100111101;
	4682 :	010100100011101100111101;
	4681 :	010100100011101100111101;
	4680 :	010100100011101000111101;
	4679 :	010100100011101100111101;
	4678 :	010100100011101100111101;
	4677 :	010100100011101100111101;
	4676 :	010100100011101100111101;
	4675 :	010100100011101100111101;
	4674 :	010100100011101100111101;
	4673 :	010100100011101100111101;
	4672 :	010100100011101100111101;
	4671 :	010100100011101100111101;
	4670 :	010100100011101100111101;
	4669 :	010100100011101100111101;
	4668 :	010100100011101100111101;
	4667 :	010100100011101100111101;
	4666 :	010100100011101100111101;
	4665 :	010100100011101100111101;
	4664 :	010100100011101100111101;
	4663 :	010100100011101100111101;
	4662 :	010100100011101100111101;
	4661 :	010100100011101100111101;
	4660 :	010100100011101100111101;
	4659 :	010100110011101100111101;
	4658 :	010100100011101100111101;
	4657 :	010100100011101100111101;
	4656 :	010100100011101100111101;
	4655 :	010100100011101100111101;
	4654 :	010100100011101100111101;
	4653 :	010100100011101100111101;
	4652 :	010100100011101100111101;
	4651 :	010100100011101100111101;
	4650 :	010100100011101100111101;
	4649 :	010100100011101100111101;
	4648 :	000000000000000000000000;
	4647 :	000000000000000000000000;
	4646 :	000000000000000000000000;
	4645 :	000000000000000000000000;
	4644 :	000000000000000000000000;
	4643 :	000000000000000000000000;
	4642 :	000000000000000000000000;
	4641 :	000000000000000000000000;
	4640 :	000000000000000000000000;
	4639 :	000000000000000000000000;
	4638 :	000000000000000000000000;
	4637 :	000000000000000000000000;
	4636 :	000000000000000000000000;
	4635 :	000000000000000000000000;
	4634 :	000000000000000000000000;
	4633 :	000000000000000000000000;
	4632 :	000000000000000000000000;
	4631 :	000000000000000000000000;
	4630 :	000000000000000000000000;
	4629 :	000000000000000000000000;
	4628 :	000000000000000000000000;
	4627 :	000000000000000000000000;
	4626 :	000000000000000000000000;
	4625 :	000000000000000000000000;
	4624 :	000000000000000000000000;
	4623 :	000000000000000000000000;
	4622 :	000000000000000000000000;
	4621 :	000000000000000000000000;
	4620 :	000000000000000000000000;
	4619 :	000000000000000000000000;
	4618 :	000000000000000000000000;
	4617 :	000000000000000000000000;
	4616 :	000000000000000000000000;
	4615 :	000000000000000000000000;
	4614 :	000000000000000000000000;
	4613 :	000000000000000000000000;
	4612 :	000000000000000000000000;
	4611 :	000000000000000000000000;
	4610 :	000000000000000000000000;
	4609 :	000000000000000000000000;
	4608 :	000000000000000000000000;
	4607 :	000000000000000000000000;
	4606 :	000000000000000000000000;
	4605 :	000000000000000000000000;
	4604 :	000000000000000000000000;
	4603 :	000000000000000000000000;
	4602 :	000000000000000000000000;
	4601 :	000000000000000000000000;
	4600 :	010100100011101100111101;
	4599 :	010100100011101100111101;
	4598 :	010100100011101100111101;
	4597 :	010100100011101100111101;
	4596 :	010100100011101100111101;
	4595 :	010100100011101100111101;
	4594 :	010100100011101100111101;
	4593 :	010100100011101100111101;
	4592 :	010100100011101100111101;
	4591 :	010100100011101100111101;
	4590 :	010100100011101100111101;
	4589 :	010100100011101100111101;
	4588 :	010100100011101100111101;
	4587 :	010100100011101100111101;
	4586 :	010100100011101100111100;
	4585 :	010100100011101100111101;
	4584 :	010100100011101100111101;
	4583 :	010100100011101100111101;
	4582 :	010100100011101100111101;
	4581 :	010100100011101100111101;
	4580 :	010100100011101100111101;
	4579 :	010100100011101100111101;
	4578 :	010100100011101100111101;
	4577 :	010100100011101100111101;
	4576 :	010100100011101100111101;
	4575 :	010100100011101100111101;
	4574 :	010100100011101100111101;
	4573 :	010100100011101100111101;
	4572 :	010100100011101100111101;
	4571 :	010100100011101100111101;
	4570 :	010100100011101100111101;
	4569 :	010100100011101100111101;
	4568 :	010100100011101100111101;
	4567 :	010100100011101100111101;
	4566 :	010100100011101100111101;
	4565 :	010100100011101100111101;
	4564 :	010100100011101100111101;
	4563 :	010100100011101100111101;
	4562 :	010100100011101100111101;
	4561 :	010100100011101100111101;
	4560 :	010100100011101100111101;
	4559 :	010100100011101100111101;
	4558 :	010100100011101100111101;
	4557 :	010100100011101100111101;
	4556 :	010100100011101100111101;
	4555 :	010100100011101100111101;
	4554 :	010100100011101100111101;
	4553 :	010100100011101100111101;
	4552 :	010100100011101100111101;
	4551 :	010100100011101100111101;
	4550 :	010100100011101100111101;
	4549 :	010100100011101100111101;
	4548 :	010100100011101100111101;
	4547 :	010100100011101100111101;
	4546 :	010100100011101100111101;
	4545 :	010100100011101100111101;
	4544 :	010100100011101100111101;
	4543 :	010100100011101100111101;
	4542 :	010100100011101100111101;
	4541 :	010100100011101100111101;
	4540 :	010100100011101100111101;
	4539 :	010100100011101100111101;
	4538 :	010100100011101100111101;
	4537 :	010100100011101100111101;
	4536 :	010100100011101100111101;
	4535 :	010100100011101100111101;
	4534 :	010100100011101100111101;
	4533 :	010100100011101100111101;
	4532 :	010100100011101100111101;
	4531 :	010100100011101100111101;
	4530 :	010100100011101100111101;
	4529 :	010100100011101100111101;
	4528 :	010100100011101100111101;
	4527 :	010100100011101100111101;
	4526 :	010100100011101100111101;
	4525 :	010100100011101100111101;
	4524 :	010100100011101100111101;
	4523 :	010100100011101100111101;
	4522 :	010100100011101100111101;
	4521 :	010100100011101100111101;
	4520 :	010100100011101100111101;
	4519 :	010100100011101100111101;
	4518 :	010100100011101100111101;
	4517 :	010100100011101100111101;
	4516 :	010100100011101100111101;
	4515 :	010100100011101100111101;
	4514 :	010100100011101100111101;
	4513 :	010100100011101100111101;
	4512 :	010100100011101100111101;
	4511 :	010100100011101100111101;
	4510 :	010100100011101100111101;
	4509 :	010100100011101100111101;
	4508 :	010100100011101100111101;
	4507 :	010100100011101100111101;
	4506 :	010100100011101100111101;
	4505 :	010100100011101100111101;
	4504 :	010100100011101100111101;
	4503 :	010100100011101100111101;
	4502 :	010100100011101100111101;
	4501 :	010100100011101100111101;
	4500 :	010100100011101100111101;
	4499 :	010100100011101100111101;
	4498 :	010100100011101100111101;
	4497 :	010100100011101100111101;
	4496 :	010100100011101100111101;
	4495 :	010100100011101100111101;
	4494 :	010100100011101100111101;
	4493 :	010100100011101100111101;
	4492 :	010100100011101100111101;
	4491 :	010100100011101100111101;
	4490 :	010100110011101100111101;
	4489 :	010100100011101100111101;
	4488 :	010100100011101100111101;
	4487 :	010100100011101100111101;
	4486 :	010100100011101100111101;
	4485 :	010100100011101100111101;
	4484 :	010100100011101100111101;
	4483 :	010100100011101100111101;
	4482 :	010100100011101100111101;
	4481 :	010100100011101100111101;
	4480 :	010100100011101100111101;
	4479 :	010100100011101100111101;
	4478 :	010100100011101100111101;
	4477 :	010100100011101100111101;
	4476 :	010100100011101100111101;
	4475 :	010100100011101100111101;
	4474 :	010100100011101100111101;
	4473 :	010100100011101100111101;
	4472 :	010100110011101100111101;
	4471 :	010100100011101100111101;
	4470 :	010100100011101100111101;
	4469 :	010100100011101100111101;
	4468 :	010100100011101100111101;
	4467 :	010100100011101100111101;
	4466 :	010100100011101100111101;
	4465 :	010100100011101100111101;
	4464 :	010100100011101100111101;
	4463 :	000000000000000000000000;
	4462 :	000000000000000000000000;
	4461 :	000000000000000000000000;
	4460 :	000000000000000000000000;
	4459 :	000000000000000000000000;
	4458 :	000000000000000000000000;
	4457 :	000000000000000000000000;
	4456 :	000000000000000000000000;
	4455 :	000000000000000000000000;
	4454 :	000000000000000000000000;
	4453 :	000000000000000000000000;
	4452 :	000000000000000000000000;
	4451 :	000000000000000000000000;
	4450 :	000000000000000000000000;
	4449 :	000000000000000000000000;
	4448 :	000000000000000000000000;
	4447 :	000000000000000000000000;
	4446 :	000000000000000000000000;
	4445 :	000000000000000000000000;
	4444 :	000000000000000000000000;
	4443 :	000000000000000000000000;
	4442 :	000000000000000000000000;
	4441 :	000000000000000000000000;
	4440 :	000000000000000000000000;
	4439 :	000000000000000000000000;
	4438 :	000000000000000000000000;
	4437 :	000000000000000000000000;
	4436 :	000000000000000000000000;
	4435 :	000000000000000000000000;
	4434 :	000000000000000000000000;
	4433 :	000000000000000000000000;
	4432 :	000000000000000000000000;
	4431 :	000000000000000000000000;
	4430 :	000000000000000000000000;
	4429 :	000000000000000000000000;
	4428 :	000000000000000000000000;
	4427 :	000000000000000000000000;
	4426 :	000000000000000000000000;
	4425 :	000000000000000000000000;
	4424 :	000000000000000000000000;
	4423 :	000000000000000000000000;
	4422 :	000000000000000000000000;
	4421 :	000000000000000000000000;
	4420 :	000000000000000000000000;
	4419 :	000000000000000000000000;
	4418 :	000000000000000000000000;
	4417 :	000000000000000000000000;
	4416 :	000000000000000000000000;
	4415 :	010100100011101100111101;
	4414 :	010100100011101100111101;
	4413 :	010100100011101100111101;
	4412 :	010100100011101100111101;
	4411 :	010100100011101100111101;
	4410 :	010100100011101100111101;
	4409 :	010100100011101100111101;
	4408 :	010100100011101100111101;
	4407 :	010100110011101100111101;
	4406 :	010100100011101100111101;
	4405 :	010100100011101100111100;
	4404 :	010100100011101100111101;
	4403 :	010100100011101100111101;
	4402 :	010100100011101100111101;
	4401 :	010100100011101100111101;
	4400 :	010100100011101100111101;
	4399 :	010100100011101100111101;
	4398 :	010100100011101100111101;
	4397 :	010100100011101100111101;
	4396 :	010100100011101100111101;
	4395 :	010100100011101100111101;
	4394 :	010100100011101100111101;
	4393 :	010100100011101100111101;
	4392 :	010100100011101100111101;
	4391 :	010100100011101100111101;
	4390 :	010100100011101100111101;
	4389 :	010100100011101100111101;
	4388 :	010100100011101100111101;
	4387 :	010100100011101100111101;
	4386 :	010100100011101100111101;
	4385 :	010100100011101100111101;
	4384 :	010100100011101100111101;
	4383 :	010100100011101100111101;
	4382 :	010100100011101100111101;
	4381 :	010100100011101100111101;
	4380 :	010100100011101100111101;
	4379 :	010100100011101100111101;
	4378 :	010100100011101100111101;
	4377 :	010100100011101100111101;
	4376 :	010100100011101100111101;
	4375 :	010100100011101100111101;
	4374 :	010100100011101100111101;
	4373 :	010100100011101100111101;
	4372 :	010100100011101100111101;
	4371 :	010100100011101100111101;
	4370 :	010100100011101100111100;
	4369 :	010100100011101100111100;
	4368 :	010100100011101100111101;
	4367 :	010100100011101100111101;
	4366 :	010100100011101100111101;
	4365 :	010100100011101100111101;
	4364 :	010100100011101100111101;
	4363 :	010100110011101100111101;
	4362 :	010100100011101100111101;
	4361 :	010100100011101100111101;
	4360 :	010100100011101100111101;
	4359 :	010100100011101100111101;
	4358 :	010100100011101100111101;
	4357 :	010100100011101100111101;
	4356 :	010100100011101100111101;
	4355 :	010100100011101100111101;
	4354 :	010100100011101100111101;
	4353 :	010100100011101100111101;
	4352 :	010100100011101100111101;
	4351 :	010100100011101100111101;
	4350 :	010100100011101100111101;
	4349 :	010100100011101100111101;
	4348 :	010100100011101100111101;
	4347 :	010100100011101100111101;
	4346 :	010100100011101100111101;
	4345 :	010100100011101100111101;
	4344 :	010100100011101100111101;
	4343 :	010100100011101100111101;
	4342 :	010100100011101100111101;
	4341 :	010100100011101100111101;
	4340 :	010100100011101100111101;
	4339 :	010100100011101100111101;
	4338 :	010100100011101100111101;
	4337 :	010100100011101100111100;
	4336 :	010100110011101100111101;
	4335 :	010100100011101100111101;
	4334 :	010100100011101100111101;
	4333 :	010100100011101100111100;
	4332 :	010100100011101100111101;
	4331 :	010100100011101100111101;
	4330 :	010100100011101100111101;
	4329 :	010100100011101100111100;
	4328 :	010100100011101100111101;
	4327 :	010100100011101100111101;
	4326 :	010100100011101100111101;
	4325 :	010100100011101100111100;
	4324 :	010100100011101100111101;
	4323 :	010100100011101100111101;
	4322 :	010100100011101100111101;
	4321 :	010100100011101100111101;
	4320 :	010100100011101100111101;
	4319 :	010100100011101100111101;
	4318 :	010100100011101100111101;
	4317 :	010100100011101100111101;
	4316 :	010100110011101100111101;
	4315 :	010100100011101100111101;
	4314 :	010100100011101100111101;
	4313 :	010100100011101100111101;
	4312 :	010100100011101100111101;
	4311 :	010100100011101100111101;
	4310 :	010100100011101100111101;
	4309 :	010100100011101100111101;
	4308 :	010100100011101100111101;
	4307 :	010100100011101100111101;
	4306 :	010100100011101100111101;
	4305 :	010100100011101100111101;
	4304 :	010100100011101100111101;
	4303 :	010100100011101100111101;
	4302 :	010100100011101100111101;
	4301 :	010100100011101100111101;
	4300 :	010100100011101100111101;
	4299 :	010100100011101100111101;
	4298 :	010100100011101100111101;
	4297 :	010100100011101100111101;
	4296 :	010100100011101100111101;
	4295 :	010100100011101100111101;
	4294 :	010100100011101100111101;
	4293 :	010100100011101100111101;
	4292 :	010100100011101100111101;
	4291 :	010100100011101100111101;
	4290 :	010100100011101100111101;
	4289 :	010100100011101100111101;
	4288 :	010100100011101100111101;
	4287 :	010100100011101100111101;
	4286 :	010100100011101100111101;
	4285 :	010100100011101100111101;
	4284 :	010100100011101100111101;
	4283 :	010100100011101100111101;
	4282 :	010100100011101100111101;
	4281 :	010100100011101100111101;
	4280 :	010100100011101100111101;
	4279 :	010100100011101100111101;
	4278 :	000000000000000000000000;
	4277 :	000000000000000000000000;
	4276 :	000000000000000000000000;
	4275 :	000000000000000000000000;
	4274 :	000000000000000000000000;
	4273 :	000000000000000000000000;
	4272 :	000000000000000000000000;
	4271 :	000000000000000000000000;
	4270 :	000000000000000000000000;
	4269 :	000000000000000000000000;
	4268 :	000000000000000000000000;
	4267 :	000000000000000000000000;
	4266 :	000000000000000000000000;
	4265 :	000000000000000000000000;
	4264 :	000000000000000000000000;
	4263 :	000000000000000000000000;
	4262 :	000000000000000000000000;
	4261 :	000000000000000000000000;
	4260 :	000000000000000000000000;
	4259 :	000000000000000000000000;
	4258 :	000000000000000000000000;
	4257 :	000000000000000000000000;
	4256 :	000000000000000000000000;
	4255 :	000000000000000000000000;
	4254 :	000000000000000000000000;
	4253 :	000000000000000000000000;
	4252 :	000000000000000000000000;
	4251 :	000000000000000000000000;
	4250 :	000000000000000000000000;
	4249 :	000000000000000000000000;
	4248 :	000000000000000000000000;
	4247 :	000000000000000000000000;
	4246 :	000000000000000000000000;
	4245 :	000000000000000000000000;
	4244 :	000000000000000000000000;
	4243 :	000000000000000000000000;
	4242 :	000000000000000000000000;
	4241 :	000000000000000000000000;
	4240 :	000000000000000000000000;
	4239 :	000000000000000000000000;
	4238 :	000000000000000000000000;
	4237 :	000000000000000000000000;
	4236 :	000000000000000000000000;
	4235 :	000000000000000000000000;
	4234 :	000000000000000000000000;
	4233 :	000000000000000000000000;
	4232 :	000000000000000000000000;
	4231 :	000000000000000000000000;
	4230 :	010100100011101100111101;
	4229 :	010100100011101100111101;
	4228 :	010100110011101100111101;
	4227 :	010100100011101100111101;
	4226 :	010100100011101100111101;
	4225 :	010100100011101100111101;
	4224 :	010100100011101100111101;
	4223 :	010100100011101100111101;
	4222 :	010100100011101100111101;
	4221 :	010100100011101100111101;
	4220 :	010100100011101100111101;
	4219 :	010100100011101100111101;
	4218 :	010100100011101100111101;
	4217 :	010100100011101100111101;
	4216 :	010100100011101100111101;
	4215 :	010100100011101100111100;
	4214 :	010100100011101100111101;
	4213 :	010100100011101100111101;
	4212 :	010100100011101100111101;
	4211 :	010100100011101100111101;
	4210 :	010100100011101100111101;
	4209 :	010100100011101100111101;
	4208 :	010100100011101100111101;
	4207 :	010100100011101100111101;
	4206 :	010100100011101100111101;
	4205 :	010100100011101100111101;
	4204 :	010100100011101100111101;
	4203 :	010100100011101100111101;
	4202 :	010100100011101100111101;
	4201 :	010100100011101100111101;
	4200 :	010100100011101100111101;
	4199 :	010100100011101100111101;
	4198 :	010100100011101100111101;
	4197 :	010100100011101100111101;
	4196 :	010100100011101100111101;
	4195 :	010100100011101100111101;
	4194 :	010100100011101100111101;
	4193 :	010100100011101100111101;
	4192 :	010100100011101100111101;
	4191 :	010100100011101100111101;
	4190 :	010100100011101100111101;
	4189 :	010100100011101100111101;
	4188 :	010100100011101100111101;
	4187 :	010100100011101100111101;
	4186 :	010100100011101100111101;
	4185 :	010100100011101100111101;
	4184 :	010100100011101100111101;
	4183 :	010100100011101100111101;
	4182 :	010100100011101100111101;
	4181 :	010100100011101100111101;
	4180 :	010100100011101100111101;
	4179 :	010100100011101100111101;
	4178 :	010100100011101100111101;
	4177 :	010100100011101100111101;
	4176 :	010100100011101100111101;
	4175 :	010100100011101100111101;
	4174 :	010100100011101100111101;
	4173 :	010100100011101100111101;
	4172 :	010100100011101100111101;
	4171 :	010100100011101100111101;
	4170 :	010100100011101100111101;
	4169 :	010100100011101100111101;
	4168 :	010100100011101100111101;
	4167 :	010100100011101100111101;
	4166 :	010100100011101100111101;
	4165 :	010100110011101100111101;
	4164 :	010100100011101100111101;
	4163 :	010100100011101100111101;
	4162 :	010100100011101100111101;
	4161 :	010100100011101100111101;
	4160 :	010100100011101100111101;
	4159 :	010100100011101100111101;
	4158 :	010100100011101100111101;
	4157 :	010100100011101100111101;
	4156 :	010100100011101100111101;
	4155 :	010100100011101100111101;
	4154 :	010100100011101100111101;
	4153 :	010100100011101100111101;
	4152 :	010100100011101100111101;
	4151 :	010100100011101100111101;
	4150 :	010100100011101100111101;
	4149 :	010100100011101100111101;
	4148 :	010100100011101100111101;
	4147 :	010100100011101100111101;
	4146 :	010100100011101100111101;
	4145 :	010100100011101100111101;
	4144 :	010100100011101100111101;
	4143 :	010100100011101100111101;
	4142 :	010100100011101100111101;
	4141 :	010100100011101100111101;
	4140 :	010100100011101100111101;
	4139 :	010100100011101100111101;
	4138 :	010100100011101100111101;
	4137 :	010100100011101100111101;
	4136 :	010100100011101100111101;
	4135 :	010100100011101100111101;
	4134 :	010100100011101100111101;
	4133 :	010100100011101100111101;
	4132 :	010100100011101100111101;
	4131 :	010100100011101100111101;
	4130 :	010100100011101100111101;
	4129 :	010100100011101100111101;
	4128 :	010100100011101100111101;
	4127 :	010100100011101100111101;
	4126 :	010100100011101100111101;
	4125 :	010100110011101100111101;
	4124 :	010100100011101100111101;
	4123 :	010100100011101100111101;
	4122 :	010100100011101100111101;
	4121 :	010100100011101100111101;
	4120 :	010100100011101100111101;
	4119 :	010100100011101100111101;
	4118 :	010100100011101100111101;
	4117 :	010100100011101100111101;
	4116 :	010100100011101100111101;
	4115 :	010100100011101100111101;
	4114 :	010100100011101100111101;
	4113 :	010100100011101100111101;
	4112 :	010100100011101100111101;
	4111 :	010100100011101100111100;
	4110 :	010100100011101100111101;
	4109 :	010100100011101100111101;
	4108 :	010100100011101100111101;
	4107 :	010100100011101100111101;
	4106 :	010100100011101100111101;
	4105 :	010100100011101100111101;
	4104 :	010100100011101100111101;
	4103 :	010100100011101100111101;
	4102 :	010100100011101100111101;
	4101 :	010100100011101100111101;
	4100 :	010100100011101100111101;
	4099 :	010100100011101100111101;
	4098 :	010100100011101100111101;
	4097 :	010100100011101100111101;
	4096 :	010100100011101100111101;
	4095 :	010100100011101100111101;
	4094 :	010100110011101100111101;
	4093 :	000000000000000000000000;
	4092 :	000000000000000000000000;
	4091 :	000000000000000000000000;
	4090 :	000000000000000000000000;
	4089 :	000000000000000000000000;
	4088 :	000000000000000000000000;
	4087 :	000000000000000000000000;
	4086 :	000000000000000000000000;
	4085 :	000000000000000000000000;
	4084 :	000000000000000000000000;
	4083 :	000000000000000000000000;
	4082 :	000000000000000000000000;
	4081 :	000000000000000000000000;
	4080 :	000000000000000000000000;
	4079 :	000000000000000000000000;
	4078 :	000000000000000000000000;
	4077 :	000000000000000000000000;
	4076 :	000000000000000000000000;
	4075 :	000000000000000000000000;
	4074 :	000000000000000000000000;
	4073 :	000000000000000000000000;
	4072 :	000000000000000000000000;
	4071 :	000000000000000000000000;
	4070 :	000000000000000000000000;
	4069 :	000000000000000000000000;
	4068 :	000000000000000000000000;
	4067 :	000000000000000000000000;
	4066 :	000000000000000000000000;
	4065 :	000000000000000000000000;
	4064 :	000000000000000000000000;
	4063 :	000000000000000000000000;
	4062 :	000000000000000000000000;
	4061 :	000000000000000000000000;
	4060 :	000000000000000000000000;
	4059 :	000000000000000000000000;
	4058 :	000000000000000000000000;
	4057 :	000000000000000000000000;
	4056 :	000000000000000000000000;
	4055 :	000000000000000000000000;
	4054 :	000000000000000000000000;
	4053 :	000000000000000000000000;
	4052 :	000000000000000000000000;
	4051 :	000000000000000000000000;
	4050 :	000000000000000000000000;
	4049 :	000000000000000000000000;
	4048 :	000000000000000000000000;
	4047 :	000000000000000000000000;
	4046 :	000000000000000000000000;
	4045 :	000000000000000000000000;
	4044 :	000000000000000000000000;
	4043 :	000000000000000000000000;
	4042 :	000000000000000000000000;
	4041 :	000000000000000000000000;
	4040 :	000000000000000000000000;
	4039 :	000000000000000000000000;
	4038 :	000000000000000000000000;
	4037 :	000000000000000000000000;
	4036 :	000000000000000000000000;
	4035 :	000000000000000000000000;
	4034 :	000000000000000000000000;
	4033 :	000000000000000000000000;
	4032 :	000000000000000000000000;
	4031 :	000000000000000000000000;
	4030 :	000000000000000000000000;
	4029 :	000000000000000000000000;
	4028 :	000000000000000000000000;
	4027 :	000000000000000000000000;
	4026 :	000000000000000000000000;
	4025 :	000000000000000000000000;
	4024 :	000000000000000000000000;
	4023 :	000000000000000000000000;
	4022 :	000000000000000000000000;
	4021 :	000000000000000000000000;
	4020 :	000000000000000000000000;
	4019 :	000000000000000000000000;
	4018 :	000000000000000000000000;
	4017 :	000000000000000000000000;
	4016 :	000000000000000000000000;
	4015 :	000000000000000000000000;
	4014 :	000000000000000000000000;
	4013 :	000000000000000000000000;
	4012 :	000000000000000000000000;
	4011 :	000000000000000000000000;
	4010 :	000000000000000000000000;
	4009 :	000000000000000000000000;
	4008 :	000000000000000000000000;
	4007 :	000000000000000000000000;
	4006 :	000000000000000000000000;
	4005 :	000000000000000000000000;
	4004 :	000000000000000000000000;
	4003 :	000000000000000000000000;
	4002 :	000000000000000000000000;
	4001 :	000000000000000000000000;
	4000 :	000000000000000000000000;
	3999 :	000000000000000000000000;
	3998 :	000000000000000000000000;
	3997 :	000000000000000000000000;
	3996 :	000000000000000000000000;
	3995 :	000000000000000000000000;
	3994 :	000000000000000000000000;
	3993 :	000000000000000000000000;
	3992 :	000000000000000000000000;
	3991 :	000000000000000000000000;
	3990 :	000000000000000000000000;
	3989 :	000000000000000000000000;
	3988 :	000000000000000000000000;
	3987 :	000000000000000000000000;
	3986 :	000000000000000000000000;
	3985 :	000000000000000000000000;
	3984 :	000000010000000000000000;
	3983 :	000000000000000000000000;
	3982 :	000000000000000000000000;
	3981 :	000000000000000000000000;
	3980 :	000000000000000000000000;
	3979 :	000000010000000000000000;
	3978 :	000000000000000000000001;
	3977 :	000000000000000000000000;
	3976 :	000000000000000000000000;
	3975 :	000000000000000000000000;
	3974 :	000000000000000000000000;
	3973 :	000000000000000000000000;
	3972 :	000000000000000000000000;
	3971 :	000000000000000000000000;
	3970 :	000000000000000000000000;
	3969 :	000000000000000000000000;
	3968 :	000000000000000000000000;
	3967 :	000000000000000000000000;
	3966 :	000000000000000000000000;
	3965 :	000000000000000000000000;
	3964 :	000000000000000000000000;
	3963 :	000000000000000000000000;
	3962 :	000000010000000000000000;
	3961 :	000000000000000000000000;
	3960 :	000000000000000000000000;
	3959 :	000000000000000000000000;
	3958 :	000000000000000000000000;
	3957 :	000000000000000000000000;
	3956 :	000000000000000000000000;
	3955 :	000000000000000000000000;
	3954 :	000000000000000000000000;
	3953 :	000000000000000000000000;
	3952 :	000000000000000000000000;
	3951 :	000000000000000000000000;
	3950 :	000000000000000000000000;
	3949 :	000000000000000000000000;
	3948 :	000000000000000000000000;
	3947 :	000000000000000000000000;
	3946 :	000000000000000000000000;
	3945 :	000000000000000000000000;
	3944 :	000000000000000000000000;
	3943 :	000000000000000000000000;
	3942 :	000000000000000000000000;
	3941 :	000000000000000000000000;
	3940 :	000000000000000000000000;
	3939 :	000000000000000000000000;
	3938 :	000000000000000000000000;
	3937 :	000000000000000000000000;
	3936 :	000000000000000000000000;
	3935 :	000000000000000000000000;
	3934 :	000000000000000000000000;
	3933 :	000000000000000000000000;
	3932 :	000000000000000000000000;
	3931 :	000000000000000000000000;
	3930 :	000000000000000000000000;
	3929 :	000000000000000000000000;
	3928 :	000000000000000000000000;
	3927 :	000000000000000000000000;
	3926 :	000000000000000000000000;
	3925 :	000000000000000000000000;
	3924 :	000000000000000000000000;
	3923 :	000000000000000000000000;
	3922 :	000000000000000000000000;
	3921 :	000000000000000000000000;
	3920 :	000000000000000000000000;
	3919 :	000000000000000000000000;
	3918 :	000000000000000000000000;
	3917 :	000000000000000000000000;
	3916 :	000000000000000000000000;
	3915 :	000000000000000000000000;
	3914 :	000000000000000000000000;
	3913 :	000000000000000000000000;
	3912 :	000000000000000000000000;
	3911 :	000000000000000000000000;
	3910 :	000000000000000000000000;
	3909 :	000000000000000000000000;
	3908 :	000000000000000000000000;
	3907 :	000000000000000000000000;
	3906 :	000000000000000000000000;
	3905 :	000000000000000000000000;
	3904 :	000000000000000000000000;
	3903 :	000000000000000000000000;
	3902 :	000000000000000000000000;
	3901 :	000000000000000000000000;
	3900 :	000000000000000000000000;
	3899 :	000000000000000000000000;
	3898 :	000000000000000000000000;
	3897 :	000000000000000000000000;
	3896 :	000000000000000000000000;
	3895 :	000000000000000000000000;
	3894 :	000000000000000000000000;
	3893 :	000000000000000000000000;
	3892 :	000000000000000000000000;
	3891 :	000000000000000000000000;
	3890 :	000000000000000000000000;
	3889 :	000000000000000000000000;
	3888 :	000000000000000000000000;
	3887 :	000000000000000000000000;
	3886 :	000000000000000000000000;
	3885 :	000000000000000000000000;
	3884 :	000000000000000000000000;
	3883 :	000000000000000000000000;
	3882 :	000000000000000000000000;
	3881 :	000000000000000000000000;
	3880 :	000000000000000000000000;
	3879 :	000000000000000000000000;
	3878 :	000000000000000000000000;
	3877 :	000000000000000000000000;
	3876 :	000000000000000000000000;
	3875 :	000000000000000000000000;
	3874 :	000000000000000000000000;
	3873 :	000000000000000000000000;
	3872 :	000000000000000000000000;
	3871 :	000000000000000000000000;
	3870 :	000000000000000000000000;
	3869 :	000000000000000000000000;
	3868 :	000000000000000000000001;
	3867 :	000000000000000000000000;
	3866 :	000000000000000000000000;
	3865 :	000000000000000000000000;
	3864 :	000000000000000000000000;
	3863 :	000000000000000000000000;
	3862 :	000000000000000000000000;
	3861 :	000000000000000000000000;
	3860 :	000000000000000000000000;
	3859 :	000000000000000000000000;
	3858 :	000000000000000000000000;
	3857 :	000000000000000000000000;
	3856 :	000000000000000000000000;
	3855 :	000000000000000000000000;
	3854 :	000000000000000000000000;
	3853 :	000000000000000000000000;
	3852 :	000000000000000000000000;
	3851 :	000000000000000000000000;
	3850 :	000000000000000000000000;
	3849 :	000000000000000000000000;
	3848 :	000000000000000000000000;
	3847 :	000000000000000000000000;
	3846 :	000000000000000000000000;
	3845 :	000000000000000000000000;
	3844 :	000000000000000000000000;
	3843 :	000000000000000000000000;
	3842 :	000000000000000000000000;
	3841 :	000000000000000000000000;
	3840 :	000000000000000000000000;
	3839 :	000000000000000000000000;
	3838 :	000000000000000000000000;
	3837 :	000000000000000000000000;
	3836 :	000000000000000000000000;
	3835 :	000000000000000000000000;
	3834 :	000000000000000000000000;
	3833 :	000000000000000000000000;
	3832 :	000000000000000000000000;
	3831 :	000000000000000000000000;
	3830 :	000000000000000000000000;
	3829 :	000000000000000000000000;
	3828 :	000000000000000000000000;
	3827 :	000000000000000000000000;
	3826 :	000000000000000000000000;
	3825 :	000000000000000000000000;
	3824 :	000000000000000000000000;
	3823 :	000000000000000000000000;
	3822 :	000000000000000000000000;
	3821 :	000000000000000000000000;
	3820 :	000000000000000000000000;
	3819 :	000000000000000000000000;
	3818 :	000000000000000000000000;
	3817 :	000000000000000000000000;
	3816 :	000000000000000000000000;
	3815 :	000000000000000000000000;
	3814 :	000000000000000000000000;
	3813 :	000000000000000000000000;
	3812 :	000000000000000000000000;
	3811 :	000000000000000000000000;
	3810 :	000000000000000000000000;
	3809 :	000000000000000000000000;
	3808 :	000000000000000000000000;
	3807 :	000000000000000000000000;
	3806 :	000000000000000000000000;
	3805 :	000000000000000000000000;
	3804 :	000000000000000000000000;
	3803 :	000000000000000000000000;
	3802 :	000000000000000000000000;
	3801 :	000000000000000000000000;
	3800 :	000000000000000000000000;
	3799 :	000000000000000000000000;
	3798 :	000000000000000000000000;
	3797 :	000000000000000000000000;
	3796 :	000000000000000000000000;
	3795 :	000000000000000000000000;
	3794 :	000000000000000000000000;
	3793 :	000000000000000000000000;
	3792 :	000000000000000000000000;
	3791 :	000000000000000000000000;
	3790 :	000000000000000000000000;
	3789 :	000000000000000000000000;
	3788 :	000000000000000000000000;
	3787 :	000000000000000000000000;
	3786 :	000000000000000000000000;
	3785 :	000000000000000000000000;
	3784 :	000000000000000000000000;
	3783 :	000000000000000000000000;
	3782 :	000000000000000000000000;
	3781 :	000000000000000000000000;
	3780 :	000000000000000000000000;
	3779 :	000000000000000000000000;
	3778 :	000000000000000000000000;
	3777 :	000000000000000000000000;
	3776 :	000000000000000000000000;
	3775 :	000000000000000000000000;
	3774 :	000000000000000000000000;
	3773 :	000000000000000000000000;
	3772 :	000000000000000000000000;
	3771 :	000000000000000000000000;
	3770 :	000000000000000000000000;
	3769 :	000000000000000000000000;
	3768 :	000000000000000000000000;
	3767 :	000000000000000000000000;
	3766 :	000000000000000000000000;
	3765 :	000000000000000000000000;
	3764 :	000000000000000000000000;
	3763 :	000000000000000000000000;
	3762 :	000000000000000000000000;
	3761 :	000000000000000000000000;
	3760 :	000000000000000000000000;
	3759 :	000000000000000000000000;
	3758 :	000000000000000000000000;
	3757 :	000000000000000000000000;
	3756 :	000000000000000000000000;
	3755 :	000000000000000000000000;
	3754 :	000000000000000000000000;
	3753 :	000000000000000000000000;
	3752 :	000000000000000000000000;
	3751 :	000000000000000000000000;
	3750 :	000000000000000000000000;
	3749 :	000000000000000000000000;
	3748 :	000000000000000000000000;
	3747 :	000000000000000000000000;
	3746 :	000000000000000000000000;
	3745 :	000000000000000000000000;
	3744 :	000000000000000000000000;
	3743 :	000000000000000000000000;
	3742 :	000000000000000000000000;
	3741 :	000000000000000000000000;
	3740 :	000000000000000000000000;
	3739 :	000000000000000000000000;
	3738 :	000000000000000000000000;
	3737 :	000000000000000000000000;
	3736 :	000000000000000000000000;
	3735 :	000000000000000000000000;
	3734 :	000000000000000000000000;
	3733 :	000000000000000000000000;
	3732 :	000000000000000000000000;
	3731 :	000000000000000000000000;
	3730 :	000000000000000000000000;
	3729 :	000000000000000000000000;
	3728 :	000000000000000000000000;
	3727 :	000000000000000000000000;
	3726 :	000000000000000000000000;
	3725 :	000000000000000000000000;
	3724 :	000000000000000000000000;
	3723 :	000000000000000000000000;
	3722 :	000000000000000000000000;
	3721 :	000000000000000000000000;
	3720 :	000000000000000000000000;
	3719 :	000000000000000000000000;
	3718 :	000000000000000000000000;
	3717 :	000000000000000000000000;
	3716 :	000000000000000000000000;
	3715 :	000000000000000000000000;
	3714 :	000000000000000000000000;
	3713 :	000000000000000000000000;
	3712 :	000000000000000000000000;
	3711 :	000000000000000000000000;
	3710 :	000000000000000000000000;
	3709 :	000000000000000000000000;
	3708 :	000000000000000000000000;
	3707 :	000000000000000000000000;
	3706 :	000000000000000000000000;
	3705 :	000000000000000000000000;
	3704 :	000000000000000000000000;
	3703 :	000000000000000000000000;
	3702 :	000000000000000000000000;
	3701 :	000000000000000000000000;
	3700 :	000000000000000000000000;
	3699 :	000000000000000000000000;
	3698 :	000000000000000000000000;
	3697 :	000000000000000000000000;
	3696 :	000000000000000000000000;
	3695 :	000000000000000000000000;
	3694 :	000000000000000000000000;
	3693 :	000000000000000000000000;
	3692 :	000000000000000000000000;
	3691 :	000000000000000000000000;
	3690 :	000000000000000000000000;
	3689 :	000000000000000000000000;
	3688 :	000000000000000000000000;
	3687 :	000000000000000000000000;
	3686 :	000000000000000000000000;
	3685 :	000000000000000000000000;
	3684 :	000000000000000000000000;
	3683 :	000000000000000000000000;
	3682 :	000000000000000000000000;
	3681 :	000000000000000000000000;
	3680 :	000000000000000000000000;
	3679 :	000000000000000000000000;
	3678 :	000000000000000000000000;
	3677 :	000000000000000000000000;
	3676 :	000000000000000000000000;
	3675 :	000000000000000000000000;
	3674 :	000000000000000000000000;
	3673 :	000000000000000000000000;
	3672 :	000000000000000000000000;
	3671 :	000000000000000000000000;
	3670 :	000000000000000000000000;
	3669 :	000000000000000000000000;
	3668 :	000000000000000000000000;
	3667 :	000000000000000000000000;
	3666 :	000000000000000000000000;
	3665 :	000000000000000000000000;
	3664 :	000000000000000000000000;
	3663 :	000000000000000000000000;
	3662 :	000000000000000000000000;
	3661 :	000000000000000000000000;
	3660 :	000000000000000000000000;
	3659 :	000000000000000000000000;
	3658 :	000000000000000000000000;
	3657 :	000000000000000000000000;
	3656 :	000000000000000000000000;
	3655 :	000000000000000000000000;
	3654 :	000000000000000000000000;
	3653 :	000000000000000000000000;
	3652 :	000000000000000000000000;
	3651 :	000000000000000000000000;
	3650 :	000000000000000000000001;
	3649 :	000000000000000000000000;
	3648 :	000000000000000000000000;
	3647 :	000000000000000000000000;
	3646 :	000000000000000000000000;
	3645 :	000000000000000000000000;
	3644 :	000000000000000000000000;
	3643 :	000000000000000000000000;
	3642 :	000000000000000000000000;
	3641 :	000000000000000000000000;
	3640 :	000000000000000000000000;
	3639 :	000000000000000000000000;
	3638 :	000000000000000000000000;
	3637 :	000000000000000000000000;
	3636 :	000000000000000000000000;
	3635 :	000000000000000000000000;
	3634 :	000000000000000000000000;
	3633 :	000000000000000000000000;
	3632 :	000000000000000000000000;
	3631 :	000000000000000000000000;
	3630 :	000000000000000000000000;
	3629 :	000000000000000000000000;
	3628 :	000000000000000000000000;
	3627 :	000000000000000100000000;
	3626 :	000000000000000000000000;
	3625 :	000000000000000000000000;
	3624 :	000000000000000000000000;
	3623 :	000000000000000000000000;
	3622 :	000000000000000000000000;
	3621 :	000000000000000000000000;
	3620 :	000000000000000000000000;
	3619 :	000000000000000000000000;
	3618 :	000000000000000000000000;
	3617 :	000000000000000000000000;
	3616 :	000000000000000000000000;
	3615 :	000000000000000000000000;
	3614 :	000000000000000000000000;
	3613 :	000000000000000000000000;
	3612 :	000000000000000000000000;
	3611 :	000000000000000000000000;
	3610 :	000000000000000000000000;
	3609 :	000000000000000000000000;
	3608 :	000000000000000000000000;
	3607 :	000000000000000000000000;
	3606 :	000000000000000000000000;
	3605 :	000000000000000000000000;
	3604 :	000000000000000000000000;
	3603 :	000000000000000000000000;
	3602 :	000000000000000000000000;
	3601 :	000000000000000000000000;
	3600 :	000000000000000000000000;
	3599 :	000000000000000000000000;
	3598 :	000000000000000000000000;
	3597 :	000000000000000000000000;
	3596 :	000000000000000000000000;
	3595 :	000000000000000000000000;
	3594 :	000000000000000000000000;
	3593 :	000000000000000000000000;
	3592 :	000000000000000000000000;
	3591 :	000000000000000000000000;
	3590 :	000000000000000000000000;
	3589 :	000000000000000000000000;
	3588 :	000000000000000000000000;
	3587 :	000000000000000000000000;
	3586 :	000000000000000000000000;
	3585 :	000000000000000000000000;
	3584 :	000000000000000000000000;
	3583 :	000000000000000000000000;
	3582 :	000000000000000000000000;
	3581 :	000000000000000000000000;
	3580 :	000000000000000000000000;
	3579 :	000000000000000000000000;
	3578 :	000000000000000000000000;
	3577 :	000000000000000000000000;
	3576 :	000000000000000000000000;
	3575 :	000000000000000000000000;
	3574 :	000000000000000000000000;
	3573 :	000000000000000000000000;
	3572 :	000000000000000000000000;
	3571 :	000000000000000000000000;
	3570 :	000000000000000000000000;
	3569 :	000000000000000000000000;
	3568 :	000000000000000000000000;
	3567 :	000000000000000000000000;
	3566 :	000000000000000000000000;
	3565 :	000000000000000000000000;
	3564 :	000000000000000000000000;
	3563 :	000000000000000000000000;
	3562 :	000000000000000000000000;
	3561 :	000000000000000000000000;
	3560 :	000000000000000000000000;
	3559 :	000000000000000000000000;
	3558 :	000000000000000000000000;
	3557 :	000000000000000000000000;
	3556 :	000000000000000000000000;
	3555 :	000000000000000100000000;
	3554 :	000000000000000000000000;
	3553 :	000000000000000000000000;
	3552 :	000000000000000000000000;
	3551 :	000000000000000000000000;
	3550 :	000000000000000000000000;
	3549 :	000000000000000000000000;
	3548 :	000000000000000000000000;
	3547 :	000000000000000000000000;
	3546 :	000000000000000000000000;
	3545 :	000000000000000000000000;
	3544 :	000000000000000000000000;
	3543 :	000000000000000000000000;
	3542 :	000000000000000000000000;
	3541 :	000000000000000000000000;
	3540 :	000000000000000000000000;
	3539 :	000000000000000000000000;
	3538 :	000000000000000000000001;
	3537 :	000000000000000000000000;
	3536 :	000000000000000000000000;
	3535 :	000000000000000000000000;
	3534 :	000000000000000000000000;
	3533 :	000000000000000000000000;
	3532 :	000000000000000000000000;
	3531 :	000000000000000000000000;
	3530 :	000000000000000000000000;
	3529 :	000000000000000000000000;
	3528 :	000000000000000000000000;
	3527 :	000000000000000000000000;
	3526 :	000000000000000000000000;
	3525 :	000000000000000000000000;
	3524 :	000000000000000000000000;
	3523 :	000000000000000000000000;
	3522 :	000000000000000000000000;
	3521 :	000000000000000000000000;
	3520 :	000000000000000000000000;
	3519 :	000000000000000000000000;
	3518 :	000000000000000000000000;
	3517 :	000000000000000000000000;
	3516 :	000000000000000000000000;
	3515 :	000000000000000000000000;
	3514 :	000000000000000000000000;
	3513 :	000000000000000000000000;
	3512 :	000000000000000000000000;
	3511 :	000000000000000000000000;
	3510 :	000000000000000000000000;
	3509 :	000000000000000000000000;
	3508 :	000000000000000000000000;
	3507 :	000000000000000000000000;
	3506 :	000000000000000000000000;
	3505 :	000000000000000000000000;
	3504 :	000000000000000000000000;
	3503 :	000000000000000000000000;
	3502 :	000000000000000000000000;
	3501 :	000000000000000000000000;
	3500 :	000000000000000000000000;
	3499 :	000000000000000000000000;
	3498 :	000000000000000000000000;
	3497 :	000000000000000000000000;
	3496 :	000000000000000000000000;
	3495 :	000000000000000000000000;
	3494 :	000000000000000000000000;
	3493 :	000000000000000000000000;
	3492 :	000000000000000000000000;
	3491 :	000000000000000000000000;
	3490 :	000000000000000000000000;
	3489 :	000000000000000000000000;
	3488 :	000000000000000000000000;
	3487 :	000000000000000000000000;
	3486 :	000000000000000000000000;
	3485 :	000000000000000000000000;
	3484 :	000000000000000000000000;
	3483 :	000000000000000000000000;
	3482 :	000000000000000000000000;
	3481 :	000000000000000000000000;
	3480 :	000000000000000000000000;
	3479 :	000000000000000000000000;
	3478 :	000000000000000000000000;
	3477 :	000000000000000000000000;
	3476 :	000000000000000000000000;
	3475 :	000000000000000000000000;
	3474 :	000000000000000000000000;
	3473 :	000000000000000000000000;
	3472 :	000000000000000000000000;
	3471 :	000000000000000000000000;
	3470 :	000000000000000000000000;
	3469 :	000000000000000000000000;
	3468 :	000000000000000000000000;
	3467 :	000000000000000000000000;
	3466 :	000000000000000000000000;
	3465 :	000000000000000000000000;
	3464 :	000000000000000000000000;
	3463 :	000000000000000000000000;
	3462 :	000000000000000000000000;
	3461 :	000000000000000000000000;
	3460 :	000000000000000000000000;
	3459 :	000000000000000000000000;
	3458 :	000000000000000000000000;
	3457 :	000000000000000000000000;
	3456 :	000000000000000000000000;
	3455 :	000000000000000000000000;
	3454 :	000000000000000000000000;
	3453 :	000000000000000000000000;
	3452 :	000000000000000000000000;
	3451 :	000000000000000000000000;
	3450 :	000000000000000000000000;
	3449 :	000000000000000000000000;
	3448 :	000000000000000000000000;
	3447 :	000000000000000000000000;
	3446 :	000000000000000000000000;
	3445 :	000000000000000000000000;
	3444 :	000000000000000000000000;
	3443 :	000000000000000000000000;
	3442 :	000000000000000000000000;
	3441 :	000000000000000000000000;
	3440 :	000000000000000000000000;
	3439 :	000000000000000000000000;
	3438 :	000000000000000000000000;
	3437 :	000000000000000000000000;
	3436 :	000000000000000000000000;
	3435 :	000000000000000000000000;
	3434 :	000000000000000000000000;
	3433 :	000000000000000000000000;
	3432 :	000000000000000000000000;
	3431 :	000000000000000000000000;
	3430 :	000000000000000000000000;
	3429 :	000000000000000000000000;
	3428 :	000000000000000000000000;
	3427 :	000000000000000000000000;
	3426 :	000000000000000000000000;
	3425 :	000000000000000000000000;
	3424 :	000000000000000000000000;
	3423 :	000000000000000000000000;
	3422 :	000000000000000000000000;
	3421 :	000000000000000000000000;
	3420 :	000000000000000000000000;
	3419 :	000000000000000000000000;
	3418 :	000000000000000000000000;
	3417 :	000000000000000000000000;
	3416 :	000000000000000000000000;
	3415 :	000000000000000000000000;
	3414 :	000000000000000000000000;
	3413 :	000000000000000000000000;
	3412 :	000000000000000000000000;
	3411 :	000000000000000000000000;
	3410 :	000000000000000000000000;
	3409 :	000000000000000000000000;
	3408 :	000000000000000000000000;
	3407 :	000000000000000000000000;
	3406 :	000000000000000000000000;
	3405 :	000000000000000000000000;
	3404 :	000000000000000000000000;
	3403 :	000000000000000000000000;
	3402 :	000000000000000000000000;
	3401 :	000000010000000000000000;
	3400 :	000000000000000000000000;
	3399 :	000000000000000000000000;
	3398 :	000000000000000000000000;
	3397 :	000000000000000000000000;
	3396 :	000000000000000000000000;
	3395 :	000000000000000000000000;
	3394 :	000000000000000000000000;
	3393 :	000000000000000000000000;
	3392 :	000000000000000000000000;
	3391 :	000000000000000000000000;
	3390 :	000000000000000000000000;
	3389 :	000000000000000000000000;
	3388 :	000000000000000000000000;
	3387 :	000000000000000000000000;
	3386 :	000000000000000000000000;
	3385 :	000000000000000000000000;
	3384 :	000000000000000000000000;
	3383 :	000000000000000000000000;
	3382 :	000000000000000000000000;
	3381 :	000000000000000000000000;
	3380 :	000000000000000000000000;
	3379 :	000000000000000000000000;
	3378 :	000000000000000000000000;
	3377 :	000000000000000000000000;
	3376 :	000000000000000000000000;
	3375 :	000000000000000000000000;
	3374 :	000000000000000000000000;
	3373 :	000000000000000000000000;
	3372 :	000000000000000000000000;
	3371 :	000000000000000000000000;
	3370 :	000000000000000000000000;
	3369 :	000000000000000000000000;
	3368 :	000000000000000000000000;
	3367 :	000000000000000000000000;
	3366 :	000000000000000000000000;
	3365 :	000000000000000000000000;
	3364 :	000000000000000000000000;
	3363 :	000000000000000000000000;
	3362 :	000000000000000000000000;
	3361 :	000000000000000000000000;
	3360 :	000000000000000000000000;
	3359 :	000000000000000000000000;
	3358 :	000000000000000000000000;
	3357 :	000000000000000000000000;
	3356 :	000000000000000000000000;
	3355 :	000000000000000000000000;
	3354 :	000000000000000000000000;
	3353 :	000000000000000000000000;
	3352 :	000000000000000000000000;
	3351 :	000000000000000000000000;
	3350 :	000000000000000000000000;
	3349 :	000000010000000000000000;
	3348 :	000000000000000000000000;
	3347 :	000000000000000000000000;
	3346 :	000000000000000000000000;
	3345 :	000000000000000000000000;
	3344 :	000000000000000000000000;
	3343 :	000000000000000000000000;
	3342 :	000000000000000000000000;
	3341 :	000000000000000000000000;
	3340 :	000000000000000000000000;
	3339 :	000000000000000000000000;
	3338 :	000000000000000000000000;
	3337 :	000000000000000000000000;
	3336 :	000000000000000000000000;
	3335 :	000000000000000000000000;
	3334 :	000000000000000000000000;
	3333 :	000000000000000000000000;
	3332 :	000000000000000000000000;
	3331 :	000000000000000000000000;
	3330 :	000000000000000000000000;
	3329 :	000000000000000000000000;
	3328 :	000000000000000000000000;
	3327 :	000000000000000000000000;
	3326 :	000000000000000000000000;
	3325 :	000000000000000000000000;
	3324 :	000000000000000000000000;
	3323 :	000000000000000000000000;
	3322 :	000000000000000000000000;
	3321 :	000000000000000000000000;
	3320 :	000000000000000000000000;
	3319 :	000000000000000000000000;
	3318 :	000000000000000000000000;
	3317 :	000000000000000000000000;
	3316 :	000000000000000000000000;
	3315 :	000000000000000000000000;
	3314 :	000000000000000000000000;
	3313 :	000000000000000000000000;
	3312 :	000000000000000000000000;
	3311 :	000000000000000000000000;
	3310 :	000000000000000000000000;
	3309 :	000000000000000000000000;
	3308 :	000000000000000000000000;
	3307 :	000000000000000000000000;
	3306 :	000000000000000000000000;
	3305 :	000000000000000000000000;
	3304 :	000000000000000000000000;
	3303 :	000000000000000000000001;
	3302 :	000000000000000000000000;
	3301 :	000000000000000000000000;
	3300 :	000000000000000000000000;
	3299 :	000000000000000000000000;
	3298 :	000000000000000000000000;
	3297 :	000000000000000000000000;
	3296 :	000000000000000000000000;
	3295 :	000000000000000000000000;
	3294 :	000000000000000000000000;
	3293 :	000000000000000000000000;
	3292 :	000000000000000000000000;
	3291 :	000000000000000000000000;
	3290 :	000000000000000000000000;
	3289 :	000000000000000000000000;
	3288 :	000000000000000000000000;
	3287 :	000000000000000000000000;
	3286 :	000000000000000000000000;
	3285 :	000000000000000000000000;
	3284 :	000000000000000000000000;
	3283 :	000000000000000000000000;
	3282 :	000000000000000000000000;
	3281 :	000000000000000000000000;
	3280 :	000000000000000000000000;
	3279 :	000000000000000000000000;
	3278 :	000000000000000000000000;
	3277 :	000000000000000000000000;
	3276 :	000000000000000000000000;
	3275 :	000000000000000000000000;
	3274 :	000000000000000000000000;
	3273 :	000000000000000000000000;
	3272 :	000000000000000000000000;
	3271 :	000000000000000000000000;
	3270 :	000000000000000000000000;
	3269 :	000000000000000000000000;
	3268 :	000000000000000000000000;
	3267 :	000000000000000000000000;
	3266 :	000000000000000000000000;
	3265 :	000000000000000000000000;
	3264 :	000000000000000000000000;
	3263 :	000000000000000000000000;
	3262 :	000000000000000000000000;
	3261 :	000000000000000000000000;
	3260 :	000000000000000000000000;
	3259 :	000000000000000000000000;
	3258 :	000000000000000000000000;
	3257 :	000000000000000000000000;
	3256 :	000000000000000000000000;
	3255 :	000000000000000000000000;
	3254 :	000000000000000000000000;
	3253 :	000000000000000000000000;
	3252 :	000000000000000000000000;
	3251 :	000000000000000000000000;
	3250 :	000000000000000000000000;
	3249 :	000000000000000000000000;
	3248 :	000000000000000000000000;
	3247 :	000000000000000000000000;
	3246 :	000000000000000000000000;
	3245 :	000000000000000000000000;
	3244 :	000000000000000000000000;
	3243 :	000000000000000000000000;
	3242 :	000000000000000000000000;
	3241 :	000000000000000000000000;
	3240 :	000000000000000000000000;
	3239 :	000000000000000000000000;
	3238 :	000000000000000000000000;
	3237 :	000000000000000000000000;
	3236 :	000000000000000000000000;
	3235 :	000000000000000000000000;
	3234 :	000000000000000000000000;
	3233 :	000000000000000000000000;
	3232 :	000000000000000000000000;
	3231 :	000000000000000000000000;
	3230 :	000000000000000000000000;
	3229 :	000000000000000000000000;
	3228 :	000000000000000000000000;
	3227 :	000000000000000000000000;
	3226 :	000000000000000000000000;
	3225 :	000000000000000000000000;
	3224 :	000000000000000000000000;
	3223 :	000000000000000000000000;
	3222 :	000000000000000000000000;
	3221 :	000000000000000000000000;
	3220 :	000000000000000000000000;
	3219 :	000000000000000000000000;
	3218 :	000000000000000000000000;
	3217 :	000000000000000000000000;
	3216 :	000000000000000000000000;
	3215 :	000000000000000000000000;
	3214 :	000000000000000000000000;
	3213 :	000000000000000000000000;
	3212 :	000000000000000000000000;
	3211 :	000000000000000000000000;
	3210 :	000000000000000000000000;
	3209 :	000000000000000000000000;
	3208 :	000000000000000000000000;
	3207 :	000000000000000000000000;
	3206 :	000000000000000000000000;
	3205 :	000000010000000000000000;
	3204 :	000000000000000000000000;
	3203 :	000000000000000000000000;
	3202 :	000000000000000000000000;
	3201 :	000000000000000000000000;
	3200 :	000000000000000000000000;
	3199 :	000000000000000000000000;
	3198 :	000000000000000000000000;
	3197 :	000000000000000000000000;
	3196 :	000000000000000000000000;
	3195 :	000000000000000000000000;
	3194 :	000000000000000000000000;
	3193 :	000000000000000000000000;
	3192 :	000000000000000000000000;
	3191 :	000000000000000000000000;
	3190 :	000000000000000000000000;
	3189 :	000000000000000000000000;
	3188 :	000000000000000000000000;
	3187 :	000000000000000000000000;
	3186 :	000000000000000000000000;
	3185 :	000000000000000000000000;
	3184 :	000000000000000000000000;
	3183 :	000000000000000000000000;
	3182 :	000000000000000000000000;
	3181 :	000000000000000000000000;
	3180 :	000000000000000000000000;
	3179 :	000000000000000000000000;
	3178 :	000000000000000000000000;
	3177 :	000000000000000000000000;
	3176 :	000000000000000000000000;
	3175 :	000000000000000000000000;
	3174 :	000000000000000000000000;
	3173 :	000000000000000000000000;
	3172 :	000000000000000100000000;
	3171 :	000000000000000000000000;
	3170 :	000000000000000000000000;
	3169 :	000000000000000000000000;
	3168 :	000000000000000000000000;
	3167 :	000000000000000000000000;
	3166 :	000000000000000000000000;
	3165 :	000000000000000000000000;
	3164 :	000000000000000000000000;
	3163 :	000000000000000000000000;
	3162 :	000000000000000000000000;
	3161 :	000000000000000000000000;
	3160 :	000000000000000000000000;
	3159 :	000000000000000000000000;
	3158 :	000000000000000000000000;
	3157 :	000000000000000000000000;
	3156 :	000000000000000000000000;
	3155 :	000000000000000000000000;
	3154 :	000000000000000000000000;
	3153 :	000000000000000000000000;
	3152 :	000000000000000000000000;
	3151 :	000000000000000000000000;
	3150 :	000000000000000000000000;
	3149 :	000000000000000000000000;
	3148 :	000000000000000000000000;
	3147 :	000000000000000000000000;
	3146 :	000000000000000000000000;
	3145 :	000000000000000000000000;
	3144 :	000000000000000000000000;
	3143 :	000000000000000000000000;
	3142 :	000000000000000000000000;
	3141 :	000000000000000000000000;
	3140 :	000000000000000000000000;
	3139 :	000000000000000000000000;
	3138 :	000000000000000000000000;
	3137 :	000000000000000000000000;
	3136 :	000000000000000000000000;
	3135 :	000000000000000000000000;
	3134 :	000000000000000000000000;
	3133 :	000000000000000000000000;
	3132 :	000000000000000000000000;
	3131 :	000000000000000000000000;
	3130 :	000000000000000000000000;
	3129 :	000000000000000000000000;
	3128 :	000000000000000000000000;
	3127 :	000000000000000000000000;
	3126 :	000000000000000000000000;
	3125 :	000000000000000000000000;
	3124 :	000000000000000000000000;
	3123 :	000000000000000000000000;
	3122 :	000000000000000000000000;
	3121 :	000000000000000000000000;
	3120 :	000000000000000000000000;
	3119 :	000000000000000000000000;
	3118 :	000000000000000000000000;
	3117 :	000000000000000000000000;
	3116 :	000000000000000000000000;
	3115 :	000000000000000000000000;
	3114 :	000000000000000000000000;
	3113 :	000000000000000000000000;
	3112 :	000000000000000000000000;
	3111 :	000000000000000000000000;
	3110 :	000000000000000000000000;
	3109 :	000000000000000000000000;
	3108 :	000000000000000000000000;
	3107 :	000000000000000000000000;
	3106 :	000000000000000000000000;
	3105 :	000000000000000000000000;
	3104 :	000000000000000000000000;
	3103 :	000000000000000000000000;
	3102 :	000000000000000000000000;
	3101 :	000000000000000000000000;
	3100 :	000000000000000000000000;
	3099 :	000000000000000000000000;
	3098 :	000000000000000000000000;
	3097 :	000000000000000000000000;
	3096 :	000000000000000000000000;
	3095 :	000000000000000000000000;
	3094 :	000000000000000000000000;
	3093 :	000000000000000000000000;
	3092 :	000000000000000000000000;
	3091 :	000000000000000000000000;
	3090 :	000000000000000100000000;
	3089 :	000000000000000000000000;
	3088 :	000000000000000000000000;
	3087 :	000000000000000000000000;
	3086 :	000000000000000000000000;
	3085 :	000000000000000000000000;
	3084 :	000000000000000000000000;
	3083 :	000000000000000000000000;
	3082 :	000000000000000000000000;
	3081 :	000000000000000000000000;
	3080 :	000000000000000000000000;
	3079 :	000000000000000000000000;
	3078 :	000000000000000000000000;
	3077 :	000000000000000000000000;
	3076 :	000000000000000000000000;
	3075 :	000000000000000000000000;
	3074 :	000000000000000000000000;
	3073 :	000000000000000000000000;
	3072 :	000000000000000000000000;
	3071 :	000000000000000000000000;
	3070 :	000000000000000000000000;
	3069 :	000000000000000000000000;
	3068 :	000000000000000000000000;
	3067 :	000000000000000000000000;
	3066 :	000000000000000000000000;
	3065 :	000000000000000000000000;
	3064 :	000000000000000000000000;
	3063 :	000000000000000000000000;
	3062 :	000000000000000000000000;
	3061 :	000000000000000000000000;
	3060 :	000000000000000000000000;
	3059 :	000000000000000000000000;
	3058 :	000000000000000000000000;
	3057 :	000000000000000000000000;
	3056 :	000000000000000000000000;
	3055 :	000000000000000000000000;
	3054 :	000000000000000000000000;
	3053 :	000000000000000000000000;
	3052 :	000000000000000000000000;
	3051 :	000000000000000000000000;
	3050 :	000000000000000000000000;
	3049 :	000000000000000000000000;
	3048 :	000000000000000100000000;
	3047 :	000000000000000000000000;
	3046 :	000000000000000000000000;
	3045 :	000000000000000000000000;
	3044 :	000000000000000000000000;
	3043 :	000000000000000000000000;
	3042 :	000000000000000000000000;
	3041 :	000000000000000000000000;
	3040 :	000000000000000000000000;
	3039 :	000000000000000000000000;
	3038 :	000000000000000000000000;
	3037 :	000000000000000000000000;
	3036 :	000000000000000000000000;
	3035 :	000000000000000000000000;
	3034 :	000000000000000000000000;
	3033 :	000000000000000000000000;
	3032 :	000000000000000000000000;
	3031 :	000000000000000000000000;
	3030 :	000000000000000000000000;
	3029 :	000000000000000000000000;
	3028 :	000000000000000000000000;
	3027 :	000000000000000000000000;
	3026 :	000000000000000000000000;
	3025 :	000000000000000000000000;
	3024 :	000000000000000000000000;
	3023 :	000000000000000000000000;
	3022 :	000000000000000000000000;
	3021 :	000000000000000000000000;
	3020 :	000000000000000000000000;
	3019 :	000000000000000000000000;
	3018 :	000000000000000000000000;
	3017 :	000000000000000000000000;
	3016 :	000000000000000000000000;
	3015 :	000000000000000000000000;
	3014 :	000000000000000000000000;
	3013 :	000000000000000000000000;
	3012 :	000000000000000000000000;
	3011 :	000000000000000000000000;
	3010 :	000000000000000000000000;
	3009 :	000000000000000000000000;
	3008 :	000000000000000000000000;
	3007 :	000000000000000000000000;
	3006 :	000000000000000000000000;
	3005 :	000000000000000000000000;
	3004 :	000000000000000000000000;
	3003 :	000000000000000000000000;
	3002 :	000000000000000100000000;
	3001 :	000000000000000000000000;
	3000 :	000000000000000000000000;
	2999 :	000000000000000000000000;
	2998 :	000000000000000000000000;
	2997 :	000000000000000000000000;
	2996 :	000000000000000000000000;
	2995 :	000000000000000000000000;
	2994 :	000000000000000000000000;
	2993 :	000000000000000000000000;
	2992 :	000000000000000000000000;
	2991 :	000000000000000000000000;
	2990 :	000000000000000000000000;
	2989 :	000000000000000000000000;
	2988 :	000000000000000000000000;
	2987 :	000000000000000000000000;
	2986 :	000000000000000000000000;
	2985 :	000000000000000000000000;
	2984 :	000000000000000000000000;
	2983 :	000000000000000000000000;
	2982 :	000000000000000000000000;
	2981 :	000000000000000000000000;
	2980 :	000000000000000000000000;
	2979 :	000000000000000000000000;
	2978 :	000000000000000000000000;
	2977 :	000000000000000000000000;
	2976 :	000000000000000000000000;
	2975 :	000000000000000000000000;
	2974 :	000000000000000000000000;
	2973 :	000000000000000000000000;
	2972 :	000000000000000000000000;
	2971 :	000000000000000000000000;
	2970 :	000000000000000000000000;
	2969 :	000000000000000000000000;
	2968 :	000000000000000000000000;
	2967 :	000000000000000000000000;
	2966 :	000000000000000000000000;
	2965 :	000000000000000000000000;
	2964 :	000000000000000000000000;
	2963 :	000000000000000000000000;
	2962 :	000000000000000000000000;
	2961 :	000000000000000000000000;
	2960 :	000000000000000000000000;
	2959 :	000000000000000000000000;
	2958 :	000000000000000000000000;
	2957 :	000000000000000000000000;
	2956 :	000000000000000000000000;
	2955 :	000000000000000000000000;
	2954 :	000000000000000000000000;
	2953 :	000000000000000000000000;
	2952 :	000000000000000000000000;
	2951 :	000000000000000000000000;
	2950 :	000000000000000000000000;
	2949 :	000000000000000000000000;
	2948 :	000000000000000000000000;
	2947 :	000000000000000000000000;
	2946 :	000000000000000000000000;
	2945 :	000000000000000000000000;
	2944 :	000000000000000000000000;
	2943 :	000000000000000000000000;
	2942 :	000000000000000000000000;
	2941 :	000000000000000000000000;
	2940 :	000000000000000000000000;
	2939 :	000000000000000000000000;
	2938 :	000000000000000000000000;
	2937 :	000000000000000000000000;
	2936 :	000000000000000000000000;
	2935 :	000000000000000000000000;
	2934 :	000000000000000000000000;
	2933 :	000000000000000000000000;
	2932 :	000000000000000000000000;
	2931 :	000000000000000000000000;
	2930 :	000000000000000000000000;
	2929 :	000000000000000000000000;
	2928 :	000000000000000000000000;
	2927 :	000000000000000000000000;
	2926 :	000000000000000000000000;
	2925 :	000000000000000000000000;
	2924 :	000000000000000000000000;
	2923 :	000000000000000000000000;
	2922 :	000000000000000000000000;
	2921 :	000000000000000000000000;
	2920 :	000000000000000000000000;
	2919 :	000000000000000000000000;
	2918 :	000000000000000000000000;
	2917 :	000000000000000000000000;
	2916 :	000000000000000000000000;
	2915 :	000000000000000000000000;
	2914 :	000000000000000000000000;
	2913 :	000000000000000000000000;
	2912 :	000000000000000000000000;
	2911 :	000000000000000000000000;
	2910 :	000000000000000000000000;
	2909 :	000000000000000000000000;
	2908 :	000000000000000000000000;
	2907 :	000000000000000000000000;
	2906 :	000000000000000000000000;
	2905 :	000000000000000000000000;
	2904 :	000000000000000000000000;
	2903 :	000000000000000000000000;
	2902 :	000000000000000000000000;
	2901 :	000000000000000000000000;
	2900 :	000000000000000000000000;
	2899 :	000000000000000000000000;
	2898 :	000000000000000000000000;
	2897 :	000000000000000000000000;
	2896 :	000000000000000000000000;
	2895 :	000000000000000000000000;
	2894 :	000000000000000000000000;
	2893 :	000000000000000000000000;
	2892 :	000000000000000000000000;
	2891 :	000000000000000000000000;
	2890 :	000000000000000000000000;
	2889 :	000000010000000000000000;
	2888 :	000000000000000000000000;
	2887 :	000000000000000000000000;
	2886 :	000000000000000000000000;
	2885 :	000000000000000000000000;
	2884 :	000000000000000000000000;
	2883 :	000000000000000000000000;
	2882 :	000000000000000000000000;
	2881 :	000000000000000000000000;
	2880 :	000000000000000000000000;
	2879 :	000000000000000000000000;
	2878 :	000000000000000000000000;
	2877 :	000000000000000000000000;
	2876 :	000000000000000000000000;
	2875 :	000000000000000000000000;
	2874 :	000000000000000000000000;
	2873 :	000000000000000000000000;
	2872 :	000000000000000000000000;
	2871 :	000000000000000000000000;
	2870 :	000000000000000000000000;
	2869 :	000000000000000000000000;
	2868 :	000000000000000000000000;
	2867 :	000000000000000000000000;
	2866 :	000000000000000000000000;
	2865 :	000000000000000000000000;
	2864 :	000000000000000000000000;
	2863 :	000000000000000000000000;
	2862 :	000000000000000000000000;
	2861 :	000000000000000000000000;
	2860 :	000000000000000000000000;
	2859 :	000000000000000000000000;
	2858 :	000000000000000000000000;
	2857 :	000000000000000000000000;
	2856 :	000000000000000000000000;
	2855 :	000000000000000000000000;
	2854 :	000000000000000000000000;
	2853 :	000000000000000000000000;
	2852 :	000000000000000000000000;
	2851 :	000000000000000000000000;
	2850 :	000000000000000000000000;
	2849 :	000000000000000000000000;
	2848 :	000000000000000000000000;
	2847 :	000000000000000000000000;
	2846 :	000000000000000000000000;
	2845 :	000000000000000000000000;
	2844 :	000000000000000000000000;
	2843 :	000000000000000000000000;
	2842 :	000000000000000000000000;
	2841 :	000000000000000000000000;
	2840 :	000000000000000000000000;
	2839 :	000000000000000000000000;
	2838 :	000000000000000000000000;
	2837 :	000000000000000000000000;
	2836 :	000000000000000000000000;
	2835 :	000000000000000000000000;
	2834 :	000000000000000000000000;
	2833 :	000000000000000000000000;
	2832 :	000000000000000000000000;
	2831 :	000000000000000000000000;
	2830 :	000000000000000000000000;
	2829 :	000000000000000000000000;
	2828 :	000000000000000000000000;
	2827 :	000000000000000000000000;
	2826 :	000000000000000000000000;
	2825 :	000000000000000000000000;
	2824 :	000000000000000000000000;
	2823 :	000000000000000000000000;
	2822 :	000000000000000000000000;
	2821 :	000000000000000000000000;
	2820 :	000000000000000000000000;
	2819 :	000000000000000000000000;
	2818 :	000000000000000000000000;
	2817 :	000000000000000000000000;
	2816 :	000000000000000000000000;
	2815 :	000000000000000000000000;
	2814 :	000000000000000000000000;
	2813 :	000000000000000000000000;
	2812 :	000000000000000000000000;
	2811 :	000000000000000000000000;
	2810 :	000000000000000000000000;
	2809 :	000000000000000000000000;
	2808 :	000000000000000000000000;
	2807 :	000000000000000000000000;
	2806 :	000000000000000000000000;
	2805 :	000000000000000000000000;
	2804 :	000000000000000000000000;
	2803 :	000000000000000000000000;
	2802 :	000000000000000000000000;
	2801 :	000000000000000000000000;
	2800 :	000000000000000000000000;
	2799 :	000000000000000000000000;
	2798 :	000000000000000000000000;
	2797 :	000000000000000000000000;
	2796 :	000000000000000000000000;
	2795 :	000000000000000000000000;
	2794 :	000000000000000000000000;
	2793 :	000000000000000000000000;
	2792 :	000000000000000000000000;
	2791 :	000000000000000000000000;
	2790 :	000000000000000000000000;
	2789 :	000000000000000000000000;
	2788 :	000000000000000000000000;
	2787 :	000000000000000000000000;
	2786 :	000000000000000000000000;
	2785 :	000000000000000000000000;
	2784 :	000000000000000000000000;
	2783 :	000000000000000000000000;
	2782 :	000000000000000000000000;
	2781 :	000000000000000000000000;
	2780 :	000000000000000000000000;
	2779 :	000000000000000000000000;
	2778 :	000000000000000000000000;
	2777 :	000000000000000000000000;
	2776 :	000000000000000000000000;
	2775 :	000000000000000000000000;
	2774 :	000000000000000000000000;
	2773 :	000000000000000000000000;
	2772 :	000000000000000000000000;
	2771 :	000000000000000000000000;
	2770 :	000000000000000000000000;
	2769 :	000000000000000000000000;
	2768 :	000000000000000000000000;
	2767 :	000000000000000000000000;
	2766 :	000000000000000000000000;
	2765 :	000000000000000000000000;
	2764 :	000000000000000000000000;
	2763 :	000000000000000000000000;
	2762 :	000000000000000000000000;
	2761 :	000000000000000000000000;
	2760 :	000000000000000000000000;
	2759 :	000000000000000000000000;
	2758 :	000000000000000000000000;
	2757 :	000000000000000000000000;
	2756 :	000000000000000000000000;
	2755 :	000000000000000000000000;
	2754 :	000000000000000000000000;
	2753 :	000000000000000000000000;
	2752 :	000000000000000000000000;
	2751 :	000000000000000000000000;
	2750 :	000000000000000000000000;
	2749 :	000000000000000000000000;
	2748 :	000000000000000000000000;
	2747 :	000000000000000000000000;
	2746 :	000000000000000000000000;
	2745 :	000000000000000000000000;
	2744 :	000000000000000000000000;
	2743 :	000000000000000000000000;
	2742 :	000000000000000000000000;
	2741 :	000000000000000000000000;
	2740 :	000000000000000000000000;
	2739 :	000000000000000000000000;
	2738 :	000000000000000000000000;
	2737 :	000000000000000000000000;
	2736 :	000000000000000000000000;
	2735 :	000000000000000000000000;
	2734 :	000000000000000000000000;
	2733 :	000000000000000000000000;
	2732 :	000000000000000000000000;
	2731 :	000000000000000000000000;
	2730 :	000000000000000100000000;
	2729 :	000000000000000000000000;
	2728 :	000000000000000000000000;
	2727 :	000000000000000000000000;
	2726 :	000000000000000000000000;
	2725 :	000000000000000000000000;
	2724 :	000000000000000000000000;
	2723 :	000000000000000000000000;
	2722 :	000000000000000000000000;
	2721 :	000000000000000000000000;
	2720 :	000000000000000000000000;
	2719 :	000000000000000000000000;
	2718 :	000000000000000000000000;
	2717 :	000000000000000000000000;
	2716 :	000000000000000000000000;
	2715 :	000000000000000000000000;
	2714 :	000000000000000000000000;
	2713 :	000000000000000000000000;
	2712 :	000000000000000000000000;
	2711 :	000000000000000000000000;
	2710 :	000000000000000000000000;
	2709 :	000000000000000000000000;
	2708 :	000000000000000000000000;
	2707 :	000000000000000000000000;
	2706 :	000000000000000000000000;
	2705 :	000000000000000000000000;
	2704 :	000000000000000000000000;
	2703 :	000000000000000100000000;
	2702 :	000000000000000000000000;
	2701 :	000000000000000000000000;
	2700 :	000000000000000000000000;
	2699 :	000000000000000000000000;
	2698 :	000000000000000000000000;
	2697 :	000000000000000000000000;
	2696 :	000000000000000000000000;
	2695 :	000000000000000000000000;
	2694 :	000000000000000000000000;
	2693 :	000000000000000000000000;
	2692 :	000000000000000000000000;
	2691 :	000000000000000000000000;
	2690 :	000000000000000000000000;
	2689 :	000000000000000000000000;
	2688 :	000000000000000000000000;
	2687 :	000000000000000000000000;
	2686 :	000000000000000000000000;
	2685 :	000000000000000000000000;
	2684 :	000000000000000000000000;
	2683 :	000000000000000000000000;
	2682 :	000000000000000000000000;
	2681 :	000000000000000000000000;
	2680 :	000000000000000000000000;
	2679 :	000000000000000000000000;
	2678 :	000000000000000000000000;
	2677 :	000000000000000000000000;
	2676 :	000000000000000000000000;
	2675 :	000000000000000000000000;
	2674 :	000000000000000000000000;
	2673 :	000000000000000000000000;
	2672 :	000000000000000000000000;
	2671 :	000000000000000000000000;
	2670 :	000000000000000000000000;
	2669 :	000000000000000000000000;
	2668 :	000000000000000000000000;
	2667 :	000000000000000000000000;
	2666 :	000000000000000000000000;
	2665 :	000000000000000000000000;
	2664 :	000000000000000000000000;
	2663 :	000000000000000000000000;
	2662 :	000000000000000000000000;
	2661 :	000000000000000000000000;
	2660 :	000000000000000000000000;
	2659 :	000000000000000000000000;
	2658 :	000000000000000000000000;
	2657 :	000000000000000000000000;
	2656 :	000000000000000000000000;
	2655 :	000000000000000000000000;
	2654 :	000000000000000000000000;
	2653 :	000000000000000000000000;
	2652 :	000000000000000000000000;
	2651 :	000000000000000000000000;
	2650 :	000000000000000000000000;
	2649 :	000000000000000000000000;
	2648 :	000000000000000000000000;
	2647 :	000000000000000000000000;
	2646 :	000000000000000000000000;
	2645 :	000000000000000000000000;
	2644 :	000000000000000000000000;
	2643 :	000000000000000000000000;
	2642 :	000000000000000000000000;
	2641 :	000000000000000000000000;
	2640 :	000000000000000000000000;
	2639 :	000000000000000000000000;
	2638 :	000000000000000000000000;
	2637 :	000000000000000000000000;
	2636 :	000000000000000000000000;
	2635 :	000000000000000000000000;
	2634 :	000000000000000000000000;
	2633 :	000000000000000000000000;
	2632 :	000000000000000000000000;
	2631 :	000000000000000000000000;
	2630 :	000000000000000000000000;
	2629 :	000000000000000000000000;
	2628 :	000000000000000000000000;
	2627 :	000000000000000000000000;
	2626 :	000000000000000000000000;
	2625 :	000000000000000000000000;
	2624 :	000000000000000000000000;
	2623 :	000000000000000000000000;
	2622 :	000000000000000000000000;
	2621 :	000000000000000000000000;
	2620 :	000000000000000000000000;
	2619 :	000000000000000000000000;
	2618 :	000000000000000000000000;
	2617 :	000000000000000000000000;
	2616 :	000000000000000000000000;
	2615 :	000000000000000000000000;
	2614 :	000000000000000000000000;
	2613 :	000000000000000000000000;
	2612 :	000000000000000000000000;
	2611 :	000000000000000000000000;
	2610 :	000000000000000000000000;
	2609 :	000000000000000000000000;
	2608 :	000000000000000000000000;
	2607 :	000000000000000000000000;
	2606 :	000000000000000000000000;
	2605 :	000000000000000000000000;
	2604 :	000000000000000000000000;
	2603 :	000000000000000000000000;
	2602 :	000000000000000000000000;
	2601 :	000000000000000000000000;
	2600 :	000000000000000000000000;
	2599 :	000000000000000000000000;
	2598 :	000000000000000000000000;
	2597 :	000000000000000000000000;
	2596 :	000000000000000000000000;
	2595 :	000000000000000000000000;
	2594 :	000000000000000000000000;
	2593 :	000000000000000000000000;
	2592 :	000000000000000000000000;
	2591 :	000000000000000000000000;
	2590 :	000000000000000000000000;
	2589 :	000000000000000000000000;
	2588 :	000000000000000000000000;
	2587 :	000000000000000000000000;
	2586 :	000000000000000000000000;
	2585 :	000000000000000000000000;
	2584 :	000000000000000000000000;
	2583 :	000000000000000000000000;
	2582 :	000000000000000000000000;
	2581 :	000000000000000000000000;
	2580 :	000000000000000000000000;
	2579 :	000000000000000000000000;
	2578 :	000000000000000000000000;
	2577 :	000000000000000000000000;
	2576 :	000000000000000000000000;
	2575 :	000000000000000000000000;
	2574 :	000000000000000000000000;
	2573 :	000000000000000000000000;
	2572 :	000000000000000000000000;
	2571 :	000000000000000000000000;
	2570 :	000000000000000000000000;
	2569 :	000000000000000000000000;
	2568 :	000000000000000000000000;
	2567 :	000000000000000000000000;
	2566 :	000000000000000000000000;
	2565 :	000000000000000000000000;
	2564 :	000000000000000000000000;
	2563 :	000000000000000000000000;
	2562 :	000000000000000000000000;
	2561 :	000000000000000000000000;
	2560 :	000000000000000000000000;
	2559 :	000000000000000000000000;
	2558 :	000000000000000000000000;
	2557 :	000000000000000000000000;
	2556 :	000000000000000000000000;
	2555 :	000000000000000100000000;
	2554 :	000000000000000000000000;
	2553 :	000000000000000000000000;
	2552 :	000000000000000000000000;
	2551 :	000000000000000000000000;
	2550 :	000000000000000000000000;
	2549 :	000000000000000000000000;
	2548 :	000000000000000000000000;
	2547 :	000000000000000000000000;
	2546 :	000000000000000000000000;
	2545 :	000000000000000000000000;
	2544 :	000000000000000000000000;
	2543 :	000000000000000000000000;
	2542 :	000000000000000000000000;
	2541 :	000000000000000000000000;
	2540 :	000000000000000000000000;
	2539 :	000000000000000000000000;
	2538 :	000000000000000000000000;
	2537 :	000000000000000000000000;
	2536 :	000000000000000000000000;
	2535 :	000000000000000000000000;
	2534 :	000000000000000000000000;
	2533 :	000000000000000000000000;
	2532 :	000000000000000000000000;
	2531 :	000000000000000000000000;
	2530 :	000000000000000000000000;
	2529 :	000000000000000000000000;
	2528 :	000000000000000000000000;
	2527 :	000000000000000000000000;
	2526 :	000000000000000000000000;
	2525 :	000000000000000000000000;
	2524 :	000000000000000000000000;
	2523 :	000000000000000000000000;
	2522 :	000000000000000000000000;
	2521 :	000000000000000000000000;
	2520 :	000000000000000000000000;
	2519 :	000000000000000000000000;
	2518 :	000000000000000000000000;
	2517 :	000000000000000000000000;
	2516 :	000000000000000000000000;
	2515 :	000000000000000000000000;
	2514 :	000000000000000000000000;
	2513 :	000000000000000000000000;
	2512 :	000000000000000000000000;
	2511 :	000000000000000000000000;
	2510 :	000000000000000000000000;
	2509 :	000000000000000000000000;
	2508 :	000000000000000000000000;
	2507 :	000000000000000000000000;
	2506 :	000000000000000000000000;
	2505 :	000000000000000000000000;
	2504 :	000000000000000000000000;
	2503 :	000000000000000000000000;
	2502 :	000000000000000000000000;
	2501 :	000000000000000000000000;
	2500 :	000000000000000000000000;
	2499 :	000000000000000000000000;
	2498 :	000000000000000000000000;
	2497 :	000000000000000000000000;
	2496 :	000000000000000000000000;
	2495 :	000000000000000000000000;
	2494 :	000000000000000000000000;
	2493 :	000000000000000000000000;
	2492 :	000000000000000000000000;
	2491 :	000000000000000000000000;
	2490 :	000000000000000000000000;
	2489 :	000000000000000000000000;
	2488 :	000000000000000000000000;
	2487 :	000000000000000000000000;
	2486 :	000000000000000000000000;
	2485 :	000000000000000000000000;
	2484 :	000000000000000000000000;
	2483 :	000000000000000000000000;
	2482 :	000000000000000000000000;
	2481 :	000000000000000000000000;
	2480 :	000000000000000000000000;
	2479 :	000000000000000000000000;
	2478 :	000000000000000000000000;
	2477 :	000000000000000000000000;
	2476 :	000000000000000000000000;
	2475 :	000000000000000000000000;
	2474 :	000000000000000000000000;
	2473 :	000000000000000000000000;
	2472 :	000000000000000000000000;
	2471 :	000000000000000000000000;
	2470 :	000000000000000000000000;
	2469 :	000000000000000000000000;
	2468 :	000000000000000000000000;
	2467 :	000000000000000000000000;
	2466 :	000000000000000000000000;
	2465 :	000000000000000000000000;
	2464 :	000000000000000000000000;
	2463 :	000000000000000000000000;
	2462 :	000000000000000000000000;
	2461 :	000000000000000000000000;
	2460 :	000000000000000000000000;
	2459 :	000000000000000000000000;
	2458 :	000000000000000000000000;
	2457 :	000000000000000100000000;
	2456 :	000000000000000000000000;
	2455 :	000000000000000000000000;
	2454 :	000000000000000000000000;
	2453 :	000000000000000000000000;
	2452 :	000000000000000000000000;
	2451 :	000000000000000000000000;
	2450 :	000000000000000000000000;
	2449 :	000000000000000000000000;
	2448 :	000000000000000000000000;
	2447 :	000000000000000000000000;
	2446 :	000000000000000000000000;
	2445 :	000000000000000000000000;
	2444 :	000000000000000000000000;
	2443 :	000000000000000000000000;
	2442 :	000000000000000000000000;
	2441 :	000000000000000000000000;
	2440 :	000000000000000000000000;
	2439 :	000000000000000000000000;
	2438 :	000000000000000000000000;
	2437 :	000000000000000000000000;
	2436 :	000000000000000000000000;
	2435 :	000000000000000000000000;
	2434 :	000000000000000000000000;
	2433 :	000000000000000000000000;
	2432 :	000000000000000000000000;
	2431 :	000000000000000000000000;
	2430 :	000000000000000000000000;
	2429 :	000000000000000000000000;
	2428 :	000000000000000000000000;
	2427 :	000000000000000000000000;
	2426 :	000000000000000000000000;
	2425 :	000000000000000000000000;
	2424 :	000000000000000000000000;
	2423 :	000000000000000000000000;
	2422 :	000000000000000000000000;
	2421 :	000000000000000000000000;
	2420 :	000000000000000000000000;
	2419 :	000000000000000000000000;
	2418 :	000000000000000000000000;
	2417 :	000000000000000000000000;
	2416 :	000000000000000000000000;
	2415 :	000000000000000000000000;
	2414 :	000000000000000000000000;
	2413 :	000000000000000000000000;
	2412 :	000000000000000000000000;
	2411 :	000000000000000000000000;
	2410 :	000000000000000000000000;
	2409 :	000000000000000000000000;
	2408 :	000000000000000000000000;
	2407 :	000000000000000000000000;
	2406 :	000000000000000000000000;
	2405 :	000000000000000000000000;
	2404 :	000000000000000000000000;
	2403 :	000000000000000000000000;
	2402 :	000000000000000000000000;
	2401 :	000000000000000000000000;
	2400 :	000000000000000000000000;
	2399 :	000000000000000000000000;
	2398 :	000000000000000000000000;
	2397 :	000000000000000000000000;
	2396 :	000000000000000000000000;
	2395 :	000000000000000000000000;
	2394 :	000000000000000000000000;
	2393 :	000000000000000000000000;
	2392 :	000000000000000000000000;
	2391 :	000000000000000000000000;
	2390 :	000000000000000000000000;
	2389 :	000000000000000000000000;
	2388 :	000000000000000000000000;
	2387 :	000000000000000000000000;
	2386 :	000000000000000000000000;
	2385 :	000000000000000000000000;
	2384 :	000000000000000000000000;
	2383 :	000000000000000000000000;
	2382 :	000000000000000000000000;
	2381 :	000000000000000000000000;
	2380 :	000000000000000000000000;
	2379 :	000000000000000000000000;
	2378 :	000000000000000000000000;
	2377 :	000000000000000000000000;
	2376 :	000000000000000000000000;
	2375 :	000000000000000000000000;
	2374 :	000000000000000000000000;
	2373 :	000000000000000000000000;
	2372 :	000000000000000000000000;
	2371 :	000000000000000000000000;
	2370 :	000000000000000000000000;
	2369 :	000000000000000000000000;
	2368 :	000000000000000000000000;
	2367 :	000000000000000000000000;
	2366 :	000000000000000000000000;
	2365 :	000000000000000000000000;
	2364 :	000000000000000000000000;
	2363 :	000000000000000000000000;
	2362 :	000000000000000000000000;
	2361 :	000000000000000000000000;
	2360 :	000000000000000000000000;
	2359 :	000000000000000000000000;
	2358 :	000000000000000000000000;
	2357 :	000000000000000000000000;
	2356 :	000000000000000000000000;
	2355 :	000000000000000000000000;
	2354 :	000000000000000000000000;
	2353 :	000000000000000000000000;
	2352 :	000000000000000000000000;
	2351 :	000000000000000000000000;
	2350 :	000000000000000000000000;
	2349 :	000000000000000000000000;
	2348 :	000000000000000000000000;
	2347 :	000000000000000000000000;
	2346 :	000000000000000000000000;
	2345 :	000000000000000000000000;
	2344 :	000000000000000000000000;
	2343 :	000000000000000000000000;
	2342 :	000000000000000000000000;
	2341 :	000000000000000000000000;
	2340 :	000000010000000000000000;
	2339 :	000000000000000000000000;
	2338 :	000000000000000000000000;
	2337 :	000000000000000000000000;
	2336 :	000000000000000000000000;
	2335 :	000000000000000000000000;
	2334 :	000000000000000000000000;
	2333 :	000000000000000000000000;
	2332 :	000000000000000000000000;
	2331 :	000000000000000000000000;
	2330 :	000000000000000000000000;
	2329 :	000000000000000000000000;
	2328 :	000000000000000000000000;
	2327 :	000000000000000000000000;
	2326 :	000000000000000000000000;
	2325 :	000000000000000000000000;
	2324 :	000000000000000000000000;
	2323 :	000000000000000000000001;
	2322 :	000000000000000000000000;
	2321 :	000000000000000000000000;
	2320 :	000000000000000000000000;
	2319 :	000000000000000000000000;
	2318 :	000000000000000000000000;
	2317 :	000000000000000000000000;
	2316 :	000000000000000000000000;
	2315 :	000000000000000000000000;
	2314 :	000000000000000000000000;
	2313 :	000000000000000000000000;
	2312 :	000000000000000000000000;
	2311 :	000000000000000000000000;
	2310 :	000000000000000000000000;
	2309 :	000000000000000000000000;
	2308 :	000000000000000000000000;
	2307 :	000000000000000000000000;
	2306 :	000000000000000000000000;
	2305 :	000000000000000000000000;
	2304 :	000000000000000000000000;
	2303 :	000000000000000000000000;
	2302 :	000000000000000000000000;
	2301 :	000000000000000000000000;
	2300 :	000000000000000000000000;
	2299 :	000000000000000000000000;
	2298 :	000000000000000000000000;
	2297 :	000000000000000000000000;
	2296 :	000000000000000000000000;
	2295 :	000000000000000000000000;
	2294 :	000000000000000000000000;
	2293 :	000000000000000000000000;
	2292 :	000000000000000000000000;
	2291 :	000000000000000000000000;
	2290 :	000000000000000000000000;
	2289 :	000000000000000000000000;
	2288 :	000000000000000000000000;
	2287 :	000000000000000000000000;
	2286 :	000000000000000000000000;
	2285 :	000000000000000000000000;
	2284 :	000000000000000000000000;
	2283 :	000000000000000000000000;
	2282 :	000000000000000000000000;
	2281 :	000000000000000000000000;
	2280 :	000000000000000000000000;
	2279 :	000000000000000000000000;
	2278 :	000000000000000000000000;
	2277 :	000000000000000000000000;
	2276 :	000000000000000000000000;
	2275 :	000000000000000000000000;
	2274 :	000000000000000000000000;
	2273 :	000000000000000000000000;
	2272 :	000000000000000000000000;
	2271 :	000000000000000000000000;
	2270 :	000000000000000000000000;
	2269 :	000000000000000000000000;
	2268 :	000000000000000000000000;
	2267 :	000000000000000000000000;
	2266 :	000000000000000000000000;
	2265 :	000000000000000000000000;
	2264 :	000000000000000000000000;
	2263 :	000000000000000000000000;
	2262 :	000000000000000000000000;
	2261 :	000000000000000000000000;
	2260 :	000000000000000000000000;
	2259 :	000000000000000000000000;
	2258 :	000000000000000000000000;
	2257 :	000000000000000000000000;
	2256 :	000000000000000000000000;
	2255 :	000000000000000000000000;
	2254 :	000000000000000000000000;
	2253 :	000000000000000000000000;
	2252 :	000000000000000000000000;
	2251 :	000000000000000000000000;
	2250 :	000000000000000000000000;
	2249 :	000000000000000000000000;
	2248 :	000000000000000000000000;
	2247 :	000000000000000000000000;
	2246 :	000000000000000000000000;
	2245 :	000000000000000000000000;
	2244 :	000000000000000000000000;
	2243 :	000000000000000000000000;
	2242 :	000000000000000000000000;
	2241 :	000000000000000000000000;
	2240 :	000000000000000000000000;
	2239 :	000000000000000000000000;
	2238 :	000000000000000000000000;
	2237 :	000000000000000000000000;
	2236 :	000000000000000000000000;
	2235 :	000000000000000000000000;
	2234 :	000000000000000000000000;
	2233 :	000000000000000000000000;
	2232 :	000000000000000000000000;
	2231 :	000000000000000000000000;
	2230 :	000000000000000000000000;
	2229 :	000000000000000000000000;
	2228 :	000000000000000000000000;
	2227 :	000000000000000000000000;
	2226 :	000000000000000000000000;
	2225 :	000000000000000000000000;
	2224 :	000000000000000000000000;
	2223 :	000000000000000000000000;
	2222 :	000000000000000000000000;
	2221 :	000000000000000000000000;
	2220 :	000000000000000000000000;
	2219 :	000000000000000000000000;
	2218 :	000000000000000000000000;
	2217 :	000000000000000000000000;
	2216 :	000000000000000000000000;
	2215 :	000000000000000000000000;
	2214 :	000000000000000000000000;
	2213 :	000000000000000000000000;
	2212 :	000000000000000000000000;
	2211 :	000000000000000000000000;
	2210 :	000000000000000000000000;
	2209 :	000000000000000000000000;
	2208 :	000000000000000000000000;
	2207 :	000000000000000000000000;
	2206 :	000000000000000000000000;
	2205 :	000000000000000000000000;
	2204 :	000000000000000000000000;
	2203 :	000000000000000000000000;
	2202 :	000000000000000000000000;
	2201 :	000000000000000000000000;
	2200 :	000000000000000000000000;
	2199 :	000000000000000000000000;
	2198 :	000000000000000000000000;
	2197 :	000000000000000000000000;
	2196 :	000000000000000000000000;
	2195 :	000000000000000000000000;
	2194 :	000000000000000000000000;
	2193 :	000000000000000000000000;
	2192 :	000000000000000000000000;
	2191 :	000000000000000000000000;
	2190 :	000000000000000000000000;
	2189 :	000000000000000000000000;
	2188 :	000000000000000000000000;
	2187 :	000000000000000000000000;
	2186 :	000000000000000000000000;
	2185 :	000000000000000000000000;
	2184 :	000000000000000000000000;
	2183 :	000000000000000000000000;
	2182 :	000000000000000000000000;
	2181 :	000000000000000000000000;
	2180 :	000000000000000000000000;
	2179 :	000000000000000000000000;
	2178 :	000000000000000000000000;
	2177 :	000000000000000000000000;
	2176 :	000000000000000000000000;
	2175 :	000000000000000000000000;
	2174 :	000000000000000000000000;
	2173 :	000000000000000000000000;
	2172 :	000000000000000000000000;
	2171 :	000000000000000000000000;
	2170 :	000000000000000000000000;
	2169 :	000000000000000000000000;
	2168 :	000000000000000000000000;
	2167 :	000000000000000000000000;
	2166 :	000000000000000000000000;
	2165 :	000000000000000000000000;
	2164 :	000000000000000000000000;
	2163 :	000000000000000000000000;
	2162 :	000000000000000000000000;
	2161 :	000000000000000000000000;
	2160 :	000000000000000000000000;
	2159 :	000000000000000000000000;
	2158 :	000000000000000000000000;
	2157 :	000000000000000000000000;
	2156 :	000000000000000000000000;
	2155 :	000000000000000000000000;
	2154 :	000000000000000000000000;
	2153 :	000000000000000000000000;
	2152 :	000000000000000000000000;
	2151 :	000000000000000000000000;
	2150 :	000000000000000000000000;
	2149 :	000000000000000000000000;
	2148 :	000000000000000000000000;
	2147 :	000000000000000000000000;
	2146 :	000000000000000000000000;
	2145 :	000000000000000000000000;
	2144 :	000000000000000000000000;
	2143 :	000000000000000000000000;
	2142 :	000000000000000000000000;
	2141 :	000000000000000000000000;
	2140 :	000000000000000000000000;
	2139 :	000000000000000000000000;
	2138 :	000000000000000000000000;
	2137 :	000000000000000000000000;
	2136 :	000000000000000000000000;
	2135 :	000000000000000000000000;
	2134 :	000000000000000000000000;
	2133 :	000000000000000000000000;
	2132 :	000000000000000000000000;
	2131 :	000000000000000000000000;
	2130 :	000000000000000000000000;
	2129 :	000000000000000000000000;
	2128 :	000000000000000000000000;
	2127 :	000000000000000000000000;
	2126 :	000000000000000000000000;
	2125 :	000000000000000000000000;
	2124 :	000000000000000000000000;
	2123 :	000000000000000000000000;
	2122 :	000000000000000000000000;
	2121 :	000000000000000000000000;
	2120 :	000000000000000000000000;
	2119 :	000000000000000000000000;
	2118 :	000000000000000000000000;
	2117 :	000000000000000000000000;
	2116 :	000000000000000000000000;
	2115 :	000000000000000000000000;
	2114 :	000000000000000000000000;
	2113 :	000000000000000000000000;
	2112 :	000000000000000000000000;
	2111 :	000000000000000000000000;
	2110 :	000000000000000000000000;
	2109 :	000000000000000000000000;
	2108 :	000000000000000000000000;
	2107 :	000000000000000000000000;
	2106 :	000000000000000000000000;
	2105 :	000000000000000000000000;
	2104 :	000000000000000000000000;
	2103 :	000000000000000000000000;
	2102 :	000000000000000000000000;
	2101 :	000000000000000000000000;
	2100 :	000000000000000000000000;
	2099 :	000000000000000000000000;
	2098 :	000000000000000000000000;
	2097 :	000000000000000000000000;
	2096 :	000000000000000000000000;
	2095 :	000000000000000000000000;
	2094 :	000000000000000000000000;
	2093 :	000000000000000000000000;
	2092 :	000000000000000000000000;
	2091 :	000000000000000000000000;
	2090 :	000000000000000000000000;
	2089 :	000000000000000000000000;
	2088 :	000000000000000000000000;
	2087 :	000000000000000000000000;
	2086 :	000000000000000000000000;
	2085 :	000000000000000000000000;
	2084 :	000000000000000000000000;
	2083 :	000000000000000000000000;
	2082 :	000000000000000000000000;
	2081 :	000000000000000000000000;
	2080 :	000000000000000000000000;
	2079 :	000000000000000000000000;
	2078 :	000000000000000000000000;
	2077 :	000000000000000000000000;
	2076 :	000000000000000100000000;
	2075 :	000000000000000000000000;
	2074 :	000000000000000000000000;
	2073 :	000000000000000000000000;
	2072 :	000000000000000000000000;
	2071 :	000000000000000000000000;
	2070 :	000000000000000000000000;
	2069 :	000000000000000000000000;
	2068 :	000000000000000000000000;
	2067 :	000000000000000000000000;
	2066 :	000000000000000000000000;
	2065 :	000000000000000000000000;
	2064 :	000000000000000000000000;
	2063 :	000000000000000000000000;
	2062 :	000000000000000000000000;
	2061 :	000000000000000000000000;
	2060 :	000000000000000000000000;
	2059 :	000000000000000000000000;
	2058 :	000000000000000000000000;
	2057 :	000000000000000000000000;
	2056 :	000000000000000000000000;
	2055 :	000000000000000000000000;
	2054 :	000000000000000000000000;
	2053 :	000000000000000000000000;
	2052 :	000000000000000000000000;
	2051 :	000000000000000000000000;
	2050 :	000000000000000000000000;
	2049 :	000000000000000000000000;
	2048 :	000000000000000000000000;
	2047 :	000000000000000000000000;
	2046 :	000000000000000000000000;
	2045 :	000000000000000000000000;
	2044 :	000000000000000000000000;
	2043 :	000000000000000000000000;
	2042 :	000000000000000000000000;
	2041 :	000000000000000000000000;
	2040 :	000000000000000000000000;
	2039 :	000000000000000000000000;
	2038 :	000000000000000000000000;
	2037 :	000000000000000000000000;
	2036 :	000000000000000000000000;
	2035 :	000000000000000000000000;
	2034 :	000000000000000000000000;
	2033 :	000000000000000000000000;
	2032 :	000000000000000000000000;
	2031 :	000000000000000000000000;
	2030 :	000000000000000000000000;
	2029 :	000000000000000000000000;
	2028 :	000000000000000000000000;
	2027 :	000000000000000000000000;
	2026 :	000000000000000000000000;
	2025 :	000000000000000000000000;
	2024 :	000000000000000000000000;
	2023 :	000000000000000000000000;
	2022 :	000000000000000000000000;
	2021 :	000000000000000000000000;
	2020 :	000000000000000000000000;
	2019 :	000000000000000000000000;
	2018 :	000000000000000000000000;
	2017 :	000000000000000000000000;
	2016 :	000000000000000000000000;
	2015 :	000000000000000000000000;
	2014 :	000000000000000000000000;
	2013 :	000000000000000000000000;
	2012 :	000000000000000000000000;
	2011 :	000000000000000000000000;
	2010 :	000000000000000000000000;
	2009 :	000000000000000000000000;
	2008 :	000000000000000000000000;
	2007 :	000000000000000000000000;
	2006 :	000000000000000000000000;
	2005 :	000000000000000000000000;
	2004 :	000000000000000000000000;
	2003 :	000000000000000000000000;
	2002 :	000000000000000000000001;
	2001 :	000000000000000000000000;
	2000 :	000000000000000000000000;
	1999 :	000000000000000000000000;
	1998 :	000000000000000000000000;
	1997 :	000000000000000000000000;
	1996 :	000000000000000000000000;
	1995 :	000000000000000000000000;
	1994 :	000000000000000000000000;
	1993 :	000000000000000000000000;
	1992 :	000000000000000000000000;
	1991 :	000000000000000000000000;
	1990 :	000000000000000000000000;
	1989 :	000000000000000000000000;
	1988 :	000000000000000000000000;
	1987 :	000000000000000000000000;
	1986 :	000000000000000000000000;
	1985 :	000000000000000000000000;
	1984 :	000000000000000000000000;
	1983 :	000000000000000000000000;
	1982 :	000000000000000000000000;
	1981 :	000000000000000000000000;
	1980 :	000000000000000000000000;
	1979 :	000000000000000000000000;
	1978 :	000000000000000000000000;
	1977 :	000000000000000000000000;
	1976 :	000000000000000000000000;
	1975 :	000000000000000000000000;
	1974 :	000000000000000000000000;
	1973 :	000000000000000000000000;
	1972 :	000000000000000000000000;
	1971 :	000000000000000000000000;
	1970 :	000000000000000000000000;
	1969 :	000000000000000000000000;
	1968 :	000000000000000000000000;
	1967 :	000000000000000000000000;
	1966 :	000000000000000000000000;
	1965 :	000000000000000000000000;
	1964 :	000000000000000000000000;
	1963 :	000000000000000000000000;
	1962 :	000000000000000000000000;
	1961 :	000000000000000000000000;
	1960 :	000000000000000000000000;
	1959 :	000000000000000000000000;
	1958 :	000000000000000000000000;
	1957 :	000000000000000000000000;
	1956 :	000000000000000000000000;
	1955 :	000000000000000000000000;
	1954 :	000000000000000000000000;
	1953 :	000000000000000000000000;
	1952 :	000000000000000000000000;
	1951 :	000000000000000000000000;
	1950 :	000000000000000000000000;
	1949 :	000000000000000000000000;
	1948 :	000000000000000000000000;
	1947 :	000000000000000000000000;
	1946 :	000000000000000000000000;
	1945 :	000000000000000000000000;
	1944 :	000000000000000000000000;
	1943 :	000000000000000000000000;
	1942 :	000000000000000000000000;
	1941 :	000000000000000000000000;
	1940 :	000000000000000000000000;
	1939 :	000000000000000000000000;
	1938 :	000000000000000000000000;
	1937 :	000000000000000000000000;
	1936 :	000000000000000000000000;
	1935 :	000000000000000000000000;
	1934 :	000000000000000000000000;
	1933 :	000000000000000000000000;
	1932 :	000000000000000000000000;
	1931 :	000000000000000000000000;
	1930 :	000000000000000000000000;
	1929 :	000000000000000000000000;
	1928 :	000000000000000000000000;
	1927 :	000000000000000000000000;
	1926 :	000000000000000000000000;
	1925 :	000000000000000000000000;
	1924 :	000000000000000000000000;
	1923 :	000000000000000000000000;
	1922 :	000000000000000000000000;
	1921 :	000000000000000000000000;
	1920 :	000000000000000000000000;
	1919 :	000000000000000000000000;
	1918 :	000000000000000000000000;
	1917 :	000000000000000000000000;
	1916 :	000000000000000000000000;
	1915 :	000000000000000000000000;
	1914 :	000000000000000000000000;
	1913 :	000000000000000000000000;
	1912 :	000000000000000000000000;
	1911 :	000000000000000000000000;
	1910 :	000000000000000000000000;
	1909 :	000000000000000000000000;
	1908 :	000000000000000000000000;
	1907 :	000000000000000000000000;
	1906 :	000000000000000000000000;
	1905 :	000000000000000000000000;
	1904 :	000000000000000000000000;
	1903 :	000000000000000000000000;
	1902 :	000000000000000000000000;
	1901 :	000000000000000000000000;
	1900 :	000000000000000000000000;
	1899 :	000000000000000000000000;
	1898 :	000000000000000000000000;
	1897 :	000000000000000000000000;
	1896 :	000000000000000000000000;
	1895 :	000000000000000000000000;
	1894 :	000000000000000000000000;
	1893 :	000000000000000000000000;
	1892 :	000000000000000000000000;
	1891 :	000000000000000000000000;
	1890 :	000000000000000000000000;
	1889 :	000000000000000000000000;
	1888 :	000000000000000000000000;
	1887 :	000000000000000000000000;
	1886 :	000000000000000000000000;
	1885 :	000000000000000000000000;
	1884 :	000000000000000000000000;
	1883 :	000000000000000000000000;
	1882 :	000000000000000000000000;
	1881 :	000000000000000000000000;
	1880 :	000000000000000000000000;
	1879 :	000000000000000000000000;
	1878 :	000000000000000000000000;
	1877 :	000000000000000000000000;
	1876 :	000000000000000000000000;
	1875 :	000000000000000000000000;
	1874 :	000000000000000000000000;
	1873 :	000000000000000000000000;
	1872 :	000000000000000000000000;
	1871 :	000000000000000000000000;
	1870 :	000000000000000000000000;
	1869 :	000000000000000000000000;
	1868 :	000000000000000000000000;
	1867 :	000000000000000000000000;
	1866 :	000000000000000000000000;
	1865 :	000000000000000000000000;
	1864 :	000000000000000000000000;
	1863 :	000000000000000000000000;
	1862 :	000000000000000000000000;
	1861 :	000000000000000000000000;
	1860 :	000000000000000000000000;
	1859 :	000000000000000000000000;
	1858 :	000000000000000000000000;
	1857 :	000000000000000000000000;
	1856 :	000000000000000000000000;
	1855 :	000000000000000000000000;
	1854 :	000000000000000000000000;
	1853 :	000000000000000000000000;
	1852 :	000000000000000000000000;
	1851 :	000000000000000000000000;
	1850 :	000000000000000000000000;
	1849 :	000000000000000000000000;
	1848 :	000000000000000000000000;
	1847 :	000000000000000000000000;
	1846 :	000000000000000000000000;
	1845 :	000000000000000000000000;
	1844 :	000000000000000000000000;
	1843 :	000000000000000000000000;
	1842 :	000000000000000000000000;
	1841 :	000000000000000000000000;
	1840 :	000000000000000100000000;
	1839 :	000000000000000000000000;
	1838 :	000000000000000000000000;
	1837 :	000000000000000000000000;
	1836 :	000000000000000000000000;
	1835 :	000000000000000000000000;
	1834 :	000000000000000000000000;
	1833 :	000000000000000000000000;
	1832 :	000000000000000000000000;
	1831 :	000000000000000000000000;
	1830 :	000000000000000000000000;
	1829 :	000000000000000000000000;
	1828 :	000000000000000000000000;
	1827 :	000000000000000000000000;
	1826 :	000000000000000000000000;
	1825 :	000000000000000000000000;
	1824 :	000000000000000000000000;
	1823 :	000000000000000000000000;
	1822 :	000000000000000000000000;
	1821 :	000000000000000000000000;
	1820 :	000000000000000000000000;
	1819 :	000000000000000000000000;
	1818 :	000000000000000000000001;
	1817 :	000000000000000000000000;
	1816 :	000000000000000000000000;
	1815 :	000000000000000000000000;
	1814 :	000000000000000000000000;
	1813 :	000000000000000000000000;
	1812 :	000000000000000000000000;
	1811 :	000000000000000000000000;
	1810 :	000000000000000000000000;
	1809 :	000000000000000000000000;
	1808 :	000000000000000000000000;
	1807 :	000000000000000000000000;
	1806 :	000000000000000000000000;
	1805 :	000000000000000000000000;
	1804 :	000000000000000000000000;
	1803 :	000000000000000000000000;
	1802 :	000000000000000000000000;
	1801 :	000000000000000000000000;
	1800 :	000000000000000000000000;
	1799 :	000000000000000000000000;
	1798 :	000000000000000000000000;
	1797 :	000000000000000000000000;
	1796 :	000000000000000000000000;
	1795 :	000000000000000000000000;
	1794 :	000000000000000000000000;
	1793 :	000000000000000000000000;
	1792 :	000000000000000000000000;
	1791 :	000000000000000000000000;
	1790 :	000000000000000100000000;
	1789 :	000000000000000000000000;
	1788 :	000000000000000000000000;
	1787 :	000000000000000000000000;
	1786 :	000000000000000000000000;
	1785 :	000000000000000000000000;
	1784 :	000000000000000000000000;
	1783 :	000000000000000000000000;
	1782 :	000000000000000000000000;
	1781 :	000000000000000000000000;
	1780 :	000000000000000000000000;
	1779 :	000000000000000000000000;
	1778 :	000000000000000000000000;
	1777 :	000000000000000000000000;
	1776 :	000000000000000000000000;
	1775 :	000000000000000000000000;
	1774 :	000000000000000000000000;
	1773 :	000000000000000000000000;
	1772 :	000000000000000000000000;
	1771 :	000000000000000000000000;
	1770 :	000000000000000000000000;
	1769 :	000000000000000000000000;
	1768 :	000000000000000000000000;
	1767 :	000000000000000000000000;
	1766 :	000000000000000000000000;
	1765 :	000000000000000000000000;
	1764 :	000000000000000000000000;
	1763 :	000000000000000000000000;
	1762 :	000000000000000000000000;
	1761 :	000000000000000000000000;
	1760 :	000000000000000000000000;
	1759 :	000000000000000000000000;
	1758 :	000000000000000000000000;
	1757 :	000000000000000000000000;
	1756 :	000000000000000000000000;
	1755 :	000000000000000000000000;
	1754 :	000000000000000000000000;
	1753 :	000000000000000000000000;
	1752 :	000000000000000000000000;
	1751 :	000000000000000000000000;
	1750 :	000000000000000000000000;
	1749 :	000000000000000000000000;
	1748 :	000000000000000000000000;
	1747 :	000000000000000000000000;
	1746 :	000000000000000000000000;
	1745 :	000000000000000000000000;
	1744 :	000000000000000000000000;
	1743 :	000000000000000000000000;
	1742 :	000000000000000000000000;
	1741 :	000000000000000000000000;
	1740 :	000000000000000000000000;
	1739 :	000000000000000000000000;
	1738 :	000000000000000000000000;
	1737 :	000000000000000000000000;
	1736 :	000000000000000000000000;
	1735 :	000000000000000000000000;
	1734 :	000000000000000000000000;
	1733 :	000000000000000000000000;
	1732 :	000000000000000000000001;
	1731 :	000000000000000000000000;
	1730 :	000000000000000000000000;
	1729 :	000000000000000000000000;
	1728 :	000000000000000000000000;
	1727 :	000000000000000000000000;
	1726 :	000000000000000000000000;
	1725 :	000000000000000000000000;
	1724 :	000000000000000000000000;
	1723 :	000000000000000000000000;
	1722 :	000000000000000000000000;
	1721 :	000000000000000000000000;
	1720 :	000000000000000000000000;
	1719 :	000000000000000000000000;
	1718 :	000000000000000000000000;
	1717 :	000000000000000000000000;
	1716 :	000000000000000000000000;
	1715 :	000000000000000000000000;
	1714 :	000000000000000000000000;
	1713 :	000000000000000000000000;
	1712 :	000000000000000000000000;
	1711 :	000000000000000000000000;
	1710 :	000000000000000000000000;
	1709 :	000000000000000000000000;
	1708 :	000000000000000000000000;
	1707 :	000000000000000000000000;
	1706 :	000000000000000000000000;
	1705 :	000000000000000000000000;
	1704 :	000000000000000000000000;
	1703 :	000000000000000000000000;
	1702 :	000000000000000000000000;
	1701 :	000000000000000000000000;
	1700 :	000000010000000000000000;
	1699 :	000000000000000000000000;
	1698 :	000000000000000000000000;
	1697 :	000000000000000000000000;
	1696 :	000000000000000000000000;
	1695 :	000000000000000000000000;
	1694 :	000000000000000000000000;
	1693 :	000000000000000000000000;
	1692 :	000000000000000000000000;
	1691 :	000000000000000000000000;
	1690 :	000000000000000000000000;
	1689 :	000000000000000000000000;
	1688 :	000000000000000000000000;
	1687 :	000000000000000000000000;
	1686 :	000000000000000000000000;
	1685 :	000000000000000000000000;
	1684 :	000000000000000000000000;
	1683 :	000000000000000000000000;
	1682 :	000000000000000000000000;
	1681 :	000000000000000000000000;
	1680 :	000000000000000000000000;
	1679 :	000000000000000000000000;
	1678 :	000000000000000000000000;
	1677 :	000000000000000000000000;
	1676 :	000000000000000000000000;
	1675 :	000000000000000000000000;
	1674 :	000000000000000000000000;
	1673 :	000000000000000000000000;
	1672 :	000000000000000000000000;
	1671 :	000000000000000000000000;
	1670 :	000000000000000000000000;
	1669 :	000000000000000000000000;
	1668 :	000000000000000000000000;
	1667 :	000000000000000000000000;
	1666 :	000000000000000000000000;
	1665 :	000000000000000000000000;
	1664 :	000000000000000000000000;
	1663 :	000000000000000000000000;
	1662 :	000000000000000000000000;
	1661 :	000000000000000000000000;
	1660 :	000000000000000000000000;
	1659 :	000000000000000000000000;
	1658 :	000000000000000000000000;
	1657 :	000000000000000000000000;
	1656 :	000000000000000000000000;
	1655 :	000000000000000000000000;
	1654 :	000000000000000000000000;
	1653 :	000000000000000000000000;
	1652 :	000000000000000000000000;
	1651 :	000000000000000000000000;
	1650 :	000000000000000000000000;
	1649 :	000000000000000000000000;
	1648 :	000000000000000000000000;
	1647 :	000000000000000000000000;
	1646 :	000000000000000000000000;
	1645 :	000000000000000000000000;
	1644 :	000000000000000000000000;
	1643 :	000000000000000000000000;
	1642 :	000000000000000000000000;
	1641 :	000000000000000000000000;
	1640 :	000000000000000000000000;
	1639 :	000000000000000000000000;
	1638 :	000000000000000000000000;
	1637 :	000000000000000000000000;
	1636 :	000000000000000000000000;
	1635 :	000000000000000000000000;
	1634 :	000000000000000000000000;
	1633 :	000000000000000000000000;
	1632 :	000000000000000000000000;
	1631 :	000000000000000000000000;
	1630 :	000000000000000000000000;
	1629 :	000000000000000000000000;
	1628 :	000000000000000000000000;
	1627 :	000000000000000000000000;
	1626 :	000000000000000000000000;
	1625 :	000000000000000000000000;
	1624 :	000000000000000000000000;
	1623 :	000000000000000000000000;
	1622 :	000000000000000000000000;
	1621 :	000000000000000000000000;
	1620 :	000000000000000000000000;
	1619 :	000000000000000000000000;
	1618 :	000000000000000000000000;
	1617 :	000000000000000000000000;
	1616 :	000000000000000000000000;
	1615 :	000000000000000000000000;
	1614 :	000000000000000000000000;
	1613 :	000000000000000000000000;
	1612 :	000000000000000000000000;
	1611 :	000000000000000000000000;
	1610 :	000000000000000000000000;
	1609 :	000000000000000000000000;
	1608 :	000000000000000000000000;
	1607 :	000000000000000000000000;
	1606 :	000000000000000000000000;
	1605 :	000000000000000000000000;
	1604 :	000000000000000000000000;
	1603 :	000000000000000000000000;
	1602 :	000000000000000000000000;
	1601 :	000000000000000000000000;
	1600 :	000000000000000000000000;
	1599 :	000000000000000000000000;
	1598 :	000000000000000000000000;
	1597 :	000000000000000000000000;
	1596 :	000000000000000000000000;
	1595 :	000000000000000000000000;
	1594 :	000000000000000000000000;
	1593 :	000000000000000000000000;
	1592 :	000000000000000000000000;
	1591 :	000000000000000000000000;
	1590 :	000000000000000000000000;
	1589 :	000000000000000000000000;
	1588 :	000000000000000000000000;
	1587 :	000000000000000000000000;
	1586 :	000000000000000000000000;
	1585 :	000000000000000000000000;
	1584 :	000000000000000000000000;
	1583 :	000000000000000000000000;
	1582 :	000000000000000000000000;
	1581 :	000000000000000000000000;
	1580 :	000000000000000000000000;
	1579 :	000000000000000000000000;
	1578 :	000000000000000000000000;
	1577 :	000000000000000000000000;
	1576 :	000000000000000000000000;
	1575 :	000000000000000000000000;
	1574 :	000000000000000000000000;
	1573 :	000000000000000000000000;
	1572 :	000000000000000000000000;
	1571 :	000000000000000000000000;
	1570 :	000000000000000000000000;
	1569 :	000000000000000000000000;
	1568 :	000000000000000000000000;
	1567 :	000000000000000000000000;
	1566 :	000000000000000000000000;
	1565 :	000000000000000000000000;
	1564 :	000000000000000000000000;
	1563 :	000000000000000000000000;
	1562 :	000000000000000000000000;
	1561 :	000000000000000000000000;
	1560 :	000000000000000000000000;
	1559 :	000000000000000000000000;
	1558 :	000000000000000000000000;
	1557 :	000000000000000000000000;
	1556 :	000000000000000000000000;
	1555 :	000000000000000000000000;
	1554 :	000000000000000000000000;
	1553 :	000000000000000000000000;
	1552 :	000000000000000000000000;
	1551 :	000000000000000000000000;
	1550 :	000000000000000000000000;
	1549 :	000000000000000000000000;
	1548 :	000000000000000000000000;
	1547 :	000000000000000000000000;
	1546 :	000000000000000000000000;
	1545 :	000000000000000000000000;
	1544 :	000000000000000000000000;
	1543 :	000000000000000000000000;
	1542 :	000000000000000000000000;
	1541 :	000000000000000000000000;
	1540 :	000000000000000000000000;
	1539 :	000000000000000000000000;
	1538 :	000000000000000000000000;
	1537 :	000000000000000000000000;
	1536 :	000000000000000000000000;
	1535 :	000000000000000000000000;
	1534 :	000000000000000000000000;
	1533 :	000000000000000000000000;
	1532 :	000000000000000000000000;
	1531 :	000000000000000000000000;
	1530 :	000000000000000000000000;
	1529 :	000000000000000000000000;
	1528 :	000000000000000000000000;
	1527 :	000000000000000000000000;
	1526 :	000000000000000000000000;
	1525 :	000000000000000000000000;
	1524 :	000000000000000000000000;
	1523 :	000000000000000000000000;
	1522 :	000000000000000000000000;
	1521 :	000000000000000000000000;
	1520 :	000000000000000000000000;
	1519 :	000000000000000000000000;
	1518 :	000000000000000000000000;
	1517 :	000000000000000000000000;
	1516 :	000000000000000000000000;
	1515 :	000000000000000000000000;
	1514 :	000000000000000000000000;
	1513 :	000000000000000000000000;
	1512 :	000000000000000000000000;
	1511 :	000000000000000000000000;
	1510 :	000000000000000000000000;
	1509 :	000000000000000000000000;
	1508 :	000000000000000000000000;
	1507 :	000000000000000000000000;
	1506 :	000000000000000000000000;
	1505 :	000000000000000000000000;
	1504 :	000000000000000000000000;
	1503 :	000000000000000000000000;
	1502 :	000000000000000000000000;
	1501 :	000000000000000000000000;
	1500 :	000000000000000000000000;
	1499 :	000000000000000000000000;
	1498 :	000000000000000000000000;
	1497 :	000000000000000000000000;
	1496 :	000000000000000000000000;
	1495 :	000000000000000000000000;
	1494 :	000000000000000000000000;
	1493 :	000000000000000000000000;
	1492 :	000000000000000000000000;
	1491 :	000000000000000000000000;
	1490 :	000000000000000000000000;
	1489 :	000000000000000000000000;
	1488 :	000000000000000000000000;
	1487 :	000000000000000000000000;
	1486 :	000000000000000000000000;
	1485 :	000000000000000000000000;
	1484 :	000000000000000000000000;
	1483 :	000000000000000000000000;
	1482 :	000000000000000000000000;
	1481 :	000000000000000000000000;
	1480 :	000000000000000000000000;
	1479 :	000000000000000000000000;
	1478 :	000000000000000000000000;
	1477 :	000000000000000000000000;
	1476 :	000000000000000000000000;
	1475 :	000000000000000000000000;
	1474 :	000000000000000000000000;
	1473 :	000000000000000000000000;
	1472 :	000000000000000000000000;
	1471 :	000000000000000000000000;
	1470 :	000000000000000000000000;
	1469 :	000000000000000000000000;
	1468 :	000000000000000000000000;
	1467 :	000000000000000000000000;
	1466 :	000000000000000000000000;
	1465 :	000000000000000000000000;
	1464 :	000000000000000000000000;
	1463 :	000000000000000000000000;
	1462 :	000000010000000000000000;
	1461 :	000000000000000000000000;
	1460 :	000000000000000000000000;
	1459 :	000000000000000000000000;
	1458 :	000000000000000000000000;
	1457 :	000000000000000000000000;
	1456 :	000000000000000000000000;
	1455 :	000000000000000000000000;
	1454 :	000000000000000000000000;
	1453 :	000000000000000000000000;
	1452 :	000000000000000000000000;
	1451 :	000000000000000000000000;
	1450 :	000000000000000000000000;
	1449 :	000000000000000000000000;
	1448 :	000000000000000000000000;
	1447 :	000000000000000000000000;
	1446 :	000000000000000000000000;
	1445 :	000000000000000000000000;
	1444 :	000000000000000000000000;
	1443 :	000000000000000000000000;
	1442 :	000000000000000000000000;
	1441 :	000000000000000000000000;
	1440 :	000000000000000000000000;
	1439 :	000000000000000000000000;
	1438 :	000000000000000000000000;
	1437 :	000000000000000000000000;
	1436 :	000000000000000000000000;
	1435 :	000000000000000000000000;
	1434 :	000000000000000000000000;
	1433 :	000000000000000000000000;
	1432 :	000000000000000000000000;
	1431 :	000000000000000000000000;
	1430 :	000000000000000000000000;
	1429 :	000000000000000000000000;
	1428 :	000000000000000000000000;
	1427 :	000000000000000000000000;
	1426 :	000000000000000000000000;
	1425 :	000000000000000000000000;
	1424 :	000000000000000000000000;
	1423 :	000000000000000000000000;
	1422 :	000000000000000000000000;
	1421 :	000000000000000000000000;
	1420 :	000000000000000000000000;
	1419 :	000000000000000000000000;
	1418 :	000000000000000000000000;
	1417 :	000000000000000000000000;
	1416 :	000000000000000000000000;
	1415 :	000000000000000000000000;
	1414 :	000000000000000000000000;
	1413 :	000000000000000000000000;
	1412 :	000000000000000000000000;
	1411 :	000000000000000000000000;
	1410 :	000000000000000000000000;
	1409 :	000000000000000000000000;
	1408 :	000000000000000000000000;
	1407 :	000000000000000000000000;
	1406 :	000000000000000000000000;
	1405 :	000000000000000000000000;
	1404 :	000000000000000000000000;
	1403 :	000000000000000000000000;
	1402 :	000000000000000000000000;
	1401 :	000000000000000000000000;
	1400 :	000000000000000000000000;
	1399 :	000000000000000000000000;
	1398 :	000000000000000000000000;
	1397 :	000000000000000000000000;
	1396 :	000000000000000000000000;
	1395 :	000000000000000000000000;
	1394 :	000000000000000000000000;
	1393 :	000000000000000000000000;
	1392 :	000000000000000000000000;
	1391 :	000000000000000000000000;
	1390 :	000000000000000000000000;
	1389 :	000000000000000000000000;
	1388 :	000000000000000000000000;
	1387 :	000000000000000000000000;
	1386 :	000000000000000000000000;
	1385 :	000000000000000000000000;
	1384 :	000000000000000000000000;
	1383 :	000000000000000000000000;
	1382 :	000000000000000000000000;
	1381 :	000000000000000000000000;
	1380 :	000000000000000000000000;
	1379 :	000000000000000000000000;
	1378 :	000000000000000000000000;
	1377 :	000000000000000000000000;
	1376 :	000000000000000000000000;
	1375 :	000000000000000000000000;
	1374 :	000000000000000000000000;
	1373 :	000000000000000000000000;
	1372 :	000000000000000000000000;
	1371 :	000000000000000000000000;
	1370 :	000000000000000000000001;
	1369 :	000000000000000000000000;
	1368 :	000000000000000000000000;
	1367 :	000000000000000000000000;
	1366 :	000000000000000000000000;
	1365 :	000000000000000000000000;
	1364 :	000000000000000000000000;
	1363 :	000000000000000000000000;
	1362 :	000000000000000000000000;
	1361 :	000000000000000000000000;
	1360 :	000000000000000000000000;
	1359 :	000000000000000000000000;
	1358 :	000000000000000000000000;
	1357 :	000000000000000000000000;
	1356 :	000000000000000000000000;
	1355 :	000000000000000000000000;
	1354 :	000000000000000000000000;
	1353 :	000000000000000000000000;
	1352 :	000000000000000000000000;
	1351 :	000000000000000000000000;
	1350 :	000000000000000000000000;
	1349 :	000000000000000000000000;
	1348 :	000000000000000000000000;
	1347 :	000000000000000000000000;
	1346 :	000000000000000000000000;
	1345 :	000000000000000000000000;
	1344 :	000000000000000000000000;
	1343 :	000000000000000000000000;
	1342 :	000000000000000000000000;
	1341 :	000000000000000000000000;
	1340 :	000000000000000000000000;
	1339 :	000000000000000000000000;
	1338 :	000000000000000000000000;
	1337 :	000000000000000000000000;
	1336 :	000000000000000000000000;
	1335 :	000000000000000000000000;
	1334 :	000000000000000000000000;
	1333 :	000000000000000000000000;
	1332 :	000000000000000000000000;
	1331 :	000000000000000000000000;
	1330 :	000000000000000000000000;
	1329 :	000000000000000000000000;
	1328 :	000000000000000000000000;
	1327 :	000000000000000000000000;
	1326 :	000000000000000000000000;
	1325 :	000000000000000000000000;
	1324 :	000000000000000000000000;
	1323 :	000000000000000000000000;
	1322 :	000000000000000000000000;
	1321 :	000000000000000000000000;
	1320 :	000000000000000000000000;
	1319 :	000000000000000000000000;
	1318 :	000000000000000000000000;
	1317 :	000000000000000000000000;
	1316 :	000000000000000000000000;
	1315 :	000000000000000000000000;
	1314 :	000000000000000000000000;
	1313 :	000000000000000000000000;
	1312 :	000000000000000000000000;
	1311 :	000000000000000000000000;
	1310 :	000000000000000000000000;
	1309 :	000000000000000000000000;
	1308 :	000000000000000000000000;
	1307 :	000000000000000000000000;
	1306 :	000000000000000000000000;
	1305 :	000000000000000000000000;
	1304 :	000000000000000000000000;
	1303 :	000000000000000000000000;
	1302 :	000000000000000000000000;
	1301 :	000000000000000000000000;
	1300 :	000000000000000000000000;
	1299 :	000000000000000000000000;
	1298 :	000000000000000000000000;
	1297 :	000000000000000000000000;
	1296 :	000000000000000000000000;
	1295 :	000000000000000000000000;
	1294 :	000000000000000000000000;
	1293 :	000000000000000000000000;
	1292 :	000000000000000000000000;
	1291 :	000000000000000000000000;
	1290 :	000000000000000000000000;
	1289 :	000000000000000000000000;
	1288 :	000000000000000000000000;
	1287 :	000000000000000000000000;
	1286 :	000000000000000000000000;
	1285 :	000000000000000000000000;
	1284 :	000000000000000000000000;
	1283 :	000000000000000000000000;
	1282 :	000000000000000000000000;
	1281 :	000000000000000000000000;
	1280 :	000000000000000000000000;
	1279 :	000000000000000000000000;
	1278 :	000000000000000000000000;
	1277 :	000000000000000000000000;
	1276 :	000000000000000000000000;
	1275 :	000000000000000000000000;
	1274 :	000000000000000000000000;
	1273 :	000000000000000000000000;
	1272 :	000000000000000000000000;
	1271 :	000000000000000000000000;
	1270 :	000000000000000000000000;
	1269 :	000000000000000000000000;
	1268 :	000000000000000000000000;
	1267 :	000000000000000000000000;
	1266 :	000000000000000000000000;
	1265 :	000000000000000000000000;
	1264 :	000000000000000000000000;
	1263 :	000000000000000000000000;
	1262 :	000000000000000000000000;
	1261 :	000000000000000000000000;
	1260 :	000000000000000000000000;
	1259 :	000000000000000000000000;
	1258 :	000000000000000000000000;
	1257 :	000000000000000000000000;
	1256 :	000000000000000000000000;
	1255 :	000000000000000000000000;
	1254 :	000000000000000000000000;
	1253 :	000000000000000000000000;
	1252 :	000000000000000000000000;
	1251 :	000000000000000000000000;
	1250 :	000000000000000000000000;
	1249 :	000000000000000000000000;
	1248 :	000000000000000000000000;
	1247 :	000000000000000000000000;
	1246 :	000000000000000000000000;
	1245 :	000000000000000000000000;
	1244 :	000000000000000000000000;
	1243 :	000000000000000000000000;
	1242 :	000000000000000000000000;
	1241 :	000000000000000000000000;
	1240 :	000000000000000000000000;
	1239 :	000000000000000000000000;
	1238 :	000000000000000000000000;
	1237 :	000000000000000000000000;
	1236 :	000000000000000000000000;
	1235 :	000000000000000000000000;
	1234 :	000000000000000000000000;
	1233 :	000000000000000000000000;
	1232 :	000000000000000000000000;
	1231 :	000000000000000000000000;
	1230 :	000000000000000000000000;
	1229 :	000000000000000000000000;
	1228 :	000000000000000000000000;
	1227 :	000000000000000000000000;
	1226 :	000000000000000000000000;
	1225 :	000000000000000000000001;
	1224 :	000000000000000000000000;
	1223 :	000000000000000000000000;
	1222 :	000000000000000000000000;
	1221 :	000000000000000000000000;
	1220 :	000000000000000000000000;
	1219 :	000000000000000000000000;
	1218 :	000000000000000000000000;
	1217 :	000000000000000000000000;
	1216 :	000000000000000000000000;
	1215 :	000000000000000000000000;
	1214 :	000000000000000000000000;
	1213 :	000000000000000000000000;
	1212 :	000000000000000000000000;
	1211 :	000000000000000000000000;
	1210 :	000000000000000000000000;
	1209 :	000000000000000000000000;
	1208 :	000000000000000000000000;
	1207 :	000000000000000000000000;
	1206 :	000000000000000000000000;
	1205 :	000000000000000000000000;
	1204 :	000000000000000000000000;
	1203 :	000000000000000000000000;
	1202 :	000000000000000000000000;
	1201 :	000000000000000000000000;
	1200 :	000000000000000000000000;
	1199 :	000000000000000000000000;
	1198 :	000000000000000000000000;
	1197 :	000000000000000000000000;
	1196 :	000000000000000000000000;
	1195 :	000000000000000000000000;
	1194 :	000000000000000000000000;
	1193 :	000000000000000000000000;
	1192 :	000000000000000000000000;
	1191 :	000000000000000000000000;
	1190 :	000000000000000000000000;
	1189 :	000000000000000000000000;
	1188 :	000000000000000000000000;
	1187 :	000000000000000000000000;
	1186 :	000000000000000000000000;
	1185 :	000000000000000000000000;
	1184 :	000000000000000000000000;
	1183 :	000000000000000000000000;
	1182 :	000000000000000000000000;
	1181 :	000000000000000000000000;
	1180 :	000000000000000000000000;
	1179 :	000000000000000000000000;
	1178 :	000000000000000000000000;
	1177 :	000000000000000000000000;
	1176 :	000000000000000000000000;
	1175 :	000000000000000000000000;
	1174 :	000000000000000000000000;
	1173 :	000000000000000000000000;
	1172 :	000000000000000000000000;
	1171 :	000000000000000000000000;
	1170 :	000000000000000100000000;
	1169 :	000000000000000000000000;
	1168 :	000000000000000000000000;
	1167 :	000000000000000000000000;
	1166 :	000000000000000000000000;
	1165 :	000000000000000000000000;
	1164 :	000000000000000000000000;
	1163 :	000000000000000000000000;
	1162 :	000000000000000000000000;
	1161 :	000000000000000000000000;
	1160 :	000000000000000000000000;
	1159 :	000000000000000000000000;
	1158 :	000000000000000000000000;
	1157 :	000000000000000000000000;
	1156 :	000000000000000000000000;
	1155 :	000000000000000000000000;
	1154 :	000000000000000000000000;
	1153 :	000000000000000000000000;
	1152 :	000000000000000000000000;
	1151 :	000000000000000000000000;
	1150 :	000000000000000000000000;
	1149 :	000000000000000000000000;
	1148 :	000000000000000000000000;
	1147 :	000000000000000000000000;
	1146 :	000000000000000000000000;
	1145 :	000000000000000000000000;
	1144 :	000000000000000000000000;
	1143 :	000000000000000000000000;
	1142 :	000000000000000000000000;
	1141 :	000000000000000000000000;
	1140 :	000000000000000000000000;
	1139 :	000000000000000000000000;
	1138 :	000000000000000000000000;
	1137 :	000000000000000000000000;
	1136 :	000000000000000000000000;
	1135 :	000000000000000000000000;
	1134 :	000000000000000000000000;
	1133 :	000000000000000000000000;
	1132 :	000000000000000000000000;
	1131 :	000000000000000000000000;
	1130 :	000000000000000000000000;
	1129 :	000000000000000000000000;
	1128 :	000000000000000000000000;
	1127 :	000000000000000000000000;
	1126 :	000000000000000000000000;
	1125 :	000000000000000000000000;
	1124 :	000000000000000000000000;
	1123 :	000000000000000000000000;
	1122 :	000000000000000000000000;
	1121 :	000000000000000000000000;
	1120 :	000000000000000000000000;
	1119 :	000000000000000000000000;
	1118 :	000000000000000000000000;
	1117 :	000000000000000000000000;
	1116 :	000000000000000000000000;
	1115 :	000000000000000000000000;
	1114 :	000000000000000000000000;
	1113 :	000000000000000000000000;
	1112 :	000000000000000000000000;
	1111 :	000000000000000000000000;
	1110 :	000000000000000000000000;
	1109 :	000000000000000000000000;
	1108 :	000000000000000000000000;
	1107 :	000000000000000000000000;
	1106 :	000000000000000000000000;
	1105 :	000000000000000000000000;
	1104 :	000000000000000000000000;
	1103 :	000000000000000000000000;
	1102 :	000000000000000000000000;
	1101 :	000000000000000000000000;
	1100 :	000000000000000000000000;
	1099 :	000000000000000000000000;
	1098 :	000000000000000000000000;
	1097 :	000000000000000000000000;
	1096 :	000000000000000000000000;
	1095 :	000000000000000000000000;
	1094 :	000000000000000000000000;
	1093 :	000000000000000000000000;
	1092 :	000000000000000000000000;
	1091 :	000000000000000000000000;
	1090 :	000000000000000000000000;
	1089 :	000000000000000000000000;
	1088 :	000000000000000000000000;
	1087 :	000000000000000000000000;
	1086 :	000000000000000000000000;
	1085 :	000000000000000000000000;
	1084 :	000000000000000000000000;
	1083 :	000000000000000000000000;
	1082 :	000000000000000000000000;
	1081 :	000000000000000000000000;
	1080 :	000000000000000000000000;
	1079 :	000000000000000000000000;
	1078 :	000000000000000000000000;
	1077 :	000000000000000000000000;
	1076 :	000000000000000000000000;
	1075 :	000000000000000000000000;
	1074 :	000000000000000000000000;
	1073 :	000000000000000000000000;
	1072 :	000000000000000000000000;
	1071 :	000000000000000000000000;
	1070 :	000000000000000000000000;
	1069 :	000000000000000000000000;
	1068 :	000000000000000000000000;
	1067 :	000000000000000000000000;
	1066 :	000000000000000000000000;
	1065 :	000000000000000000000000;
	1064 :	000000000000000000000000;
	1063 :	000000000000000000000000;
	1062 :	000000000000000000000000;
	1061 :	000000000000000000000000;
	1060 :	000000000000000000000000;
	1059 :	000000000000000000000000;
	1058 :	000000000000000000000000;
	1057 :	000000000000000000000000;
	1056 :	000000000000000000000000;
	1055 :	000000000000000000000000;
	1054 :	000000000000000000000000;
	1053 :	000000000000000000000000;
	1052 :	000000000000000000000000;
	1051 :	000000000000000000000000;
	1050 :	000000000000000000000000;
	1049 :	000000000000000000000000;
	1048 :	000000000000000000000000;
	1047 :	000000000000000000000000;
	1046 :	000000000000000000000000;
	1045 :	000000000000000000000000;
	1044 :	000000000000000000000000;
	1043 :	000000000000000000000000;
	1042 :	000000000000000000000000;
	1041 :	000000000000000000000000;
	1040 :	000000000000000000000000;
	1039 :	000000000000000000000001;
	1038 :	000000000000000000000000;
	1037 :	000000000000000000000000;
	1036 :	000000000000000000000000;
	1035 :	000000000000000000000000;
	1034 :	000000000000000000000000;
	1033 :	000000000000000000000000;
	1032 :	000000000000000000000000;
	1031 :	000000000000000000000000;
	1030 :	000000000000000000000000;
	1029 :	000000000000000000000000;
	1028 :	000000000000000000000000;
	1027 :	000000000000000000000000;
	1026 :	000000000000000000000000;
	1025 :	000000000000000000000000;
	1024 :	000000000000000000000000;
	1023 :	000000000000000000000000;
	1022 :	000000000000000000000000;
	1021 :	000000000000000000000000;
	1020 :	000000000000000000000000;
	1019 :	000000000000000000000000;
	1018 :	000000000000000000000000;
	1017 :	000000000000000000000000;
	1016 :	000000000000000000000000;
	1015 :	000000000000000000000000;
	1014 :	000000000000000000000000;
	1013 :	000000000000000000000000;
	1012 :	000000000000000000000000;
	1011 :	000000000000000000000000;
	1010 :	000000000000000000000000;
	1009 :	000000000000000000000000;
	1008 :	000000000000000000000000;
	1007 :	000000000000000000000000;
	1006 :	000000000000000000000000;
	1005 :	000000000000000000000000;
	1004 :	000000000000000000000000;
	1003 :	000000000000000000000000;
	1002 :	000000000000000000000000;
	1001 :	000000000000000000000000;
	1000 :	000000010000000000000000;
	999 :	000000000000000000000000;
	998 :	000000000000000000000000;
	997 :	000000000000000000000000;
	996 :	000000000000000000000000;
	995 :	000000000000000000000000;
	994 :	000000000000000000000000;
	993 :	000000000000000000000000;
	992 :	000000000000000000000000;
	991 :	000000000000000000000000;
	990 :	000000000000000000000000;
	989 :	000000000000000000000000;
	988 :	000000000000000000000000;
	987 :	000000000000000000000000;
	986 :	000000000000000000000000;
	985 :	000000000000000000000000;
	984 :	000000000000000000000000;
	983 :	000000000000000000000000;
	982 :	000000000000000000000000;
	981 :	000000000000000000000000;
	980 :	000000000000000000000000;
	979 :	000000000000000000000000;
	978 :	000000000000000000000000;
	977 :	000000000000000000000000;
	976 :	000000000000000000000000;
	975 :	000000000000000000000000;
	974 :	000000000000000000000000;
	973 :	000000000000000000000000;
	972 :	000000000000000000000000;
	971 :	000000000000000000000000;
	970 :	000000000000000000000000;
	969 :	000000000000000000000000;
	968 :	000000000000000000000000;
	967 :	000000000000000000000000;
	966 :	000000000000000000000000;
	965 :	000000000000000000000000;
	964 :	000000000000000000000000;
	963 :	000000000000000000000000;
	962 :	000000000000000000000000;
	961 :	000000000000000100000000;
	960 :	000000000000000000000000;
	959 :	000000000000000000000000;
	958 :	000000000000000000000000;
	957 :	000000000000000000000000;
	956 :	000000000000000000000000;
	955 :	000000000000000000000000;
	954 :	000000000000000000000000;
	953 :	000000000000000000000000;
	952 :	000000000000000000000000;
	951 :	000000000000000000000000;
	950 :	000000000000000000000000;
	949 :	000000000000000000000000;
	948 :	000000000000000000000000;
	947 :	000000000000000000000000;
	946 :	000000000000000000000000;
	945 :	000000000000000000000000;
	944 :	000000000000000000000000;
	943 :	000000000000000000000000;
	942 :	000000000000000000000000;
	941 :	000000000000000000000000;
	940 :	000000000000000000000000;
	939 :	000000000000000000000000;
	938 :	000000000000000000000000;
	937 :	000000000000000000000000;
	936 :	000000000000000000000000;
	935 :	000000000000000000000000;
	934 :	000000000000000000000000;
	933 :	000000000000000000000000;
	932 :	000000000000000000000000;
	931 :	000000000000000000000000;
	930 :	000000000000000000000000;
	929 :	000000000000000000000000;
	928 :	000000000000000000000000;
	927 :	000000000000000000000000;
	926 :	000000000000000000000000;
	925 :	000000000000000000000000;
	924 :	000000000000000000000000;
	923 :	000000000000000000000000;
	922 :	000000000000000000000000;
	921 :	000000000000000000000000;
	920 :	000000000000000000000000;
	919 :	000000000000000000000000;
	918 :	000000000000000000000000;
	917 :	000000000000000000000000;
	916 :	000000000000000000000000;
	915 :	000000000000000000000000;
	914 :	000000000000000000000001;
	913 :	000000000000000000000000;
	912 :	000000000000000000000000;
	911 :	000000000000000000000000;
	910 :	000000000000000000000000;
	909 :	000000000000000000000000;
	908 :	000000000000000000000000;
	907 :	000000000000000000000000;
	906 :	000000000000000000000000;
	905 :	000000000000000000000000;
	904 :	000000000000000000000000;
	903 :	000000000000000000000000;
	902 :	000000000000000000000000;
	901 :	000000000000000000000000;
	900 :	000000000000000000000000;
	899 :	000000000000000000000000;
	898 :	000000000000000000000000;
	897 :	000000000000000000000000;
	896 :	000000000000000000000000;
	895 :	000000000000000000000000;
	894 :	000000000000000000000000;
	893 :	000000000000000000000000;
	892 :	000000000000000000000000;
	891 :	000000000000000000000000;
	890 :	000000000000000000000000;
	889 :	000000000000000000000000;
	888 :	000000000000000000000000;
	887 :	000000000000000000000000;
	886 :	000000000000000000000000;
	885 :	000000000000000000000000;
	884 :	000000000000000000000000;
	883 :	000000000000000000000000;
	882 :	000000000000000000000000;
	881 :	000000000000000000000000;
	880 :	000000000000000000000000;
	879 :	000000000000000000000000;
	878 :	000000000000000000000000;
	877 :	000000000000000000000000;
	876 :	000000000000000000000000;
	875 :	000000000000000000000000;
	874 :	000000000000000000000000;
	873 :	000000000000000000000000;
	872 :	000000000000000000000000;
	871 :	000000000000000000000000;
	870 :	000000000000000000000000;
	869 :	000000000000000000000000;
	868 :	000000000000000000000000;
	867 :	000000000000000000000000;
	866 :	000000000000000000000000;
	865 :	000000000000000000000000;
	864 :	000000000000000000000000;
	863 :	000000000000000000000000;
	862 :	000000000000000000000000;
	861 :	000000000000000000000000;
	860 :	000000000000000000000000;
	859 :	000000000000000000000000;
	858 :	000000000000000000000000;
	857 :	000000000000000000000000;
	856 :	000000000000000000000000;
	855 :	000000000000000000000000;
	854 :	000000000000000000000000;
	853 :	000000000000000000000000;
	852 :	000000000000000000000000;
	851 :	000000000000000000000000;
	850 :	000000000000000100000000;
	849 :	000000000000000000000000;
	848 :	000000000000000000000000;
	847 :	000000000000000000000000;
	846 :	000000000000000000000000;
	845 :	000000000000000000000000;
	844 :	000000000000000000000000;
	843 :	000000000000000000000000;
	842 :	000000000000000000000000;
	841 :	000000000000000000000000;
	840 :	000000000000000000000000;
	839 :	000000000000000000000000;
	838 :	000000000000000000000000;
	837 :	000000000000000000000000;
	836 :	000000000000000000000000;
	835 :	000000000000000000000000;
	834 :	000000000000000000000000;
	833 :	000000010000000000000000;
	832 :	000000000000000000000000;
	831 :	000000000000000000000000;
	830 :	000000000000000000000000;
	829 :	000000000000000000000000;
	828 :	000000000000000000000000;
	827 :	000000000000000000000000;
	826 :	000000000000000000000000;
	825 :	000000000000000000000000;
	824 :	000000000000000000000000;
	823 :	000000000000000000000000;
	822 :	000000000000000000000000;
	821 :	000000000000000000000000;
	820 :	000000000000000000000000;
	819 :	000000000000000000000000;
	818 :	000000000000000000000000;
	817 :	000000000000000000000000;
	816 :	000000000000000000000000;
	815 :	000000000000000000000000;
	814 :	000000000000000000000000;
	813 :	000000000000000000000000;
	812 :	000000000000000000000000;
	811 :	000000000000000000000000;
	810 :	000000000000000000000000;
	809 :	000000000000000000000000;
	808 :	000000000000000000000000;
	807 :	000000000000000000000000;
	806 :	000000000000000000000000;
	805 :	000000000000000000000000;
	804 :	000000000000000000000000;
	803 :	000000000000000000000000;
	802 :	000000000000000000000000;
	801 :	000000000000000000000000;
	800 :	000000000000000000000000;
	799 :	000000000000000000000000;
	798 :	000000000000000000000000;
	797 :	000000000000000000000000;
	796 :	000000000000000000000000;
	795 :	000000000000000000000000;
	794 :	000000000000000000000000;
	793 :	000000000000000000000000;
	792 :	000000000000000000000000;
	791 :	000000000000000000000000;
	790 :	000000000000000000000000;
	789 :	000000000000000000000000;
	788 :	000000000000000000000000;
	787 :	000000000000000000000000;
	786 :	000000000000000000000000;
	785 :	000000000000000000000000;
	784 :	000000000000000000000000;
	783 :	000000000000000000000000;
	782 :	000000000000000000000000;
	781 :	000000000000000000000000;
	780 :	000000000000000000000000;
	779 :	000000000000000000000000;
	778 :	000000000000000000000000;
	777 :	000000000000000000000000;
	776 :	000000000000000000000000;
	775 :	000000000000000000000000;
	774 :	000000000000000000000000;
	773 :	000000000000000000000000;
	772 :	000000000000000000000000;
	771 :	000000000000000000000000;
	770 :	000000000000000000000000;
	769 :	000000000000000000000000;
	768 :	000000000000000000000000;
	767 :	000000000000000000000000;
	766 :	000000000000000000000000;
	765 :	000000000000000000000000;
	764 :	000000000000000000000000;
	763 :	000000000000000000000000;
	762 :	000000000000000000000000;
	761 :	000000000000000000000000;
	760 :	000000000000000000000000;
	759 :	000000000000000000000000;
	758 :	000000000000000000000000;
	757 :	000000000000000000000000;
	756 :	000000000000000000000000;
	755 :	000000000000000000000000;
	754 :	000000000000000000000000;
	753 :	000000000000000000000000;
	752 :	000000000000000000000000;
	751 :	000000000000000000000000;
	750 :	000000000000000000000000;
	749 :	000000000000000000000000;
	748 :	000000000000000000000000;
	747 :	000000000000000000000000;
	746 :	000000000000000000000000;
	745 :	000000000000000000000000;
	744 :	000000000000000000000000;
	743 :	000000000000000000000000;
	742 :	000000000000000100000000;
	741 :	000000000000000000000000;
	740 :	000000000000000000000000;
	739 :	000000000000000000000000;
	738 :	000000000000000000000000;
	737 :	000000000000000000000000;
	736 :	000000000000000000000000;
	735 :	000000000000000000000000;
	734 :	000000000000000000000000;
	733 :	000000000000000000000000;
	732 :	000000000000000000000000;
	731 :	000000000000000000000000;
	730 :	000000000000000000000000;
	729 :	000000000000000000000000;
	728 :	000000000000000000000000;
	727 :	000000000000000000000000;
	726 :	000000010000000000000000;
	725 :	000000000000000000000000;
	724 :	000000000000000000000000;
	723 :	000000000000000000000000;
	722 :	000000000000000000000000;
	721 :	000000000000000000000000;
	720 :	000000000000000000000000;
	719 :	000000000000000000000000;
	718 :	000000000000000000000000;
	717 :	000000000000000000000000;
	716 :	000000000000000000000000;
	715 :	000000000000000000000000;
	714 :	000000000000000000000000;
	713 :	000000000000000000000000;
	712 :	000000000000000000000000;
	711 :	000000000000000000000000;
	710 :	000000000000000000000000;
	709 :	000000000000000000000000;
	708 :	000000000000000000000000;
	707 :	000000000000000000000000;
	706 :	000000000000000000000000;
	705 :	000000000000000000000000;
	704 :	000000000000000000000000;
	703 :	000000000000000000000000;
	702 :	000000000000000000000000;
	701 :	000000000000000000000000;
	700 :	000000000000000000000000;
	699 :	000000000000000000000000;
	698 :	000000000000000000000000;
	697 :	000000000000000000000000;
	696 :	000000000000000000000000;
	695 :	000000000000000000000000;
	694 :	000000000000000000000000;
	693 :	000000000000000000000000;
	692 :	000000000000000000000000;
	691 :	000000000000000000000000;
	690 :	000000000000000000000000;
	689 :	000000000000000000000000;
	688 :	000000000000000000000000;
	687 :	000000000000000000000000;
	686 :	000000000000000000000000;
	685 :	000000000000000000000000;
	684 :	000000000000000000000000;
	683 :	000000000000000000000000;
	682 :	000000000000000000000000;
	681 :	000000000000000000000000;
	680 :	000000000000000000000000;
	679 :	000000000000000000000000;
	678 :	000000000000000000000000;
	677 :	000000000000000000000000;
	676 :	000000000000000000000000;
	675 :	000000000000000000000000;
	674 :	000000000000000000000000;
	673 :	000000000000000000000000;
	672 :	000000000000000000000000;
	671 :	000000000000000000000000;
	670 :	000000000000000000000000;
	669 :	000000000000000000000000;
	668 :	000000000000000000000000;
	667 :	000000000000000000000000;
	666 :	000000000000000000000000;
	665 :	000000000000000000000000;
	664 :	000000000000000000000000;
	663 :	000000000000000000000000;
	662 :	000000000000000000000000;
	661 :	000000000000000000000000;
	660 :	000000000000000000000000;
	659 :	000000000000000000000000;
	658 :	000000000000000000000000;
	657 :	000000000000000000000000;
	656 :	000000000000000000000000;
	655 :	000000000000000000000000;
	654 :	000000000000000000000000;
	653 :	000000000000000000000000;
	652 :	000000000000000000000000;
	651 :	000000000000000000000000;
	650 :	000000000000000000000000;
	649 :	000000000000000000000000;
	648 :	000000000000000000000000;
	647 :	000000000000000000000000;
	646 :	000000000000000000000000;
	645 :	000000000000000000000000;
	644 :	000000000000000000000000;
	643 :	000000000000000000000000;
	642 :	000000000000000000000000;
	641 :	000000000000000000000000;
	640 :	000000000000000000000000;
	639 :	000000000000000000000000;
	638 :	000000000000000000000000;
	637 :	000000000000000000000000;
	636 :	000000000000000000000000;
	635 :	000000000000000000000000;
	634 :	000000000000000000000000;
	633 :	000000000000000000000000;
	632 :	000000000000000000000000;
	631 :	000000000000000000000000;
	630 :	000000000000000000000000;
	629 :	000000000000000000000000;
	628 :	000000000000000000000000;
	627 :	000000000000000000000000;
	626 :	000000000000000000000000;
	625 :	000000000000000000000000;
	624 :	000000000000000000000000;
	623 :	000000000000000000000000;
	622 :	000000000000000000000000;
	621 :	000000000000000000000000;
	620 :	000000000000000000000000;
	619 :	000000000000000000000000;
	618 :	000000000000000000000000;
	617 :	000000000000000000000000;
	616 :	000000000000000000000000;
	615 :	000000000000000000000000;
	614 :	000000000000000000000000;
	613 :	000000000000000000000000;
	612 :	000000000000000000000000;
	611 :	000000000000000000000000;
	610 :	000000000000000000000000;
	609 :	000000000000000000000000;
	608 :	000000000000000000000000;
	607 :	000000000000000000000000;
	606 :	000000000000000000000000;
	605 :	000000000000000000000000;
	604 :	000000000000000000000000;
	603 :	000000000000000000000000;
	602 :	000000000000000000000000;
	601 :	000000000000000000000000;
	600 :	000000000000000000000000;
	599 :	000000000000000000000000;
	598 :	000000000000000000000000;
	597 :	000000000000000000000000;
	596 :	000000000000000000000000;
	595 :	000000000000000000000000;
	594 :	000000000000000000000000;
	593 :	000000000000000000000000;
	592 :	000000000000000000000000;
	591 :	000000000000000000000000;
	590 :	000000000000000000000000;
	589 :	000000000000000000000000;
	588 :	000000000000000000000000;
	587 :	000000000000000000000000;
	586 :	000000000000000000000000;
	585 :	000000000000000000000000;
	584 :	000000000000000000000000;
	583 :	000000000000000000000000;
	582 :	000000000000000000000000;
	581 :	000000000000000000000000;
	580 :	000000000000000000000000;
	579 :	000000000000000000000000;
	578 :	000000000000000000000000;
	577 :	000000000000000000000000;
	576 :	000000000000000000000000;
	575 :	000000000000000000000000;
	574 :	000000000000000000000000;
	573 :	000000000000000000000000;
	572 :	000000000000000000000000;
	571 :	000000000000000000000000;
	570 :	000000000000000000000000;
	569 :	000000000000000000000000;
	568 :	000000000000000000000000;
	567 :	000000000000000000000000;
	566 :	000000000000000000000000;
	565 :	000000000000000000000000;
	564 :	000000000000000000000000;
	563 :	000000000000000000000000;
	562 :	000000000000000000000000;
	561 :	000000000000000000000000;
	560 :	000000000000000000000000;
	559 :	000000000000000000000000;
	558 :	000000000000000000000000;
	557 :	000000000000000000000000;
	556 :	000000000000000000000000;
	555 :	000000000000000100000000;
	554 :	000000000000000000000000;
	553 :	000000000000000000000000;
	552 :	000000000000000000000000;
	551 :	000000000000000000000000;
	550 :	000000000000000000000000;
	549 :	000000000000000000000000;
	548 :	000000000000000000000000;
	547 :	000000000000000000000000;
	546 :	000000000000000000000000;
	545 :	000000000000000000000000;
	544 :	000000000000000000000000;
	543 :	000000000000000000000000;
	542 :	000000000000000000000000;
	541 :	000000000000000000000000;
	540 :	000000000000000000000000;
	539 :	000000000000000000000000;
	538 :	000000000000000000000000;
	537 :	000000000000000000000000;
	536 :	000000000000000000000000;
	535 :	000000000000000000000000;
	534 :	000000000000000000000000;
	533 :	000000000000000000000000;
	532 :	000000000000000000000000;
	531 :	000000000000000000000000;
	530 :	000000000000000000000000;
	529 :	000000000000000000000000;
	528 :	000000000000000000000000;
	527 :	000000000000000000000000;
	526 :	000000000000000000000000;
	525 :	000000000000000000000000;
	524 :	000000000000000000000000;
	523 :	000000000000000000000000;
	522 :	000000000000000000000000;
	521 :	000000000000000000000000;
	520 :	000000000000000000000000;
	519 :	000000000000000000000000;
	518 :	000000000000000000000000;
	517 :	000000000000000000000000;
	516 :	000000000000000000000000;
	515 :	000000000000000000000000;
	514 :	000000000000000000000000;
	513 :	000000000000000000000000;
	512 :	000000000000000000000000;
	511 :	000000000000000000000000;
	510 :	000000000000000000000000;
	509 :	000000000000000000000000;
	508 :	000000000000000000000000;
	507 :	000000000000000000000000;
	506 :	000000000000000000000000;
	505 :	000000000000000000000000;
	504 :	000000000000000000000000;
	503 :	000000000000000000000000;
	502 :	000000000000000000000000;
	501 :	000000000000000000000000;
	500 :	000000000000000000000000;
	499 :	000000000000000000000000;
	498 :	000000000000000000000000;
	497 :	000000000000000000000000;
	496 :	000000000000000000000000;
	495 :	000000000000000000000000;
	494 :	000000000000000000000000;
	493 :	000000000000000000000000;
	492 :	000000000000000000000000;
	491 :	000000000000000000000000;
	490 :	000000000000000000000000;
	489 :	000000000000000000000000;
	488 :	000000000000000000000000;
	487 :	000000000000000000000000;
	486 :	000000000000000000000000;
	485 :	000000000000000000000000;
	484 :	000000000000000000000000;
	483 :	000000000000000000000000;
	482 :	000000000000000000000000;
	481 :	000000000000000000000000;
	480 :	000000000000000000000000;
	479 :	000000000000000000000000;
	478 :	000000000000000000000000;
	477 :	000000000000000000000000;
	476 :	000000000000000000000000;
	475 :	000000000000000000000000;
	474 :	000000000000000000000000;
	473 :	000000000000000000000000;
	472 :	000000000000000000000000;
	471 :	000000000000000000000000;
	470 :	000000000000000000000000;
	469 :	000000000000000000000000;
	468 :	000000000000000000000000;
	467 :	000000000000000000000000;
	466 :	000000000000000000000000;
	465 :	000000000000000000000000;
	464 :	000000000000000000000000;
	463 :	000000000000000000000000;
	462 :	000000000000000000000000;
	461 :	000000000000000000000000;
	460 :	000000000000000000000000;
	459 :	000000000000000000000000;
	458 :	000000000000000000000000;
	457 :	000000000000000000000000;
	456 :	000000000000000000000000;
	455 :	000000000000000000000000;
	454 :	000000000000000000000000;
	453 :	000000000000000000000000;
	452 :	000000000000000000000000;
	451 :	000000000000000000000000;
	450 :	000000000000000000000000;
	449 :	000000000000000000000000;
	448 :	000000000000000000000000;
	447 :	000000000000000000000000;
	446 :	000000000000000000000000;
	445 :	000000000000000000000000;
	444 :	000000000000000000000000;
	443 :	000000000000000000000000;
	442 :	000000000000000000000000;
	441 :	000000000000000000000000;
	440 :	000000000000000000000000;
	439 :	000000000000000000000000;
	438 :	000000000000000000000000;
	437 :	000000000000000000000000;
	436 :	000000000000000000000000;
	435 :	000000000000000000000000;
	434 :	000000000000000000000000;
	433 :	000000000000000000000000;
	432 :	000000000000000000000000;
	431 :	000000000000000000000000;
	430 :	000000000000000000000000;
	429 :	000000000000000000000000;
	428 :	000000000000000000000000;
	427 :	000000000000000000000000;
	426 :	000000000000000000000000;
	425 :	000000000000000000000000;
	424 :	000000000000000000000000;
	423 :	000000000000000000000000;
	422 :	000000000000000000000000;
	421 :	000000000000000000000000;
	420 :	000000000000000000000000;
	419 :	000000000000000000000000;
	418 :	000000010000000000000000;
	417 :	000000000000000000000000;
	416 :	000000000000000000000000;
	415 :	000000000000000000000000;
	414 :	000000000000000000000000;
	413 :	000000000000000000000000;
	412 :	000000000000000000000000;
	411 :	000000000000000000000000;
	410 :	000000000000000000000000;
	409 :	000000000000000000000000;
	408 :	000000000000000000000000;
	407 :	000000000000000000000000;
	406 :	000000000000000000000000;
	405 :	000000000000000000000000;
	404 :	000000000000000000000000;
	403 :	000000000000000000000000;
	402 :	000000000000000000000000;
	401 :	000000000000000000000000;
	400 :	000000000000000000000000;
	399 :	000000000000000000000000;
	398 :	000000000000000000000000;
	397 :	000000000000000000000000;
	396 :	000000000000000000000000;
	395 :	000000000000000000000000;
	394 :	000000000000000000000000;
	393 :	000000000000000000000000;
	392 :	000000000000000000000000;
	391 :	000000000000000000000000;
	390 :	000000000000000000000000;
	389 :	000000000000000000000000;
	388 :	000000000000000000000000;
	387 :	000000000000000000000000;
	386 :	000000000000000000000000;
	385 :	000000000000000000000000;
	384 :	000000000000000000000000;
	383 :	000000000000000000000000;
	382 :	000000000000000000000000;
	381 :	000000000000000000000000;
	380 :	000000000000000000000000;
	379 :	000000000000000000000000;
	378 :	000000000000000000000000;
	377 :	000000000000000000000000;
	376 :	000000000000000000000000;
	375 :	000000000000000000000000;
	374 :	000000000000000000000000;
	373 :	000000000000000000000000;
	372 :	000000000000000000000000;
	371 :	000000000000000000000000;
	370 :	000000000000000000000000;
	369 :	000000000000000000000000;
	368 :	000000000000000000000000;
	367 :	000000000000000000000000;
	366 :	000000000000000000000000;
	365 :	000000000000000000000000;
	364 :	000000000000000000000000;
	363 :	000000000000000000000000;
	362 :	000000000000000000000000;
	361 :	000000000000000000000000;
	360 :	000000000000000000000000;
	359 :	000000000000000000000000;
	358 :	000000000000000000000000;
	357 :	000000000000000000000000;
	356 :	000000000000000000000000;
	355 :	000000000000000000000000;
	354 :	000000000000000000000000;
	353 :	000000000000000000000000;
	352 :	000000000000000000000000;
	351 :	000000000000000000000000;
	350 :	000000000000000000000000;
	349 :	000000000000000000000000;
	348 :	000000000000000000000000;
	347 :	000000000000000000000000;
	346 :	000000000000000000000000;
	345 :	000000000000000000000000;
	344 :	000000000000000000000000;
	343 :	000000000000000000000000;
	342 :	000000000000000000000000;
	341 :	000000000000000000000000;
	340 :	000000000000000000000000;
	339 :	000000000000000000000000;
	338 :	000000000000000000000000;
	337 :	000000000000000000000000;
	336 :	000000000000000000000000;
	335 :	000000000000000000000000;
	334 :	000000000000000000000000;
	333 :	000000000000000000000000;
	332 :	000000000000000000000000;
	331 :	000000000000000000000000;
	330 :	000000000000000000000000;
	329 :	000000000000000000000000;
	328 :	000000000000000000000000;
	327 :	000000000000000000000000;
	326 :	000000000000000000000000;
	325 :	000000000000000000000000;
	324 :	000000000000000000000000;
	323 :	000000000000000000000000;
	322 :	000000000000000000000000;
	321 :	000000000000000000000000;
	320 :	000000000000000000000000;
	319 :	000000000000000000000000;
	318 :	000000000000000000000000;
	317 :	000000000000000100000000;
	316 :	000000000000000000000000;
	315 :	000000000000000000000000;
	314 :	000000000000000000000000;
	313 :	000000000000000000000000;
	312 :	000000000000000000000000;
	311 :	000000000000000000000000;
	310 :	000000000000000000000000;
	309 :	000000000000000000000000;
	308 :	000000000000000000000000;
	307 :	000000000000000000000000;
	306 :	000000000000000000000000;
	305 :	000000000000000000000000;
	304 :	000000000000000000000000;
	303 :	000000000000000000000000;
	302 :	000000000000000000000000;
	301 :	000000000000000000000000;
	300 :	000000000000000000000000;
	299 :	000000000000000000000000;
	298 :	000000000000000000000000;
	297 :	000000000000000000000000;
	296 :	000000000000000000000000;
	295 :	000000000000000000000000;
	294 :	000000000000000000000000;
	293 :	000000000000000000000000;
	292 :	000000000000000000000000;
	291 :	000000000000000000000000;
	290 :	000000000000000000000000;
	289 :	000000000000000000000000;
	288 :	000000000000000000000000;
	287 :	000000000000000000000000;
	286 :	000000000000000000000000;
	285 :	000000000000000000000000;
	284 :	000000000000000000000000;
	283 :	000000000000000000000000;
	282 :	000000000000000000000000;
	281 :	000000000000000000000000;
	280 :	000000000000000000000000;
	279 :	000000000000000000000000;
	278 :	000000000000000000000000;
	277 :	000000000000000000000000;
	276 :	000000000000000000000000;
	275 :	000000000000000000000000;
	274 :	000000000000000000000000;
	273 :	000000000000000000000000;
	272 :	000000000000000000000000;
	271 :	000000010000000000000000;
	270 :	000000000000000000000000;
	269 :	000000000000000000000000;
	268 :	000000000000000000000000;
	267 :	000000000000000000000000;
	266 :	000000000000000000000000;
	265 :	000000000000000000000000;
	264 :	000000000000000000000000;
	263 :	000000000000000000000000;
	262 :	000000000000000000000000;
	261 :	000000000000000000000000;
	260 :	000000000000000000000000;
	259 :	000000000000000000000000;
	258 :	000000000000000000000000;
	257 :	000000000000000000000000;
	256 :	000000000000000000000000;
	255 :	000000000000000000000000;
	254 :	000000000000000000000000;
	253 :	000000000000000000000000;
	252 :	000000000000000000000000;
	251 :	000000000000000000000000;
	250 :	000000000000000000000000;
	249 :	000000000000000000000000;
	248 :	000000000000000000000000;
	247 :	000000000000000000000000;
	246 :	000000000000000000000000;
	245 :	000000000000000000000000;
	244 :	000000000000000000000000;
	243 :	000000000000000000000000;
	242 :	000000000000000000000000;
	241 :	000000000000000000000000;
	240 :	000000000000000000000000;
	239 :	000000000000000000000000;
	238 :	000000000000000000000000;
	237 :	000000000000000000000000;
	236 :	000000000000000000000000;
	235 :	000000000000000000000000;
	234 :	000000000000000000000000;
	233 :	000000000000000000000000;
	232 :	000000000000000000000000;
	231 :	000000000000000000000000;
	230 :	000000000000000000000000;
	229 :	000000000000000000000000;
	228 :	000000000000000000000000;
	227 :	000000000000000000000000;
	226 :	000000000000000000000000;
	225 :	000000000000000000000000;
	224 :	000000000000000000000000;
	223 :	000000000000000000000000;
	222 :	000000000000000000000000;
	221 :	000000000000000000000000;
	220 :	000000000000000000000000;
	219 :	000000000000000000000000;
	218 :	000000000000000000000000;
	217 :	000000000000000000000000;
	216 :	000000000000000000000000;
	215 :	000000000000000000000000;
	214 :	000000000000000000000000;
	213 :	000000000000000000000000;
	212 :	000000000000000000000000;
	211 :	000000000000000000000000;
	210 :	000000000000000000000000;
	209 :	000000000000000000000000;
	208 :	000000000000000000000000;
	207 :	000000000000000000000000;
	206 :	000000000000000000000000;
	205 :	000000000000000000000000;
	204 :	000000000000000000000000;
	203 :	000000000000000000000000;
	202 :	000000000000000000000000;
	201 :	000000000000000000000000;
	200 :	000000000000000000000000;
	199 :	000000000000000000000000;
	198 :	000000000000000000000000;
	197 :	000000000000000000000000;
	196 :	000000000000000000000000;
	195 :	000000000000000000000000;
	194 :	000000000000000000000000;
	193 :	000000000000000000000000;
	192 :	000000000000000000000000;
	191 :	000000000000000000000000;
	190 :	000000000000000000000000;
	189 :	000000000000000000000000;
	188 :	000000000000000000000000;
	187 :	000000000000000000000000;
	186 :	000000000000000000000000;
	185 :	000000000000000000000000;
	184 :	000000000000000000000000;
	183 :	000000000000000000000000;
	182 :	000000000000000000000000;
	181 :	000000000000000000000000;
	180 :	000000000000000000000000;
	179 :	000000000000000000000000;
	178 :	000000000000000000000000;
	177 :	000000000000000000000000;
	176 :	000000000000000000000000;
	175 :	000000000000000000000000;
	174 :	000000000000000000000000;
	173 :	000000000000000000000000;
	172 :	000000000000000000000000;
	171 :	000000000000000000000000;
	170 :	000000000000000000000000;
	169 :	000000000000000000000000;
	168 :	000000000000000000000000;
	167 :	000000000000000000000000;
	166 :	000000000000000000000000;
	165 :	000000000000000000000000;
	164 :	000000000000000000000000;
	163 :	000000000000000000000000;
	162 :	000000000000000000000000;
	161 :	000000000000000000000000;
	160 :	000000000000000000000000;
	159 :	000000000000000000000000;
	158 :	000000000000000000000000;
	157 :	000000000000000000000000;
	156 :	000000000000000000000000;
	155 :	000000000000000000000000;
	154 :	000000000000000000000000;
	153 :	000000000000000000000000;
	152 :	000000000000000000000000;
	151 :	000000000000000000000000;
	150 :	000000000000000000000000;
	149 :	000000000000000000000000;
	148 :	000000000000000000000000;
	147 :	000000000000000000000000;
	146 :	000000000000000000000000;
	145 :	000000000000000000000000;
	144 :	000000000000000000000000;
	143 :	000000000000000000000000;
	142 :	000000000000000000000000;
	141 :	000000000000000000000000;
	140 :	000000000000000000000000;
	139 :	000000010000000000000000;
	138 :	000000000000000000000000;
	137 :	000000000000000000000000;
	136 :	000000000000000000000000;
	135 :	000000000000000000000000;
	134 :	000000000000000000000000;
	133 :	000000000000000000000000;
	132 :	000000000000000000000000;
	131 :	000000000000000000000000;
	130 :	000000000000000000000000;
	129 :	000000000000000000000000;
	128 :	000000000000000000000000;
	127 :	000000000000000000000000;
	126 :	000000000000000000000000;
	125 :	000000000000000000000000;
	124 :	000000000000000000000000;
	123 :	000000000000000000000000;
	122 :	000000000000000000000000;
	121 :	000000000000000000000000;
	120 :	000000000000000000000000;
	119 :	000000000000000000000000;
	118 :	000000000000000000000000;
	117 :	000000000000000000000000;
	116 :	000000000000000000000000;
	115 :	000000000000000000000000;
	114 :	000000000000000000000000;
	113 :	000000000000000000000000;
	112 :	000000000000000000000000;
	111 :	000000000000000000000000;
	110 :	000000000000000000000000;
	109 :	000000000000000000000000;
	108 :	000000000000000000000000;
	107 :	000000000000000000000000;
	106 :	000000000000000000000000;
	105 :	000000000000000000000000;
	104 :	000000000000000000000000;
	103 :	000000000000000000000000;
	102 :	000000000000000000000000;
	101 :	000000000000000000000000;
	100 :	000000000000000000000000;
	99 :	000000000000000000000000;
	98 :	000000000000000000000000;
	97 :	000000000000000000000000;
	96 :	000000000000000000000000;
	95 :	000000000000000000000000;
	94 :	000000000000000000000000;
	93 :	000000000000000000000000;
	92 :	000000000000000000000000;
	91 :	000000000000000000000000;
	90 :	000000000000000000000000;
	89 :	000000000000000000000000;
	88 :	000000000000000000000000;
	87 :	000000000000000000000000;
	86 :	000000000000000000000000;
	85 :	000000000000000000000000;
	84 :	000000000000000000000000;
	83 :	000000000000000000000000;
	82 :	000000000000000000000000;
	81 :	000000000000000000000000;
	80 :	000000000000000000000000;
	79 :	000000000000000000000000;
	78 :	000000000000000000000000;
	77 :	000000000000000000000000;
	76 :	000000000000000000000000;
	75 :	000000000000000000000000;
	74 :	000000000000000000000000;
	73 :	000000000000000000000000;
	72 :	000000000000000000000000;
	71 :	000000000000000000000000;
	70 :	000000000000000000000000;
	69 :	000000000000000000000000;
	68 :	000000000000000000000000;
	67 :	000000000000000000000000;
	66 :	000000000000000000000000;
	65 :	000000000000000000000000;
	64 :	000000000000000000000000;
	63 :	000000000000000000000000;
	62 :	000000000000000000000000;
	61 :	000000000000000000000000;
	60 :	000000000000000000000000;
	59 :	000000000000000000000000;
	58 :	000000000000000000000000;
	57 :	000000000000000000000000;
	56 :	000000000000000000000000;
	55 :	000000000000000000000000;
	54 :	000000000000000000000000;
	53 :	000000000000000000000000;
	52 :	000000000000000000000000;
	51 :	000000000000000000000000;
	50 :	000000000000000000000000;
	49 :	000000000000000000000000;
	48 :	000000000000000000000000;
	47 :	000000000000000000000000;
	46 :	000000000000000000000000;
	45 :	000000000000000000000000;
	44 :	000000000000000000000000;
	43 :	000000000000000000000000;
	42 :	000000000000000000000000;
	41 :	000000000000000000000000;
	40 :	000000000000000000000000;
	39 :	000000000000000000000000;
	38 :	000000000000000000000000;
	37 :	000000000000000000000000;
	36 :	000000000000000000000000;
	35 :	000000000000000000000000;
	34 :	000000000000000000000000;
	33 :	000000000000000000000000;
	32 :	000000000000000000000000;
	31 :	000000000000000000000000;
	30 :	000000000000000000000000;
	29 :	000000000000000000000000;
	28 :	000000000000000000000000;
	27 :	000000000000000000000000;
	26 :	000000000000000000000000;
	25 :	000000000000000000000000;
	24 :	000000000000000000000000;
	23 :	000000000000000000000000;
	22 :	000000000000000000000000;
	21 :	000000000000000000000000;
	20 :	000000000000000000000000;
	19 :	000000000000000000000000;
	18 :	000000000000000000000000;
	17 :	000000000000000000000000;
	16 :	000000000000000000000000;
	15 :	000000000000000000000000;
	14 :	000000000000000000000000;
	13 :	000000000000000000000000;
	12 :	000000000000000000000000;
	11 :	000000000000000000000000;
	10 :	000000000000000000000000;
	9 :	000000000000000000000000;
	8 :	000000000000000000000000;
	7 :	000000000000000000000000;
	6 :	000000000000000000000000;
	5 :	000000000000000000000000;
	4 :	000000000000000000000000;
	3 :	000000000000000000000000;
	2 :	000000000000000000000000;
	1 :	000000000000000000000000;
	0 :	000000000000000000000000;
END;
