Fitter report for connect_four
Wed Apr 16 00:15:35 2025
Quartus Prime Version 18.1.0 Build 625 09/12/2018 SJ Lite Edition


---------------------
; Table of Contents ;
---------------------
  1. Legal Notice
  2. Fitter Summary
  3. Fitter Settings
  4. Parallel Compilation
  5. Ignored Assignments
  6. Incremental Compilation Preservation Summary
  7. Incremental Compilation Partition Settings
  8. Incremental Compilation Placement Preservation
  9. Pin-Out File
 10. Fitter Resource Usage Summary
 11. Fitter Partition Statistics
 12. Input Pins
 13. Output Pins
 14. I/O Bank Usage
 15. All Package Pins
 16. I/O Assignment Warnings
 17. Fitter Resource Utilization by Entity
 18. Delay Chain Summary
 19. Pad To Core Delay Chain Fanout
 20. Routing Usage Summary
 21. I/O Rules Summary
 22. I/O Rules Details
 23. I/O Rules Matrix
 24. Fitter Device Options
 25. Operating Settings and Conditions
 26. Fitter Messages
 27. Fitter Suppressed Messages



----------------
; Legal Notice ;
----------------
Copyright (C) 2018  Intel Corporation. All rights reserved.
Your use of Intel Corporation's design tools, logic functions 
and other software and tools, and its AMPP partner logic 
functions, and any output files from any of the foregoing 
(including device programming or simulation files), and any 
associated documentation or information are expressly subject 
to the terms and conditions of the Intel Program License 
Subscription Agreement, the Intel Quartus Prime License Agreement,
the Intel FPGA IP License Agreement, or other applicable license
agreement, including, without limitation, that your use is for
the sole purpose of programming logic devices manufactured by
Intel and sold by Intel or its authorized distributors.  Please
refer to the applicable agreement for further details.



+-------------------------------------------------------------------------------+
; Fitter Summary                                                                ;
+---------------------------------+---------------------------------------------+
; Fitter Status                   ; Successful - Wed Apr 16 00:15:35 2025       ;
; Quartus Prime Version           ; 18.1.0 Build 625 09/12/2018 SJ Lite Edition ;
; Revision Name                   ; connect_four                                ;
; Top-level Entity Name           ; Check_win                                   ;
; Family                          ; Cyclone V                                   ;
; Device                          ; 5CSXFC6D6F31C6                              ;
; Timing Models                   ; Final                                       ;
; Logic utilization (in ALMs)     ; 700 / 41,910 ( 2 % )                        ;
; Total registers                 ; 0                                           ;
; Total pins                      ; 91 / 499 ( 18 % )                           ;
; Total virtual pins              ; 0                                           ;
; Total block memory bits         ; 0 / 5,662,720 ( 0 % )                       ;
; Total RAM Blocks                ; 0 / 553 ( 0 % )                             ;
; Total DSP Blocks                ; 0 / 112 ( 0 % )                             ;
; Total HSSI RX PCSs              ; 0 / 9 ( 0 % )                               ;
; Total HSSI PMA RX Deserializers ; 0 / 9 ( 0 % )                               ;
; Total HSSI TX PCSs              ; 0 / 9 ( 0 % )                               ;
; Total HSSI PMA TX Serializers   ; 0 / 9 ( 0 % )                               ;
; Total PLLs                      ; 0 / 15 ( 0 % )                              ;
; Total DLLs                      ; 0 / 4 ( 0 % )                               ;
+---------------------------------+---------------------------------------------+


+----------------------------------------------------------------------------------------------------------------------------------------------------+
; Fitter Settings                                                                                                                                    ;
+--------------------------------------------------------------------+---------------------------------------+---------------------------------------+
; Option                                                             ; Setting                               ; Default Value                         ;
+--------------------------------------------------------------------+---------------------------------------+---------------------------------------+
; Device                                                             ; 5CSXFC6D6F31C6                        ;                                       ;
; Minimum Core Junction Temperature                                  ; 0                                     ;                                       ;
; Maximum Core Junction Temperature                                  ; 85                                    ;                                       ;
; Use smart compilation                                              ; Off                                   ; Off                                   ;
; Enable parallel Assembler and Timing Analyzer during compilation   ; On                                    ; On                                    ;
; Enable compact report table                                        ; Off                                   ; Off                                   ;
; Router Timing Optimization Level                                   ; Normal                                ; Normal                                ;
; Perform Clocking Topology Analysis During Routing                  ; Off                                   ; Off                                   ;
; Placement Effort Multiplier                                        ; 1.0                                   ; 1.0                                   ;
; Device initialization clock source                                 ; INIT_INTOSC                           ; INIT_INTOSC                           ;
; Optimize Hold Timing                                               ; All Paths                             ; All Paths                             ;
; Optimize Multi-Corner Timing                                       ; On                                    ; On                                    ;
; Auto RAM to MLAB Conversion                                        ; On                                    ; On                                    ;
; Equivalent RAM and MLAB Power Up                                   ; Auto                                  ; Auto                                  ;
; Equivalent RAM and MLAB Paused Read Capabilities                   ; Care                                  ; Care                                  ;
; Power Optimization During Fitting                                  ; Normal compilation                    ; Normal compilation                    ;
; SSN Optimization                                                   ; Off                                   ; Off                                   ;
; Optimize Timing                                                    ; Normal compilation                    ; Normal compilation                    ;
; Optimize Timing for ECOs                                           ; Off                                   ; Off                                   ;
; Regenerate Full Fit Report During ECO Compiles                     ; Off                                   ; Off                                   ;
; Optimize IOC Register Placement for Timing                         ; Normal                                ; Normal                                ;
; Final Placement Optimizations                                      ; Automatically                         ; Automatically                         ;
; Fitter Aggressive Routability Optimizations                        ; Automatically                         ; Automatically                         ;
; Fitter Initial Placement Seed                                      ; 1                                     ; 1                                     ;
; Periphery to Core Placement and Routing Optimization               ; Off                                   ; Off                                   ;
; Weak Pull-Up Resistor                                              ; Off                                   ; Off                                   ;
; Enable Bus-Hold Circuitry                                          ; Off                                   ; Off                                   ;
; Auto Packed Registers                                              ; Auto                                  ; Auto                                  ;
; Auto Delay Chains                                                  ; On                                    ; On                                    ;
; Auto Delay Chains for High Fanout Input Pins                       ; Off                                   ; Off                                   ;
; Treat Bidirectional Pin as Output Pin                              ; Off                                   ; Off                                   ;
; Perform Physical Synthesis for Combinational Logic for Fitting     ; Off                                   ; Off                                   ;
; Perform Physical Synthesis for Combinational Logic for Performance ; Off                                   ; Off                                   ;
; Perform Register Duplication for Performance                       ; Off                                   ; Off                                   ;
; Perform Register Retiming for Performance                          ; Off                                   ; Off                                   ;
; Perform Asynchronous Signal Pipelining                             ; Off                                   ; Off                                   ;
; Fitter Effort                                                      ; Auto Fit                              ; Auto Fit                              ;
; Physical Synthesis Effort Level                                    ; Normal                                ; Normal                                ;
; Logic Cell Insertion - Logic Duplication                           ; Auto                                  ; Auto                                  ;
; Auto Register Duplication                                          ; Auto                                  ; Auto                                  ;
; Auto Global Clock                                                  ; On                                    ; On                                    ;
; Auto Global Register Control Signals                               ; On                                    ; On                                    ;
; Reserve all unused pins                                            ; As input tri-stated with weak pull-up ; As input tri-stated with weak pull-up ;
; Synchronizer Identification                                        ; Auto                                  ; Auto                                  ;
; Enable Beneficial Skew Optimization                                ; On                                    ; On                                    ;
; Optimize Design for Metastability                                  ; On                                    ; On                                    ;
; Active Serial clock source                                         ; FREQ_100MHz                           ; FREQ_100MHz                           ;
; Force Fitter to Avoid Periphery Placement Warnings                 ; Off                                   ; Off                                   ;
; Clamping Diode                                                     ; Off                                   ; Off                                   ;
; Enable input tri-state on active configuration pins in user mode   ; Off                                   ; Off                                   ;
; Advanced Physical Optimization                                     ; On                                    ; On                                    ;
+--------------------------------------------------------------------+---------------------------------------+---------------------------------------+


+------------------------------------------+
; Parallel Compilation                     ;
+----------------------------+-------------+
; Processors                 ; Number      ;
+----------------------------+-------------+
; Number detected on machine ; 4           ;
; Maximum allowed            ; 4           ;
;                            ;             ;
; Average used               ; 1.06        ;
; Maximum used               ; 4           ;
;                            ;             ;
; Usage by Processor         ; % Time Used ;
;     Processor 1            ; 100.0%      ;
;     Processor 2            ;   1.9%      ;
;     Processor 3            ;   1.9%      ;
;     Processor 4            ;   1.9%      ;
+----------------------------+-------------+


+--------------------------------------------------------------------------------------------+
; Ignored Assignments                                                                        ;
+--------------+----------------+--------------+------------+---------------+----------------+
; Name         ; Ignored Entity ; Ignored From ; Ignored To ; Ignored Value ; Ignored Source ;
+--------------+----------------+--------------+------------+---------------+----------------+
; Location     ;                ;              ; B[0]       ; PIN_AJ21      ; QSF Assignment ;
; Location     ;                ;              ; B[1]       ; PIN_AJ20      ; QSF Assignment ;
; Location     ;                ;              ; B[2]       ; PIN_AH20      ; QSF Assignment ;
; Location     ;                ;              ; B[3]       ; PIN_AJ19      ; QSF Assignment ;
; Location     ;                ;              ; B[4]       ; PIN_AH19      ; QSF Assignment ;
; Location     ;                ;              ; B[5]       ; PIN_AJ17      ; QSF Assignment ;
; Location     ;                ;              ; B[6]       ; PIN_AJ16      ; QSF Assignment ;
; Location     ;                ;              ; B[7]       ; PIN_AK16      ; QSF Assignment ;
; Location     ;                ;              ; G[0]       ; PIN_AK26      ; QSF Assignment ;
; Location     ;                ;              ; G[1]       ; PIN_AJ25      ; QSF Assignment ;
; Location     ;                ;              ; G[2]       ; PIN_AH25      ; QSF Assignment ;
; Location     ;                ;              ; G[3]       ; PIN_AK24      ; QSF Assignment ;
; Location     ;                ;              ; G[4]       ; PIN_AJ24      ; QSF Assignment ;
; Location     ;                ;              ; G[5]       ; PIN_AH24      ; QSF Assignment ;
; Location     ;                ;              ; G[6]       ; PIN_AK23      ; QSF Assignment ;
; Location     ;                ;              ; G[7]       ; PIN_AH23      ; QSF Assignment ;
; Location     ;                ;              ; Hs         ; PIN_AK19      ; QSF Assignment ;
; Location     ;                ;              ; R[0]       ; PIN_AK29      ; QSF Assignment ;
; Location     ;                ;              ; R[1]       ; PIN_AK28      ; QSF Assignment ;
; Location     ;                ;              ; R[2]       ; PIN_AK27      ; QSF Assignment ;
; Location     ;                ;              ; R[3]       ; PIN_AJ27      ; QSF Assignment ;
; Location     ;                ;              ; R[4]       ; PIN_AH27      ; QSF Assignment ;
; Location     ;                ;              ; R[5]       ; PIN_AF26      ; QSF Assignment ;
; Location     ;                ;              ; R[6]       ; PIN_AG26      ; QSF Assignment ;
; Location     ;                ;              ; R[7]       ; PIN_AJ26      ; QSF Assignment ;
; Location     ;                ;              ; VGA_Blank  ; PIN_AK22      ; QSF Assignment ;
; Location     ;                ;              ; VGA_CLK    ; PIN_AK21      ; QSF Assignment ;
; Location     ;                ;              ; VGA_Sync_N ; PIN_AJ22      ; QSF Assignment ;
; Location     ;                ;              ; Vs         ; PIN_AK18      ; QSF Assignment ;
; Location     ;                ;              ; clk        ; PIN_AF14      ; QSF Assignment ;
; Location     ;                ;              ; rst        ; PIN_AJ4       ; QSF Assignment ;
; I/O Standard ; Check_win      ;              ; B          ; 3.3-V LVCMOS  ; QSF Assignment ;
; I/O Standard ; Check_win      ;              ; B[0]       ; 3.3-V LVCMOS  ; QSF Assignment ;
; I/O Standard ; Check_win      ;              ; B[1]       ; 3.3-V LVCMOS  ; QSF Assignment ;
; I/O Standard ; Check_win      ;              ; B[2]       ; 3.3-V LVCMOS  ; QSF Assignment ;
; I/O Standard ; Check_win      ;              ; B[3]       ; 3.3-V LVCMOS  ; QSF Assignment ;
; I/O Standard ; Check_win      ;              ; B[4]       ; 3.3-V LVCMOS  ; QSF Assignment ;
; I/O Standard ; Check_win      ;              ; B[5]       ; 3.3-V LVCMOS  ; QSF Assignment ;
; I/O Standard ; Check_win      ;              ; B[6]       ; 3.3-V LVCMOS  ; QSF Assignment ;
; I/O Standard ; Check_win      ;              ; B[7]       ; 3.3-V LVCMOS  ; QSF Assignment ;
; I/O Standard ; Check_win      ;              ; G          ; 3.3-V LVCMOS  ; QSF Assignment ;
; I/O Standard ; Check_win      ;              ; G[0]       ; 3.3-V LVCMOS  ; QSF Assignment ;
; I/O Standard ; Check_win      ;              ; G[1]       ; 3.3-V LVCMOS  ; QSF Assignment ;
; I/O Standard ; Check_win      ;              ; G[2]       ; 3.3-V LVCMOS  ; QSF Assignment ;
; I/O Standard ; Check_win      ;              ; G[3]       ; 3.3-V LVCMOS  ; QSF Assignment ;
; I/O Standard ; Check_win      ;              ; G[4]       ; 3.3-V LVCMOS  ; QSF Assignment ;
; I/O Standard ; Check_win      ;              ; G[5]       ; 3.3-V LVCMOS  ; QSF Assignment ;
; I/O Standard ; Check_win      ;              ; G[6]       ; 3.3-V LVCMOS  ; QSF Assignment ;
; I/O Standard ; Check_win      ;              ; G[7]       ; 3.3-V LVCMOS  ; QSF Assignment ;
; I/O Standard ; Check_win      ;              ; Hs         ; 3.3-V LVCMOS  ; QSF Assignment ;
; I/O Standard ; Check_win      ;              ; R          ; 3.3-V LVCMOS  ; QSF Assignment ;
; I/O Standard ; Check_win      ;              ; R[0]       ; 3.3-V LVCMOS  ; QSF Assignment ;
; I/O Standard ; Check_win      ;              ; R[1]       ; 3.3-V LVCMOS  ; QSF Assignment ;
; I/O Standard ; Check_win      ;              ; R[2]       ; 3.3-V LVCMOS  ; QSF Assignment ;
; I/O Standard ; Check_win      ;              ; R[3]       ; 3.3-V LVCMOS  ; QSF Assignment ;
; I/O Standard ; Check_win      ;              ; R[4]       ; 3.3-V LVCMOS  ; QSF Assignment ;
; I/O Standard ; Check_win      ;              ; R[5]       ; 3.3-V LVCMOS  ; QSF Assignment ;
; I/O Standard ; Check_win      ;              ; R[6]       ; 3.3-V LVCMOS  ; QSF Assignment ;
; I/O Standard ; Check_win      ;              ; R[7]       ; 3.3-V LVCMOS  ; QSF Assignment ;
; I/O Standard ; Check_win      ;              ; VGA_Blank  ; 3.3-V LVCMOS  ; QSF Assignment ;
; I/O Standard ; Check_win      ;              ; VGA_CLK    ; 3.3-V LVCMOS  ; QSF Assignment ;
; I/O Standard ; Check_win      ;              ; VGA_Sync_N ; 3.3-V LVCMOS  ; QSF Assignment ;
; I/O Standard ; Check_win      ;              ; Vs         ; 3.3-V LVCMOS  ; QSF Assignment ;
; I/O Standard ; Check_win      ;              ; clk        ; 3.3-V LVCMOS  ; QSF Assignment ;
; I/O Standard ; Check_win      ;              ; rst        ; 3.3-V LVCMOS  ; QSF Assignment ;
+--------------+----------------+--------------+------------+---------------+----------------+


+---------------------------------------------------------------------------------------------------+
; Incremental Compilation Preservation Summary                                                      ;
+---------------------+---------------------+----------------------------+--------------------------+
; Type                ; Total [A + B]       ; From Design Partitions [A] ; From Rapid Recompile [B] ;
+---------------------+---------------------+----------------------------+--------------------------+
; Placement (by node) ;                     ;                            ;                          ;
;     -- Requested    ; 0.00 % ( 0 / 1294 ) ; 0.00 % ( 0 / 1294 )        ; 0.00 % ( 0 / 1294 )      ;
;     -- Achieved     ; 0.00 % ( 0 / 1294 ) ; 0.00 % ( 0 / 1294 )        ; 0.00 % ( 0 / 1294 )      ;
;                     ;                     ;                            ;                          ;
; Routing (by net)    ;                     ;                            ;                          ;
;     -- Requested    ; 0.00 % ( 0 / 0 )    ; 0.00 % ( 0 / 0 )           ; 0.00 % ( 0 / 0 )         ;
;     -- Achieved     ; 0.00 % ( 0 / 0 )    ; 0.00 % ( 0 / 0 )           ; 0.00 % ( 0 / 0 )         ;
+---------------------+---------------------+----------------------------+--------------------------+


+----------------------------------------------------------------------------------------------------------------------------------------------------------------------------------------+
; Incremental Compilation Partition Settings                                                                                                                                             ;
+--------------------------------+----------------+-------------------+-------------------------+------------------------+------------------------------+--------------------------------+
; Partition Name                 ; Partition Type ; Netlist Type Used ; Preservation Level Used ; Netlist Type Requested ; Preservation Level Requested ; Contents                       ;
+--------------------------------+----------------+-------------------+-------------------------+------------------------+------------------------------+--------------------------------+
; Top                            ; User-created   ; Source File       ; N/A                     ; Source File            ; N/A                          ;                                ;
; hard_block:auto_generated_inst ; Auto-generated ; Source File       ; N/A                     ; Source File            ; N/A                          ; hard_block:auto_generated_inst ;
+--------------------------------+----------------+-------------------+-------------------------+------------------------+------------------------------+--------------------------------+


+------------------------------------------------------------------------------------------------------------------------------------+
; Incremental Compilation Placement Preservation                                                                                     ;
+--------------------------------+-----------------------+-------------------------+-------------------+---------------------+-------+
; Partition Name                 ; Preservation Achieved ; Preservation Level Used ; Netlist Type Used ; Preservation Method ; Notes ;
+--------------------------------+-----------------------+-------------------------+-------------------+---------------------+-------+
; Top                            ; 0.00 % ( 0 / 1294 )   ; N/A                     ; Source File       ; N/A                 ;       ;
; hard_block:auto_generated_inst ; 0.00 % ( 0 / 0 )      ; N/A                     ; Source File       ; N/A                 ;       ;
+--------------------------------+-----------------------+-------------------------+-------------------+---------------------+-------+


+--------------+
; Pin-Out File ;
+--------------+
The pin-out file can be found in C:/Users/Ayudapls/Documents/GitHub/joscCE_JimF04_Sebas36762_digital_design_lab_2025/lab_3/output_files/connect_four.pin.


+---------------------------------------------------------------------------------------------+
; Fitter Resource Usage Summary                                                               ;
+-------------------------------------------------------------+-----------------------+-------+
; Resource                                                    ; Usage                 ; %     ;
+-------------------------------------------------------------+-----------------------+-------+
; Logic utilization (ALMs needed / total ALMs on device)      ; 700 / 41,910          ; 2 %   ;
; ALMs needed [=A-B+C]                                        ; 700                   ;       ;
;     [A] ALMs used in final placement [=a+b+c+d]             ; 729 / 41,910          ; 2 %   ;
;         [a] ALMs used for LUT logic and registers           ; 0                     ;       ;
;         [b] ALMs used for LUT logic                         ; 729                   ;       ;
;         [c] ALMs used for registers                         ; 0                     ;       ;
;         [d] ALMs used for memory (up to half of total ALMs) ; 0                     ;       ;
;     [B] Estimate of ALMs recoverable by dense packing       ; 38 / 41,910           ; < 1 % ;
;     [C] Estimate of ALMs unavailable [=a+b+c+d]             ; 9 / 41,910            ; < 1 % ;
;         [a] Due to location constrained logic               ; 0                     ;       ;
;         [b] Due to LAB-wide signal conflicts                ; 0                     ;       ;
;         [c] Due to LAB input limits                         ; 9                     ;       ;
;         [d] Due to virtual I/Os                             ; 0                     ;       ;
;                                                             ;                       ;       ;
; Difficulty packing design                                   ; Low                   ;       ;
;                                                             ;                       ;       ;
; Total LABs:  partially or completely used                   ; 89 / 4,191            ; 2 %   ;
;     -- Logic LABs                                           ; 89                    ;       ;
;     -- Memory LABs (up to half of total LABs)               ; 0                     ;       ;
;                                                             ;                       ;       ;
; Combinational ALUT usage for logic                          ; 1,112                 ;       ;
;     -- 7 input functions                                    ; 0                     ;       ;
;     -- 6 input functions                                    ; 705                   ;       ;
;     -- 5 input functions                                    ; 133                   ;       ;
;     -- 4 input functions                                    ; 101                   ;       ;
;     -- <=3 input functions                                  ; 173                   ;       ;
; Combinational ALUT usage for route-throughs                 ; 0                     ;       ;
;                                                             ;                       ;       ;
; Dedicated logic registers                                   ; 0                     ;       ;
;     -- By type:                                             ;                       ;       ;
;         -- Primary logic registers                          ; 0 / 83,820            ; 0 %   ;
;         -- Secondary logic registers                        ; 0 / 83,820            ; 0 %   ;
;     -- By function:                                         ;                       ;       ;
;         -- Design implementation registers                  ; 0                     ;       ;
;         -- Routing optimization registers                   ; 0                     ;       ;
;                                                             ;                       ;       ;
; Virtual pins                                                ; 0                     ;       ;
; I/O pins                                                    ; 91 / 499              ; 18 %  ;
;     -- Clock pins                                           ; 3 / 11                ; 27 %  ;
;     -- Dedicated input pins                                 ; 0 / 39                ; 0 %   ;
;                                                             ;                       ;       ;
; Hard processor system peripheral utilization                ;                       ;       ;
;     -- Boot from FPGA                                       ; 0 / 1 ( 0 % )         ;       ;
;     -- Clock resets                                         ; 0 / 1 ( 0 % )         ;       ;
;     -- Cross trigger                                        ; 0 / 1 ( 0 % )         ;       ;
;     -- S2F AXI                                              ; 0 / 1 ( 0 % )         ;       ;
;     -- F2S AXI                                              ; 0 / 1 ( 0 % )         ;       ;
;     -- AXI Lightweight                                      ; 0 / 1 ( 0 % )         ;       ;
;     -- SDRAM                                                ; 0 / 1 ( 0 % )         ;       ;
;     -- Interrupts                                           ; 0 / 1 ( 0 % )         ;       ;
;     -- JTAG                                                 ; 0 / 1 ( 0 % )         ;       ;
;     -- Loan I/O                                             ; 0 / 1 ( 0 % )         ;       ;
;     -- MPU event standby                                    ; 0 / 1 ( 0 % )         ;       ;
;     -- MPU general purpose                                  ; 0 / 1 ( 0 % )         ;       ;
;     -- STM event                                            ; 0 / 1 ( 0 % )         ;       ;
;     -- TPIU trace                                           ; 0 / 1 ( 0 % )         ;       ;
;     -- DMA                                                  ; 0 / 1 ( 0 % )         ;       ;
;     -- CAN                                                  ; 0 / 2 ( 0 % )         ;       ;
;     -- EMAC                                                 ; 0 / 2 ( 0 % )         ;       ;
;     -- I2C                                                  ; 0 / 4 ( 0 % )         ;       ;
;     -- NAND Flash                                           ; 0 / 1 ( 0 % )         ;       ;
;     -- QSPI                                                 ; 0 / 1 ( 0 % )         ;       ;
;     -- SDMMC                                                ; 0 / 1 ( 0 % )         ;       ;
;     -- SPI Master                                           ; 0 / 2 ( 0 % )         ;       ;
;     -- SPI Slave                                            ; 0 / 2 ( 0 % )         ;       ;
;     -- UART                                                 ; 0 / 2 ( 0 % )         ;       ;
;     -- USB                                                  ; 0 / 2 ( 0 % )         ;       ;
;                                                             ;                       ;       ;
; M10K blocks                                                 ; 0 / 553               ; 0 %   ;
; Total MLAB memory bits                                      ; 0                     ;       ;
; Total block memory bits                                     ; 0 / 5,662,720         ; 0 %   ;
; Total block memory implementation bits                      ; 0 / 5,662,720         ; 0 %   ;
;                                                             ;                       ;       ;
; Total DSP Blocks                                            ; 0 / 112               ; 0 %   ;
;                                                             ;                       ;       ;
; Fractional PLLs                                             ; 0 / 6                 ; 0 %   ;
; Global signals                                              ; 0                     ;       ;
;     -- Global clocks                                        ; 0 / 16                ; 0 %   ;
;     -- Quadrant clocks                                      ; 0 / 66                ; 0 %   ;
;     -- Horizontal periphery clocks                          ; 0 / 18                ; 0 %   ;
; SERDES Transmitters                                         ; 0 / 100               ; 0 %   ;
; SERDES Receivers                                            ; 0 / 100               ; 0 %   ;
; JTAGs                                                       ; 0 / 1                 ; 0 %   ;
; ASMI blocks                                                 ; 0 / 1                 ; 0 %   ;
; CRC blocks                                                  ; 0 / 1                 ; 0 %   ;
; Remote update blocks                                        ; 0 / 1                 ; 0 %   ;
; Oscillator blocks                                           ; 0 / 1                 ; 0 %   ;
; Hard IPs                                                    ; 0 / 2                 ; 0 %   ;
; Standard RX PCSs                                            ; 0 / 9                 ; 0 %   ;
; HSSI PMA RX Deserializers                                   ; 0 / 9                 ; 0 %   ;
; Standard TX PCSs                                            ; 0 / 9                 ; 0 %   ;
; HSSI PMA TX Serializers                                     ; 0 / 9                 ; 0 %   ;
; Channel PLLs                                                ; 0 / 9                 ; 0 %   ;
; Impedance control blocks                                    ; 0 / 4                 ; 0 %   ;
; Hard Memory Controllers                                     ; 0 / 2                 ; 0 %   ;
; Average interconnect usage (total/H/V)                      ; 0.6% / 0.7% / 0.5%    ;       ;
; Peak interconnect usage (total/H/V)                         ; 14.2% / 16.0% / 10.4% ;       ;
; Maximum fan-out                                             ; 108                   ;       ;
; Highest non-global fan-out                                  ; 108                   ;       ;
; Total fan-out                                               ; 5916                  ;       ;
; Average fan-out                                             ; 4.57                  ;       ;
+-------------------------------------------------------------+-----------------------+-------+


+---------------------------------------------------------------------------------------------------------------------+
; Fitter Partition Statistics                                                                                         ;
+-------------------------------------------------------------+----------------------+--------------------------------+
; Statistic                                                   ; Top                  ; hard_block:auto_generated_inst ;
+-------------------------------------------------------------+----------------------+--------------------------------+
; Logic utilization (ALMs needed / total ALMs on device)      ; 700 / 41910 ( 2 % )  ; 0 / 41910 ( 0 % )              ;
; ALMs needed [=A-B+C]                                        ; 700                  ; 0                              ;
;     [A] ALMs used in final placement [=a+b+c+d]             ; 729 / 41910 ( 2 % )  ; 0 / 41910 ( 0 % )              ;
;         [a] ALMs used for LUT logic and registers           ; 0                    ; 0                              ;
;         [b] ALMs used for LUT logic                         ; 729                  ; 0                              ;
;         [c] ALMs used for registers                         ; 0                    ; 0                              ;
;         [d] ALMs used for memory (up to half of total ALMs) ; 0                    ; 0                              ;
;     [B] Estimate of ALMs recoverable by dense packing       ; 38 / 41910 ( < 1 % ) ; 0 / 41910 ( 0 % )              ;
;     [C] Estimate of ALMs unavailable [=a+b+c+d]             ; 9 / 41910 ( < 1 % )  ; 0 / 41910 ( 0 % )              ;
;         [a] Due to location constrained logic               ; 0                    ; 0                              ;
;         [b] Due to LAB-wide signal conflicts                ; 0                    ; 0                              ;
;         [c] Due to LAB input limits                         ; 9                    ; 0                              ;
;         [d] Due to virtual I/Os                             ; 0                    ; 0                              ;
;                                                             ;                      ;                                ;
; Difficulty packing design                                   ; Low                  ; Low                            ;
;                                                             ;                      ;                                ;
; Total LABs:  partially or completely used                   ; 89 / 4191 ( 2 % )    ; 0 / 4191 ( 0 % )               ;
;     -- Logic LABs                                           ; 89                   ; 0                              ;
;     -- Memory LABs (up to half of total LABs)               ; 0                    ; 0                              ;
;                                                             ;                      ;                                ;
; Combinational ALUT usage for logic                          ; 1112                 ; 0                              ;
;     -- 7 input functions                                    ; 0                    ; 0                              ;
;     -- 6 input functions                                    ; 705                  ; 0                              ;
;     -- 5 input functions                                    ; 133                  ; 0                              ;
;     -- 4 input functions                                    ; 101                  ; 0                              ;
;     -- <=3 input functions                                  ; 173                  ; 0                              ;
; Combinational ALUT usage for route-throughs                 ; 0                    ; 0                              ;
; Memory ALUT usage                                           ; 0                    ; 0                              ;
;     -- 64-address deep                                      ; 0                    ; 0                              ;
;     -- 32-address deep                                      ; 0                    ; 0                              ;
;                                                             ;                      ;                                ;
; Dedicated logic registers                                   ; 0                    ; 0                              ;
;     -- By type:                                             ;                      ;                                ;
;         -- Primary logic registers                          ; 0 / 83820 ( 0 % )    ; 0 / 83820 ( 0 % )              ;
;         -- Secondary logic registers                        ; 0 / 83820 ( 0 % )    ; 0 / 83820 ( 0 % )              ;
;     -- By function:                                         ;                      ;                                ;
;         -- Design implementation registers                  ; 0                    ; 0                              ;
;         -- Routing optimization registers                   ; 0                    ; 0                              ;
;                                                             ;                      ;                                ;
;                                                             ;                      ;                                ;
; Virtual pins                                                ; 0                    ; 0                              ;
; I/O pins                                                    ; 91                   ; 0                              ;
; I/O registers                                               ; 0                    ; 0                              ;
; Total block memory bits                                     ; 0                    ; 0                              ;
; Total block memory implementation bits                      ; 0                    ; 0                              ;
;                                                             ;                      ;                                ;
; Connections                                                 ;                      ;                                ;
;     -- Input Connections                                    ; 0                    ; 0                              ;
;     -- Registered Input Connections                         ; 0                    ; 0                              ;
;     -- Output Connections                                   ; 0                    ; 0                              ;
;     -- Registered Output Connections                        ; 0                    ; 0                              ;
;                                                             ;                      ;                                ;
; Internal Connections                                        ;                      ;                                ;
;     -- Total Connections                                    ; 5922                 ; 0                              ;
;     -- Registered Connections                               ; 0                    ; 0                              ;
;                                                             ;                      ;                                ;
; External Connections                                        ;                      ;                                ;
;     -- Top                                                  ; 0                    ; 0                              ;
;     -- hard_block:auto_generated_inst                       ; 0                    ; 0                              ;
;                                                             ;                      ;                                ;
; Partition Interface                                         ;                      ;                                ;
;     -- Input Ports                                          ; 90                   ; 0                              ;
;     -- Output Ports                                         ; 1                    ; 0                              ;
;     -- Bidir Ports                                          ; 0                    ; 0                              ;
;                                                             ;                      ;                                ;
; Registered Ports                                            ;                      ;                                ;
;     -- Registered Input Ports                               ; 0                    ; 0                              ;
;     -- Registered Output Ports                              ; 0                    ; 0                              ;
;                                                             ;                      ;                                ;
; Port Connectivity                                           ;                      ;                                ;
;     -- Input Ports driven by GND                            ; 0                    ; 0                              ;
;     -- Output Ports driven by GND                           ; 0                    ; 0                              ;
;     -- Input Ports driven by VCC                            ; 0                    ; 0                              ;
;     -- Output Ports driven by VCC                           ; 0                    ; 0                              ;
;     -- Input Ports with no Source                           ; 0                    ; 0                              ;
;     -- Output Ports with no Source                          ; 0                    ; 0                              ;
;     -- Input Ports with no Fanout                           ; 0                    ; 0                              ;
;     -- Output Ports with no Fanout                          ; 0                    ; 0                              ;
+-------------------------------------------------------------+----------------------+--------------------------------+


+-----------------------------------------------------------------------------------------------------------------------------------------------------------------------------------------------------------------------------------------------------------------------------------------------+
; Input Pins                                                                                                                                                                                                                                                                                    ;
+----------------+-------+----------+--------------+--------------+--------------+-----------------------+--------------------+--------+----------------+-----------------+----------+--------------+--------------+-------------+---------------------------+----------------------+-----------+
; Name           ; Pin # ; I/O Bank ; X coordinate ; Y coordinate ; Z coordinate ; Combinational Fan-Out ; Registered Fan-Out ; Global ; Input Register ; PCI I/O Enabled ; Bus Hold ; Weak Pull Up ; I/O Standard ; Termination ; Termination Control Block ; Location assigned by ; Slew Rate ;
+----------------+-------+----------+--------------+--------------+--------------+-----------------------+--------------------+--------+----------------+-----------------+----------+--------------+--------------+-------------+---------------------------+----------------------+-----------+
; reg_game_M[0]  ; AG5   ; 3A       ; 14           ; 0            ; 34           ; 25                    ; 0                  ; no     ; no             ; no              ; no       ; Off          ; 2.5 V        ; Off         ; --                        ; Fitter               ; no        ;
; reg_game_M[10] ; AJ1   ; 3A       ; 14           ; 0            ; 0            ; 25                    ; 0                  ; no     ; no             ; no              ; no       ; Off          ; 2.5 V        ; Off         ; --                        ; Fitter               ; no        ;
; reg_game_M[11] ; AD14  ; 3B       ; 24           ; 0            ; 0            ; 25                    ; 0                  ; no     ; no             ; no              ; no       ; Off          ; 2.5 V        ; Off         ; --                        ; Fitter               ; no        ;
; reg_game_M[12] ; AH5   ; 3A       ; 14           ; 0            ; 51           ; 25                    ; 0                  ; no     ; no             ; no              ; no       ; Off          ; 2.5 V        ; Off         ; --                        ; Fitter               ; no        ;
; reg_game_M[13] ; AG2   ; 3A       ; 16           ; 0            ; 34           ; 25                    ; 0                  ; no     ; no             ; no              ; no       ; Off          ; 2.5 V        ; Off         ; --                        ; Fitter               ; no        ;
; reg_game_M[14] ; AF8   ; 3A       ; 10           ; 0            ; 74           ; 25                    ; 0                  ; no     ; no             ; no              ; no       ; Off          ; 2.5 V        ; Off         ; --                        ; Fitter               ; no        ;
; reg_game_M[15] ; AF13  ; 3B       ; 22           ; 0            ; 17           ; 25                    ; 0                  ; no     ; no             ; no              ; no       ; Off          ; 2.5 V        ; Off         ; --                        ; Fitter               ; no        ;
; reg_game_M[16] ; AA12  ; 3A       ; 12           ; 0            ; 0            ; 25                    ; 0                  ; no     ; no             ; no              ; no       ; Off          ; 2.5 V        ; Off         ; --                        ; Fitter               ; no        ;
; reg_game_M[17] ; AH17  ; 4A       ; 56           ; 0            ; 34           ; 25                    ; 0                  ; no     ; no             ; no              ; no       ; Off          ; 2.5 V        ; Off         ; --                        ; Fitter               ; no        ;
; reg_game_M[18] ; AD12  ; 3A       ; 16           ; 0            ; 17           ; 25                    ; 0                  ; no     ; no             ; no              ; no       ; Off          ; 2.5 V        ; Off         ; --                        ; Fitter               ; no        ;
; reg_game_M[19] ; AJ16  ; 4A       ; 54           ; 0            ; 34           ; 25                    ; 0                  ; no     ; no             ; no              ; no       ; Off          ; 2.5 V        ; Off         ; --                        ; Fitter               ; no        ;
; reg_game_M[1]  ; AH18  ; 4A       ; 56           ; 0            ; 51           ; 25                    ; 0                  ; no     ; no             ; no              ; no       ; Off          ; 2.5 V        ; Off         ; --                        ; Fitter               ; no        ;
; reg_game_M[20] ; AF4   ; 3A       ; 8            ; 0            ; 0            ; 25                    ; 0                  ; no     ; no             ; no              ; no       ; Off          ; 2.5 V        ; Off         ; --                        ; Fitter               ; no        ;
; reg_game_M[21] ; AK11  ; 3B       ; 34           ; 0            ; 57           ; 25                    ; 0                  ; no     ; no             ; no              ; no       ; Off          ; 2.5 V        ; Off         ; --                        ; Fitter               ; no        ;
; reg_game_M[22] ; AF5   ; 3A       ; 8            ; 0            ; 17           ; 25                    ; 0                  ; no     ; no             ; no              ; no       ; Off          ; 2.5 V        ; Off         ; --                        ; Fitter               ; no        ;
; reg_game_M[23] ; AB13  ; 3B       ; 20           ; 0            ; 17           ; 25                    ; 0                  ; no     ; no             ; no              ; no       ; Off          ; 2.5 V        ; Off         ; --                        ; Fitter               ; no        ;
; reg_game_M[24] ; AJ2   ; 3A       ; 14           ; 0            ; 17           ; 25                    ; 0                  ; no     ; no             ; no              ; no       ; Off          ; 2.5 V        ; Off         ; --                        ; Fitter               ; no        ;
; reg_game_M[25] ; AA15  ; 3B       ; 36           ; 0            ; 17           ; 25                    ; 0                  ; no     ; no             ; no              ; no       ; Off          ; 2.5 V        ; Off         ; --                        ; Fitter               ; no        ;
; reg_game_M[26] ; AH2   ; 3A       ; 10           ; 0            ; 57           ; 25                    ; 0                  ; no     ; no             ; no              ; no       ; Off          ; 2.5 V        ; Off         ; --                        ; Fitter               ; no        ;
; reg_game_M[27] ; AG11  ; 3B       ; 18           ; 0            ; 57           ; 25                    ; 0                  ; no     ; no             ; no              ; no       ; Off          ; 2.5 V        ; Off         ; --                        ; Fitter               ; no        ;
; reg_game_M[28] ; AF6   ; 3A       ; 12           ; 0            ; 34           ; 25                    ; 0                  ; no     ; no             ; no              ; no       ; Off          ; 2.5 V        ; Off         ; --                        ; Fitter               ; no        ;
; reg_game_M[29] ; AG10  ; 3B       ; 18           ; 0            ; 74           ; 25                    ; 0                  ; no     ; no             ; no              ; no       ; Off          ; 2.5 V        ; Off         ; --                        ; Fitter               ; no        ;
; reg_game_M[2]  ; AG8   ; 3A       ; 8            ; 0            ; 51           ; 25                    ; 0                  ; no     ; no             ; no              ; no       ; Off          ; 2.5 V        ; Off         ; --                        ; Fitter               ; no        ;
; reg_game_M[30] ; AD7   ; 3A       ; 6            ; 0            ; 0            ; 25                    ; 0                  ; no     ; no             ; no              ; no       ; Off          ; 2.5 V        ; Off         ; --                        ; Fitter               ; no        ;
; reg_game_M[31] ; AE14  ; 3B       ; 24           ; 0            ; 17           ; 25                    ; 0                  ; no     ; no             ; no              ; no       ; Off          ; 2.5 V        ; Off         ; --                        ; Fitter               ; no        ;
; reg_game_M[32] ; AK16  ; 4A       ; 54           ; 0            ; 51           ; 25                    ; 0                  ; no     ; no             ; no              ; no       ; Off          ; 2.5 V        ; Off         ; --                        ; Fitter               ; no        ;
; reg_game_M[33] ; AK12  ; 3B       ; 36           ; 0            ; 34           ; 25                    ; 0                  ; no     ; no             ; no              ; no       ; Off          ; 2.5 V        ; Off         ; --                        ; Fitter               ; no        ;
; reg_game_M[34] ; AJ14  ; 3B       ; 40           ; 0            ; 34           ; 25                    ; 0                  ; no     ; no             ; no              ; no       ; Off          ; 2.5 V        ; Off         ; --                        ; Fitter               ; no        ;
; reg_game_M[35] ; AF15  ; 3B       ; 32           ; 0            ; 17           ; 25                    ; 0                  ; no     ; no             ; no              ; no       ; Off          ; 2.5 V        ; Off         ; --                        ; Fitter               ; no        ;
; reg_game_M[36] ; AG16  ; 4A       ; 50           ; 0            ; 74           ; 25                    ; 0                  ; no     ; no             ; no              ; no       ; Off          ; 2.5 V        ; Off         ; --                        ; Fitter               ; no        ;
; reg_game_M[37] ; AK9   ; 3B       ; 30           ; 0            ; 51           ; 25                    ; 0                  ; no     ; no             ; no              ; no       ; Off          ; 2.5 V        ; Off         ; --                        ; Fitter               ; no        ;
; reg_game_M[38] ; AE17  ; 4A       ; 50           ; 0            ; 40           ; 25                    ; 0                  ; no     ; no             ; no              ; no       ; Off          ; 2.5 V        ; Off         ; --                        ; Fitter               ; no        ;
; reg_game_M[39] ; AG17  ; 4A       ; 50           ; 0            ; 91           ; 25                    ; 0                  ; no     ; no             ; no              ; no       ; Off          ; 2.5 V        ; Off         ; --                        ; Fitter               ; no        ;
; reg_game_M[3]  ; V16   ; 4A       ; 52           ; 0            ; 0            ; 25                    ; 0                  ; no     ; no             ; no              ; no       ; Off          ; 2.5 V        ; Off         ; --                        ; Fitter               ; no        ;
; reg_game_M[40] ; AJ20  ; 4A       ; 62           ; 0            ; 34           ; 25                    ; 0                  ; no     ; no             ; no              ; no       ; Off          ; 2.5 V        ; Off         ; --                        ; Fitter               ; no        ;
; reg_game_M[41] ; AJ11  ; 3B       ; 34           ; 0            ; 40           ; 25                    ; 0                  ; no     ; no             ; no              ; no       ; Off          ; 2.5 V        ; Off         ; --                        ; Fitter               ; no        ;
; reg_game_M[42] ; AA14  ; 3B       ; 36           ; 0            ; 0            ; 25                    ; 0                  ; no     ; no             ; no              ; no       ; Off          ; 2.5 V        ; Off         ; --                        ; Fitter               ; no        ;
; reg_game_M[43] ; AK8   ; 3B       ; 28           ; 0            ; 51           ; 25                    ; 0                  ; no     ; no             ; no              ; no       ; Off          ; 2.5 V        ; Off         ; --                        ; Fitter               ; no        ;
; reg_game_M[44] ; AF18  ; 4A       ; 50           ; 0            ; 57           ; 25                    ; 0                  ; no     ; no             ; no              ; no       ; Off          ; 2.5 V        ; Off         ; --                        ; Fitter               ; no        ;
; reg_game_M[45] ; W15   ; 3B       ; 40           ; 0            ; 0            ; 25                    ; 0                  ; no     ; no             ; no              ; no       ; Off          ; 2.5 V        ; Off         ; --                        ; Fitter               ; no        ;
; reg_game_M[46] ; AF16  ; 4A       ; 52           ; 0            ; 51           ; 25                    ; 0                  ; no     ; no             ; no              ; no       ; Off          ; 2.5 V        ; Off         ; --                        ; Fitter               ; no        ;
; reg_game_M[47] ; AG15  ; 3B       ; 38           ; 0            ; 0            ; 25                    ; 0                  ; no     ; no             ; no              ; no       ; Off          ; 2.5 V        ; Off         ; --                        ; Fitter               ; no        ;
; reg_game_M[48] ; AH12  ; 3B       ; 38           ; 0            ; 34           ; 25                    ; 0                  ; no     ; no             ; no              ; no       ; Off          ; 2.5 V        ; Off         ; --                        ; Fitter               ; no        ;
; reg_game_M[49] ; AJ10  ; 3B       ; 34           ; 0            ; 91           ; 25                    ; 0                  ; no     ; no             ; no              ; no       ; Off          ; 2.5 V        ; Off         ; --                        ; Fitter               ; no        ;
; reg_game_M[4]  ; AH3   ; 3A       ; 16           ; 0            ; 51           ; 25                    ; 0                  ; no     ; no             ; no              ; no       ; Off          ; 2.5 V        ; Off         ; --                        ; Fitter               ; no        ;
; reg_game_M[50] ; AG12  ; 3B       ; 26           ; 0            ; 40           ; 25                    ; 0                  ; no     ; no             ; no              ; no       ; Off          ; 2.5 V        ; Off         ; --                        ; Fitter               ; no        ;
; reg_game_M[51] ; Y16   ; 3B       ; 40           ; 0            ; 17           ; 25                    ; 0                  ; no     ; no             ; no              ; no       ; Off          ; 2.5 V        ; Off         ; --                        ; Fitter               ; no        ;
; reg_game_M[52] ; AB17  ; 4A       ; 56           ; 0            ; 17           ; 25                    ; 0                  ; no     ; no             ; no              ; no       ; Off          ; 2.5 V        ; Off         ; --                        ; Fitter               ; no        ;
; reg_game_M[53] ; AH10  ; 3B       ; 34           ; 0            ; 74           ; 25                    ; 0                  ; no     ; no             ; no              ; no       ; Off          ; 2.5 V        ; Off         ; --                        ; Fitter               ; no        ;
; reg_game_M[54] ; AH15  ; 3B       ; 38           ; 0            ; 17           ; 25                    ; 0                  ; no     ; no             ; no              ; no       ; Off          ; 2.5 V        ; Off         ; --                        ; Fitter               ; no        ;
; reg_game_M[55] ; AH13  ; 3B       ; 30           ; 0            ; 0            ; 25                    ; 0                  ; no     ; no             ; no              ; no       ; Off          ; 2.5 V        ; Off         ; --                        ; Fitter               ; no        ;
; reg_game_M[56] ; AE16  ; 4A       ; 52           ; 0            ; 34           ; 25                    ; 0                  ; no     ; no             ; no              ; no       ; Off          ; 2.5 V        ; Off         ; --                        ; Fitter               ; no        ;
; reg_game_M[57] ; AJ12  ; 3B       ; 38           ; 0            ; 51           ; 25                    ; 0                  ; no     ; no             ; no              ; no       ; Off          ; 2.5 V        ; Off         ; --                        ; Fitter               ; no        ;
; reg_game_M[58] ; AJ6   ; 3B       ; 26           ; 0            ; 74           ; 25                    ; 0                  ; no     ; no             ; no              ; no       ; Off          ; 2.5 V        ; Off         ; --                        ; Fitter               ; no        ;
; reg_game_M[59] ; W16   ; 4A       ; 52           ; 0            ; 17           ; 25                    ; 0                  ; no     ; no             ; no              ; no       ; Off          ; 2.5 V        ; Off         ; --                        ; Fitter               ; no        ;
; reg_game_M[5]  ; AK6   ; 3B       ; 24           ; 0            ; 51           ; 25                    ; 0                  ; no     ; no             ; no              ; no       ; Off          ; 2.5 V        ; Off         ; --                        ; Fitter               ; no        ;
; reg_game_M[60] ; AK14  ; 3B       ; 40           ; 0            ; 51           ; 25                    ; 0                  ; no     ; no             ; no              ; no       ; Off          ; 2.5 V        ; Off         ; --                        ; Fitter               ; no        ;
; reg_game_M[61] ; AK13  ; 3B       ; 36           ; 0            ; 51           ; 25                    ; 0                  ; no     ; no             ; no              ; no       ; Off          ; 2.5 V        ; Off         ; --                        ; Fitter               ; no        ;
; reg_game_M[62] ; AK7   ; 3B       ; 28           ; 0            ; 34           ; 25                    ; 0                  ; no     ; no             ; no              ; no       ; Off          ; 2.5 V        ; Off         ; --                        ; Fitter               ; no        ;
; reg_game_M[63] ; AH8   ; 3B       ; 32           ; 0            ; 51           ; 25                    ; 0                  ; no     ; no             ; no              ; no       ; Off          ; 2.5 V        ; Off         ; --                        ; Fitter               ; no        ;
; reg_game_M[64] ; AJ7   ; 3B       ; 26           ; 0            ; 91           ; 25                    ; 0                  ; no     ; no             ; no              ; no       ; Off          ; 2.5 V        ; Off         ; --                        ; Fitter               ; no        ;
; reg_game_M[65] ; AE13  ; 3B       ; 22           ; 0            ; 0            ; 25                    ; 0                  ; no     ; no             ; no              ; no       ; Off          ; 2.5 V        ; Off         ; --                        ; Fitter               ; no        ;
; reg_game_M[66] ; AH9   ; 3B       ; 18           ; 0            ; 91           ; 25                    ; 0                  ; no     ; no             ; no              ; no       ; Off          ; 2.5 V        ; Off         ; --                        ; Fitter               ; no        ;
; reg_game_M[67] ; AH19  ; 4A       ; 58           ; 0            ; 91           ; 25                    ; 0                  ; no     ; no             ; no              ; no       ; Off          ; 2.5 V        ; Off         ; --                        ; Fitter               ; no        ;
; reg_game_M[68] ; AF11  ; 3B       ; 18           ; 0            ; 40           ; 25                    ; 0                  ; no     ; no             ; no              ; no       ; Off          ; 2.5 V        ; Off         ; --                        ; Fitter               ; no        ;
; reg_game_M[69] ; AJ5   ; 3B       ; 24           ; 0            ; 34           ; 25                    ; 0                  ; no     ; no             ; no              ; no       ; Off          ; 2.5 V        ; Off         ; --                        ; Fitter               ; no        ;
; reg_game_M[6]  ; AE7   ; 3A       ; 6            ; 0            ; 17           ; 25                    ; 0                  ; no     ; no             ; no              ; no       ; Off          ; 2.5 V        ; Off         ; --                        ; Fitter               ; no        ;
; reg_game_M[70] ; AJ4   ; 3B       ; 22           ; 0            ; 34           ; 25                    ; 0                  ; no     ; no             ; no              ; no       ; Off          ; 2.5 V        ; Off         ; --                        ; Fitter               ; no        ;
; reg_game_M[71] ; AK19  ; 4A       ; 60           ; 0            ; 51           ; 25                    ; 0                  ; no     ; no             ; no              ; no       ; Off          ; 2.5 V        ; Off         ; --                        ; Fitter               ; no        ;
; reg_game_M[72] ; AG22  ; 4A       ; 66           ; 0            ; 74           ; 25                    ; 0                  ; no     ; no             ; no              ; no       ; Off          ; 2.5 V        ; Off         ; --                        ; Fitter               ; no        ;
; reg_game_M[73] ; AH14  ; 3B       ; 30           ; 0            ; 17           ; 25                    ; 0                  ; no     ; no             ; no              ; no       ; Off          ; 2.5 V        ; Off         ; --                        ; Fitter               ; no        ;
; reg_game_M[74] ; AH20  ; 4A       ; 54           ; 0            ; 17           ; 25                    ; 0                  ; no     ; no             ; no              ; no       ; Off          ; 2.5 V        ; Off         ; --                        ; Fitter               ; no        ;
; reg_game_M[75] ; AG21  ; 4A       ; 54           ; 0            ; 0            ; 25                    ; 0                  ; no     ; no             ; no              ; no       ; Off          ; 2.5 V        ; Off         ; --                        ; Fitter               ; no        ;
; reg_game_M[76] ; AJ17  ; 4A       ; 58           ; 0            ; 40           ; 25                    ; 0                  ; no     ; no             ; no              ; no       ; Off          ; 2.5 V        ; Off         ; --                        ; Fitter               ; no        ;
; reg_game_M[77] ; AC14  ; 3B       ; 28           ; 0            ; 17           ; 25                    ; 0                  ; no     ; no             ; no              ; no       ; Off          ; 2.5 V        ; Off         ; --                        ; Fitter               ; no        ;
; reg_game_M[78] ; V17   ; 4A       ; 60           ; 0            ; 0            ; 25                    ; 0                  ; no     ; no             ; no              ; no       ; Off          ; 2.5 V        ; Off         ; --                        ; Fitter               ; no        ;
; reg_game_M[79] ; AH7   ; 3B       ; 32           ; 0            ; 34           ; 25                    ; 0                  ; no     ; no             ; no              ; no       ; Off          ; 2.5 V        ; Off         ; --                        ; Fitter               ; no        ;
; reg_game_M[7]  ; AK4   ; 3B       ; 22           ; 0            ; 51           ; 25                    ; 0                  ; no     ; no             ; no              ; no       ; Off          ; 2.5 V        ; Off         ; --                        ; Fitter               ; no        ;
; reg_game_M[80] ; AA13  ; 3B       ; 20           ; 0            ; 0            ; 25                    ; 0                  ; no     ; no             ; no              ; no       ; Off          ; 2.5 V        ; Off         ; --                        ; Fitter               ; no        ;
; reg_game_M[81] ; AJ9   ; 3B       ; 30           ; 0            ; 34           ; 25                    ; 0                  ; no     ; no             ; no              ; no       ; Off          ; 2.5 V        ; Off         ; --                        ; Fitter               ; no        ;
; reg_game_M[82] ; AB15  ; 3B       ; 28           ; 0            ; 0            ; 25                    ; 0                  ; no     ; no             ; no              ; no       ; Off          ; 2.5 V        ; Off         ; --                        ; Fitter               ; no        ;
; reg_game_M[83] ; AG13  ; 3B       ; 26           ; 0            ; 57           ; 25                    ; 0                  ; no     ; no             ; no              ; no       ; Off          ; 2.5 V        ; Off         ; --                        ; Fitter               ; no        ;
; reg_game_M[8]  ; AG6   ; 3A       ; 12           ; 0            ; 51           ; 25                    ; 0                  ; no     ; no             ; no              ; no       ; Off          ; 2.5 V        ; Off         ; --                        ; Fitter               ; no        ;
; reg_game_M[9]  ; AF14  ; 3B       ; 32           ; 0            ; 0            ; 25                    ; 0                  ; no     ; no             ; no              ; no       ; Off          ; 2.5 V        ; Off         ; --                        ; Fitter               ; no        ;
; reg_jugada[0]  ; AK3   ; 3B       ; 20           ; 0            ; 51           ; 69                    ; 0                  ; no     ; no             ; no              ; no       ; Off          ; 2.5 V        ; Off         ; --                        ; Fitter               ; no        ;
; reg_jugada[1]  ; AB12  ; 3A       ; 12           ; 0            ; 17           ; 79                    ; 0                  ; no     ; no             ; no              ; no       ; Off          ; 2.5 V        ; Off         ; --                        ; Fitter               ; no        ;
; reg_jugada[2]  ; AG7   ; 3A       ; 10           ; 0            ; 91           ; 87                    ; 0                  ; no     ; no             ; no              ; no       ; Off          ; 2.5 V        ; Off         ; --                        ; Fitter               ; no        ;
; reg_jugada[3]  ; AG1   ; 3A       ; 10           ; 0            ; 40           ; 103                   ; 0                  ; no     ; no             ; no              ; no       ; Off          ; 2.5 V        ; Off         ; --                        ; Fitter               ; no        ;
; reg_jugada[4]  ; AK2   ; 3B       ; 20           ; 0            ; 34           ; 108                   ; 0                  ; no     ; no             ; no              ; no       ; Off          ; 2.5 V        ; Off         ; --                        ; Fitter               ; no        ;
; reg_jugada[5]  ; AC12  ; 3A       ; 16           ; 0            ; 0            ; 93                    ; 0                  ; no     ; no             ; no              ; no       ; Off          ; 2.5 V        ; Off         ; --                        ; Fitter               ; no        ;
+----------------+-------+----------+--------------+--------------+--------------+-----------------------+--------------------+--------+----------------+-----------------+----------+--------------+--------------+-------------+---------------------------+----------------------+-----------+


+-------------------------------------------------------------------------------------------------------------------------------------------------------------------------------------------------------------------------------------------------------------------------------------------------------------------------------------------------------------------------------------------------------------------------------------------------------------------------------------------+
; Output Pins                                                                                                                                                                                                                                                                                                                                                                                                                                                                               ;
+------+-------+----------+--------------+--------------+--------------+-----------------+------------------------+-----------+-----------------+------------+---------------+----------+--------------+--------------+------------------+-----------------------------------+---------------------------+----------------------------+-----------------------------+---------------------+-----------------------------+----------------------+----------------------+---------------------+
; Name ; Pin # ; I/O Bank ; X coordinate ; Y coordinate ; Z coordinate ; Output Register ; Output Enable Register ; Slew Rate ; PCI I/O Enabled ; Open Drain ; TRI Primitive ; Bus Hold ; Weak Pull Up ; I/O Standard ; Current Strength ; Termination                       ; Termination Control Block ; Output Buffer Pre-emphasis ; Voltage Output Differential ; Output Buffer Delay ; Output Buffer Delay Control ; Location assigned by ; Output Enable Source ; Output Enable Group ;
+------+-------+----------+--------------+--------------+--------------+-----------------+------------------------+-----------+-----------------+------------+---------------+----------+--------------+--------------+------------------+-----------------------------------+---------------------------+----------------------------+-----------------------------+---------------------+-----------------------------+----------------------+----------------------+---------------------+
; S    ; AF9   ; 3A       ; 8            ; 0            ; 34           ; no              ; no                     ; 1         ; no              ; no         ; no            ; no       ; Off          ; 2.5 V        ; Default          ; Series 50 Ohm without Calibration ; --                        ; no                         ; no                          ; 0                   ; Off                         ; Fitter               ; -                    ; -                   ;
+------+-------+----------+--------------+--------------+--------------+-----------------+------------------------+-----------+-----------------+------------+---------------+----------+--------------+--------------+------------------+-----------------------------------+---------------------------+----------------------------+-----------------------------+---------------------+-----------------------------+----------------------+----------------------+---------------------+


+-----------------------------------------------------------------------------+
; I/O Bank Usage                                                              ;
+----------+-------------------+---------------+--------------+---------------+
; I/O Bank ; Usage             ; VCCIO Voltage ; VREF Voltage ; VCCPD Voltage ;
+----------+-------------------+---------------+--------------+---------------+
; B2L      ; 0 / 14 ( 0 % )    ; --            ; --           ; --            ;
; B1L      ; 0 / 14 ( 0 % )    ; --            ; --           ; --            ;
; B0L      ; 0 / 14 ( 0 % )    ; --            ; --           ; --            ;
; 3A       ; 22 / 32 ( 69 % )  ; 2.5V          ; --           ; 2.5V          ;
; 3B       ; 48 / 48 ( 100 % ) ; 2.5V          ; --           ; 2.5V          ;
; 4A       ; 21 / 80 ( 26 % )  ; 2.5V          ; --           ; 2.5V          ;
; 5A       ; 0 / 32 ( 0 % )    ; 2.5V          ; --           ; 2.5V          ;
; 5B       ; 0 / 16 ( 0 % )    ; 2.5V          ; --           ; 2.5V          ;
; 6B       ; 0 / 44 ( 0 % )    ; 2.5V          ; --           ; 2.5V          ;
; 6A       ; 0 / 56 ( 0 % )    ; 2.5V          ; --           ; 2.5V          ;
; 7A       ; 0 / 19 ( 0 % )    ; 2.5V          ; --           ; 2.5V          ;
; 7B       ; 0 / 22 ( 0 % )    ; 2.5V          ; --           ; 2.5V          ;
; 7C       ; 0 / 12 ( 0 % )    ; 2.5V          ; --           ; 2.5V          ;
; 7D       ; 0 / 14 ( 0 % )    ; 2.5V          ; --           ; 2.5V          ;
; 8A       ; 0 / 80 ( 0 % )    ; 2.5V          ; --           ; 2.5V          ;
+----------+-------------------+---------------+--------------+---------------+


+-----------------------------------------------------------------------------------------------------------------------------------------------------------------------------------+
; All Package Pins                                                                                                                                                                  ;
+----------+------------+----------------+---------------------------------+--------+--------------+---------------------+--------------+-----------------+----------+--------------+
; Location ; Pad Number ; I/O Bank       ; Pin Name/Usage                  ; Dir.   ; I/O Standard ; Voltage             ; I/O Type     ; User Assignment ; Bus Hold ; Weak Pull Up ;
+----------+------------+----------------+---------------------------------+--------+--------------+---------------------+--------------+-----------------+----------+--------------+
; A2       ;            ;                ; GND                             ; gnd    ;              ;                     ; --           ;                 ; --       ; --           ;
; A3       ; 493        ; 8A             ; RESERVED_INPUT_WITH_WEAK_PULLUP ;        ;              ;                     ; Column I/O   ;                 ; no       ; On           ;
; A4       ; 491        ; 8A             ; RESERVED_INPUT_WITH_WEAK_PULLUP ;        ;              ;                     ; Column I/O   ;                 ; no       ; On           ;
; A5       ; 489        ; 8A             ; RESERVED_INPUT_WITH_WEAK_PULLUP ;        ;              ;                     ; Column I/O   ;                 ; no       ; On           ;
; A6       ; 487        ; 8A             ; RESERVED_INPUT_WITH_WEAK_PULLUP ;        ;              ;                     ; Column I/O   ;                 ; no       ; On           ;
; A7       ;            ; 8A             ; VCCIO8A                         ; power  ;              ; 2.5V                ; --           ;                 ; --       ; --           ;
; A8       ; 473        ; 8A             ; RESERVED_INPUT_WITH_WEAK_PULLUP ;        ;              ;                     ; Column I/O   ;                 ; no       ; On           ;
; A9       ; 471        ; 8A             ; RESERVED_INPUT_WITH_WEAK_PULLUP ;        ;              ;                     ; Column I/O   ;                 ; no       ; On           ;
; A10      ; 465        ; 8A             ; RESERVED_INPUT_WITH_WEAK_PULLUP ;        ;              ;                     ; Column I/O   ;                 ; no       ; On           ;
; A11      ; 463        ; 8A             ; RESERVED_INPUT_WITH_WEAK_PULLUP ;        ;              ;                     ; Column I/O   ;                 ; no       ; On           ;
; A12      ;            ;                ; GND                             ; gnd    ;              ;                     ; --           ;                 ; --       ; --           ;
; A13      ; 461        ; 8A             ; RESERVED_INPUT_WITH_WEAK_PULLUP ;        ;              ;                     ; Column I/O   ;                 ; no       ; On           ;
; A14      ; 455        ; 7D             ; RESERVED_INPUT_WITH_WEAK_PULLUP ;        ;              ;                     ; Column I/O   ;                 ; no       ; On           ;
; A15      ; 447        ; 7D             ; RESERVED_INPUT_WITH_WEAK_PULLUP ;        ;              ;                     ; Column I/O   ;                 ; no       ; On           ;
; A16      ; 439        ; 7C             ; RESERVED_INPUT_WITH_WEAK_PULLUP ;        ;              ;                     ; Column I/O   ;                 ; no       ; On           ;
; A17      ;            ;                ; GND                             ; gnd    ;              ;                     ; --           ;                 ; --       ; --           ;
; A18      ; 425        ; 7B             ; RESERVED_INPUT_WITH_WEAK_PULLUP ;        ;              ;                     ; Column I/O   ;                 ; no       ; On           ;
; A19      ; 423        ; 7B             ; RESERVED_INPUT_WITH_WEAK_PULLUP ;        ;              ;                     ; Column I/O   ;                 ; no       ; On           ;
; A20      ; 415        ; 7B             ; RESERVED_INPUT_WITH_WEAK_PULLUP ;        ;              ;                     ; Column I/O   ;                 ; no       ; On           ;
; A21      ; 411        ; 7B             ; RESERVED_INPUT_WITH_WEAK_PULLUP ;        ;              ;                     ; Column I/O   ;                 ; no       ; On           ;
; A22      ;            ;                ; GND                             ; gnd    ;              ;                     ; --           ;                 ; --       ; --           ;
; A23      ; 395        ; 7A             ; RESERVED_INPUT_WITH_WEAK_PULLUP ;        ;              ;                     ; Column I/O   ;                 ; no       ; On           ;
; A24      ; 391        ; 7A             ; RESERVED_INPUT_WITH_WEAK_PULLUP ;        ;              ;                     ; Column I/O   ;                 ; no       ; On           ;
; A25      ; 389        ; 7A             ; RESERVED_INPUT_WITH_WEAK_PULLUP ;        ;              ;                     ; Column I/O   ;                 ; no       ; On           ;
; A26      ; 382        ; 7A             ; ^GND                            ;        ;              ;                     ; --           ;                 ; --       ; --           ;
; A27      ;            ;                ; GND                             ; gnd    ;              ;                     ; --           ;                 ; --       ; --           ;
; A28      ; 380        ; 7A             ; ^HPS_TRST                       ;        ;              ;                     ; --           ;                 ; --       ; --           ;
; A29      ; 378        ; 7A             ; ^HPS_TMS                        ;        ;              ;                     ; --           ;                 ; --       ; --           ;
; AA1      ; 31         ; B0L            ; GND                             ;        ;              ;                     ; --           ;                 ; --       ; --           ;
; AA2      ; 30         ; B0L            ; GND                             ;        ;              ;                     ; --           ;                 ; --       ; --           ;
; AA3      ;            ;                ; GND                             ; gnd    ;              ;                     ; --           ;                 ; --       ; --           ;
; AA4      ;            ;                ; GND                             ; gnd    ;              ;                     ; --           ;                 ; --       ; --           ;
; AA5      ;            ; --             ; VCCE_GXBL                       ; power  ;              ; 1.1V                ; --           ;                 ; --       ; --           ;
; AA6      ;            ;                ; GND                             ; gnd    ;              ;                     ; --           ;                 ; --       ; --           ;
; AA7      ;            ;                ; DNU                             ;        ;              ;                     ; --           ;                 ; --       ; --           ;
; AA8      ;            ; --             ; VCCA_FPLL                       ; power  ;              ; 2.5V                ; --           ;                 ; --       ; --           ;
; AA9      ;            ;                ; GND                             ; gnd    ;              ;                     ; --           ;                 ; --       ; --           ;
; AA10     ;            ; 3A             ; VCCPD3A                         ; power  ;              ; 2.5V                ; --           ;                 ; --       ; --           ;
; AA11     ;            ;                ; GND                             ; gnd    ;              ;                     ; --           ;                 ; --       ; --           ;
; AA12     ; 74         ; 3A             ; reg_game_M[16]                  ; input  ; 2.5 V        ;                     ; Column I/O   ; N               ; no       ; Off          ;
; AA13     ; 90         ; 3B             ; reg_game_M[80]                  ; input  ; 2.5 V        ;                     ; Column I/O   ; N               ; no       ; Off          ;
; AA14     ; 122        ; 3B             ; reg_game_M[42]                  ; input  ; 2.5 V        ;                     ; Column I/O   ; N               ; no       ; Off          ;
; AA15     ; 120        ; 3B             ; reg_game_M[25]                  ; input  ; 2.5 V        ;                     ; Column I/O   ; N               ; no       ; Off          ;
; AA16     ; 146        ; 4A             ; RESERVED_INPUT_WITH_WEAK_PULLUP ;        ;              ;                     ; Column I/O   ;                 ; no       ; On           ;
; AA17     ;            ; 4A             ; VCCIO4A                         ; power  ;              ; 2.5V                ; --           ;                 ; --       ; --           ;
; AA18     ; 168        ; 4A             ; RESERVED_INPUT_WITH_WEAK_PULLUP ;        ;              ;                     ; Column I/O   ;                 ; no       ; On           ;
; AA19     ; 176        ; 4A             ; RESERVED_INPUT_WITH_WEAK_PULLUP ;        ;              ;                     ; Column I/O   ;                 ; no       ; On           ;
; AA20     ; 200        ; 4A             ; RESERVED_INPUT_WITH_WEAK_PULLUP ;        ;              ;                     ; Column I/O   ;                 ; no       ; On           ;
; AA21     ; 210        ; 4A             ; RESERVED_INPUT_WITH_WEAK_PULLUP ;        ;              ;                     ; Column I/O   ;                 ; no       ; On           ;
; AA22     ;            ;                ; GND                             ; gnd    ;              ;                     ; --           ;                 ; --       ; --           ;
; AA23     ;            ; --             ; VCCPGM                          ; power  ;              ; 1.8V/2.5V/3.0V/3.3V ; --           ;                 ; --       ; --           ;
; AA24     ; 228        ; 5A             ; RESERVED_INPUT_WITH_WEAK_PULLUP ;        ;              ;                     ; Row I/O      ;                 ; no       ; On           ;
; AA25     ; 224        ; 5A             ; RESERVED_INPUT_WITH_WEAK_PULLUP ;        ;              ;                     ; Row I/O      ;                 ; no       ; On           ;
; AA26     ; 252        ; 5B             ; RESERVED_INPUT_WITH_WEAK_PULLUP ;        ;              ;                     ; Row I/O      ;                 ; no       ; On           ;
; AA27     ;            ; 5B             ; VCCIO5B                         ; power  ;              ; 2.5V                ; --           ;                 ; --       ; --           ;
; AA28     ; 251        ; 5B             ; RESERVED_INPUT_WITH_WEAK_PULLUP ;        ;              ;                     ; Row I/O      ;                 ; no       ; On           ;
; AA29     ;            ; 5B             ; VREFB5BN0                       ; power  ;              ;                     ; --           ;                 ; --       ; --           ;
; AA30     ; 250        ; 5B             ; RESERVED_INPUT_WITH_WEAK_PULLUP ;        ;              ;                     ; Row I/O      ;                 ; no       ; On           ;
; AB1      ;            ;                ; GND                             ; gnd    ;              ;                     ; --           ;                 ; --       ; --           ;
; AB2      ;            ;                ; GND                             ; gnd    ;              ;                     ; --           ;                 ; --       ; --           ;
; AB3      ; 32         ; B0L            ; GXB_NC                          ;        ;              ;                     ; --           ;                 ; --       ; --           ;
; AB4      ; 33         ; B0L            ; GXB_NC                          ;        ;              ;                     ; --           ;                 ; --       ; --           ;
; AB5      ;            ;                ; GND                             ; gnd    ;              ;                     ; --           ;                 ; --       ; --           ;
; AB6      ;            ; --             ; VCCH_GXBL                       ; power  ;              ; 2.5V                ; --           ;                 ; --       ; --           ;
; AB7      ;            ;                ; GND                             ; gnd    ;              ;                     ; --           ;                 ; --       ; --           ;
; AB8      ; 43         ; 3A             ; ^nCSO, DATA4                    ;        ;              ;                     ; Weak Pull Up ;                 ; --       ; On           ;
; AB9      ; 42         ; 3A             ; #TDO                            ; output ;              ;                     ; --           ;                 ; --       ; --           ;
; AB10     ;            ; --             ; VCCPGM                          ; power  ;              ; 1.8V/2.5V/3.0V/3.3V ; --           ;                 ; --       ; --           ;
; AB11     ;            ; --             ; VCC_AUX                         ; power  ;              ; 2.5V                ; --           ;                 ; --       ; --           ;
; AB12     ; 72         ; 3A             ; reg_jugada[1]                   ; input  ; 2.5 V        ;                     ; Column I/O   ; N               ; no       ; Off          ;
; AB13     ; 88         ; 3B             ; reg_game_M[23]                  ; input  ; 2.5 V        ;                     ; Column I/O   ; N               ; no       ; Off          ;
; AB14     ;            ; 3B             ; VCCIO3B                         ; power  ;              ; 2.5V                ; --           ;                 ; --       ; --           ;
; AB15     ; 106        ; 3B             ; reg_game_M[82]                  ; input  ; 2.5 V        ;                     ; Column I/O   ; N               ; no       ; Off          ;
; AB16     ;            ; --             ; VCC_AUX                         ; power  ;              ; 2.5V                ; --           ;                 ; --       ; --           ;
; AB17     ; 144        ; 4A             ; reg_game_M[52]                  ; input  ; 2.5 V        ;                     ; Column I/O   ; N               ; no       ; Off          ;
; AB18     ;            ; 3B, 4A         ; VCCPD3B4A                       ; power  ;              ; 2.5V                ; --           ;                 ; --       ; --           ;
; AB19     ;            ;                ; GND                             ; gnd    ;              ;                     ; --           ;                 ; --       ; --           ;
; AB20     ;            ; 3B, 4A         ; VCCPD3B4A                       ; power  ;              ; 2.5V                ; --           ;                 ; --       ; --           ;
; AB21     ; 208        ; 4A             ; RESERVED_INPUT_WITH_WEAK_PULLUP ;        ;              ;                     ; Column I/O   ;                 ; no       ; On           ;
; AB22     ; 225        ; 5A             ; RESERVED_INPUT_WITH_WEAK_PULLUP ;        ;              ;                     ; Row I/O      ;                 ; no       ; On           ;
; AB23     ; 227        ; 5A             ; RESERVED_INPUT_WITH_WEAK_PULLUP ;        ;              ;                     ; Row I/O      ;                 ; no       ; On           ;
; AB24     ;            ; 5A             ; VCCIO5A                         ; power  ;              ; 2.5V                ; --           ;                 ; --       ; --           ;
; AB25     ; 230        ; 5A             ; RESERVED_INPUT_WITH_WEAK_PULLUP ;        ;              ;                     ; Row I/O      ;                 ; no       ; On           ;
; AB26     ; 226        ; 5A             ; RESERVED_INPUT_WITH_WEAK_PULLUP ;        ;              ;                     ; Row I/O      ;                 ; no       ; On           ;
; AB27     ; 254        ; 5B             ; RESERVED_INPUT_WITH_WEAK_PULLUP ;        ;              ;                     ; Row I/O      ;                 ; no       ; On           ;
; AB28     ; 249        ; 5B             ; RESERVED_INPUT_WITH_WEAK_PULLUP ;        ;              ;                     ; Row I/O      ;                 ; no       ; On           ;
; AB29     ;            ;                ; GND                             ; gnd    ;              ;                     ; --           ;                 ; --       ; --           ;
; AB30     ; 248        ; 5B             ; RESERVED_INPUT_WITH_WEAK_PULLUP ;        ;              ;                     ; Row I/O      ;                 ; no       ; On           ;
; AC1      ; 35         ; B0L            ; GND                             ;        ;              ;                     ; --           ;                 ; --       ; --           ;
; AC2      ; 34         ; B0L            ; GND                             ;        ;              ;                     ; --           ;                 ; --       ; --           ;
; AC3      ;            ;                ; GND                             ; gnd    ;              ;                     ; --           ;                 ; --       ; --           ;
; AC4      ;            ;                ; GND                             ; gnd    ;              ;                     ; --           ;                 ; --       ; --           ;
; AC5      ; 46         ; 3A             ; #TCK                            ; input  ;              ;                     ; --           ;                 ; --       ; --           ;
; AC6      ;            ;                ; GND                             ; gnd    ;              ;                     ; --           ;                 ; --       ; --           ;
; AC7      ; 45         ; 3A             ; ^AS_DATA3, DATA3                ;        ;              ;                     ; Weak Pull Up ;                 ; --       ; On           ;
; AC8      ;            ;                ; GND                             ; gnd    ;              ;                     ; --           ;                 ; --       ; --           ;
; AC9      ; 58         ; 3A             ; RESERVED_INPUT_WITH_WEAK_PULLUP ;        ;              ;                     ; Column I/O   ;                 ; no       ; On           ;
; AC10     ;            ; 3A             ; VCCPD3A                         ; power  ;              ; 2.5V                ; --           ;                 ; --       ; --           ;
; AC11     ;            ; 3A             ; VCCIO3A                         ; power  ;              ; 2.5V                ; --           ;                 ; --       ; --           ;
; AC12     ; 82         ; 3A             ; reg_jugada[5]                   ; input  ; 2.5 V        ;                     ; Column I/O   ; N               ; no       ; Off          ;
; AC13     ;            ; 3B, 4A         ; VCCPD3B4A                       ; power  ;              ; 2.5V                ; --           ;                 ; --       ; --           ;
; AC14     ; 104        ; 3B             ; reg_game_M[77]                  ; input  ; 2.5 V        ;                     ; Column I/O   ; N               ; no       ; Off          ;
; AC15     ;            ; 3B, 4A         ; VCCPD3B4A                       ; power  ;              ; 2.5V                ; --           ;                 ; --       ; --           ;
; AC16     ;            ;                ; GND                             ; gnd    ;              ;                     ; --           ;                 ; --       ; --           ;
; AC17     ;            ; 3B, 4A         ; VCCPD3B4A                       ; power  ;              ; 2.5V                ; --           ;                 ; --       ; --           ;
; AC18     ; 162        ; 4A             ; RESERVED_INPUT_WITH_WEAK_PULLUP ;        ;              ;                     ; Column I/O   ;                 ; no       ; On           ;
; AC19     ;            ; 3B, 4A         ; VCCPD3B4A                       ; power  ;              ; 2.5V                ; --           ;                 ; --       ; --           ;
; AC20     ; 186        ; 4A             ; RESERVED_INPUT_WITH_WEAK_PULLUP ;        ;              ;                     ; Column I/O   ;                 ; no       ; On           ;
; AC21     ;            ; 4A             ; VCCIO4A                         ; power  ;              ; 2.5V                ; --           ;                 ; --       ; --           ;
; AC22     ; 207        ; 4A             ; RESERVED_INPUT_WITH_WEAK_PULLUP ;        ;              ;                     ; Column I/O   ;                 ; no       ; On           ;
; AC23     ; 205        ; 4A             ; RESERVED_INPUT_WITH_WEAK_PULLUP ;        ;              ;                     ; Column I/O   ;                 ; no       ; On           ;
; AC24     ;            ; 5A             ; VREFB5AN0                       ; power  ;              ;                     ; --           ;                 ; --       ; --           ;
; AC25     ; 215        ; 5A             ; RESERVED_INPUT_WITH_WEAK_PULLUP ;        ;              ;                     ; Row I/O      ;                 ; no       ; On           ;
; AC26     ;            ;                ; GND                             ; gnd    ;              ;                     ; --           ;                 ; --       ; --           ;
; AC27     ; 242        ; 5A             ; RESERVED_INPUT_WITH_WEAK_PULLUP ;        ;              ;                     ; Row I/O      ;                 ; no       ; On           ;
; AC28     ; 245        ; 5B             ; RESERVED_INPUT_WITH_WEAK_PULLUP ;        ;              ;                     ; Row I/O      ;                 ; no       ; On           ;
; AC29     ; 247        ; 5B             ; RESERVED_INPUT_WITH_WEAK_PULLUP ;        ;              ;                     ; Row I/O      ;                 ; no       ; On           ;
; AC30     ; 259        ; 5B             ; RESERVED_INPUT_WITH_WEAK_PULLUP ;        ;              ;                     ; Row I/O      ;                 ; no       ; On           ;
; AD1      ;            ;                ; GND                             ; gnd    ;              ;                     ; --           ;                 ; --       ; --           ;
; AD2      ;            ;                ; GND                             ; gnd    ;              ;                     ; --           ;                 ; --       ; --           ;
; AD3      ; 36         ; B0L            ; GXB_NC                          ;        ;              ;                     ; --           ;                 ; --       ; --           ;
; AD4      ; 37         ; B0L            ; GXB_NC                          ;        ;              ;                     ; --           ;                 ; --       ; --           ;
; AD5      ;            ;                ; GND                             ; gnd    ;              ;                     ; --           ;                 ; --       ; --           ;
; AD6      ;            ; 3A             ; VREFB3AN0                       ; power  ;              ;                     ; --           ;                 ; --       ; --           ;
; AD7      ; 62         ; 3A             ; reg_game_M[30]                  ; input  ; 2.5 V        ;                     ; Column I/O   ; N               ; no       ; Off          ;
; AD8      ;            ; 3A             ; VCCIO3A                         ; power  ;              ; 2.5V                ; --           ;                 ; --       ; --           ;
; AD9      ; 55         ; 3A             ; RESERVED_INPUT_WITH_WEAK_PULLUP ;        ;              ;                     ; Column I/O   ;                 ; no       ; On           ;
; AD10     ; 56         ; 3A             ; RESERVED_INPUT_WITH_WEAK_PULLUP ;        ;              ;                     ; Column I/O   ;                 ; no       ; On           ;
; AD11     ; 54         ; 3A             ; RESERVED_INPUT_WITH_WEAK_PULLUP ;        ;              ;                     ; Column I/O   ;                 ; no       ; On           ;
; AD12     ; 80         ; 3A             ; reg_game_M[18]                  ; input  ; 2.5 V        ;                     ; Column I/O   ; N               ; no       ; Off          ;
; AD13     ;            ; 3B             ; VCCIO3B                         ; power  ;              ; 2.5V                ; --           ;                 ; --       ; --           ;
; AD14     ; 98         ; 3B             ; reg_game_M[11]                  ; input  ; 2.5 V        ;                     ; Column I/O   ; N               ; no       ; Off          ;
; AD15     ;            ;                ; DNU                             ;        ;              ;                     ; --           ;                 ; --       ; --           ;
; AD16     ;            ; 3B, 4A         ; VCCPD3B4A                       ; power  ;              ; 2.5V                ; --           ;                 ; --       ; --           ;
; AD17     ; 160        ; 4A             ; RESERVED_INPUT_WITH_WEAK_PULLUP ;        ;              ;                     ; Column I/O   ;                 ; no       ; On           ;
; AD18     ;            ; 4A             ; VCCIO4A                         ; power  ;              ; 2.5V                ; --           ;                 ; --       ; --           ;
; AD19     ; 184        ; 4A             ; RESERVED_INPUT_WITH_WEAK_PULLUP ;        ;              ;                     ; Column I/O   ;                 ; no       ; On           ;
; AD20     ; 199        ; 4A             ; RESERVED_INPUT_WITH_WEAK_PULLUP ;        ;              ;                     ; Column I/O   ;                 ; no       ; On           ;
; AD21     ; 197        ; 4A             ; RESERVED_INPUT_WITH_WEAK_PULLUP ;        ;              ;                     ; Column I/O   ;                 ; no       ; On           ;
; AD22     ;            ; --             ; VCC_AUX                         ; power  ;              ; 2.5V                ; --           ;                 ; --       ; --           ;
; AD23     ;            ;                ; GND                             ; gnd    ;              ;                     ; --           ;                 ; --       ; --           ;
; AD24     ; 211        ; 4A             ; RESERVED_INPUT_WITH_WEAK_PULLUP ;        ;              ;                     ; Column I/O   ;                 ; no       ; On           ;
; AD25     ; 213        ; 5A             ; RESERVED_INPUT_WITH_WEAK_PULLUP ;        ;              ;                     ; Row I/O      ;                 ; no       ; On           ;
; AD26     ; 240        ; 5A             ; RESERVED_INPUT_WITH_WEAK_PULLUP ;        ;              ;                     ; Row I/O      ;                 ; no       ; On           ;
; AD27     ; 222        ; 5A             ; RESERVED_INPUT_WITH_WEAK_PULLUP ;        ;              ;                     ; Row I/O      ;                 ; no       ; On           ;
; AD28     ;            ; 5A             ; VCCIO5A                         ; power  ;              ; 2.5V                ; --           ;                 ; --       ; --           ;
; AD29     ; 255        ; 5B             ; RESERVED_INPUT_WITH_WEAK_PULLUP ;        ;              ;                     ; Row I/O      ;                 ; no       ; On           ;
; AD30     ; 257        ; 5B             ; RESERVED_INPUT_WITH_WEAK_PULLUP ;        ;              ;                     ; Row I/O      ;                 ; no       ; On           ;
; AE1      ; 39         ; B0L            ; GND                             ;        ;              ;                     ; --           ;                 ; --       ; --           ;
; AE2      ; 38         ; B0L            ; GND                             ;        ;              ;                     ; --           ;                 ; --       ; --           ;
; AE3      ;            ;                ; GND                             ; gnd    ;              ;                     ; --           ;                 ; --       ; --           ;
; AE4      ;            ;                ; GND                             ; gnd    ;              ;                     ; --           ;                 ; --       ; --           ;
; AE5      ; 49         ; 3A             ; ^AS_DATA1, DATA1                ;        ;              ;                     ; Weak Pull Up ;                 ; --       ; On           ;
; AE6      ; 51         ; 3A             ; ^AS_DATA0, ASDO, DATA0          ;        ;              ;                     ; Weak Pull Up ;                 ; --       ; On           ;
; AE7      ; 60         ; 3A             ; reg_game_M[6]                   ; input  ; 2.5 V        ;                     ; Column I/O   ; N               ; no       ; Off          ;
; AE8      ; 47         ; 3A             ; ^AS_DATA2, DATA2                ;        ;              ;                     ; Weak Pull Up ;                 ; --       ; On           ;
; AE9      ; 53         ; 3A             ; RESERVED_INPUT_WITH_WEAK_PULLUP ;        ;              ;                     ; Column I/O   ;                 ; no       ; On           ;
; AE10     ;            ;                ; GND                             ; gnd    ;              ;                     ; --           ;                 ; --       ; --           ;
; AE11     ; 59         ; 3A             ; RESERVED_INPUT_WITH_WEAK_PULLUP ;        ;              ;                     ; Column I/O   ;                 ; no       ; On           ;
; AE12     ; 52         ; 3A             ; RESERVED_INPUT_WITH_WEAK_PULLUP ;        ;              ;                     ; Column I/O   ;                 ; no       ; On           ;
; AE13     ; 95         ; 3B             ; reg_game_M[65]                  ; input  ; 2.5 V        ;                     ; Column I/O   ; N               ; no       ; Off          ;
; AE14     ; 96         ; 3B             ; reg_game_M[31]                  ; input  ; 2.5 V        ;                     ; Column I/O   ; N               ; no       ; Off          ;
; AE15     ;            ; 3B             ; VCCIO3B                         ; power  ;              ; 2.5V                ; --           ;                 ; --       ; --           ;
; AE16     ; 139        ; 4A             ; reg_game_M[56]                  ; input  ; 2.5 V        ;                     ; Column I/O   ; N               ; no       ; Off          ;
; AE17     ; 135        ; 4A             ; reg_game_M[38]                  ; input  ; 2.5 V        ;                     ; Column I/O   ; N               ; no       ; Off          ;
; AE18     ; 167        ; 4A             ; RESERVED_INPUT_WITH_WEAK_PULLUP ;        ;              ;                     ; Column I/O   ;                 ; no       ; On           ;
; AE19     ; 165        ; 4A             ; RESERVED_INPUT_WITH_WEAK_PULLUP ;        ;              ;                     ; Column I/O   ;                 ; no       ; On           ;
; AE20     ;            ;                ; GND                             ; gnd    ;              ;                     ; --           ;                 ; --       ; --           ;
; AE21     ;            ; 3B, 4A         ; VCCPD3B4A                       ; power  ;              ; 2.5V                ; --           ;                 ; --       ; --           ;
; AE22     ; 191        ; 4A             ; RESERVED_INPUT_WITH_WEAK_PULLUP ;        ;              ;                     ; Column I/O   ;                 ; no       ; On           ;
; AE23     ; 189        ; 4A             ; RESERVED_INPUT_WITH_WEAK_PULLUP ;        ;              ;                     ; Column I/O   ;                 ; no       ; On           ;
; AE24     ; 209        ; 4A             ; RESERVED_INPUT_WITH_WEAK_PULLUP ;        ;              ;                     ; Column I/O   ;                 ; no       ; On           ;
; AE25     ;            ; 4A             ; VCCIO4A                         ; power  ;              ; 2.5V                ; --           ;                 ; --       ; --           ;
; AE26     ; 220        ; 5A             ; RESERVED_INPUT_WITH_WEAK_PULLUP ;        ;              ;                     ; Row I/O      ;                 ; no       ; On           ;
; AE27     ; 229        ; 5A             ; RESERVED_INPUT_WITH_WEAK_PULLUP ;        ;              ;                     ; Row I/O      ;                 ; no       ; On           ;
; AE28     ; 231        ; 5A             ; RESERVED_INPUT_WITH_WEAK_PULLUP ;        ;              ;                     ; Row I/O      ;                 ; no       ; On           ;
; AE29     ; 253        ; 5B             ; RESERVED_INPUT_WITH_WEAK_PULLUP ;        ;              ;                     ; Row I/O      ;                 ; no       ; On           ;
; AE30     ;            ; 5B             ; VCCIO5B                         ; power  ;              ; 2.5V                ; --           ;                 ; --       ; --           ;
; AF1      ;            ;                ; GND                             ; gnd    ;              ;                     ; --           ;                 ; --       ; --           ;
; AF2      ;            ;                ; GND                             ; gnd    ;              ;                     ; --           ;                 ; --       ; --           ;
; AF3      ;            ;                ; GND                             ; gnd    ;              ;                     ; --           ;                 ; --       ; --           ;
; AF4      ; 66         ; 3A             ; reg_game_M[20]                  ; input  ; 2.5 V        ;                     ; Column I/O   ; N               ; no       ; Off          ;
; AF5      ; 64         ; 3A             ; reg_game_M[22]                  ; input  ; 2.5 V        ;                     ; Column I/O   ; N               ; no       ; Off          ;
; AF6      ; 75         ; 3A             ; reg_game_M[28]                  ; input  ; 2.5 V        ;                     ; Column I/O   ; N               ; no       ; Off          ;
; AF7      ;            ; 3A             ; VCCIO3A                         ; power  ;              ; 2.5V                ; --           ;                 ; --       ; --           ;
; AF8      ; 70         ; 3A             ; reg_game_M[14]                  ; input  ; 2.5 V        ;                     ; Column I/O   ; N               ; no       ; Off          ;
; AF9      ; 67         ; 3A             ; S                               ; output ; 2.5 V        ;                     ; Column I/O   ; N               ; no       ; Off          ;
; AF10     ; 57         ; 3A             ; RESERVED_INPUT_WITH_WEAK_PULLUP ;        ;              ;                     ; Column I/O   ;                 ; no       ; On           ;
; AF11     ; 87         ; 3B             ; reg_game_M[68]                  ; input  ; 2.5 V        ;                     ; Column I/O   ; N               ; no       ; Off          ;
; AF12     ;            ;                ; GND                             ; gnd    ;              ;                     ; --           ;                 ; --       ; --           ;
; AF13     ; 93         ; 3B             ; reg_game_M[15]                  ; input  ; 2.5 V        ;                     ; Column I/O   ; N               ; no       ; Off          ;
; AF14     ; 114        ; 3B             ; reg_game_M[9]                   ; input  ; 2.5 V        ;                     ; Column I/O   ; N               ; no       ; Off          ;
; AF15     ; 112        ; 3B             ; reg_game_M[35]                  ; input  ; 2.5 V        ;                     ; Column I/O   ; N               ; no       ; Off          ;
; AF16     ; 137        ; 4A             ; reg_game_M[46]                  ; input  ; 2.5 V        ;                     ; Column I/O   ; N               ; no       ; Off          ;
; AF17     ;            ;                ; GND                             ; gnd    ;              ;                     ; --           ;                 ; --       ; --           ;
; AF18     ; 133        ; 4A             ; reg_game_M[44]                  ; input  ; 2.5 V        ;                     ; Column I/O   ; N               ; no       ; Off          ;
; AF19     ; 159        ; 4A             ; RESERVED_INPUT_WITH_WEAK_PULLUP ;        ;              ;                     ; Column I/O   ;                 ; no       ; On           ;
; AF20     ; 175        ; 4A             ; RESERVED_INPUT_WITH_WEAK_PULLUP ;        ;              ;                     ; Column I/O   ;                 ; no       ; On           ;
; AF21     ; 173        ; 4A             ; RESERVED_INPUT_WITH_WEAK_PULLUP ;        ;              ;                     ; Column I/O   ;                 ; no       ; On           ;
; AF22     ;            ; 4A             ; VCCIO4A                         ; power  ;              ; 2.5V                ; --           ;                 ; --       ; --           ;
; AF23     ; 183        ; 4A             ; RESERVED_INPUT_WITH_WEAK_PULLUP ;        ;              ;                     ; Column I/O   ;                 ; no       ; On           ;
; AF24     ; 181        ; 4A             ; RESERVED_INPUT_WITH_WEAK_PULLUP ;        ;              ;                     ; Column I/O   ;                 ; no       ; On           ;
; AF25     ; 206        ; 4A             ; RESERVED_INPUT_WITH_WEAK_PULLUP ;        ;              ;                     ; Column I/O   ;                 ; no       ; On           ;
; AF26     ; 204        ; 4A             ; RESERVED_INPUT_WITH_WEAK_PULLUP ;        ;              ;                     ; Column I/O   ;                 ; no       ; On           ;
; AF27     ;            ;                ; GND                             ; gnd    ;              ;                     ; --           ;                 ; --       ; --           ;
; AF28     ; 235        ; 5A             ; RESERVED_INPUT_WITH_WEAK_PULLUP ;        ;              ;                     ; Row I/O      ;                 ; no       ; On           ;
; AF29     ; 237        ; 5A             ; RESERVED_INPUT_WITH_WEAK_PULLUP ;        ;              ;                     ; Row I/O      ;                 ; no       ; On           ;
; AF30     ; 239        ; 5A             ; RESERVED_INPUT_WITH_WEAK_PULLUP ;        ;              ;                     ; Row I/O      ;                 ; no       ; On           ;
; AG1      ; 71         ; 3A             ; reg_jugada[3]                   ; input  ; 2.5 V        ;                     ; Column I/O   ; N               ; no       ; Off          ;
; AG2      ; 83         ; 3A             ; reg_game_M[13]                  ; input  ; 2.5 V        ;                     ; Column I/O   ; N               ; no       ; Off          ;
; AG3      ; 63         ; 3A             ; RESERVED_INPUT_WITH_WEAK_PULLUP ;        ;              ;                     ; Column I/O   ;                 ; no       ; On           ;
; AG4      ;            ; 3A             ; VCCIO3A                         ; power  ;              ; 2.5V                ; --           ;                 ; --       ; --           ;
; AG5      ; 78         ; 3A             ; reg_game_M[0]                   ; input  ; 2.5 V        ;                     ; Column I/O   ; N               ; no       ; Off          ;
; AG6      ; 73         ; 3A             ; reg_game_M[8]                   ; input  ; 2.5 V        ;                     ; Column I/O   ; N               ; no       ; Off          ;
; AG7      ; 68         ; 3A             ; reg_jugada[2]                   ; input  ; 2.5 V        ;                     ; Column I/O   ; N               ; no       ; Off          ;
; AG8      ; 65         ; 3A             ; reg_game_M[2]                   ; input  ; 2.5 V        ;                     ; Column I/O   ; N               ; no       ; Off          ;
; AG9      ;            ;                ; GND                             ; gnd    ;              ;                     ; --           ;                 ; --       ; --           ;
; AG10     ; 86         ; 3B             ; reg_game_M[29]                  ; input  ; 2.5 V        ;                     ; Column I/O   ; N               ; no       ; Off          ;
; AG11     ; 85         ; 3B             ; reg_game_M[27]                  ; input  ; 2.5 V        ;                     ; Column I/O   ; N               ; no       ; Off          ;
; AG12     ; 103        ; 3B             ; reg_game_M[50]                  ; input  ; 2.5 V        ;                     ; Column I/O   ; N               ; no       ; Off          ;
; AG13     ; 101        ; 3B             ; reg_game_M[83]                  ; input  ; 2.5 V        ;                     ; Column I/O   ; N               ; no       ; Off          ;
; AG14     ;            ;                ; GND                             ; gnd    ;              ;                     ; --           ;                 ; --       ; --           ;
; AG15     ; 127        ; 3B             ; reg_game_M[47]                  ; input  ; 2.5 V        ;                     ; Column I/O   ; N               ; no       ; Off          ;
; AG16     ; 134        ; 4A             ; reg_game_M[36]                  ; input  ; 2.5 V        ;                     ; Column I/O   ; N               ; no       ; Off          ;
; AG17     ; 132        ; 4A             ; reg_game_M[39]                  ; input  ; 2.5 V        ;                     ; Column I/O   ; N               ; no       ; Off          ;
; AG18     ; 150        ; 4A             ; RESERVED_INPUT_WITH_WEAK_PULLUP ;        ;              ;                     ; Column I/O   ;                 ; no       ; On           ;
; AG19     ;            ; 4A             ; VCCIO4A                         ; power  ;              ; 2.5V                ; --           ;                 ; --       ; --           ;
; AG20     ; 157        ; 4A             ; RESERVED_INPUT_WITH_WEAK_PULLUP ;        ;              ;                     ; Column I/O   ;                 ; no       ; On           ;
; AG21     ; 143        ; 4A             ; reg_game_M[75]                  ; input  ; 2.5 V        ;                     ; Column I/O   ; N               ; no       ; Off          ;
; AG22     ; 166        ; 4A             ; reg_game_M[72]                  ; input  ; 2.5 V        ;                     ; Column I/O   ; N               ; no       ; Off          ;
; AG23     ; 163        ; 4A             ; RESERVED_INPUT_WITH_WEAK_PULLUP ;        ;              ;                     ; Column I/O   ;                 ; no       ; On           ;
; AG24     ;            ;                ; GND                             ; gnd    ;              ;                     ; --           ;                 ; --       ; --           ;
; AG25     ; 190        ; 4A             ; RESERVED_INPUT_WITH_WEAK_PULLUP ;        ;              ;                     ; Column I/O   ;                 ; no       ; On           ;
; AG26     ; 203        ; 4A             ; RESERVED_INPUT_WITH_WEAK_PULLUP ;        ;              ;                     ; Column I/O   ;                 ; no       ; On           ;
; AG27     ; 212        ; 5A             ; RESERVED_INPUT_WITH_WEAK_PULLUP ;        ;              ;                     ; Row I/O      ;                 ; no       ; On           ;
; AG28     ; 233        ; 5A             ; RESERVED_INPUT_WITH_WEAK_PULLUP ;        ;              ;                     ; Row I/O      ;                 ; no       ; On           ;
; AG29     ;            ; 5A             ; VCCIO5A                         ; power  ;              ; 2.5V                ; --           ;                 ; --       ; --           ;
; AG30     ; 243        ; 5A             ; RESERVED_INPUT_WITH_WEAK_PULLUP ;        ;              ;                     ; Row I/O      ;                 ; no       ; On           ;
; AH1      ;            ;                ; GND                             ; gnd    ;              ;                     ; --           ;                 ; --       ; --           ;
; AH2      ; 69         ; 3A             ; reg_game_M[26]                  ; input  ; 2.5 V        ;                     ; Column I/O   ; N               ; no       ; Off          ;
; AH3      ; 81         ; 3A             ; reg_game_M[4]                   ; input  ; 2.5 V        ;                     ; Column I/O   ; N               ; no       ; Off          ;
; AH4      ; 61         ; 3A             ; RESERVED_INPUT_WITH_WEAK_PULLUP ;        ;              ;                     ; Column I/O   ;                 ; no       ; On           ;
; AH5      ; 76         ; 3A             ; reg_game_M[12]                  ; input  ; 2.5 V        ;                     ; Column I/O   ; N               ; no       ; Off          ;
; AH6      ;            ;                ; GND                             ; gnd    ;              ;                     ; --           ;                 ; --       ; --           ;
; AH7      ; 115        ; 3B             ; reg_game_M[79]                  ; input  ; 2.5 V        ;                     ; Column I/O   ; N               ; no       ; Off          ;
; AH8      ; 113        ; 3B             ; reg_game_M[63]                  ; input  ; 2.5 V        ;                     ; Column I/O   ; N               ; no       ; Off          ;
; AH9      ; 84         ; 3B             ; reg_game_M[66]                  ; input  ; 2.5 V        ;                     ; Column I/O   ; N               ; no       ; Off          ;
; AH10     ; 118        ; 3B             ; reg_game_M[53]                  ; input  ; 2.5 V        ;                     ; Column I/O   ; N               ; no       ; Off          ;
; AH11     ;            ;                ; GND                             ; gnd    ;              ;                     ; --           ;                 ; --       ; --           ;
; AH12     ; 126        ; 3B             ; reg_game_M[48]                  ; input  ; 2.5 V        ;                     ; Column I/O   ; N               ; no       ; Off          ;
; AH13     ; 111        ; 3B             ; reg_game_M[55]                  ; input  ; 2.5 V        ;                     ; Column I/O   ; N               ; no       ; Off          ;
; AH14     ; 109        ; 3B             ; reg_game_M[73]                  ; input  ; 2.5 V        ;                     ; Column I/O   ; N               ; no       ; Off          ;
; AH15     ; 125        ; 3B             ; reg_game_M[54]                  ; input  ; 2.5 V        ;                     ; Column I/O   ; N               ; no       ; Off          ;
; AH16     ;            ; 4A             ; VCCIO4A                         ; power  ;              ; 2.5V                ; --           ;                 ; --       ; --           ;
; AH17     ; 147        ; 4A             ; reg_game_M[17]                  ; input  ; 2.5 V        ;                     ; Column I/O   ; N               ; no       ; Off          ;
; AH18     ; 145        ; 4A             ; reg_game_M[1]                   ; input  ; 2.5 V        ;                     ; Column I/O   ; N               ; no       ; Off          ;
; AH19     ; 148        ; 4A             ; reg_game_M[67]                  ; input  ; 2.5 V        ;                     ; Column I/O   ; N               ; no       ; Off          ;
; AH20     ; 141        ; 4A             ; reg_game_M[74]                  ; input  ; 2.5 V        ;                     ; Column I/O   ; N               ; no       ; Off          ;
; AH21     ;            ;                ; GND                             ; gnd    ;              ;                     ; --           ;                 ; --       ; --           ;
; AH22     ; 164        ; 4A             ; RESERVED_INPUT_WITH_WEAK_PULLUP ;        ;              ;                     ; Column I/O   ;                 ; no       ; On           ;
; AH23     ; 174        ; 4A             ; RESERVED_INPUT_WITH_WEAK_PULLUP ;        ;              ;                     ; Column I/O   ;                 ; no       ; On           ;
; AH24     ; 161        ; 4A             ; RESERVED_INPUT_WITH_WEAK_PULLUP ;        ;              ;                     ; Column I/O   ;                 ; no       ; On           ;
; AH25     ; 188        ; 4A             ; RESERVED_INPUT_WITH_WEAK_PULLUP ;        ;              ;                     ; Column I/O   ;                 ; no       ; On           ;
; AH26     ;            ; 4A             ; VCCIO4A                         ; power  ;              ; 2.5V                ; --           ;                 ; --       ; --           ;
; AH27     ; 201        ; 4A             ; RESERVED_INPUT_WITH_WEAK_PULLUP ;        ;              ;                     ; Column I/O   ;                 ; no       ; On           ;
; AH28     ; 214        ; 5A             ; RESERVED_INPUT_WITH_WEAK_PULLUP ;        ;              ;                     ; Row I/O      ;                 ; no       ; On           ;
; AH29     ; 218        ; 5A             ; RESERVED_INPUT_WITH_WEAK_PULLUP ;        ;              ;                     ; Row I/O      ;                 ; no       ; On           ;
; AH30     ; 241        ; 5A             ; RESERVED_INPUT_WITH_WEAK_PULLUP ;        ;              ;                     ; Row I/O      ;                 ; no       ; On           ;
; AJ1      ; 79         ; 3A             ; reg_game_M[10]                  ; input  ; 2.5 V        ;                     ; Column I/O   ; N               ; no       ; Off          ;
; AJ2      ; 77         ; 3A             ; reg_game_M[24]                  ; input  ; 2.5 V        ;                     ; Column I/O   ; N               ; no       ; Off          ;
; AJ3      ;            ;                ; GND                             ; gnd    ;              ;                     ; --           ;                 ; --       ; --           ;
; AJ4      ; 94         ; 3B             ; reg_game_M[70]                  ; input  ; 2.5 V        ;                     ; Column I/O   ; N               ; no       ; Off          ;
; AJ5      ; 99         ; 3B             ; reg_game_M[69]                  ; input  ; 2.5 V        ;                     ; Column I/O   ; N               ; no       ; Off          ;
; AJ6      ; 102        ; 3B             ; reg_game_M[58]                  ; input  ; 2.5 V        ;                     ; Column I/O   ; N               ; no       ; Off          ;
; AJ7      ; 100        ; 3B             ; reg_game_M[64]                  ; input  ; 2.5 V        ;                     ; Column I/O   ; N               ; no       ; Off          ;
; AJ8      ;            ; 3B             ; VCCIO3B                         ; power  ;              ; 2.5V                ; --           ;                 ; --       ; --           ;
; AJ9      ; 110        ; 3B             ; reg_game_M[81]                  ; input  ; 2.5 V        ;                     ; Column I/O   ; N               ; no       ; Off          ;
; AJ10     ; 116        ; 3B             ; reg_game_M[49]                  ; input  ; 2.5 V        ;                     ; Column I/O   ; N               ; no       ; Off          ;
; AJ11     ; 119        ; 3B             ; reg_game_M[41]                  ; input  ; 2.5 V        ;                     ; Column I/O   ; N               ; no       ; Off          ;
; AJ12     ; 124        ; 3B             ; reg_game_M[57]                  ; input  ; 2.5 V        ;                     ; Column I/O   ; N               ; no       ; Off          ;
; AJ13     ;            ; 3B             ; VCCIO3B                         ; power  ;              ; 2.5V                ; --           ;                 ; --       ; --           ;
; AJ14     ; 131        ; 3B             ; reg_game_M[34]                  ; input  ; 2.5 V        ;                     ; Column I/O   ; N               ; no       ; Off          ;
; AJ15     ;            ; 3B             ; VREFB3BN0                       ; power  ;              ;                     ; --           ;                 ; --       ; --           ;
; AJ16     ; 142        ; 4A             ; reg_game_M[19]                  ; input  ; 2.5 V        ;                     ; Column I/O   ; N               ; no       ; Off          ;
; AJ17     ; 151        ; 4A             ; reg_game_M[76]                  ; input  ; 2.5 V        ;                     ; Column I/O   ; N               ; no       ; Off          ;
; AJ18     ;            ;                ; GND                             ; gnd    ;              ;                     ; --           ;                 ; --       ; --           ;
; AJ19     ; 155        ; 4A             ; RESERVED_INPUT_WITH_WEAK_PULLUP ;        ;              ;                     ; Column I/O   ;                 ; no       ; On           ;
; AJ20     ; 158        ; 4A             ; reg_game_M[40]                  ; input  ; 2.5 V        ;                     ; Column I/O   ; N               ; no       ; Off          ;
; AJ21     ; 156        ; 4A             ; RESERVED_INPUT_WITH_WEAK_PULLUP ;        ;              ;                     ; Column I/O   ;                 ; no       ; On           ;
; AJ22     ; 172        ; 4A             ; RESERVED_INPUT_WITH_WEAK_PULLUP ;        ;              ;                     ; Column I/O   ;                 ; no       ; On           ;
; AJ23     ;            ; 4A             ; VCCIO4A                         ; power  ;              ; 2.5V                ; --           ;                 ; --       ; --           ;
; AJ24     ; 182        ; 4A             ; RESERVED_INPUT_WITH_WEAK_PULLUP ;        ;              ;                     ; Column I/O   ;                 ; no       ; On           ;
; AJ25     ; 180        ; 4A             ; RESERVED_INPUT_WITH_WEAK_PULLUP ;        ;              ;                     ; Column I/O   ;                 ; no       ; On           ;
; AJ26     ; 187        ; 4A             ; RESERVED_INPUT_WITH_WEAK_PULLUP ;        ;              ;                     ; Column I/O   ;                 ; no       ; On           ;
; AJ27     ; 195        ; 4A             ; RESERVED_INPUT_WITH_WEAK_PULLUP ;        ;              ;                     ; Column I/O   ;                 ; no       ; On           ;
; AJ28     ;            ;                ; GND                             ; gnd    ;              ;                     ; --           ;                 ; --       ; --           ;
; AJ29     ; 216        ; 5A             ; RESERVED_INPUT_WITH_WEAK_PULLUP ;        ;              ;                     ; Row I/O      ;                 ; no       ; On           ;
; AJ30     ;            ;                ; GND                             ; gnd    ;              ;                     ; --           ;                 ; --       ; --           ;
; AK2      ; 91         ; 3B             ; reg_jugada[4]                   ; input  ; 2.5 V        ;                     ; Column I/O   ; N               ; no       ; Off          ;
; AK3      ; 89         ; 3B             ; reg_jugada[0]                   ; input  ; 2.5 V        ;                     ; Column I/O   ; N               ; no       ; Off          ;
; AK4      ; 92         ; 3B             ; reg_game_M[7]                   ; input  ; 2.5 V        ;                     ; Column I/O   ; N               ; no       ; Off          ;
; AK5      ;            ;                ; GND                             ; gnd    ;              ;                     ; --           ;                 ; --       ; --           ;
; AK6      ; 97         ; 3B             ; reg_game_M[5]                   ; input  ; 2.5 V        ;                     ; Column I/O   ; N               ; no       ; Off          ;
; AK7      ; 107        ; 3B             ; reg_game_M[62]                  ; input  ; 2.5 V        ;                     ; Column I/O   ; N               ; no       ; Off          ;
; AK8      ; 105        ; 3B             ; reg_game_M[43]                  ; input  ; 2.5 V        ;                     ; Column I/O   ; N               ; no       ; Off          ;
; AK9      ; 108        ; 3B             ; reg_game_M[37]                  ; input  ; 2.5 V        ;                     ; Column I/O   ; N               ; no       ; Off          ;
; AK10     ;            ; 3B             ; VCCIO3B                         ; power  ;              ; 2.5V                ; --           ;                 ; --       ; --           ;
; AK11     ; 117        ; 3B             ; reg_game_M[21]                  ; input  ; 2.5 V        ;                     ; Column I/O   ; N               ; no       ; Off          ;
; AK12     ; 123        ; 3B             ; reg_game_M[33]                  ; input  ; 2.5 V        ;                     ; Column I/O   ; N               ; no       ; Off          ;
; AK13     ; 121        ; 3B             ; reg_game_M[61]                  ; input  ; 2.5 V        ;                     ; Column I/O   ; N               ; no       ; Off          ;
; AK14     ; 129        ; 3B             ; reg_game_M[60]                  ; input  ; 2.5 V        ;                     ; Column I/O   ; N               ; no       ; Off          ;
; AK15     ;            ;                ; GND                             ; gnd    ;              ;                     ; --           ;                 ; --       ; --           ;
; AK16     ; 140        ; 4A             ; reg_game_M[32]                  ; input  ; 2.5 V        ;                     ; Column I/O   ; N               ; no       ; Off          ;
; AK17     ;            ; 4A             ; VREFB4AN0                       ; power  ;              ;                     ; --           ;                 ; --       ; --           ;
; AK18     ; 149        ; 4A             ; RESERVED_INPUT_WITH_WEAK_PULLUP ;        ;              ;                     ; Column I/O   ;                 ; no       ; On           ;
; AK19     ; 153        ; 4A             ; reg_game_M[71]                  ; input  ; 2.5 V        ;                     ; Column I/O   ; N               ; no       ; Off          ;
; AK20     ;            ; 4A             ; VCCIO4A                         ; power  ;              ; 2.5V                ; --           ;                 ; --       ; --           ;
; AK21     ; 171        ; 4A             ; RESERVED_INPUT_WITH_WEAK_PULLUP ;        ;              ;                     ; Column I/O   ;                 ; no       ; On           ;
; AK22     ; 169        ; 4A             ; RESERVED_INPUT_WITH_WEAK_PULLUP ;        ;              ;                     ; Column I/O   ;                 ; no       ; On           ;
; AK23     ; 179        ; 4A             ; RESERVED_INPUT_WITH_WEAK_PULLUP ;        ;              ;                     ; Column I/O   ;                 ; no       ; On           ;
; AK24     ; 177        ; 4A             ; RESERVED_INPUT_WITH_WEAK_PULLUP ;        ;              ;                     ; Column I/O   ;                 ; no       ; On           ;
; AK25     ;            ;                ; GND                             ; gnd    ;              ;                     ; --           ;                 ; --       ; --           ;
; AK26     ; 185        ; 4A             ; RESERVED_INPUT_WITH_WEAK_PULLUP ;        ;              ;                     ; Column I/O   ;                 ; no       ; On           ;
; AK27     ; 193        ; 4A             ; RESERVED_INPUT_WITH_WEAK_PULLUP ;        ;              ;                     ; Column I/O   ;                 ; no       ; On           ;
; AK28     ; 198        ; 4A             ; RESERVED_INPUT_WITH_WEAK_PULLUP ;        ;              ;                     ; Column I/O   ;                 ; no       ; On           ;
; AK29     ; 196        ; 4A             ; RESERVED_INPUT_WITH_WEAK_PULLUP ;        ;              ;                     ; Column I/O   ;                 ; no       ; On           ;
; B1       ; 509        ; 8A             ; RESERVED_INPUT_WITH_WEAK_PULLUP ;        ;              ;                     ; Column I/O   ;                 ; no       ; On           ;
; B2       ; 507        ; 8A             ; RESERVED_INPUT_WITH_WEAK_PULLUP ;        ;              ;                     ; Column I/O   ;                 ; no       ; On           ;
; B3       ; 513        ; 8A             ; RESERVED_INPUT_WITH_WEAK_PULLUP ;        ;              ;                     ; Column I/O   ;                 ; no       ; On           ;
; B4       ;            ; 8A             ; VCCIO8A                         ; power  ;              ; 2.5V                ; --           ;                 ; --       ; --           ;
; B5       ; 512        ; 8A             ; RESERVED_INPUT_WITH_WEAK_PULLUP ;        ;              ;                     ; Column I/O   ;                 ; no       ; On           ;
; B6       ; 510        ; 8A             ; RESERVED_INPUT_WITH_WEAK_PULLUP ;        ;              ;                     ; Column I/O   ;                 ; no       ; On           ;
; B7       ; 477        ; 8A             ; RESERVED_INPUT_WITH_WEAK_PULLUP ;        ;              ;                     ; Column I/O   ;                 ; no       ; On           ;
; B8       ; 481        ; 8A             ; RESERVED_INPUT_WITH_WEAK_PULLUP ;        ;              ;                     ; Column I/O   ;                 ; no       ; On           ;
; B9       ;            ;                ; GND                             ; gnd    ;              ;                     ; --           ;                 ; --       ; --           ;
; B10      ;            ; 8A             ; VREFB8AN0                       ; power  ;              ;                     ; --           ;                 ; --       ; --           ;
; B11      ; 469        ; 8A             ; RESERVED_INPUT_WITH_WEAK_PULLUP ;        ;              ;                     ; Column I/O   ;                 ; no       ; On           ;
; B12      ; 464        ; 8A             ; RESERVED_INPUT_WITH_WEAK_PULLUP ;        ;              ;                     ; Column I/O   ;                 ; no       ; On           ;
; B13      ; 459        ; 8A             ; RESERVED_INPUT_WITH_WEAK_PULLUP ;        ;              ;                     ; Column I/O   ;                 ; no       ; On           ;
; B14      ;            ;                ; GND                             ; gnd    ;              ;                     ; --           ;                 ; --       ; --           ;
; B15      ; 451        ; 7D             ; RESERVED_INPUT_WITH_WEAK_PULLUP ;        ;              ;                     ; Column I/O   ;                 ; no       ; On           ;
; B16      ; 441        ; 7C             ; RESERVED_INPUT_WITH_WEAK_PULLUP ;        ;              ;                     ; Column I/O   ;                 ; no       ; On           ;
; B17      ; 431        ; 7C             ; RESERVED_INPUT_WITH_WEAK_PULLUP ;        ;              ;                     ; Column I/O   ;                 ; no       ; On           ;
; B18      ; 418        ; 7B             ; RESERVED_INPUT_WITH_WEAK_PULLUP ;        ;              ;                     ; Column I/O   ;                 ; no       ; On           ;
; B19      ;            ;                ; GND                             ; gnd    ;              ;                     ; --           ;                 ; --       ; --           ;
; B20      ; 417        ; 7B             ; RESERVED_INPUT_WITH_WEAK_PULLUP ;        ;              ;                     ; Column I/O   ;                 ; no       ; On           ;
; B21      ; 413        ; 7B             ; RESERVED_INPUT_WITH_WEAK_PULLUP ;        ;              ;                     ; Column I/O   ;                 ; no       ; On           ;
; B22      ; 399        ; 7A             ; RESERVED_INPUT_WITH_WEAK_PULLUP ;        ;              ;                     ; Column I/O   ;                 ; no       ; On           ;
; B23      ; 397        ; 7A             ; RESERVED_INPUT_WITH_WEAK_PULLUP ;        ;              ;                     ; Column I/O   ;                 ; no       ; On           ;
; B24      ;            ;                ; GND                             ; gnd    ;              ;                     ; --           ;                 ; --       ; --           ;
; B25      ; 387        ; 7A             ; RESERVED_INPUT_WITH_WEAK_PULLUP ;        ;              ;                     ; Column I/O   ;                 ; no       ; On           ;
; B26      ; 386        ; 7A             ; RESERVED_INPUT_WITH_WEAK_PULLUP ;        ;              ;                     ; Column I/O   ;                 ; no       ; On           ;
; B27      ; 381        ; 7A             ; ^HPS_TDI                        ;        ;              ;                     ; --           ;                 ; --       ; --           ;
; B28      ; 376        ; 7A             ; ^HPS_TDO                        ;        ;              ;                     ; --           ;                 ; --       ; --           ;
; B29      ;            ;                ; GND                             ; gnd    ;              ;                     ; --           ;                 ; --       ; --           ;
; B30      ; 365        ; 6A             ; RESERVED_INPUT_WITH_WEAK_PULLUP ;        ;              ;                     ; Row I/O      ;                 ; no       ; On           ;
; C1       ;            ;                ; GND                             ; gnd    ;              ;                     ; --           ;                 ; --       ; --           ;
; C2       ; 517        ; 8A             ; RESERVED_INPUT_WITH_WEAK_PULLUP ;        ;              ;                     ; Column I/O   ;                 ; no       ; On           ;
; C3       ; 511        ; 8A             ; RESERVED_INPUT_WITH_WEAK_PULLUP ;        ;              ;                     ; Column I/O   ;                 ; no       ; On           ;
; C4       ; 501        ; 8A             ; RESERVED_INPUT_WITH_WEAK_PULLUP ;        ;              ;                     ; Column I/O   ;                 ; no       ; On           ;
; C5       ; 497        ; 8A             ; RESERVED_INPUT_WITH_WEAK_PULLUP ;        ;              ;                     ; Column I/O   ;                 ; no       ; On           ;
; C6       ;            ;                ; GND                             ; gnd    ;              ;                     ; --           ;                 ; --       ; --           ;
; C7       ; 475        ; 8A             ; RESERVED_INPUT_WITH_WEAK_PULLUP ;        ;              ;                     ; Column I/O   ;                 ; no       ; On           ;
; C8       ; 479        ; 8A             ; RESERVED_INPUT_WITH_WEAK_PULLUP ;        ;              ;                     ; Column I/O   ;                 ; no       ; On           ;
; C9       ; 485        ; 8A             ; RESERVED_INPUT_WITH_WEAK_PULLUP ;        ;              ;                     ; Column I/O   ;                 ; no       ; On           ;
; C10      ; 483        ; 8A             ; RESERVED_INPUT_WITH_WEAK_PULLUP ;        ;              ;                     ; Column I/O   ;                 ; no       ; On           ;
; C11      ;            ; 8A             ; VCCIO8A                         ; power  ;              ; 2.5V                ; --           ;                 ; --       ; --           ;
; C12      ; 467        ; 8A             ; RESERVED_INPUT_WITH_WEAK_PULLUP ;        ;              ;                     ; Column I/O   ;                 ; no       ; On           ;
; C13      ; 462        ; 8A             ; RESERVED_INPUT_WITH_WEAK_PULLUP ;        ;              ;                     ; Column I/O   ;                 ; no       ; On           ;
; C14      ; 448        ; 7D             ; RESERVED_INPUT_WITH_WEAK_PULLUP ;        ;              ;                     ; Column I/O   ;                 ; no       ; On           ;
; C15      ; 453        ; 7D             ; RESERVED_INPUT_WITH_WEAK_PULLUP ;        ;              ;                     ; Column I/O   ;                 ; no       ; On           ;
; C16      ;            ;                ; GND                             ; gnd    ;              ;                     ; --           ;                 ; --       ; --           ;
; C17      ; 433        ; 7C             ; RESERVED_INPUT_WITH_WEAK_PULLUP ;        ;              ;                     ; Column I/O   ;                 ; no       ; On           ;
; C18      ; 435        ; 7C             ; RESERVED_INPUT_WITH_WEAK_PULLUP ;        ;              ;                     ; Column I/O   ;                 ; no       ; On           ;
; C19      ; 427        ; 7B             ; RESERVED_INPUT_WITH_WEAK_PULLUP ;        ;              ;                     ; Column I/O   ;                 ; no       ; On           ;
; C20      ; 421        ; 7B             ; RESERVED_INPUT_WITH_WEAK_PULLUP ;        ;              ;                     ; Column I/O   ;                 ; no       ; On           ;
; C21      ;            ;                ; GND                             ; gnd    ;              ;                     ; --           ;                 ; --       ; --           ;
; C22      ; 396        ; 7A             ; RESERVED_INPUT_WITH_WEAK_PULLUP ;        ;              ;                     ; Column I/O   ;                 ; no       ; On           ;
; C23      ; 401        ; 7A             ; RESERVED_INPUT_WITH_WEAK_PULLUP ;        ;              ;                     ; Column I/O   ;                 ; no       ; On           ;
; C24      ; 393        ; 7A             ; RESERVED_INPUT_WITH_WEAK_PULLUP ;        ;              ;                     ; Column I/O   ;                 ; no       ; On           ;
; C25      ; 388        ; 7A             ; RESERVED_INPUT_WITH_WEAK_PULLUP ;        ;              ;                     ; Column I/O   ;                 ; no       ; On           ;
; C26      ;            ;                ; GND                             ; gnd    ;              ;                     ; --           ;                 ; --       ; --           ;
; C27      ; 374        ; 7A             ; ^HPS_nRST                       ;        ;              ;                     ; --           ;                 ; --       ; --           ;
; C28      ; 369        ; 6A             ; RESERVED_INPUT_WITH_WEAK_PULLUP ;        ;              ;                     ; Row I/O      ;                 ; no       ; On           ;
; C29      ; 367        ; 6A             ; RESERVED_INPUT_WITH_WEAK_PULLUP ;        ;              ;                     ; Row I/O      ;                 ; no       ; On           ;
; C30      ; 363        ; 6A             ; RESERVED_INPUT_WITH_WEAK_PULLUP ;        ;              ;                     ; Row I/O      ;                 ; no       ; On           ;
; D1       ; 529        ; 8A             ; RESERVED_INPUT_WITH_WEAK_PULLUP ;        ;              ;                     ; Column I/O   ;                 ; no       ; On           ;
; D2       ; 515        ; 8A             ; RESERVED_INPUT_WITH_WEAK_PULLUP ;        ;              ;                     ; Column I/O   ;                 ; no       ; On           ;
; D3       ;            ;                ; GND                             ; gnd    ;              ;                     ; --           ;                 ; --       ; --           ;
; D4       ; 521        ; 8A             ; RESERVED_INPUT_WITH_WEAK_PULLUP ;        ;              ;                     ; Column I/O   ;                 ; no       ; On           ;
; D5       ; 499        ; 8A             ; RESERVED_INPUT_WITH_WEAK_PULLUP ;        ;              ;                     ; Column I/O   ;                 ; no       ; On           ;
; D6       ; 495        ; 8A             ; RESERVED_INPUT_WITH_WEAK_PULLUP ;        ;              ;                     ; Column I/O   ;                 ; no       ; On           ;
; D7       ; 505        ; 8A             ; RESERVED_INPUT_WITH_WEAK_PULLUP ;        ;              ;                     ; Column I/O   ;                 ; no       ; On           ;
; D8       ;            ; 8A             ; VCCIO8A                         ; power  ;              ; 2.5V                ; --           ;                 ; --       ; --           ;
; D9       ; 480        ; 8A             ; RESERVED_INPUT_WITH_WEAK_PULLUP ;        ;              ;                     ; Column I/O   ;                 ; no       ; On           ;
; D10      ; 472        ; 8A             ; RESERVED_INPUT_WITH_WEAK_PULLUP ;        ;              ;                     ; Column I/O   ;                 ; no       ; On           ;
; D11      ; 470        ; 8A             ; RESERVED_INPUT_WITH_WEAK_PULLUP ;        ;              ;                     ; Column I/O   ;                 ; no       ; On           ;
; D12      ; 496        ; 8A             ; RESERVED_INPUT_WITH_WEAK_PULLUP ;        ;              ;                     ; Column I/O   ;                 ; no       ; On           ;
; D13      ;            ;                ; GND                             ; gnd    ;              ;                     ; --           ;                 ; --       ; --           ;
; D14      ; 446        ; 7D             ; RESERVED_INPUT_WITH_WEAK_PULLUP ;        ;              ;                     ; Column I/O   ;                 ; no       ; On           ;
; D15      ; 449        ; 7D             ; RESERVED_INPUT_WITH_WEAK_PULLUP ;        ;              ;                     ; Column I/O   ;                 ; no       ; On           ;
; D16      ; 445        ; 7D             ; RESERVED_INPUT_WITH_WEAK_PULLUP ;        ;              ;                     ; Column I/O   ;                 ; no       ; On           ;
; D17      ; 440        ; 7C             ; RESERVED_INPUT_WITH_WEAK_PULLUP ;        ;              ;                     ; Column I/O   ;                 ; no       ; On           ;
; D18      ;            ; 7C             ; VCCIO7C_HPS                     ; power  ;              ; 2.5V                ; --           ;                 ; --       ; --           ;
; D19      ; 426        ; 7B             ; RESERVED_INPUT_WITH_WEAK_PULLUP ;        ;              ;                     ; Column I/O   ;                 ; no       ; On           ;
; D20      ; 420        ; 7B             ; RESERVED_INPUT_WITH_WEAK_PULLUP ;        ;              ;                     ; Column I/O   ;                 ; no       ; On           ;
; D21      ; 419        ; 7B             ; RESERVED_INPUT_WITH_WEAK_PULLUP ;        ;              ;                     ; Column I/O   ;                 ; no       ; On           ;
; D22      ; 402        ; 7A             ; RESERVED_INPUT_WITH_WEAK_PULLUP ;        ;              ;                     ; Column I/O   ;                 ; no       ; On           ;
; D23      ;            ;                ; GND                             ; gnd    ;              ;                     ; --           ;                 ; --       ; --           ;
; D24      ; 404        ; 7A             ; RESERVED_INPUT_WITH_WEAK_PULLUP ;        ;              ;                     ; Column I/O   ;                 ; no       ; On           ;
; D25      ; 384        ; 7A             ; ^HPS_CLK1                       ;        ;              ;                     ; --           ;                 ; --       ; --           ;
; D26      ; 373        ; 7A             ; ^GND                            ;        ;              ;                     ; --           ;                 ; --       ; --           ;
; D27      ; 371        ; 6A             ; HPS_RZQ_0                       ;        ;              ;                     ; --           ;                 ; no       ; On           ;
; D28      ;            ; 6A             ; VCCIO6A_HPS                     ; power  ;              ; 2.5V                ; --           ;                 ; --       ; --           ;
; D29      ; 361        ; 6A             ; RESERVED_INPUT_WITH_WEAK_PULLUP ;        ;              ;                     ; Row I/O      ;                 ; no       ; On           ;
; D30      ; 359        ; 6A             ; RESERVED_INPUT_WITH_WEAK_PULLUP ;        ;              ;                     ; Row I/O      ;                 ; no       ; On           ;
; E1       ; 527        ; 8A             ; RESERVED_INPUT_WITH_WEAK_PULLUP ;        ;              ;                     ; Column I/O   ;                 ; no       ; On           ;
; E2       ; 525        ; 8A             ; RESERVED_INPUT_WITH_WEAK_PULLUP ;        ;              ;                     ; Column I/O   ;                 ; no       ; On           ;
; E3       ; 523        ; 8A             ; RESERVED_INPUT_WITH_WEAK_PULLUP ;        ;              ;                     ; Column I/O   ;                 ; no       ; On           ;
; E4       ; 519        ; 8A             ; RESERVED_INPUT_WITH_WEAK_PULLUP ;        ;              ;                     ; Column I/O   ;                 ; no       ; On           ;
; E5       ;            ; 8A             ; VCCIO8A                         ; power  ;              ; 2.5V                ; --           ;                 ; --       ; --           ;
; E6       ; 533        ; 8A             ; RESERVED_INPUT_WITH_WEAK_PULLUP ;        ;              ;                     ; Column I/O   ;                 ; no       ; On           ;
; E7       ; 531        ; 8A             ; RESERVED_INPUT_WITH_WEAK_PULLUP ;        ;              ;                     ; Column I/O   ;                 ; no       ; On           ;
; E8       ; 503        ; 8A             ; RESERVED_INPUT_WITH_WEAK_PULLUP ;        ;              ;                     ; Column I/O   ;                 ; no       ; On           ;
; E9       ; 478        ; 8A             ; RESERVED_INPUT_WITH_WEAK_PULLUP ;        ;              ;                     ; Column I/O   ;                 ; no       ; On           ;
; E10      ;            ;                ; GND                             ; gnd    ;              ;                     ; --           ;                 ; --       ; --           ;
; E11      ; 504        ; 8A             ; RESERVED_INPUT_WITH_WEAK_PULLUP ;        ;              ;                     ; Column I/O   ;                 ; no       ; On           ;
; E12      ; 494        ; 8A             ; RESERVED_INPUT_WITH_WEAK_PULLUP ;        ;              ;                     ; Column I/O   ;                 ; no       ; On           ;
; E13      ; 488        ; 8A             ; RESERVED_INPUT_WITH_WEAK_PULLUP ;        ;              ;                     ; Column I/O   ;                 ; no       ; On           ;
; E14      ; 454        ; 7D             ; RESERVED_INPUT_WITH_WEAK_PULLUP ;        ;              ;                     ; Column I/O   ;                 ; no       ; On           ;
; E15      ;            ; 7D             ; VCCIO7D_HPS                     ; power  ;              ; 2.5V                ; --           ;                 ; --       ; --           ;
; E16      ; 443        ; 7D             ; RESERVED_INPUT_WITH_WEAK_PULLUP ;        ;              ;                     ; Column I/O   ;                 ; no       ; On           ;
; E17      ; 438        ; 7C             ; RESERVED_INPUT_WITH_WEAK_PULLUP ;        ;              ;                     ; Column I/O   ;                 ; no       ; On           ;
; E18      ; 437        ; 7C             ; RESERVED_INPUT_WITH_WEAK_PULLUP ;        ;              ;                     ; Column I/O   ;                 ; no       ; On           ;
; E19      ; 424        ; 7B             ; RESERVED_INPUT_WITH_WEAK_PULLUP ;        ;              ;                     ; Column I/O   ;                 ; no       ; On           ;
; E20      ;            ; 7B             ; VCCIO7B_HPS                     ; power  ;              ; 2.5V                ; --           ;                 ; --       ; --           ;
; E21      ; 412        ; 7B             ; RESERVED_INPUT_WITH_WEAK_PULLUP ;        ;              ;                     ; Column I/O   ;                 ; no       ; On           ;
; E22      ;            ; 7A, 7B, 7C, 7D ; VREFB7A7B7C7DN0_HPS             ; power  ;              ;                     ; --           ;                 ; --       ; --           ;
; E23      ; 394        ; 7A             ; RESERVED_INPUT_WITH_WEAK_PULLUP ;        ;              ;                     ; Column I/O   ;                 ; no       ; On           ;
; E24      ; 403        ; 7A             ; RESERVED_INPUT_WITH_WEAK_PULLUP ;        ;              ;                     ; Column I/O   ;                 ; no       ; On           ;
; E25      ;            ;                ; GND                             ; gnd    ;              ;                     ; --           ;                 ; --       ; --           ;
; E26      ;            ;                ; DNU                             ;        ;              ;                     ; --           ;                 ; --       ; --           ;
; E27      ; 357        ; 6A             ; RESERVED_INPUT_WITH_WEAK_PULLUP ;        ;              ;                     ; Row I/O      ;                 ; no       ; On           ;
; E28      ; 351        ; 6A             ; RESERVED_INPUT_WITH_WEAK_PULLUP ;        ;              ;                     ; Row I/O      ;                 ; no       ; On           ;
; E29      ; 353        ; 6A             ; RESERVED_INPUT_WITH_WEAK_PULLUP ;        ;              ;                     ; Row I/O      ;                 ; no       ; On           ;
; E30      ;            ;                ; GND                             ; gnd    ;              ;                     ; --           ;                 ; --       ; --           ;
; F1       ;            ;                ; DNU                             ;        ;              ;                     ; --           ;                 ; --       ; --           ;
; F2       ;            ;                ; GND                             ; gnd    ;              ;                     ; --           ;                 ; --       ; --           ;
; F3       ; 539        ; 9A             ; ^CONF_DONE                      ;        ;              ;                     ; --           ;                 ; --       ; --           ;
; F4       ; 541        ; 9A             ; ^nSTATUS                        ;        ;              ;                     ; --           ;                 ; --       ; --           ;
; F5       ;            ;                ; GND                             ; gnd    ;              ;                     ; --           ;                 ; --       ; --           ;
; F6       ; 537        ; 8A             ; RESERVED_INPUT_WITH_WEAK_PULLUP ;        ;              ;                     ; Column I/O   ;                 ; no       ; On           ;
; F7       ;            ;                ; GND                             ; gnd    ;              ;                     ; --           ;                 ; --       ; --           ;
; F8       ; 536        ; 8A             ; RESERVED_INPUT_WITH_WEAK_PULLUP ;        ;              ;                     ; Column I/O   ;                 ; no       ; On           ;
; F9       ; 534        ; 8A             ; RESERVED_INPUT_WITH_WEAK_PULLUP ;        ;              ;                     ; Column I/O   ;                 ; no       ; On           ;
; F10      ; 528        ; 8A             ; RESERVED_INPUT_WITH_WEAK_PULLUP ;        ;              ;                     ; Column I/O   ;                 ; no       ; On           ;
; F11      ; 502        ; 8A             ; RESERVED_INPUT_WITH_WEAK_PULLUP ;        ;              ;                     ; Column I/O   ;                 ; no       ; On           ;
; F12      ;            ; 8A             ; VCCIO8A                         ; power  ;              ; 2.5V                ; --           ;                 ; --       ; --           ;
; F13      ; 486        ; 8A             ; RESERVED_INPUT_WITH_WEAK_PULLUP ;        ;              ;                     ; Column I/O   ;                 ; no       ; On           ;
; F14      ; 468        ; 8A             ; RESERVED_INPUT_WITH_WEAK_PULLUP ;        ;              ;                     ; Column I/O   ;                 ; no       ; On           ;
; F15      ; 466        ; 8A             ; RESERVED_INPUT_WITH_WEAK_PULLUP ;        ;              ;                     ; Column I/O   ;                 ; no       ; On           ;
; F16      ; 442        ; 7D             ; RESERVED_INPUT_WITH_WEAK_PULLUP ;        ;              ;                     ; Column I/O   ;                 ; no       ; On           ;
; F17      ;            ;                ; GND                             ; gnd    ;              ;                     ; --           ;                 ; --       ; --           ;
; F18      ; 430        ; 7C             ; RESERVED_INPUT_WITH_WEAK_PULLUP ;        ;              ;                     ; Column I/O   ;                 ; no       ; On           ;
; F19      ; 410        ; 7B             ; RESERVED_INPUT_WITH_WEAK_PULLUP ;        ;              ;                     ; Column I/O   ;                 ; no       ; On           ;
; F20      ; 407        ; 7B             ; RESERVED_INPUT_WITH_WEAK_PULLUP ;        ;              ;                     ; Column I/O   ;                 ; no       ; On           ;
; F21      ; 409        ; 7B             ; RESERVED_INPUT_WITH_WEAK_PULLUP ;        ;              ;                     ; Column I/O   ;                 ; no       ; On           ;
; F22      ;            ; 7A             ; VCCIO7A_HPS                     ; power  ;              ; 2.5V                ; --           ;                 ; --       ; --           ;
; F23      ; 375        ; 7A             ; ^HPS_nPOR                       ;        ;              ;                     ; --           ;                 ; --       ; --           ;
; F24      ; 383        ; 7A             ; ^HPS_PORSEL                     ;        ;              ;                     ; --           ;                 ; --       ; --           ;
; F25      ; 385        ; 7A             ; ^HPS_CLK2                       ;        ;              ;                     ; --           ;                 ; --       ; --           ;
; F26      ; 341        ; 6A             ; RESERVED_INPUT_WITH_WEAK_PULLUP ;        ;              ;                     ; Row I/O      ;                 ; no       ; On           ;
; F27      ;            ;                ; GND                             ; gnd    ;              ;                     ; --           ;                 ; --       ; --           ;
; F28      ; 345        ; 6A             ; RESERVED_INPUT_WITH_WEAK_PULLUP ;        ;              ;                     ; Row I/O      ;                 ; no       ; On           ;
; F29      ; 349        ; 6A             ; RESERVED_INPUT_WITH_WEAK_PULLUP ;        ;              ;                     ; Row I/O      ;                 ; no       ; On           ;
; F30      ; 347        ; 6A             ; RESERVED_INPUT_WITH_WEAK_PULLUP ;        ;              ;                     ; Row I/O      ;                 ; no       ; On           ;
; G1       ;            ;                ; RREF                            ;        ;              ;                     ; --           ;                 ; --       ; --           ;
; G2       ;            ;                ; DNU                             ;        ;              ;                     ; --           ;                 ; --       ; --           ;
; G3       ;            ;                ; GND                             ; gnd    ;              ;                     ; --           ;                 ; --       ; --           ;
; G4       ;            ;                ; GND                             ; gnd    ;              ;                     ; --           ;                 ; --       ; --           ;
; G5       ; 542        ; 9A             ; ^nCE                            ;        ;              ;                     ; --           ;                 ; --       ; --           ;
; G6       ; 543        ; 9A             ; ^MSEL2                          ;        ;              ;                     ; --           ;                 ; --       ; --           ;
; G7       ; 535        ; 8A             ; RESERVED_INPUT_WITH_WEAK_PULLUP ;        ;              ;                     ; Column I/O   ;                 ; no       ; On           ;
; G8       ; 492        ; 8A             ; RESERVED_INPUT_WITH_WEAK_PULLUP ;        ;              ;                     ; Column I/O   ;                 ; no       ; On           ;
; G9       ;            ; 8A             ; VCCIO8A                         ; power  ;              ; 2.5V                ; --           ;                 ; --       ; --           ;
; G10      ; 526        ; 8A             ; RESERVED_INPUT_WITH_WEAK_PULLUP ;        ;              ;                     ; Column I/O   ;                 ; no       ; On           ;
; G11      ; 520        ; 8A             ; RESERVED_INPUT_WITH_WEAK_PULLUP ;        ;              ;                     ; Column I/O   ;                 ; no       ; On           ;
; G12      ; 518        ; 8A             ; RESERVED_INPUT_WITH_WEAK_PULLUP ;        ;              ;                     ; Column I/O   ;                 ; no       ; On           ;
; G13      ; 484        ; 8A             ; RESERVED_INPUT_WITH_WEAK_PULLUP ;        ;              ;                     ; Column I/O   ;                 ; no       ; On           ;
; G14      ;            ; 8A             ; VCCIO8A                         ; power  ;              ; 2.5V                ; --           ;                 ; --       ; --           ;
; G15      ; 460        ; 8A             ; RESERVED_INPUT_WITH_WEAK_PULLUP ;        ;              ;                     ; Column I/O   ;                 ; no       ; On           ;
; G16      ; 444        ; 7D             ; RESERVED_INPUT_WITH_WEAK_PULLUP ;        ;              ;                     ; Column I/O   ;                 ; no       ; On           ;
; G17      ; 436        ; 7C             ; RESERVED_INPUT_WITH_WEAK_PULLUP ;        ;              ;                     ; Column I/O   ;                 ; no       ; On           ;
; G18      ; 432        ; 7C             ; RESERVED_INPUT_WITH_WEAK_PULLUP ;        ;              ;                     ; Column I/O   ;                 ; no       ; On           ;
; G19      ;            ; 7B             ; VCCIO7B_HPS                     ; power  ;              ; 2.5V                ; --           ;                 ; --       ; --           ;
; G20      ; 416        ; 7B             ; RESERVED_INPUT_WITH_WEAK_PULLUP ;        ;              ;                     ; Column I/O   ;                 ; no       ; On           ;
; G21      ; 392        ; 7A             ; RESERVED_INPUT_WITH_WEAK_PULLUP ;        ;              ;                     ; Column I/O   ;                 ; no       ; On           ;
; G22      ; 400        ; 7A             ; RESERVED_INPUT_WITH_WEAK_PULLUP ;        ;              ;                     ; Column I/O   ;                 ; no       ; On           ;
; G23      ; 377        ; 7A             ; ^VCCRSTCLK_HPS                  ;        ;              ;                     ; --           ;                 ; --       ; --           ;
; G24      ;            ;                ; GND                             ; gnd    ;              ;                     ; --           ;                 ; --       ; --           ;
; G25      ; 370        ; 6A             ; RESERVED_INPUT_WITH_WEAK_PULLUP ;        ;              ;                     ; Row I/O      ;                 ; no       ; On           ;
; G26      ; 362        ; 6A             ; RESERVED_INPUT_WITH_WEAK_PULLUP ;        ;              ;                     ; Row I/O      ;                 ; no       ; On           ;
; G27      ; 339        ; 6A             ; RESERVED_INPUT_WITH_WEAK_PULLUP ;        ;              ;                     ; Row I/O      ;                 ; --       ; --           ;
; G28      ; 335        ; 6A             ; RESERVED_INPUT_WITH_WEAK_PULLUP ;        ;              ;                     ; Row I/O      ;                 ; no       ; On           ;
; G29      ;            ; 6A             ; VCCIO6A_HPS                     ; power  ;              ; 2.5V                ; --           ;                 ; --       ; --           ;
; G30      ; 343        ; 6A             ; RESERVED_INPUT_WITH_WEAK_PULLUP ;        ;              ;                     ; Row I/O      ;                 ; no       ; On           ;
; H1       ;            ;                ; GND                             ; gnd    ;              ;                     ; --           ;                 ; --       ; --           ;
; H2       ;            ;                ; GND                             ; gnd    ;              ;                     ; --           ;                 ; --       ; --           ;
; H3       ; 0          ; B2L            ; GXB_NC                          ;        ;              ;                     ; --           ;                 ; --       ; --           ;
; H4       ; 1          ; B2L            ; GXB_NC                          ;        ;              ;                     ; --           ;                 ; --       ; --           ;
; H5       ;            ;                ; GND                             ; gnd    ;              ;                     ; --           ;                 ; --       ; --           ;
; H6       ;            ; 8A             ; VCCIO8A                         ; power  ;              ; 2.5V                ; --           ;                 ; --       ; --           ;
; H7       ; 508        ; 8A             ; RESERVED_INPUT_WITH_WEAK_PULLUP ;        ;              ;                     ; Column I/O   ;                 ; no       ; On           ;
; H8       ; 490        ; 8A             ; RESERVED_INPUT_WITH_WEAK_PULLUP ;        ;              ;                     ; Column I/O   ;                 ; no       ; On           ;
; H9       ;            ; --             ; VCCBAT                          ; power  ;              ; 1.2V                ; --           ;                 ; --       ; --           ;
; H10      ;            ; --             ; VCC_AUX                         ; power  ;              ; 2.5V                ; --           ;                 ; --       ; --           ;
; H11      ;            ;                ; GND                             ; gnd    ;              ;                     ; --           ;                 ; --       ; --           ;
; H12      ; 500        ; 8A             ; RESERVED_INPUT_WITH_WEAK_PULLUP ;        ;              ;                     ; Column I/O   ;                 ; no       ; On           ;
; H13      ; 498        ; 8A             ; RESERVED_INPUT_WITH_WEAK_PULLUP ;        ;              ;                     ; Column I/O   ;                 ; no       ; On           ;
; H14      ; 482        ; 8A             ; RESERVED_INPUT_WITH_WEAK_PULLUP ;        ;              ;                     ; Column I/O   ;                 ; no       ; On           ;
; H15      ; 458        ; 8A             ; RESERVED_INPUT_WITH_WEAK_PULLUP ;        ;              ;                     ; Column I/O   ;                 ; no       ; On           ;
; H16      ;            ; 7D             ; VCCIO7D_HPS                     ; power  ;              ; 2.5V                ; --           ;                 ; --       ; --           ;
; H17      ; 434        ; 7C             ; RESERVED_INPUT_WITH_WEAK_PULLUP ;        ;              ;                     ; Column I/O   ;                 ; no       ; On           ;
; H18      ; 422        ; 7B             ; RESERVED_INPUT_WITH_WEAK_PULLUP ;        ;              ;                     ; Column I/O   ;                 ; no       ; On           ;
; H19      ; 406        ; 7B             ; RESERVED_INPUT_WITH_WEAK_PULLUP ;        ;              ;                     ; Column I/O   ;                 ; no       ; On           ;
; H20      ; 398        ; 7A             ; RESERVED_INPUT_WITH_WEAK_PULLUP ;        ;              ;                     ; Column I/O   ;                 ; no       ; On           ;
; H21      ;            ; 7A             ; VCCIO7A_HPS                     ; power  ;              ; 2.5V                ; --           ;                 ; --       ; --           ;
; H22      ; 379        ; 7A             ; ^HPS_TCK                        ;        ;              ;                     ; --           ;                 ; --       ; --           ;
; H23      ; 390        ; 7A             ; RESERVED_INPUT_WITH_WEAK_PULLUP ;        ;              ;                     ; Column I/O   ;                 ; no       ; On           ;
; H24      ; 364        ; 6A             ; RESERVED_INPUT_WITH_WEAK_PULLUP ;        ;              ;                     ; Row I/O      ;                 ; no       ; On           ;
; H25      ; 368        ; 6A             ; RESERVED_INPUT_WITH_WEAK_PULLUP ;        ;              ;                     ; Row I/O      ;                 ; no       ; On           ;
; H26      ;            ; 6A             ; VCCIO6A_HPS                     ; power  ;              ; 2.5V                ; --           ;                 ; --       ; --           ;
; H27      ; 360        ; 6A             ; RESERVED_INPUT_WITH_WEAK_PULLUP ;        ;              ;                     ; Row I/O      ;                 ; no       ; On           ;
; H28      ; 333        ; 6A             ; RESERVED_INPUT_WITH_WEAK_PULLUP ;        ;              ;                     ; Row I/O      ;                 ; no       ; On           ;
; H29      ; 331        ; 6A             ; RESERVED_INPUT_WITH_WEAK_PULLUP ;        ;              ;                     ; Row I/O      ;                 ; no       ; On           ;
; H30      ; 337        ; 6A             ; RESERVED_INPUT_WITH_WEAK_PULLUP ;        ;              ;                     ; Row I/O      ;                 ; no       ; On           ;
; J1       ; 3          ; B2L            ; GND                             ;        ;              ;                     ; --           ;                 ; --       ; --           ;
; J2       ; 2          ; B2L            ; GND                             ;        ;              ;                     ; --           ;                 ; --       ; --           ;
; J3       ;            ;                ; GND                             ; gnd    ;              ;                     ; --           ;                 ; --       ; --           ;
; J4       ;            ;                ; GND                             ; gnd    ;              ;                     ; --           ;                 ; --       ; --           ;
; J5       ; 545        ; 9A             ; ^nCONFIG                        ;        ;              ;                     ; --           ;                 ; --       ; --           ;
; J6       ; 547        ; 9A             ; ^GND                            ;        ;              ;                     ; --           ;                 ; --       ; --           ;
; J7       ; 506        ; 8A             ; RESERVED_INPUT_WITH_WEAK_PULLUP ;        ;              ;                     ; Column I/O   ;                 ; no       ; On           ;
; J8       ;            ;                ; GND                             ; gnd    ;              ;                     ; --           ;                 ; --       ; --           ;
; J9       ; 532        ; 8A             ; RESERVED_INPUT_WITH_WEAK_PULLUP ;        ;              ;                     ; Column I/O   ;                 ; no       ; On           ;
; J10      ; 530        ; 8A             ; RESERVED_INPUT_WITH_WEAK_PULLUP ;        ;              ;                     ; Column I/O   ;                 ; no       ; On           ;
; J11      ;            ; --             ; VCCPGM                          ; power  ;              ; 1.8V/2.5V/3.0V/3.3V ; --           ;                 ; --       ; --           ;
; J12      ; 516        ; 8A             ; RESERVED_INPUT_WITH_WEAK_PULLUP ;        ;              ;                     ; Column I/O   ;                 ; no       ; On           ;
; J13      ;            ; 8A             ; VCCIO8A                         ; power  ;              ; 2.5V                ; --           ;                 ; --       ; --           ;
; J14      ; 476        ; 8A             ; RESERVED_INPUT_WITH_WEAK_PULLUP ;        ;              ;                     ; Column I/O   ;                 ; no       ; On           ;
; J15      ;            ;                ; DNU                             ;        ;              ;                     ; --           ;                 ; --       ; --           ;
; J16      ;            ; --             ; VCC_AUX                         ; power  ;              ; 2.5V                ; --           ;                 ; --       ; --           ;
; J17      ;            ; 7C             ; VCCPD7C_HPS                     ; power  ;              ; 2.5V                ; --           ;                 ; --       ; --           ;
; J18      ;            ;                ; GND                             ; gnd    ;              ;                     ; --           ;                 ; --       ; --           ;
; J19      ; 408        ; 7B             ; RESERVED_INPUT_WITH_WEAK_PULLUP ;        ;              ;                     ; Column I/O   ;                 ; no       ; On           ;
; J20      ;            ; --             ; VCCRSTCLK_HPS                   ; power  ;              ; 1.8V/2.5V/3.0V/3.3V ; --           ;                 ; --       ; --           ;
; J21      ;            ; --             ; VCC_AUX_SHARED                  ; power  ;              ; 2.5V                ; --           ;                 ; --       ; --           ;
; J22      ; 372        ; 7A             ; ^GND                            ;        ;              ;                     ; --           ;                 ; --       ; --           ;
; J23      ; 354        ; 6A             ; RESERVED_INPUT_WITH_WEAK_PULLUP ;        ;              ;                     ; Row I/O      ;                 ; no       ; On           ;
; J24      ; 352        ; 6A             ; RESERVED_INPUT_WITH_WEAK_PULLUP ;        ;              ;                     ; Row I/O      ;                 ; no       ; On           ;
; J25      ; 344        ; 6A             ; RESERVED_INPUT_WITH_WEAK_PULLUP ;        ;              ;                     ; Row I/O      ;                 ; no       ; On           ;
; J26      ; 323        ; 6A             ; RESERVED_INPUT_WITH_WEAK_PULLUP ;        ;              ;                     ; Row I/O      ;                 ; no       ; On           ;
; J27      ; 346        ; 6A             ; RESERVED_INPUT_WITH_WEAK_PULLUP ;        ;              ;                     ; Row I/O      ;                 ; no       ; On           ;
; J28      ;            ;                ; GND                             ; gnd    ;              ;                     ; --           ;                 ; --       ; --           ;
; J29      ; 327        ; 6A             ; RESERVED_INPUT_WITH_WEAK_PULLUP ;        ;              ;                     ; Row I/O      ;                 ; no       ; On           ;
; J30      ; 329        ; 6A             ; RESERVED_INPUT_WITH_WEAK_PULLUP ;        ;              ;                     ; Row I/O      ;                 ; no       ; On           ;
; K1       ;            ;                ; GND                             ; gnd    ;              ;                     ; --           ;                 ; --       ; --           ;
; K2       ;            ;                ; GND                             ; gnd    ;              ;                     ; --           ;                 ; --       ; --           ;
; K3       ; 4          ; B2L            ; GXB_NC                          ;        ;              ;                     ; --           ;                 ; --       ; --           ;
; K4       ; 5          ; B2L            ; GXB_NC                          ;        ;              ;                     ; --           ;                 ; --       ; --           ;
; K5       ;            ;                ; GND                             ; gnd    ;              ;                     ; --           ;                 ; --       ; --           ;
; K6       ; 540        ; 9A             ; ^MSEL1                          ;        ;              ;                     ; --           ;                 ; --       ; --           ;
; K7       ; 522        ; 8A             ; RESERVED_INPUT_WITH_WEAK_PULLUP ;        ;              ;                     ; Column I/O   ;                 ; no       ; On           ;
; K8       ; 524        ; 8A             ; RESERVED_INPUT_WITH_WEAK_PULLUP ;        ;              ;                     ; Column I/O   ;                 ; no       ; On           ;
; K9       ;            ; --             ; VCCA_FPLL                       ; power  ;              ; 2.5V                ; --           ;                 ; --       ; --           ;
; K10      ;            ;                ; GND                             ; gnd    ;              ;                     ; --           ;                 ; --       ; --           ;
; K11      ;            ; 8A             ; VCCPD8A                         ; power  ;              ; 2.5V                ; --           ;                 ; --       ; --           ;
; K12      ; 514        ; 8A             ; RESERVED_INPUT_WITH_WEAK_PULLUP ;        ;              ;                     ; Column I/O   ;                 ; no       ; On           ;
; K13      ;            ; 8A             ; VCCPD8A                         ; power  ;              ; 2.5V                ; --           ;                 ; --       ; --           ;
; K14      ; 474        ; 8A             ; RESERVED_INPUT_WITH_WEAK_PULLUP ;        ;              ;                     ; Column I/O   ;                 ; no       ; On           ;
; K15      ;            ;                ; GND                             ; gnd    ;              ;                     ; --           ;                 ; --       ; --           ;
; K16      ;            ; 7D             ; VCCPD7D_HPS                     ; power  ;              ; 2.5V                ; --           ;                 ; --       ; --           ;
; K17      ; 414        ; 7B             ; RESERVED_INPUT_WITH_WEAK_PULLUP ;        ;              ;                     ; Column I/O   ;                 ; no       ; On           ;
; K18      ;            ; 7B             ; VCCPD7B_HPS                     ; power  ;              ; 2.5V                ; --           ;                 ; --       ; --           ;
; K19      ;            ; 7A             ; VCCPD7A_HPS                     ; power  ;              ; 2.5V                ; --           ;                 ; --       ; --           ;
; K20      ;            ;                ; GND                             ; gnd    ;              ;                     ; --           ;                 ; --       ; --           ;
; K21      ; 366        ; 6A             ; RESERVED_INPUT_WITH_WEAK_PULLUP ;        ;              ;                     ; Row I/O      ;                 ; no       ; On           ;
; K22      ; 336        ; 6A             ; RESERVED_INPUT_WITH_WEAK_PULLUP ;        ;              ;                     ; Row I/O      ;                 ; no       ; On           ;
; K23      ; 338        ; 6A             ; RESERVED_INPUT_WITH_WEAK_PULLUP ;        ;              ;                     ; Row I/O      ;                 ; no       ; On           ;
; K24      ;            ; 6A             ; VCCIO6A_HPS                     ; power  ;              ; 2.5V                ; --           ;                 ; --       ; --           ;
; K25      ;            ;                ; GND                             ; gnd    ;              ;                     ; --           ;                 ; --       ; --           ;
; K26      ; 322        ; 6A             ; RESERVED_INPUT_WITH_WEAK_PULLUP ;        ;              ;                     ; Row I/O      ;                 ; no       ; On           ;
; K27      ; 319        ; 6A             ; RESERVED_INPUT_WITH_WEAK_PULLUP ;        ;              ;                     ; Row I/O      ;                 ; no       ; On           ;
; K28      ; 325        ; 6A             ; RESERVED_INPUT_WITH_WEAK_PULLUP ;        ;              ;                     ; Row I/O      ;                 ; no       ; On           ;
; K29      ; 321        ; 6A             ; RESERVED_INPUT_WITH_WEAK_PULLUP ;        ;              ;                     ; Row I/O      ;                 ; no       ; On           ;
; K30      ;            ; 6A             ; VCCIO6A_HPS                     ; power  ;              ; 2.5V                ; --           ;                 ; --       ; --           ;
; L1       ; 7          ; B2L            ; GND                             ;        ;              ;                     ; --           ;                 ; --       ; --           ;
; L2       ; 6          ; B2L            ; GND                             ;        ;              ;                     ; --           ;                 ; --       ; --           ;
; L3       ;            ;                ; GND                             ; gnd    ;              ;                     ; --           ;                 ; --       ; --           ;
; L4       ;            ;                ; GND                             ; gnd    ;              ;                     ; --           ;                 ; --       ; --           ;
; L5       ;            ; --             ; VCCL_GXBL                       ; power  ;              ; 1.1V                ; --           ;                 ; --       ; --           ;
; L6       ;            ;                ; GND                             ; gnd    ;              ;                     ; --           ;                 ; --       ; --           ;
; L7       ; 544        ; 9A             ; ^MSEL3                          ;        ;              ;                     ; --           ;                 ; --       ; --           ;
; L8       ; 538        ; 9A             ; ^MSEL0                          ;        ;              ;                     ; --           ;                 ; --       ; --           ;
; L9       ; 546        ; 9A             ; ^MSEL4                          ;        ;              ;                     ; --           ;                 ; --       ; --           ;
; L10      ;            ; 8A             ; VCCPD8A                         ; power  ;              ; 2.5V                ; --           ;                 ; --       ; --           ;
; L11      ;            ;                ; GND                             ; gnd    ;              ;                     ; --           ;                 ; --       ; --           ;
; L12      ;            ; 8A             ; VCCPD8A                         ; power  ;              ; 2.5V                ; --           ;                 ; --       ; --           ;
; L13      ;            ;                ; GND                             ; gnd    ;              ;                     ; --           ;                 ; --       ; --           ;
; L14      ;            ; 8A             ; VCCPD8A                         ; power  ;              ; 2.5V                ; --           ;                 ; --       ; --           ;
; L15      ;            ;                ; GND                             ; gnd    ;              ;                     ; --           ;                 ; --       ; --           ;
; L16      ;            ; --             ; VCC_HPS                         ; power  ;              ; 1.1V                ; --           ;                 ; --       ; --           ;
; L17      ;            ;                ; GND                             ; gnd    ;              ;                     ; --           ;                 ; --       ; --           ;
; L18      ;            ; --             ; VCC_HPS                         ; power  ;              ; 1.1V                ; --           ;                 ; --       ; --           ;
; L19      ;            ;                ; GND                             ; gnd    ;              ;                     ; --           ;                 ; --       ; --           ;
; L20      ;            ; --             ; VCC_HPS                         ; power  ;              ; 1.1V                ; --           ;                 ; --       ; --           ;
; L21      ;            ; --             ; VCCPLL_HPS                      ; power  ;              ; 2.5V                ; --           ;                 ; --       ; --           ;
; L22      ;            ;                ; GND                             ; gnd    ;              ;                     ; --           ;                 ; --       ; --           ;
; L23      ; 350        ; 6A             ; RESERVED_INPUT_WITH_WEAK_PULLUP ;        ;              ;                     ; Row I/O      ;                 ; no       ; On           ;
; L24      ; 328        ; 6A             ; RESERVED_INPUT_WITH_WEAK_PULLUP ;        ;              ;                     ; Row I/O      ;                 ; no       ; On           ;
; L25      ; 330        ; 6A             ; RESERVED_INPUT_WITH_WEAK_PULLUP ;        ;              ;                     ; Row I/O      ;                 ; no       ; On           ;
; L26      ; 320        ; 6A             ; RESERVED_INPUT_WITH_WEAK_PULLUP ;        ;              ;                     ; Row I/O      ;                 ; no       ; On           ;
; L27      ;            ; 6A             ; VCCIO6A_HPS                     ; power  ;              ; 2.5V                ; --           ;                 ; --       ; --           ;
; L28      ; 313        ; 6A             ; RESERVED_INPUT_WITH_WEAK_PULLUP ;        ;              ;                     ; Row I/O      ;                 ; no       ; On           ;
; L29      ; 315        ; 6A             ; RESERVED_INPUT_WITH_WEAK_PULLUP ;        ;              ;                     ; Row I/O      ;                 ; no       ; On           ;
; L30      ; 317        ; 6A             ; RESERVED_INPUT_WITH_WEAK_PULLUP ;        ;              ;                     ; Row I/O      ;                 ; no       ; On           ;
; M1       ;            ;                ; GND                             ; gnd    ;              ;                     ; --           ;                 ; --       ; --           ;
; M2       ;            ;                ; GND                             ; gnd    ;              ;                     ; --           ;                 ; --       ; --           ;
; M3       ; 8          ; B2L            ; GXB_NC                          ;        ;              ;                     ; --           ;                 ; --       ; --           ;
; M4       ; 9          ; B2L            ; GXB_NC                          ;        ;              ;                     ; --           ;                 ; --       ; --           ;
; M5       ;            ;                ; GND                             ; gnd    ;              ;                     ; --           ;                 ; --       ; --           ;
; M6       ;            ; --             ; VCCE_GXBL                       ; power  ;              ; 1.1V                ; --           ;                 ; --       ; --           ;
; M7       ;            ;                ; GND                             ; gnd    ;              ;                     ; --           ;                 ; --       ; --           ;
; M8       ;            ;                ; GND                             ; gnd    ;              ;                     ; --           ;                 ; --       ; --           ;
; M9       ;            ; --             ; VCC                             ; power  ;              ; 1.1V                ; --           ;                 ; --       ; --           ;
; M10      ;            ;                ; GND                             ; gnd    ;              ;                     ; --           ;                 ; --       ; --           ;
; M11      ;            ; --             ; VCC                             ; power  ;              ; 1.1V                ; --           ;                 ; --       ; --           ;
; M12      ;            ;                ; GND                             ; gnd    ;              ;                     ; --           ;                 ; --       ; --           ;
; M13      ;            ; --             ; VCC                             ; power  ;              ; 1.1V                ; --           ;                 ; --       ; --           ;
; M14      ;            ;                ; GND                             ; gnd    ;              ;                     ; --           ;                 ; --       ; --           ;
; M15      ;            ; --             ; VCC_HPS                         ; power  ;              ; 1.1V                ; --           ;                 ; --       ; --           ;
; M16      ;            ;                ; GND                             ; gnd    ;              ;                     ; --           ;                 ; --       ; --           ;
; M17      ; 450        ; 7D             ; RESERVED_INPUT_WITH_WEAK_PULLUP ;        ;              ;                     ; Column I/O   ;                 ; no       ; On           ;
; M18      ;            ;                ; GND                             ; gnd    ;              ;                     ; --           ;                 ; --       ; --           ;
; M19      ; 334        ; 6A             ; RESERVED_INPUT_WITH_WEAK_PULLUP ;        ;              ;                     ; Row I/O      ;                 ; no       ; On           ;
; M20      ;            ;                ; GND                             ; gnd    ;              ;                     ; --           ;                 ; --       ; --           ;
; M21      ;            ; 6A, 6B         ; VCCPD6A6B_HPS                   ; power  ;              ; 2.5V                ; --           ;                 ; --       ; --           ;
; M22      ; 308        ; 6A             ; RESERVED_INPUT_WITH_WEAK_PULLUP ;        ;              ;                     ; Row I/O      ;                 ; no       ; On           ;
; M23      ; 348        ; 6A             ; RESERVED_INPUT_WITH_WEAK_PULLUP ;        ;              ;                     ; Row I/O      ;                 ; no       ; On           ;
; M24      ;            ; 6A             ; VCCIO6A_HPS                     ; power  ;              ; 2.5V                ; --           ;                 ; --       ; --           ;
; M25      ; 324        ; 6A             ; RESERVED_INPUT_WITH_WEAK_PULLUP ;        ;              ;                     ; Row I/O      ;                 ; no       ; On           ;
; M26      ; 314        ; 6A             ; RESERVED_INPUT_WITH_WEAK_PULLUP ;        ;              ;                     ; Row I/O      ;                 ; no       ; On           ;
; M27      ; 312        ; 6A             ; RESERVED_INPUT_WITH_WEAK_PULLUP ;        ;              ;                     ; Row I/O      ;                 ; no       ; On           ;
; M28      ; 309        ; 6A             ; RESERVED_INPUT_WITH_WEAK_PULLUP ;        ;              ;                     ; Row I/O      ;                 ; no       ; On           ;
; M29      ;            ;                ; GND                             ; gnd    ;              ;                     ; --           ;                 ; --       ; --           ;
; M30      ; 311        ; 6A             ; RESERVED_INPUT_WITH_WEAK_PULLUP ;        ;              ;                     ; Row I/O      ;                 ; no       ; On           ;
; N1       ; 11         ; B2L            ; GND                             ;        ;              ;                     ; --           ;                 ; --       ; --           ;
; N2       ; 10         ; B2L            ; GND                             ;        ;              ;                     ; --           ;                 ; --       ; --           ;
; N3       ;            ;                ; GND                             ; gnd    ;              ;                     ; --           ;                 ; --       ; --           ;
; N4       ;            ;                ; GND                             ; gnd    ;              ;                     ; --           ;                 ; --       ; --           ;
; N5       ;            ; --             ; VCCE_GXBL                       ; power  ;              ; 1.1V                ; --           ;                 ; --       ; --           ;
; N6       ;            ;                ; GND                             ; gnd    ;              ;                     ; --           ;                 ; --       ; --           ;
; N7       ;            ; --             ; VCCA_FPLL                       ; power  ;              ; 2.5V                ; --           ;                 ; --       ; --           ;
; N8       ;            ;                ; GND                             ; gnd    ;              ;                     ; --           ;                 ; --       ; --           ;
; N9       ;            ;                ; GND                             ; gnd    ;              ;                     ; --           ;                 ; --       ; --           ;
; N10      ;            ; --             ; VCC                             ; power  ;              ; 1.1V                ; --           ;                 ; --       ; --           ;
; N11      ;            ;                ; GND                             ; gnd    ;              ;                     ; --           ;                 ; --       ; --           ;
; N12      ;            ; --             ; VCC                             ; power  ;              ; 1.1V                ; --           ;                 ; --       ; --           ;
; N13      ;            ;                ; GND                             ; gnd    ;              ;                     ; --           ;                 ; --       ; --           ;
; N14      ;            ; --             ; VCC                             ; power  ;              ; 1.1V                ; --           ;                 ; --       ; --           ;
; N15      ;            ;                ; GND                             ; gnd    ;              ;                     ; --           ;                 ; --       ; --           ;
; N16      ; 452        ; 7D             ; RESERVED_INPUT_WITH_WEAK_PULLUP ;        ;              ;                     ; Column I/O   ;                 ; no       ; On           ;
; N17      ;            ;                ; GND                             ; gnd    ;              ;                     ; --           ;                 ; --       ; --           ;
; N18      ; 332        ; 6A             ; RESERVED_INPUT_WITH_WEAK_PULLUP ;        ;              ;                     ; Row I/O      ;                 ; no       ; On           ;
; N19      ;            ;                ; GND                             ; gnd    ;              ;                     ; --           ;                 ; --       ; --           ;
; N20      ;            ; --             ; VCC_HPS                         ; power  ;              ; 1.1V                ; --           ;                 ; --       ; --           ;
; N21      ;            ; 6A             ; VCCIO6A_HPS                     ; power  ;              ; 2.5V                ; --           ;                 ; --       ; --           ;
; N22      ;            ; 6A, 6B         ; VCCPD6A6B_HPS                   ; power  ;              ; 2.5V                ; --           ;                 ; --       ; --           ;
; N23      ; 310        ; 6A             ; RESERVED_INPUT_WITH_WEAK_PULLUP ;        ;              ;                     ; Row I/O      ;                 ; no       ; On           ;
; N24      ; 318        ; 6A             ; RESERVED_INPUT_WITH_WEAK_PULLUP ;        ;              ;                     ; Row I/O      ;                 ; no       ; On           ;
; N25      ; 316        ; 6A             ; RESERVED_INPUT_WITH_WEAK_PULLUP ;        ;              ;                     ; Row I/O      ;                 ; no       ; On           ;
; N26      ;            ;                ; GND                             ; gnd    ;              ;                     ; --           ;                 ; --       ; --           ;
; N27      ; 297        ; 6B             ; RESERVED_INPUT_WITH_WEAK_PULLUP ;        ;              ;                     ; Row I/O      ;                 ; no       ; On           ;
; N28      ; 303        ; 6B             ; RESERVED_INPUT_WITH_WEAK_PULLUP ;        ;              ;                     ; Row I/O      ;                 ; no       ; On           ;
; N29      ; 305        ; 6B             ; RESERVED_INPUT_WITH_WEAK_PULLUP ;        ;              ;                     ; Row I/O      ;                 ; no       ; On           ;
; N30      ; 307        ; 6B             ; RESERVED_INPUT_WITH_WEAK_PULLUP ;        ;              ;                     ; Row I/O      ;                 ; no       ; On           ;
; P1       ;            ;                ; GND                             ; gnd    ;              ;                     ; --           ;                 ; --       ; --           ;
; P2       ;            ;                ; GND                             ; gnd    ;              ;                     ; --           ;                 ; --       ; --           ;
; P3       ; 16         ; B1L            ; GXB_NC                          ;        ;              ;                     ; --           ;                 ; --       ; --           ;
; P4       ; 17         ; B1L            ; GXB_NC                          ;        ;              ;                     ; --           ;                 ; --       ; --           ;
; P5       ;            ;                ; GND                             ; gnd    ;              ;                     ; --           ;                 ; --       ; --           ;
; P6       ;            ; --             ; VCCH_GXBL                       ; power  ;              ; 2.5V                ; --           ;                 ; --       ; --           ;
; P7       ;            ;                ; GND                             ; gnd    ;              ;                     ; --           ;                 ; --       ; --           ;
; P8       ; 13         ; B2L            ; GND                             ;        ;              ;                     ; Row I/O      ;                 ; --       ; --           ;
; P9       ; 12         ; B2L            ; GND                             ;        ;              ;                     ; Row I/O      ;                 ; --       ; --           ;
; P10      ;            ;                ; GND                             ; gnd    ;              ;                     ; --           ;                 ; --       ; --           ;
; P11      ;            ; --             ; VCC                             ; power  ;              ; 1.1V                ; --           ;                 ; --       ; --           ;
; P12      ;            ;                ; GND                             ; gnd    ;              ;                     ; --           ;                 ; --       ; --           ;
; P13      ;            ; --             ; VCC                             ; power  ;              ; 1.1V                ; --           ;                 ; --       ; --           ;
; P14      ;            ;                ; GND                             ; gnd    ;              ;                     ; --           ;                 ; --       ; --           ;
; P15      ;            ; --             ; VCC_HPS                         ; power  ;              ; 1.1V                ; --           ;                 ; --       ; --           ;
; P16      ;            ;                ; GND                             ; gnd    ;              ;                     ; --           ;                 ; --       ; --           ;
; P17      ;            ; --             ; VCC_HPS                         ; power  ;              ; 1.1V                ; --           ;                 ; --       ; --           ;
; P18      ;            ;                ; GND                             ; gnd    ;              ;                     ; --           ;                 ; --       ; --           ;
; P19      ;            ; --             ; VCC_HPS                         ; power  ;              ; 1.1V                ; --           ;                 ; --       ; --           ;
; P20      ;            ;                ; GND                             ; gnd    ;              ;                     ; --           ;                 ; --       ; --           ;
; P21      ;            ; 6A, 6B         ; VCCPD6A6B_HPS                   ; power  ;              ; 2.5V                ; --           ;                 ; --       ; --           ;
; P22      ; 294        ; 6B             ; RESERVED_INPUT_WITH_WEAK_PULLUP ;        ;              ;                     ; Row I/O      ;                 ; no       ; On           ;
; P23      ;            ; 6B             ; VCCIO6B_HPS                     ; power  ;              ; 2.5V                ; --           ;                 ; --       ; --           ;
; P24      ; 290        ; 6B             ; RESERVED_INPUT_WITH_WEAK_PULLUP ;        ;              ;                     ; Row I/O      ;                 ; no       ; On           ;
; P25      ; 288        ; 6B             ; RESERVED_INPUT_WITH_WEAK_PULLUP ;        ;              ;                     ; Row I/O      ;                 ; no       ; On           ;
; P26      ; 298        ; 6B             ; RESERVED_INPUT_WITH_WEAK_PULLUP ;        ;              ;                     ; Row I/O      ;                 ; no       ; On           ;
; P27      ; 296        ; 6B             ; RESERVED_INPUT_WITH_WEAK_PULLUP ;        ;              ;                     ; Row I/O      ;                 ; no       ; On           ;
; P28      ;            ; 6B             ; VCCIO6B_HPS                     ; power  ;              ; 2.5V                ; --           ;                 ; --       ; --           ;
; P29      ; 299        ; 6B             ; RESERVED_INPUT_WITH_WEAK_PULLUP ;        ;              ;                     ; Row I/O      ;                 ; no       ; On           ;
; P30      ; 301        ; 6B             ; RESERVED_INPUT_WITH_WEAK_PULLUP ;        ;              ;                     ; Row I/O      ;                 ; no       ; On           ;
; R1       ; 19         ; B1L            ; GND                             ;        ;              ;                     ; --           ;                 ; --       ; --           ;
; R2       ; 18         ; B1L            ; GND                             ;        ;              ;                     ; --           ;                 ; --       ; --           ;
; R3       ;            ;                ; GND                             ; gnd    ;              ;                     ; --           ;                 ; --       ; --           ;
; R4       ;            ;                ; GND                             ; gnd    ;              ;                     ; --           ;                 ; --       ; --           ;
; R5       ;            ; --             ; VCCL_GXBL                       ; power  ;              ; 1.1V                ; --           ;                 ; --       ; --           ;
; R6       ;            ;                ; GND                             ; gnd    ;              ;                     ; --           ;                 ; --       ; --           ;
; R7       ;            ; --             ; VCCA_FPLL                       ; power  ;              ; 2.5V                ; --           ;                 ; --       ; --           ;
; R8       ;            ;                ; GND                             ; gnd    ;              ;                     ; --           ;                 ; --       ; --           ;
; R9       ;            ;                ; GND                             ; gnd    ;              ;                     ; --           ;                 ; --       ; --           ;
; R10      ;            ; --             ; VCC                             ; power  ;              ; 1.1V                ; --           ;                 ; --       ; --           ;
; R11      ;            ;                ; GND                             ; gnd    ;              ;                     ; --           ;                 ; --       ; --           ;
; R12      ;            ; --             ; VCC                             ; power  ;              ; 1.1V                ; --           ;                 ; --       ; --           ;
; R13      ;            ;                ; GND                             ; gnd    ;              ;                     ; --           ;                 ; --       ; --           ;
; R14      ;            ; --             ; VCC                             ; power  ;              ; 1.1V                ; --           ;                 ; --       ; --           ;
; R15      ;            ;                ; GND                             ; gnd    ;              ;                     ; --           ;                 ; --       ; --           ;
; R16      ;            ; --             ; VCC_HPS                         ; power  ;              ; 1.1V                ; --           ;                 ; --       ; --           ;
; R17      ;            ;                ; GND                             ; gnd    ;              ;                     ; --           ;                 ; --       ; --           ;
; R18      ; 302        ; 6B             ; RESERVED_INPUT_WITH_WEAK_PULLUP ;        ;              ;                     ; Row I/O      ;                 ; no       ; On           ;
; R19      ; 300        ; 6B             ; RESERVED_INPUT_WITH_WEAK_PULLUP ;        ;              ;                     ; Row I/O      ;                 ; no       ; On           ;
; R20      ;            ; 6A, 6B         ; VCCPD6A6B_HPS                   ; power  ;              ; 2.5V                ; --           ;                 ; --       ; --           ;
; R21      ; 286        ; 6B             ; RESERVED_INPUT_WITH_WEAK_PULLUP ;        ;              ;                     ; Row I/O      ;                 ; no       ; On           ;
; R22      ; 284        ; 6B             ; RESERVED_INPUT_WITH_WEAK_PULLUP ;        ;              ;                     ; Row I/O      ;                 ; no       ; On           ;
; R23      ;            ; 6A, 6B         ; VCCPD6A6B_HPS                   ; power  ;              ; 2.5V                ; --           ;                 ; --       ; --           ;
; R24      ; 272        ; 6B             ; RESERVED_INPUT_WITH_WEAK_PULLUP ;        ;              ;                     ; Row I/O      ;                 ; no       ; On           ;
; R25      ;            ; 6B             ; VCCIO6B_HPS                     ; power  ;              ; 2.5V                ; --           ;                 ; --       ; --           ;
; R26      ; 280        ; 6B             ; RESERVED_INPUT_WITH_WEAK_PULLUP ;        ;              ;                     ; Row I/O      ;                 ; no       ; On           ;
; R27      ; 282        ; 6B             ; RESERVED_INPUT_WITH_WEAK_PULLUP ;        ;              ;                     ; Row I/O      ;                 ; no       ; On           ;
; R28      ; 293        ; 6B             ; RESERVED_INPUT_WITH_WEAK_PULLUP ;        ;              ;                     ; Row I/O      ;                 ; no       ; On           ;
; R29      ; 295        ; 6B             ; RESERVED_INPUT_WITH_WEAK_PULLUP ;        ;              ;                     ; Row I/O      ;                 ; no       ; On           ;
; R30      ;            ;                ; GND                             ; gnd    ;              ;                     ; --           ;                 ; --       ; --           ;
; T1       ;            ;                ; GND                             ; gnd    ;              ;                     ; --           ;                 ; --       ; --           ;
; T2       ;            ;                ; GND                             ; gnd    ;              ;                     ; --           ;                 ; --       ; --           ;
; T3       ; 20         ; B1L            ; GXB_NC                          ;        ;              ;                     ; --           ;                 ; --       ; --           ;
; T4       ; 21         ; B1L            ; GXB_NC                          ;        ;              ;                     ; --           ;                 ; --       ; --           ;
; T5       ;            ;                ; GND                             ; gnd    ;              ;                     ; --           ;                 ; --       ; --           ;
; T6       ;            ; --             ; VCCE_GXBL                       ; power  ;              ; 1.1V                ; --           ;                 ; --       ; --           ;
; T7       ;            ;                ; GND                             ; gnd    ;              ;                     ; --           ;                 ; --       ; --           ;
; T8       ; 14         ; B1L            ; GND                             ;        ;              ;                     ; Row I/O      ;                 ; --       ; --           ;
; T9       ; 15         ; B1L            ; GND                             ;        ;              ;                     ; Row I/O      ;                 ; --       ; --           ;
; T10      ;            ;                ; GND                             ; gnd    ;              ;                     ; --           ;                 ; --       ; --           ;
; T11      ;            ; --             ; VCC                             ; power  ;              ; 1.1V                ; --           ;                 ; --       ; --           ;
; T12      ;            ;                ; GND                             ; gnd    ;              ;                     ; --           ;                 ; --       ; --           ;
; T13      ;            ; --             ; VCC                             ; power  ;              ; 1.1V                ; --           ;                 ; --       ; --           ;
; T14      ;            ;                ; GND                             ; gnd    ;              ;                     ; --           ;                 ; --       ; --           ;
; T15      ;            ;                ; GND                             ; gnd    ;              ;                     ; --           ;                 ; --       ; --           ;
; T16      ;            ;                ; GND                             ; gnd    ;              ;                     ; --           ;                 ; --       ; --           ;
; T17      ;            ; --             ; VCC_HPS                         ; power  ;              ; 1.1V                ; --           ;                 ; --       ; --           ;
; T18      ;            ;                ; GND                             ; gnd    ;              ;                     ; --           ;                 ; --       ; --           ;
; T19      ;            ; --             ; VCC_HPS                         ; power  ;              ; 1.1V                ; --           ;                 ; --       ; --           ;
; T20      ;            ;                ; GND                             ; gnd    ;              ;                     ; --           ;                 ; --       ; --           ;
; T21      ; 278        ; 6B             ; RESERVED_INPUT_WITH_WEAK_PULLUP ;        ;              ;                     ; Row I/O      ;                 ; no       ; On           ;
; T22      ;            ; 6B             ; VCCIO6B_HPS                     ; power  ;              ; 2.5V                ; --           ;                 ; --       ; --           ;
; T23      ; 270        ; 6B             ; RESERVED_INPUT_WITH_WEAK_PULLUP ;        ;              ;                     ; Row I/O      ;                 ; no       ; On           ;
; T24      ; 268        ; 6B             ; RESERVED_INPUT_WITH_WEAK_PULLUP ;        ;              ;                     ; Row I/O      ;                 ; no       ; On           ;
; T25      ; 266        ; 6B             ; RESERVED_INPUT_WITH_WEAK_PULLUP ;        ;              ;                     ; Row I/O      ;                 ; no       ; On           ;
; T26      ; 304        ; 6B             ; RESERVED_INPUT_WITH_WEAK_PULLUP ;        ;              ;                     ; Row I/O      ;                 ; no       ; On           ;
; T27      ;            ;                ; GND                             ; gnd    ;              ;                     ; --           ;                 ; --       ; --           ;
; T28      ; 287        ; 6B             ; RESERVED_INPUT_WITH_WEAK_PULLUP ;        ;              ;                     ; Row I/O      ;                 ; no       ; On           ;
; T29      ; 289        ; 6B             ; RESERVED_INPUT_WITH_WEAK_PULLUP ;        ;              ;                     ; Row I/O      ;                 ; no       ; On           ;
; T30      ; 291        ; 6B             ; RESERVED_INPUT_WITH_WEAK_PULLUP ;        ;              ;                     ; Row I/O      ;                 ; no       ; On           ;
; U1       ; 23         ; B1L            ; GND                             ;        ;              ;                     ; --           ;                 ; --       ; --           ;
; U2       ; 22         ; B1L            ; GND                             ;        ;              ;                     ; --           ;                 ; --       ; --           ;
; U3       ;            ;                ; GND                             ; gnd    ;              ;                     ; --           ;                 ; --       ; --           ;
; U4       ;            ;                ; GND                             ; gnd    ;              ;                     ; --           ;                 ; --       ; --           ;
; U5       ;            ; --             ; VCCE_GXBL                       ; power  ;              ; 1.1V                ; --           ;                 ; --       ; --           ;
; U6       ;            ;                ; GND                             ; gnd    ;              ;                     ; --           ;                 ; --       ; --           ;
; U7       ; 50         ; 3A             ; ^DCLK                           ;        ;              ;                     ; Weak Pull Up ;                 ; --       ; On           ;
; U8       ; 48         ; 3A             ; #TDI                            ; input  ;              ;                     ; --           ;                 ; --       ; --           ;
; U9       ;            ;                ; GND                             ; gnd    ;              ;                     ; --           ;                 ; --       ; --           ;
; U10      ;            ; --             ; VCC                             ; power  ;              ; 1.1V                ; --           ;                 ; --       ; --           ;
; U11      ;            ;                ; GND                             ; gnd    ;              ;                     ; --           ;                 ; --       ; --           ;
; U12      ;            ; --             ; VCC                             ; power  ;              ; 1.1V                ; --           ;                 ; --       ; --           ;
; U13      ;            ;                ; GND                             ; gnd    ;              ;                     ; --           ;                 ; --       ; --           ;
; U14      ;            ; --             ; VCC                             ; power  ;              ; 1.1V                ; --           ;                 ; --       ; --           ;
; U15      ;            ;                ; GND                             ; gnd    ;              ;                     ; --           ;                 ; --       ; --           ;
; U16      ;            ; --             ; VCC_HPS                         ; power  ;              ; 1.1V                ; --           ;                 ; --       ; --           ;
; U17      ;            ;                ; GND                             ; gnd    ;              ;                     ; --           ;                 ; --       ; --           ;
; U18      ;            ; --             ; VCC_HPS                         ; power  ;              ; 1.1V                ; --           ;                 ; --       ; --           ;
; U19      ;            ; 6B             ; VCCIO6B_HPS                     ; power  ;              ; 2.5V                ; --           ;                 ; --       ; --           ;
; U20      ; 276        ; 6B             ; RESERVED_INPUT_WITH_WEAK_PULLUP ;        ;              ;                     ; Row I/O      ;                 ; no       ; On           ;
; U21      ;            ; --             ; VCC                             ; power  ;              ; 1.1V                ; --           ;                 ; --       ; --           ;
; U22      ;            ;                ; GND                             ; gnd    ;              ;                     ; --           ;                 ; --       ; --           ;
; U23      ;            ; 5B             ; VCCPD5B                         ; power  ;              ; 2.5V                ; --           ;                 ; --       ; --           ;
; U24      ;            ;                ; GND                             ; gnd    ;              ;                     ; --           ;                 ; --       ; --           ;
; U25      ; 264        ; 6B             ; RESERVED_INPUT_WITH_WEAK_PULLUP ;        ;              ;                     ; Row I/O      ;                 ; no       ; On           ;
; U26      ; 306        ; 6B             ; RESERVED_INPUT_WITH_WEAK_PULLUP ;        ;              ;                     ; Row I/O      ;                 ; no       ; On           ;
; U27      ; 273        ; 6B             ; RESERVED_INPUT_WITH_WEAK_PULLUP ;        ;              ;                     ; Row I/O      ;                 ; no       ; On           ;
; U28      ; 285        ; 6B             ; RESERVED_INPUT_WITH_WEAK_PULLUP ;        ;              ;                     ; Row I/O      ;                 ; no       ; On           ;
; U29      ;            ;                ; GND                             ; gnd    ;              ;                     ; --           ;                 ; --       ; --           ;
; U30      ; 283        ; 6B             ; RESERVED_INPUT_WITH_WEAK_PULLUP ;        ;              ;                     ; Row I/O      ;                 ; --       ; --           ;
; V1       ;            ;                ; GND                             ; gnd    ;              ;                     ; --           ;                 ; --       ; --           ;
; V2       ;            ;                ; GND                             ; gnd    ;              ;                     ; --           ;                 ; --       ; --           ;
; V3       ; 24         ; B1L            ; GXB_NC                          ;        ;              ;                     ; --           ;                 ; --       ; --           ;
; V4       ; 25         ; B1L            ; GXB_NC                          ;        ;              ;                     ; --           ;                 ; --       ; --           ;
; V5       ;            ;                ; GND                             ; gnd    ;              ;                     ; --           ;                 ; --       ; --           ;
; V6       ;            ; --             ; VCCH_GXBL                       ; power  ;              ; 2.5V                ; --           ;                 ; --       ; --           ;
; V7       ;            ;                ; GND                             ; gnd    ;              ;                     ; --           ;                 ; --       ; --           ;
; V8       ;            ; --             ; VCCA_FPLL                       ; power  ;              ; 2.5V                ; --           ;                 ; --       ; --           ;
; V9       ; 44         ; 3A             ; #TMS                            ; input  ;              ;                     ; --           ;                 ; --       ; --           ;
; V10      ;            ;                ; GND                             ; gnd    ;              ;                     ; --           ;                 ; --       ; --           ;
; V11      ;            ; --             ; VCC                             ; power  ;              ; 1.1V                ; --           ;                 ; --       ; --           ;
; V12      ;            ;                ; GND                             ; gnd    ;              ;                     ; --           ;                 ; --       ; --           ;
; V13      ;            ; --             ; VCC                             ; power  ;              ; 1.1V                ; --           ;                 ; --       ; --           ;
; V14      ;            ;                ; GND                             ; gnd    ;              ;                     ; --           ;                 ; --       ; --           ;
; V15      ;            ; --             ; VCC                             ; power  ;              ; 1.1V                ; --           ;                 ; --       ; --           ;
; V16      ; 138        ; 4A             ; reg_game_M[3]                   ; input  ; 2.5 V        ;                     ; Column I/O   ; N               ; no       ; Off          ;
; V17      ; 154        ; 4A             ; reg_game_M[78]                  ; input  ; 2.5 V        ;                     ; Column I/O   ; N               ; no       ; Off          ;
; V18      ; 194        ; 4A             ; RESERVED_INPUT_WITH_WEAK_PULLUP ;        ;              ;                     ; Column I/O   ;                 ; no       ; On           ;
; V19      ;            ;                ; GND                             ; gnd    ;              ;                     ; --           ;                 ; --       ; --           ;
; V20      ; 292        ; 6B             ; RESERVED_INPUT_WITH_WEAK_PULLUP ;        ;              ;                     ; Row I/O      ;                 ; no       ; On           ;
; V21      ;            ;                ; GND                             ; gnd    ;              ;                     ; --           ;                 ; --       ; --           ;
; V22      ;            ; 5A             ; VCCPD5A                         ; power  ;              ; 2.5V                ; --           ;                 ; --       ; --           ;
; V23      ; 236        ; 5A             ; RESERVED_INPUT_WITH_WEAK_PULLUP ;        ;              ;                     ; Row I/O      ;                 ; no       ; On           ;
; V24      ;            ; 5A             ; VCCPD5A                         ; power  ;              ; 2.5V                ; --           ;                 ; --       ; --           ;
; V25      ; 246        ; 5B             ; RESERVED_INPUT_WITH_WEAK_PULLUP ;        ;              ;                     ; Row I/O      ;                 ; no       ; On           ;
; V26      ;            ; 6B             ; VCCIO6B_HPS                     ; power  ;              ; 2.5V                ; --           ;                 ; --       ; --           ;
; V27      ; 265        ; 6B             ; RESERVED_INPUT_WITH_WEAK_PULLUP ;        ;              ;                     ; Row I/O      ;                 ; no       ; On           ;
; V28      ; 271        ; 6B             ; RESERVED_INPUT_WITH_WEAK_PULLUP ;        ;              ;                     ; Row I/O      ;                 ; no       ; On           ;
; V29      ; 275        ; 6B             ; RESERVED_INPUT_WITH_WEAK_PULLUP ;        ;              ;                     ; Row I/O      ;                 ; no       ; On           ;
; V30      ; 281        ; 6B             ; RESERVED_INPUT_WITH_WEAK_PULLUP ;        ;              ;                     ; Row I/O      ;                 ; no       ; On           ;
; W1       ; 27         ; B1L            ; GND                             ;        ;              ;                     ; --           ;                 ; --       ; --           ;
; W2       ; 26         ; B1L            ; GND                             ;        ;              ;                     ; --           ;                 ; --       ; --           ;
; W3       ;            ;                ; GND                             ; gnd    ;              ;                     ; --           ;                 ; --       ; --           ;
; W4       ;            ;                ; GND                             ; gnd    ;              ;                     ; --           ;                 ; --       ; --           ;
; W5       ;            ; --             ; VCCL_GXBL                       ; power  ;              ; 1.1V                ; --           ;                 ; --       ; --           ;
; W6       ;            ;                ; GND                             ; gnd    ;              ;                     ; --           ;                 ; --       ; --           ;
; W7       ; 41         ; B0L            ; GND                             ;        ;              ;                     ; Row I/O      ;                 ; --       ; --           ;
; W8       ; 40         ; B0L            ; GND                             ;        ;              ;                     ; Row I/O      ;                 ; --       ; --           ;
; W9       ;            ;                ; GND                             ; gnd    ;              ;                     ; --           ;                 ; --       ; --           ;
; W10      ;            ; --             ; VCC                             ; power  ;              ; 1.1V                ; --           ;                 ; --       ; --           ;
; W11      ;            ;                ; GND                             ; gnd    ;              ;                     ; --           ;                 ; --       ; --           ;
; W12      ;            ; --             ; VCC                             ; power  ;              ; 1.1V                ; --           ;                 ; --       ; --           ;
; W13      ;            ;                ; GND                             ; gnd    ;              ;                     ; --           ;                 ; --       ; --           ;
; W14      ;            ; --             ; VCC                             ; power  ;              ; 1.1V                ; --           ;                 ; --       ; --           ;
; W15      ; 130        ; 3B             ; reg_game_M[45]                  ; input  ; 2.5 V        ;                     ; Column I/O   ; N               ; no       ; Off          ;
; W16      ; 136        ; 4A             ; reg_game_M[59]                  ; input  ; 2.5 V        ;                     ; Column I/O   ; N               ; no       ; Off          ;
; W17      ; 152        ; 4A             ; RESERVED_INPUT_WITH_WEAK_PULLUP ;        ;              ;                     ; Column I/O   ;                 ; no       ; On           ;
; W18      ;            ;                ; GND                             ; gnd    ;              ;                     ; --           ;                 ; --       ; --           ;
; W19      ; 192        ; 4A             ; RESERVED_INPUT_WITH_WEAK_PULLUP ;        ;              ;                     ; Column I/O   ;                 ; no       ; On           ;
; W20      ; 217        ; 5A             ; RESERVED_INPUT_WITH_WEAK_PULLUP ;        ;              ;                     ; Row I/O      ;                 ; no       ; On           ;
; W21      ; 221        ; 5A             ; RESERVED_INPUT_WITH_WEAK_PULLUP ;        ;              ;                     ; Row I/O      ;                 ; no       ; On           ;
; W22      ; 223        ; 5A             ; RESERVED_INPUT_WITH_WEAK_PULLUP ;        ;              ;                     ; Row I/O      ;                 ; no       ; On           ;
; W23      ;            ; 5A             ; VCCIO5A                         ; power  ;              ; 2.5V                ; --           ;                 ; --       ; --           ;
; W24      ; 238        ; 5A             ; RESERVED_INPUT_WITH_WEAK_PULLUP ;        ;              ;                     ; Row I/O      ;                 ; no       ; On           ;
; W25      ; 244        ; 5B             ; RESERVED_INPUT_WITH_WEAK_PULLUP ;        ;              ;                     ; Row I/O      ;                 ; no       ; On           ;
; W26      ; 274        ; 6B             ; RESERVED_INPUT_WITH_WEAK_PULLUP ;        ;              ;                     ; Row I/O      ;                 ; no       ; On           ;
; W27      ; 261        ; 6B             ; RESERVED_INPUT_WITH_WEAK_PULLUP ;        ;              ;                     ; Row I/O      ;                 ; no       ; On           ;
; W28      ;            ;                ; GND                             ; gnd    ;              ;                     ; --           ;                 ; --       ; --           ;
; W29      ; 279        ; 6B             ; RESERVED_INPUT_WITH_WEAK_PULLUP ;        ;              ;                     ; Row I/O      ;                 ; no       ; On           ;
; W30      ; 277        ; 6B             ; RESERVED_INPUT_WITH_WEAK_PULLUP ;        ;              ;                     ; Row I/O      ;                 ; no       ; On           ;
; Y1       ;            ;                ; GND                             ; gnd    ;              ;                     ; --           ;                 ; --       ; --           ;
; Y2       ;            ;                ; GND                             ; gnd    ;              ;                     ; --           ;                 ; --       ; --           ;
; Y3       ; 28         ; B0L            ; GXB_NC                          ;        ;              ;                     ; --           ;                 ; --       ; --           ;
; Y4       ; 29         ; B0L            ; GXB_NC                          ;        ;              ;                     ; --           ;                 ; --       ; --           ;
; Y5       ;            ;                ; GND                             ; gnd    ;              ;                     ; --           ;                 ; --       ; --           ;
; Y6       ;            ; --             ; VCCE_GXBL                       ; power  ;              ; 1.1V                ; --           ;                 ; --       ; --           ;
; Y7       ;            ;                ; GND                             ; gnd    ;              ;                     ; --           ;                 ; --       ; --           ;
; Y8       ;            ;                ; GND                             ; gnd    ;              ;                     ; --           ;                 ; --       ; --           ;
; Y9       ;            ; --             ; VCC                             ; power  ;              ; 1.1V                ; --           ;                 ; --       ; --           ;
; Y10      ;            ;                ; GND                             ; gnd    ;              ;                     ; --           ;                 ; --       ; --           ;
; Y11      ;            ; --             ; VCC                             ; power  ;              ; 1.1V                ; --           ;                 ; --       ; --           ;
; Y12      ;            ;                ; GND                             ; gnd    ;              ;                     ; --           ;                 ; --       ; --           ;
; Y13      ;            ; --             ; VCC                             ; power  ;              ; 1.1V                ; --           ;                 ; --       ; --           ;
; Y14      ;            ;                ; GND                             ; gnd    ;              ;                     ; --           ;                 ; --       ; --           ;
; Y15      ;            ;                ; GND                             ; gnd    ;              ;                     ; --           ;                 ; --       ; --           ;
; Y16      ; 128        ; 3B             ; reg_game_M[51]                  ; input  ; 2.5 V        ;                     ; Column I/O   ; N               ; no       ; Off          ;
; Y17      ; 170        ; 4A             ; RESERVED_INPUT_WITH_WEAK_PULLUP ;        ;              ;                     ; Column I/O   ;                 ; no       ; On           ;
; Y18      ; 178        ; 4A             ; RESERVED_INPUT_WITH_WEAK_PULLUP ;        ;              ;                     ; Column I/O   ;                 ; no       ; On           ;
; Y19      ; 202        ; 4A             ; RESERVED_INPUT_WITH_WEAK_PULLUP ;        ;              ;                     ; Column I/O   ;                 ; no       ; On           ;
; Y20      ;            ;                ; GND                             ; gnd    ;              ;                     ; --           ;                 ; --       ; --           ;
; Y21      ; 219        ; 5A             ; RESERVED_INPUT_WITH_WEAK_PULLUP ;        ;              ;                     ; Row I/O      ;                 ; no       ; On           ;
; Y22      ;            ; --             ; VCCA_FPLL                       ; power  ;              ; 2.5V                ; --           ;                 ; --       ; --           ;
; Y23      ; 232        ; 5A             ; RESERVED_INPUT_WITH_WEAK_PULLUP ;        ;              ;                     ; Row I/O      ;                 ; no       ; On           ;
; Y24      ; 234        ; 5A             ; RESERVED_INPUT_WITH_WEAK_PULLUP ;        ;              ;                     ; Row I/O      ;                 ; no       ; On           ;
; Y25      ;            ;                ; GND                             ; gnd    ;              ;                     ; --           ;                 ; --       ; --           ;
; Y26      ; 256        ; 5B             ; RESERVED_INPUT_WITH_WEAK_PULLUP ;        ;              ;                     ; Row I/O      ;                 ; no       ; On           ;
; Y27      ; 258        ; 5B             ; RESERVED_INPUT_WITH_WEAK_PULLUP ;        ;              ;                     ; Row I/O      ;                 ; no       ; On           ;
; Y28      ; 269        ; 6B             ; RESERVED_INPUT_WITH_WEAK_PULLUP ;        ;              ;                     ; Row I/O      ;                 ; no       ; On           ;
; Y29      ; 263        ; 6B             ; RESERVED_INPUT_WITH_WEAK_PULLUP ;        ;              ;                     ; Row I/O      ;                 ; no       ; On           ;
; Y30      ;            ;                ; GND                             ; gnd    ;              ;                     ; --           ;                 ; --       ; --           ;
+----------+------------+----------------+---------------------------------+--------+--------------+---------------------+--------------+-----------------+----------+--------------+
Note: Pin directions (input, output or bidir) are based on device operating in user mode.


+------------------------------------------------+
; I/O Assignment Warnings                        ;
+----------------+-------------------------------+
; Pin Name       ; Reason                        ;
+----------------+-------------------------------+
; S              ; Incomplete set of assignments ;
; reg_game_M[0]  ; Incomplete set of assignments ;
; reg_game_M[4]  ; Incomplete set of assignments ;
; reg_game_M[8]  ; Incomplete set of assignments ;
; reg_game_M[12] ; Incomplete set of assignments ;
; reg_game_M[16] ; Incomplete set of assignments ;
; reg_game_M[20] ; Incomplete set of assignments ;
; reg_game_M[24] ; Incomplete set of assignments ;
; reg_game_M[28] ; Incomplete set of assignments ;
; reg_game_M[2]  ; Incomplete set of assignments ;
; reg_game_M[6]  ; Incomplete set of assignments ;
; reg_game_M[10] ; Incomplete set of assignments ;
; reg_game_M[14] ; Incomplete set of assignments ;
; reg_game_M[18] ; Incomplete set of assignments ;
; reg_game_M[22] ; Incomplete set of assignments ;
; reg_game_M[26] ; Incomplete set of assignments ;
; reg_game_M[30] ; Incomplete set of assignments ;
; reg_game_M[32] ; Incomplete set of assignments ;
; reg_game_M[40] ; Incomplete set of assignments ;
; reg_game_M[48] ; Incomplete set of assignments ;
; reg_game_M[56] ; Incomplete set of assignments ;
; reg_game_M[36] ; Incomplete set of assignments ;
; reg_game_M[44] ; Incomplete set of assignments ;
; reg_game_M[52] ; Incomplete set of assignments ;
; reg_game_M[60] ; Incomplete set of assignments ;
; reg_game_M[34] ; Incomplete set of assignments ;
; reg_game_M[42] ; Incomplete set of assignments ;
; reg_game_M[50] ; Incomplete set of assignments ;
; reg_game_M[58] ; Incomplete set of assignments ;
; reg_game_M[38] ; Incomplete set of assignments ;
; reg_game_M[46] ; Incomplete set of assignments ;
; reg_game_M[54] ; Incomplete set of assignments ;
; reg_game_M[62] ; Incomplete set of assignments ;
; reg_game_M[64] ; Incomplete set of assignments ;
; reg_game_M[68] ; Incomplete set of assignments ;
; reg_game_M[66] ; Incomplete set of assignments ;
; reg_game_M[70] ; Incomplete set of assignments ;
; reg_game_M[72] ; Incomplete set of assignments ;
; reg_game_M[76] ; Incomplete set of assignments ;
; reg_game_M[74] ; Incomplete set of assignments ;
; reg_game_M[78] ; Incomplete set of assignments ;
; reg_game_M[80] ; Incomplete set of assignments ;
; reg_game_M[82] ; Incomplete set of assignments ;
; reg_game_M[1]  ; Incomplete set of assignments ;
; reg_game_M[5]  ; Incomplete set of assignments ;
; reg_game_M[17] ; Incomplete set of assignments ;
; reg_game_M[21] ; Incomplete set of assignments ;
; reg_game_M[9]  ; Incomplete set of assignments ;
; reg_game_M[13] ; Incomplete set of assignments ;
; reg_game_M[25] ; Incomplete set of assignments ;
; reg_game_M[29] ; Incomplete set of assignments ;
; reg_game_M[3]  ; Incomplete set of assignments ;
; reg_game_M[7]  ; Incomplete set of assignments ;
; reg_game_M[19] ; Incomplete set of assignments ;
; reg_game_M[23] ; Incomplete set of assignments ;
; reg_game_M[11] ; Incomplete set of assignments ;
; reg_game_M[15] ; Incomplete set of assignments ;
; reg_game_M[27] ; Incomplete set of assignments ;
; reg_game_M[31] ; Incomplete set of assignments ;
; reg_game_M[33] ; Incomplete set of assignments ;
; reg_game_M[41] ; Incomplete set of assignments ;
; reg_game_M[49] ; Incomplete set of assignments ;
; reg_game_M[57] ; Incomplete set of assignments ;
; reg_game_M[37] ; Incomplete set of assignments ;
; reg_game_M[45] ; Incomplete set of assignments ;
; reg_game_M[53] ; Incomplete set of assignments ;
; reg_game_M[61] ; Incomplete set of assignments ;
; reg_game_M[35] ; Incomplete set of assignments ;
; reg_game_M[43] ; Incomplete set of assignments ;
; reg_game_M[51] ; Incomplete set of assignments ;
; reg_game_M[59] ; Incomplete set of assignments ;
; reg_game_M[39] ; Incomplete set of assignments ;
; reg_game_M[47] ; Incomplete set of assignments ;
; reg_game_M[55] ; Incomplete set of assignments ;
; reg_game_M[63] ; Incomplete set of assignments ;
; reg_game_M[65] ; Incomplete set of assignments ;
; reg_game_M[69] ; Incomplete set of assignments ;
; reg_game_M[67] ; Incomplete set of assignments ;
; reg_game_M[71] ; Incomplete set of assignments ;
; reg_game_M[73] ; Incomplete set of assignments ;
; reg_game_M[77] ; Incomplete set of assignments ;
; reg_game_M[75] ; Incomplete set of assignments ;
; reg_game_M[79] ; Incomplete set of assignments ;
; reg_game_M[81] ; Incomplete set of assignments ;
; reg_game_M[83] ; Incomplete set of assignments ;
; reg_jugada[3]  ; Incomplete set of assignments ;
; reg_jugada[4]  ; Incomplete set of assignments ;
; reg_jugada[1]  ; Incomplete set of assignments ;
; reg_jugada[0]  ; Incomplete set of assignments ;
; reg_jugada[5]  ; Incomplete set of assignments ;
; reg_jugada[2]  ; Incomplete set of assignments ;
; S              ; Missing location assignment   ;
; reg_game_M[0]  ; Missing location assignment   ;
; reg_game_M[4]  ; Missing location assignment   ;
; reg_game_M[8]  ; Missing location assignment   ;
; reg_game_M[12] ; Missing location assignment   ;
; reg_game_M[16] ; Missing location assignment   ;
; reg_game_M[20] ; Missing location assignment   ;
; reg_game_M[24] ; Missing location assignment   ;
; reg_game_M[28] ; Missing location assignment   ;
; reg_game_M[2]  ; Missing location assignment   ;
; reg_game_M[6]  ; Missing location assignment   ;
; reg_game_M[10] ; Missing location assignment   ;
; reg_game_M[14] ; Missing location assignment   ;
; reg_game_M[18] ; Missing location assignment   ;
; reg_game_M[22] ; Missing location assignment   ;
; reg_game_M[26] ; Missing location assignment   ;
; reg_game_M[30] ; Missing location assignment   ;
; reg_game_M[32] ; Missing location assignment   ;
; reg_game_M[40] ; Missing location assignment   ;
; reg_game_M[48] ; Missing location assignment   ;
; reg_game_M[56] ; Missing location assignment   ;
; reg_game_M[36] ; Missing location assignment   ;
; reg_game_M[44] ; Missing location assignment   ;
; reg_game_M[52] ; Missing location assignment   ;
; reg_game_M[60] ; Missing location assignment   ;
; reg_game_M[34] ; Missing location assignment   ;
; reg_game_M[42] ; Missing location assignment   ;
; reg_game_M[50] ; Missing location assignment   ;
; reg_game_M[58] ; Missing location assignment   ;
; reg_game_M[38] ; Missing location assignment   ;
; reg_game_M[46] ; Missing location assignment   ;
; reg_game_M[54] ; Missing location assignment   ;
; reg_game_M[62] ; Missing location assignment   ;
; reg_game_M[64] ; Missing location assignment   ;
; reg_game_M[68] ; Missing location assignment   ;
; reg_game_M[66] ; Missing location assignment   ;
; reg_game_M[70] ; Missing location assignment   ;
; reg_game_M[72] ; Missing location assignment   ;
; reg_game_M[76] ; Missing location assignment   ;
; reg_game_M[74] ; Missing location assignment   ;
; reg_game_M[78] ; Missing location assignment   ;
; reg_game_M[80] ; Missing location assignment   ;
; reg_game_M[82] ; Missing location assignment   ;
; reg_game_M[1]  ; Missing location assignment   ;
; reg_game_M[5]  ; Missing location assignment   ;
; reg_game_M[17] ; Missing location assignment   ;
; reg_game_M[21] ; Missing location assignment   ;
; reg_game_M[9]  ; Missing location assignment   ;
; reg_game_M[13] ; Missing location assignment   ;
; reg_game_M[25] ; Missing location assignment   ;
; reg_game_M[29] ; Missing location assignment   ;
; reg_game_M[3]  ; Missing location assignment   ;
; reg_game_M[7]  ; Missing location assignment   ;
; reg_game_M[19] ; Missing location assignment   ;
; reg_game_M[23] ; Missing location assignment   ;
; reg_game_M[11] ; Missing location assignment   ;
; reg_game_M[15] ; Missing location assignment   ;
; reg_game_M[27] ; Missing location assignment   ;
; reg_game_M[31] ; Missing location assignment   ;
; reg_game_M[33] ; Missing location assignment   ;
; reg_game_M[41] ; Missing location assignment   ;
; reg_game_M[49] ; Missing location assignment   ;
; reg_game_M[57] ; Missing location assignment   ;
; reg_game_M[37] ; Missing location assignment   ;
; reg_game_M[45] ; Missing location assignment   ;
; reg_game_M[53] ; Missing location assignment   ;
; reg_game_M[61] ; Missing location assignment   ;
; reg_game_M[35] ; Missing location assignment   ;
; reg_game_M[43] ; Missing location assignment   ;
; reg_game_M[51] ; Missing location assignment   ;
; reg_game_M[59] ; Missing location assignment   ;
; reg_game_M[39] ; Missing location assignment   ;
; reg_game_M[47] ; Missing location assignment   ;
; reg_game_M[55] ; Missing location assignment   ;
; reg_game_M[63] ; Missing location assignment   ;
; reg_game_M[65] ; Missing location assignment   ;
; reg_game_M[69] ; Missing location assignment   ;
; reg_game_M[67] ; Missing location assignment   ;
; reg_game_M[71] ; Missing location assignment   ;
; reg_game_M[73] ; Missing location assignment   ;
; reg_game_M[77] ; Missing location assignment   ;
; reg_game_M[75] ; Missing location assignment   ;
; reg_game_M[79] ; Missing location assignment   ;
; reg_game_M[81] ; Missing location assignment   ;
; reg_game_M[83] ; Missing location assignment   ;
; reg_jugada[3]  ; Missing location assignment   ;
; reg_jugada[4]  ; Missing location assignment   ;
; reg_jugada[1]  ; Missing location assignment   ;
; reg_jugada[0]  ; Missing location assignment   ;
; reg_jugada[5]  ; Missing location assignment   ;
; reg_jugada[2]  ; Missing location assignment   ;
+----------------+-------------------------------+


+----------------------------------------------------------------------------------------------------------------------------------------------------------------------------------------------------------------------------------------------------------------------------------------------------------------------------------------------------------------------------------------+
; Fitter Resource Utilization by Entity                                                                                                                                                                                                                                                                                                                                                  ;
+----------------------------+----------------------+----------------------------------+---------------------------------------------------+----------------------------------+----------------------+---------------------+---------------------------+---------------+-------------------+-------+------------+------+--------------+---------------------+-------------+--------------+
; Compilation Hierarchy Node ; ALMs needed [=A-B+C] ; [A] ALMs used in final placement ; [B] Estimate of ALMs recoverable by dense packing ; [C] Estimate of ALMs unavailable ; ALMs used for memory ; Combinational ALUTs ; Dedicated Logic Registers ; I/O Registers ; Block Memory Bits ; M10Ks ; DSP Blocks ; Pins ; Virtual Pins ; Full Hierarchy Name ; Entity Name ; Library Name ;
+----------------------------+----------------------+----------------------------------+---------------------------------------------------+----------------------------------+----------------------+---------------------+---------------------------+---------------+-------------------+-------+------------+------+--------------+---------------------+-------------+--------------+
; |Check_win                 ; 699.5 (699.5)        ; 728.5 (728.5)                    ; 38.0 (38.0)                                       ; 9.0 (9.0)                        ; 0.0 (0.0)            ; 1112 (1112)         ; 0 (0)                     ; 0 (0)         ; 0                 ; 0     ; 0          ; 91   ; 0            ; |Check_win          ; Check_win   ; work         ;
+----------------------------+----------------------+----------------------------------+---------------------------------------------------+----------------------------------+----------------------+---------------------+---------------------------+---------------+-------------------+-------+------------+------+--------------+---------------------+-------------+--------------+
Note: For table entries with two numbers listed, the numbers in parentheses indicate the number of resources of the given type used by the specific entity alone. The numbers listed outside of parentheses indicate the total resources of the given type used by the specific entity and all of its sub-entities in the hierarchy.


+-------------------------------------------------------------------------------------------------------------------------------+
; Delay Chain Summary                                                                                                           ;
+----------------+----------+----+------+------+----+------+-------+--------+------------------------+--------------------------+
; Name           ; Pin Type ; D1 ; D3_0 ; D3_1 ; D4 ; D5   ; D5 OE ; D5 OCT ; T11 (Postamble Gating) ; T11 (Postamble Ungating) ;
+----------------+----------+----+------+------+----+------+-------+--------+------------------------+--------------------------+
; S              ; Output   ; -- ; --   ; --   ; -- ; (0)  ; (31)  ; --     ; --                     ; --                       ;
; reg_game_M[0]  ; Input    ; -- ; (0)  ; --   ; -- ; --   ; --    ; --     ; --                     ; --                       ;
; reg_game_M[4]  ; Input    ; -- ; (0)  ; --   ; -- ; --   ; --    ; --     ; --                     ; --                       ;
; reg_game_M[8]  ; Input    ; -- ; (0)  ; --   ; -- ; --   ; --    ; --     ; --                     ; --                       ;
; reg_game_M[12] ; Input    ; -- ; --   ; (0)  ; -- ; --   ; --    ; --     ; --                     ; --                       ;
; reg_game_M[16] ; Input    ; -- ; (0)  ; --   ; -- ; --   ; --    ; --     ; --                     ; --                       ;
; reg_game_M[20] ; Input    ; -- ; (0)  ; --   ; -- ; --   ; --    ; --     ; --                     ; --                       ;
; reg_game_M[24] ; Input    ; -- ; (0)  ; --   ; -- ; --   ; --    ; --     ; --                     ; --                       ;
; reg_game_M[28] ; Input    ; -- ; --   ; (0)  ; -- ; --   ; --    ; --     ; --                     ; --                       ;
; reg_game_M[2]  ; Input    ; -- ; (0)  ; --   ; -- ; --   ; --    ; --     ; --                     ; --                       ;
; reg_game_M[6]  ; Input    ; -- ; (0)  ; --   ; -- ; --   ; --    ; --     ; --                     ; --                       ;
; reg_game_M[10] ; Input    ; -- ; --   ; (0)  ; -- ; --   ; --    ; --     ; --                     ; --                       ;
; reg_game_M[14] ; Input    ; -- ; (0)  ; --   ; -- ; --   ; --    ; --     ; --                     ; --                       ;
; reg_game_M[18] ; Input    ; -- ; --   ; (0)  ; -- ; --   ; --    ; --     ; --                     ; --                       ;
; reg_game_M[22] ; Input    ; -- ; (0)  ; --   ; -- ; --   ; --    ; --     ; --                     ; --                       ;
; reg_game_M[26] ; Input    ; -- ; (0)  ; --   ; -- ; --   ; --    ; --     ; --                     ; --                       ;
; reg_game_M[30] ; Input    ; -- ; --   ; (0)  ; -- ; --   ; --    ; --     ; --                     ; --                       ;
; reg_game_M[32] ; Input    ; -- ; --   ; (0)  ; -- ; --   ; --    ; --     ; --                     ; --                       ;
; reg_game_M[40] ; Input    ; -- ; (0)  ; --   ; -- ; --   ; --    ; --     ; --                     ; --                       ;
; reg_game_M[48] ; Input    ; -- ; --   ; (0)  ; -- ; --   ; --    ; --     ; --                     ; --                       ;
; reg_game_M[56] ; Input    ; -- ; --   ; (0)  ; -- ; --   ; --    ; --     ; --                     ; --                       ;
; reg_game_M[36] ; Input    ; -- ; (0)  ; --   ; -- ; --   ; --    ; --     ; --                     ; --                       ;
; reg_game_M[44] ; Input    ; -- ; (0)  ; --   ; -- ; --   ; --    ; --     ; --                     ; --                       ;
; reg_game_M[52] ; Input    ; -- ; (0)  ; --   ; -- ; --   ; --    ; --     ; --                     ; --                       ;
; reg_game_M[60] ; Input    ; -- ; (0)  ; --   ; -- ; --   ; --    ; --     ; --                     ; --                       ;
; reg_game_M[34] ; Input    ; -- ; (0)  ; --   ; -- ; --   ; --    ; --     ; --                     ; --                       ;
; reg_game_M[42] ; Input    ; -- ; --   ; (0)  ; -- ; --   ; --    ; --     ; --                     ; --                       ;
; reg_game_M[50] ; Input    ; -- ; --   ; (0)  ; -- ; --   ; --    ; --     ; --                     ; --                       ;
; reg_game_M[58] ; Input    ; -- ; (0)  ; --   ; -- ; --   ; --    ; --     ; --                     ; --                       ;
; reg_game_M[38] ; Input    ; -- ; --   ; (0)  ; -- ; --   ; --    ; --     ; --                     ; --                       ;
; reg_game_M[46] ; Input    ; -- ; (0)  ; --   ; -- ; --   ; --    ; --     ; --                     ; --                       ;
; reg_game_M[54] ; Input    ; -- ; (0)  ; --   ; -- ; --   ; --    ; --     ; --                     ; --                       ;
; reg_game_M[62] ; Input    ; -- ; (0)  ; --   ; -- ; --   ; --    ; --     ; --                     ; --                       ;
; reg_game_M[64] ; Input    ; -- ; --   ; (0)  ; -- ; --   ; --    ; --     ; --                     ; --                       ;
; reg_game_M[68] ; Input    ; -- ; --   ; (0)  ; -- ; --   ; --    ; --     ; --                     ; --                       ;
; reg_game_M[66] ; Input    ; -- ; --   ; (0)  ; -- ; --   ; --    ; --     ; --                     ; --                       ;
; reg_game_M[70] ; Input    ; -- ; --   ; (0)  ; -- ; --   ; --    ; --     ; --                     ; --                       ;
; reg_game_M[72] ; Input    ; -- ; (0)  ; --   ; -- ; --   ; --    ; --     ; --                     ; --                       ;
; reg_game_M[76] ; Input    ; -- ; (0)  ; --   ; -- ; --   ; --    ; --     ; --                     ; --                       ;
; reg_game_M[74] ; Input    ; -- ; (0)  ; --   ; -- ; --   ; --    ; --     ; --                     ; --                       ;
; reg_game_M[78] ; Input    ; -- ; --   ; (0)  ; -- ; --   ; --    ; --     ; --                     ; --                       ;
; reg_game_M[80] ; Input    ; -- ; (0)  ; --   ; -- ; --   ; --    ; --     ; --                     ; --                       ;
; reg_game_M[82] ; Input    ; -- ; (0)  ; --   ; -- ; --   ; --    ; --     ; --                     ; --                       ;
; reg_game_M[1]  ; Input    ; -- ; --   ; (0)  ; -- ; --   ; --    ; --     ; --                     ; --                       ;
; reg_game_M[5]  ; Input    ; -- ; --   ; (0)  ; -- ; --   ; --    ; --     ; --                     ; --                       ;
; reg_game_M[17] ; Input    ; -- ; (0)  ; --   ; -- ; --   ; --    ; --     ; --                     ; --                       ;
; reg_game_M[21] ; Input    ; -- ; --   ; (0)  ; -- ; --   ; --    ; --     ; --                     ; --                       ;
; reg_game_M[9]  ; Input    ; -- ; (0)  ; --   ; -- ; --   ; --    ; --     ; --                     ; --                       ;
; reg_game_M[13] ; Input    ; -- ; --   ; (0)  ; -- ; --   ; --    ; --     ; --                     ; --                       ;
; reg_game_M[25] ; Input    ; -- ; --   ; (0)  ; -- ; --   ; --    ; --     ; --                     ; --                       ;
; reg_game_M[29] ; Input    ; -- ; --   ; (0)  ; -- ; --   ; --    ; --     ; --                     ; --                       ;
; reg_game_M[3]  ; Input    ; -- ; (0)  ; --   ; -- ; --   ; --    ; --     ; --                     ; --                       ;
; reg_game_M[7]  ; Input    ; -- ; (0)  ; --   ; -- ; --   ; --    ; --     ; --                     ; --                       ;
; reg_game_M[19] ; Input    ; -- ; --   ; (0)  ; -- ; --   ; --    ; --     ; --                     ; --                       ;
; reg_game_M[23] ; Input    ; -- ; (0)  ; --   ; -- ; --   ; --    ; --     ; --                     ; --                       ;
; reg_game_M[11] ; Input    ; -- ; (0)  ; --   ; -- ; --   ; --    ; --     ; --                     ; --                       ;
; reg_game_M[15] ; Input    ; -- ; (0)  ; --   ; -- ; --   ; --    ; --     ; --                     ; --                       ;
; reg_game_M[27] ; Input    ; -- ; --   ; (0)  ; -- ; --   ; --    ; --     ; --                     ; --                       ;
; reg_game_M[31] ; Input    ; -- ; (0)  ; --   ; -- ; --   ; --    ; --     ; --                     ; --                       ;
; reg_game_M[33] ; Input    ; -- ; --   ; (0)  ; -- ; --   ; --    ; --     ; --                     ; --                       ;
; reg_game_M[41] ; Input    ; -- ; --   ; (0)  ; -- ; --   ; --    ; --     ; --                     ; --                       ;
; reg_game_M[49] ; Input    ; -- ; --   ; (0)  ; -- ; --   ; --    ; --     ; --                     ; --                       ;
; reg_game_M[57] ; Input    ; -- ; --   ; (0)  ; -- ; --   ; --    ; --     ; --                     ; --                       ;
; reg_game_M[37] ; Input    ; -- ; (0)  ; --   ; -- ; --   ; --    ; --     ; --                     ; --                       ;
; reg_game_M[45] ; Input    ; -- ; (0)  ; --   ; -- ; --   ; --    ; --     ; --                     ; --                       ;
; reg_game_M[53] ; Input    ; -- ; --   ; (0)  ; -- ; --   ; --    ; --     ; --                     ; --                       ;
; reg_game_M[61] ; Input    ; -- ; (0)  ; --   ; -- ; --   ; --    ; --     ; --                     ; --                       ;
; reg_game_M[35] ; Input    ; -- ; --   ; (0)  ; -- ; --   ; --    ; --     ; --                     ; --                       ;
; reg_game_M[43] ; Input    ; -- ; --   ; (0)  ; -- ; --   ; --    ; --     ; --                     ; --                       ;
; reg_game_M[51] ; Input    ; -- ; (0)  ; --   ; -- ; --   ; --    ; --     ; --                     ; --                       ;
; reg_game_M[59] ; Input    ; -- ; (0)  ; --   ; -- ; --   ; --    ; --     ; --                     ; --                       ;
; reg_game_M[39] ; Input    ; -- ; --   ; (0)  ; -- ; --   ; --    ; --     ; --                     ; --                       ;
; reg_game_M[47] ; Input    ; -- ; (0)  ; --   ; -- ; --   ; --    ; --     ; --                     ; --                       ;
; reg_game_M[55] ; Input    ; -- ; (0)  ; --   ; -- ; --   ; --    ; --     ; --                     ; --                       ;
; reg_game_M[63] ; Input    ; -- ; --   ; (0)  ; -- ; --   ; --    ; --     ; --                     ; --                       ;
; reg_game_M[65] ; Input    ; -- ; (0)  ; --   ; -- ; --   ; --    ; --     ; --                     ; --                       ;
; reg_game_M[69] ; Input    ; -- ; (0)  ; --   ; -- ; --   ; --    ; --     ; --                     ; --                       ;
; reg_game_M[67] ; Input    ; -- ; (0)  ; --   ; -- ; --   ; --    ; --     ; --                     ; --                       ;
; reg_game_M[71] ; Input    ; -- ; --   ; (0)  ; -- ; --   ; --    ; --     ; --                     ; --                       ;
; reg_game_M[73] ; Input    ; -- ; (0)  ; --   ; -- ; --   ; --    ; --     ; --                     ; --                       ;
; reg_game_M[77] ; Input    ; -- ; --   ; (0)  ; -- ; --   ; --    ; --     ; --                     ; --                       ;
; reg_game_M[75] ; Input    ; -- ; (0)  ; --   ; -- ; --   ; --    ; --     ; --                     ; --                       ;
; reg_game_M[79] ; Input    ; -- ; --   ; (0)  ; -- ; --   ; --    ; --     ; --                     ; --                       ;
; reg_game_M[81] ; Input    ; -- ; --   ; (0)  ; -- ; --   ; --    ; --     ; --                     ; --                       ;
; reg_game_M[83] ; Input    ; -- ; --   ; (0)  ; -- ; --   ; --    ; --     ; --                     ; --                       ;
; reg_jugada[3]  ; Input    ; -- ; --   ; (0)  ; -- ; --   ; --    ; --     ; --                     ; --                       ;
; reg_jugada[4]  ; Input    ; -- ; (0)  ; --   ; -- ; --   ; --    ; --     ; --                     ; --                       ;
; reg_jugada[1]  ; Input    ; -- ; (0)  ; --   ; -- ; --   ; --    ; --     ; --                     ; --                       ;
; reg_jugada[0]  ; Input    ; -- ; (0)  ; --   ; -- ; --   ; --    ; --     ; --                     ; --                       ;
; reg_jugada[5]  ; Input    ; -- ; (0)  ; --   ; -- ; --   ; --    ; --     ; --                     ; --                       ;
; reg_jugada[2]  ; Input    ; -- ; --   ; (0)  ; -- ; --   ; --    ; --     ; --                     ; --                       ;
+----------------+----------+----+------+------+----+------+-------+--------+------------------------+--------------------------+


+---------------------------------------------------+
; Pad To Core Delay Chain Fanout                    ;
+---------------------+-------------------+---------+
; Source Pin / Fanout ; Pad To Core Index ; Setting ;
+---------------------+-------------------+---------+
; reg_game_M[0]       ;                   ;         ;
;      - Mux0~0       ; 0                 ; 0       ;
;      - Mux14~13     ; 0                 ; 0       ;
;      - Mux16~4      ; 0                 ; 0       ;
;      - Mux18~0      ; 0                 ; 0       ;
;      - Mux20~8      ; 0                 ; 0       ;
;      - Mux22~8      ; 0                 ; 0       ;
;      - Mux24~0      ; 0                 ; 0       ;
;      - Mux34~0      ; 0                 ; 0       ;
;      - Mux32~0      ; 0                 ; 0       ;
;      - Mux36~0      ; 0                 ; 0       ;
;      - Mux26~8      ; 0                 ; 0       ;
;      - Mux28~12     ; 0                 ; 0       ;
;      - Mux30~0      ; 0                 ; 0       ;
;      - Mux44~12     ; 0                 ; 0       ;
;      - Mux46~0      ; 0                 ; 0       ;
;      - Mux48~0      ; 0                 ; 0       ;
;      - Mux40~0      ; 0                 ; 0       ;
;      - Mux38~0      ; 0                 ; 0       ;
;      - Mux42~0      ; 0                 ; 0       ;
;      - Mux8~0       ; 0                 ; 0       ;
;      - Mux10~0      ; 0                 ; 0       ;
;      - Mux12~0      ; 0                 ; 0       ;
;      - Mux2~2       ; 0                 ; 0       ;
;      - Mux4~0       ; 0                 ; 0       ;
;      - Mux6~2       ; 0                 ; 0       ;
; reg_game_M[4]       ;                   ;         ;
;      - Mux0~0       ; 0                 ; 0       ;
;      - Mux14~12     ; 0                 ; 0       ;
;      - Mux16~6      ; 0                 ; 0       ;
;      - Mux18~2      ; 0                 ; 0       ;
;      - Mux20~10     ; 0                 ; 0       ;
;      - Mux22~10     ; 0                 ; 0       ;
;      - Mux24~2      ; 0                 ; 0       ;
;      - Mux34~2      ; 0                 ; 0       ;
;      - Mux32~2      ; 0                 ; 0       ;
;      - Mux36~2      ; 0                 ; 0       ;
;      - Mux26~10     ; 0                 ; 0       ;
;      - Mux28~14     ; 0                 ; 0       ;
;      - Mux30~2      ; 0                 ; 0       ;
;      - Mux44~14     ; 0                 ; 0       ;
;      - Mux46~2      ; 0                 ; 0       ;
;      - Mux48~2      ; 0                 ; 0       ;
;      - Mux40~2      ; 0                 ; 0       ;
;      - Mux38~2      ; 0                 ; 0       ;
;      - Mux42~2      ; 0                 ; 0       ;
;      - Mux8~2       ; 0                 ; 0       ;
;      - Mux10~2      ; 0                 ; 0       ;
;      - Mux12~2      ; 0                 ; 0       ;
;      - Mux2~4       ; 0                 ; 0       ;
;      - Mux4~2       ; 0                 ; 0       ;
;      - Mux6~4       ; 0                 ; 0       ;
; reg_game_M[8]       ;                   ;         ;
;      - Mux0~0       ; 0                 ; 0       ;
;      - Mux14~13     ; 0                 ; 0       ;
;      - Mux16~4      ; 0                 ; 0       ;
;      - Mux18~0      ; 0                 ; 0       ;
;      - Mux20~8      ; 0                 ; 0       ;
;      - Mux22~8      ; 0                 ; 0       ;
;      - Mux24~0      ; 0                 ; 0       ;
;      - Mux34~0      ; 0                 ; 0       ;
;      - Mux32~0      ; 0                 ; 0       ;
;      - Mux36~0      ; 0                 ; 0       ;
;      - Mux26~8      ; 0                 ; 0       ;
;      - Mux28~12     ; 0                 ; 0       ;
;      - Mux30~0      ; 0                 ; 0       ;
;      - Mux44~12     ; 0                 ; 0       ;
;      - Mux46~0      ; 0                 ; 0       ;
;      - Mux48~0      ; 0                 ; 0       ;
;      - Mux40~0      ; 0                 ; 0       ;
;      - Mux38~0      ; 0                 ; 0       ;
;      - Mux42~0      ; 0                 ; 0       ;
;      - Mux8~0       ; 0                 ; 0       ;
;      - Mux10~0      ; 0                 ; 0       ;
;      - Mux12~0      ; 0                 ; 0       ;
;      - Mux2~2       ; 0                 ; 0       ;
;      - Mux4~0       ; 0                 ; 0       ;
;      - Mux6~2       ; 0                 ; 0       ;
; reg_game_M[12]      ;                   ;         ;
;      - Mux0~0       ; 1                 ; 0       ;
;      - Mux14~12     ; 1                 ; 0       ;
;      - Mux16~6      ; 1                 ; 0       ;
;      - Mux18~2      ; 1                 ; 0       ;
;      - Mux20~10     ; 1                 ; 0       ;
;      - Mux22~10     ; 1                 ; 0       ;
;      - Mux24~2      ; 1                 ; 0       ;
;      - Mux34~2      ; 1                 ; 0       ;
;      - Mux32~2      ; 1                 ; 0       ;
;      - Mux36~2      ; 1                 ; 0       ;
;      - Mux26~10     ; 1                 ; 0       ;
;      - Mux28~14     ; 1                 ; 0       ;
;      - Mux30~2      ; 1                 ; 0       ;
;      - Mux44~14     ; 1                 ; 0       ;
;      - Mux46~2      ; 1                 ; 0       ;
;      - Mux48~2      ; 1                 ; 0       ;
;      - Mux40~2      ; 1                 ; 0       ;
;      - Mux38~2      ; 1                 ; 0       ;
;      - Mux42~2      ; 1                 ; 0       ;
;      - Mux8~2       ; 1                 ; 0       ;
;      - Mux10~2      ; 1                 ; 0       ;
;      - Mux12~2      ; 1                 ; 0       ;
;      - Mux2~4       ; 1                 ; 0       ;
;      - Mux4~2       ; 1                 ; 0       ;
;      - Mux6~4       ; 1                 ; 0       ;
; reg_game_M[16]      ;                   ;         ;
;      - Mux0~1       ; 0                 ; 0       ;
;      - Mux14~13     ; 0                 ; 0       ;
;      - Mux16~4      ; 0                 ; 0       ;
;      - Mux18~0      ; 0                 ; 0       ;
;      - Mux20~8      ; 0                 ; 0       ;
;      - Mux22~8      ; 0                 ; 0       ;
;      - Mux24~0      ; 0                 ; 0       ;
;      - Mux34~0      ; 0                 ; 0       ;
;      - Mux32~0      ; 0                 ; 0       ;
;      - Mux36~0      ; 0                 ; 0       ;
;      - Mux26~8      ; 0                 ; 0       ;
;      - Mux28~12     ; 0                 ; 0       ;
;      - Mux30~0      ; 0                 ; 0       ;
;      - Mux44~12     ; 0                 ; 0       ;
;      - Mux46~0      ; 0                 ; 0       ;
;      - Mux48~0      ; 0                 ; 0       ;
;      - Mux40~0      ; 0                 ; 0       ;
;      - Mux38~0      ; 0                 ; 0       ;
;      - Mux42~0      ; 0                 ; 0       ;
;      - Mux8~0       ; 0                 ; 0       ;
;      - Mux10~0      ; 0                 ; 0       ;
;      - Mux12~0      ; 0                 ; 0       ;
;      - Mux2~2       ; 0                 ; 0       ;
;      - Mux4~0       ; 0                 ; 0       ;
;      - Mux6~2       ; 0                 ; 0       ;
; reg_game_M[20]      ;                   ;         ;
;      - Mux0~1       ; 0                 ; 0       ;
;      - Mux14~12     ; 0                 ; 0       ;
;      - Mux16~6      ; 0                 ; 0       ;
;      - Mux18~2      ; 0                 ; 0       ;
;      - Mux20~10     ; 0                 ; 0       ;
;      - Mux22~10     ; 0                 ; 0       ;
;      - Mux24~2      ; 0                 ; 0       ;
;      - Mux34~2      ; 0                 ; 0       ;
;      - Mux32~2      ; 0                 ; 0       ;
;      - Mux36~2      ; 0                 ; 0       ;
;      - Mux26~10     ; 0                 ; 0       ;
;      - Mux28~14     ; 0                 ; 0       ;
;      - Mux30~2      ; 0                 ; 0       ;
;      - Mux44~14     ; 0                 ; 0       ;
;      - Mux46~2      ; 0                 ; 0       ;
;      - Mux48~2      ; 0                 ; 0       ;
;      - Mux40~2      ; 0                 ; 0       ;
;      - Mux38~2      ; 0                 ; 0       ;
;      - Mux42~2      ; 0                 ; 0       ;
;      - Mux8~2       ; 0                 ; 0       ;
;      - Mux10~2      ; 0                 ; 0       ;
;      - Mux12~2      ; 0                 ; 0       ;
;      - Mux2~4       ; 0                 ; 0       ;
;      - Mux4~2       ; 0                 ; 0       ;
;      - Mux6~4       ; 0                 ; 0       ;
; reg_game_M[24]      ;                   ;         ;
;      - Mux0~1       ; 0                 ; 0       ;
;      - Mux14~13     ; 0                 ; 0       ;
;      - Mux16~4      ; 0                 ; 0       ;
;      - Mux18~0      ; 0                 ; 0       ;
;      - Mux20~8      ; 0                 ; 0       ;
;      - Mux22~8      ; 0                 ; 0       ;
;      - Mux24~0      ; 0                 ; 0       ;
;      - Mux34~0      ; 0                 ; 0       ;
;      - Mux32~0      ; 0                 ; 0       ;
;      - Mux36~0      ; 0                 ; 0       ;
;      - Mux26~8      ; 0                 ; 0       ;
;      - Mux28~12     ; 0                 ; 0       ;
;      - Mux30~0      ; 0                 ; 0       ;
;      - Mux44~12     ; 0                 ; 0       ;
;      - Mux46~0      ; 0                 ; 0       ;
;      - Mux48~0      ; 0                 ; 0       ;
;      - Mux40~0      ; 0                 ; 0       ;
;      - Mux38~0      ; 0                 ; 0       ;
;      - Mux42~0      ; 0                 ; 0       ;
;      - Mux8~0       ; 0                 ; 0       ;
;      - Mux10~0      ; 0                 ; 0       ;
;      - Mux12~0      ; 0                 ; 0       ;
;      - Mux2~2       ; 0                 ; 0       ;
;      - Mux4~0       ; 0                 ; 0       ;
;      - Mux6~2       ; 0                 ; 0       ;
; reg_game_M[28]      ;                   ;         ;
;      - Mux0~1       ; 1                 ; 0       ;
;      - Mux14~12     ; 1                 ; 0       ;
;      - Mux16~6      ; 1                 ; 0       ;
;      - Mux18~2      ; 1                 ; 0       ;
;      - Mux20~10     ; 1                 ; 0       ;
;      - Mux22~10     ; 1                 ; 0       ;
;      - Mux24~2      ; 1                 ; 0       ;
;      - Mux34~2      ; 1                 ; 0       ;
;      - Mux32~2      ; 1                 ; 0       ;
;      - Mux36~2      ; 1                 ; 0       ;
;      - Mux26~10     ; 1                 ; 0       ;
;      - Mux28~14     ; 1                 ; 0       ;
;      - Mux30~2      ; 1                 ; 0       ;
;      - Mux44~14     ; 1                 ; 0       ;
;      - Mux46~2      ; 1                 ; 0       ;
;      - Mux48~2      ; 1                 ; 0       ;
;      - Mux40~2      ; 1                 ; 0       ;
;      - Mux38~2      ; 1                 ; 0       ;
;      - Mux42~2      ; 1                 ; 0       ;
;      - Mux8~2       ; 1                 ; 0       ;
;      - Mux10~2      ; 1                 ; 0       ;
;      - Mux12~2      ; 1                 ; 0       ;
;      - Mux2~4       ; 1                 ; 0       ;
;      - Mux4~2       ; 1                 ; 0       ;
;      - Mux6~4       ; 1                 ; 0       ;
; reg_game_M[2]       ;                   ;         ;
;      - Mux0~2       ; 0                 ; 0       ;
;      - Mux14~11     ; 0                 ; 0       ;
;      - Mux16~5      ; 0                 ; 0       ;
;      - Mux18~1      ; 0                 ; 0       ;
;      - Mux20~9      ; 0                 ; 0       ;
;      - Mux22~9      ; 0                 ; 0       ;
;      - Mux24~1      ; 0                 ; 0       ;
;      - Mux34~1      ; 0                 ; 0       ;
;      - Mux32~1      ; 0                 ; 0       ;
;      - Mux36~1      ; 0                 ; 0       ;
;      - Mux26~9      ; 0                 ; 0       ;
;      - Mux28~13     ; 0                 ; 0       ;
;      - Mux30~1      ; 0                 ; 0       ;
;      - Mux44~13     ; 0                 ; 0       ;
;      - Mux46~1      ; 0                 ; 0       ;
;      - Mux48~1      ; 0                 ; 0       ;
;      - Mux40~1      ; 0                 ; 0       ;
;      - Mux38~1      ; 0                 ; 0       ;
;      - Mux42~1      ; 0                 ; 0       ;
;      - Mux8~1       ; 0                 ; 0       ;
;      - Mux10~1      ; 0                 ; 0       ;
;      - Mux12~1      ; 0                 ; 0       ;
;      - Mux2~3       ; 0                 ; 0       ;
;      - Mux4~1       ; 0                 ; 0       ;
;      - Mux6~3       ; 0                 ; 0       ;
; reg_game_M[6]       ;                   ;         ;
;      - Mux0~2       ; 0                 ; 0       ;
;      - Mux14~10     ; 0                 ; 0       ;
;      - Mux16~7      ; 0                 ; 0       ;
;      - Mux18~3      ; 0                 ; 0       ;
;      - Mux20~11     ; 0                 ; 0       ;
;      - Mux22~11     ; 0                 ; 0       ;
;      - Mux24~3      ; 0                 ; 0       ;
;      - Mux34~3      ; 0                 ; 0       ;
;      - Mux32~3      ; 0                 ; 0       ;
;      - Mux36~3      ; 0                 ; 0       ;
;      - Mux26~11     ; 0                 ; 0       ;
;      - Mux28~15     ; 0                 ; 0       ;
;      - Mux30~3      ; 0                 ; 0       ;
;      - Mux44~15     ; 0                 ; 0       ;
;      - Mux46~3      ; 0                 ; 0       ;
;      - Mux48~3      ; 0                 ; 0       ;
;      - Mux40~3      ; 0                 ; 0       ;
;      - Mux38~3      ; 0                 ; 0       ;
;      - Mux42~3      ; 0                 ; 0       ;
;      - Mux8~3       ; 0                 ; 0       ;
;      - Mux10~3      ; 0                 ; 0       ;
;      - Mux12~3      ; 0                 ; 0       ;
;      - Mux2~5       ; 0                 ; 0       ;
;      - Mux4~3       ; 0                 ; 0       ;
;      - Mux6~5       ; 0                 ; 0       ;
; reg_game_M[10]      ;                   ;         ;
;      - Mux0~2       ; 1                 ; 0       ;
;      - Mux14~11     ; 1                 ; 0       ;
;      - Mux16~5      ; 1                 ; 0       ;
;      - Mux18~1      ; 1                 ; 0       ;
;      - Mux20~9      ; 1                 ; 0       ;
;      - Mux22~9      ; 1                 ; 0       ;
;      - Mux24~1      ; 1                 ; 0       ;
;      - Mux34~1      ; 1                 ; 0       ;
;      - Mux32~1      ; 1                 ; 0       ;
;      - Mux36~1      ; 1                 ; 0       ;
;      - Mux26~9      ; 1                 ; 0       ;
;      - Mux28~13     ; 1                 ; 0       ;
;      - Mux30~1      ; 1                 ; 0       ;
;      - Mux44~13     ; 1                 ; 0       ;
;      - Mux46~1      ; 1                 ; 0       ;
;      - Mux48~1      ; 1                 ; 0       ;
;      - Mux40~1      ; 1                 ; 0       ;
;      - Mux38~1      ; 1                 ; 0       ;
;      - Mux42~1      ; 1                 ; 0       ;
;      - Mux8~1       ; 1                 ; 0       ;
;      - Mux10~1      ; 1                 ; 0       ;
;      - Mux12~1      ; 1                 ; 0       ;
;      - Mux2~3       ; 1                 ; 0       ;
;      - Mux4~1       ; 1                 ; 0       ;
;      - Mux6~3       ; 1                 ; 0       ;
; reg_game_M[14]      ;                   ;         ;
;      - Mux0~2       ; 0                 ; 0       ;
;      - Mux14~10     ; 0                 ; 0       ;
;      - Mux16~7      ; 0                 ; 0       ;
;      - Mux18~3      ; 0                 ; 0       ;
;      - Mux20~11     ; 0                 ; 0       ;
;      - Mux22~11     ; 0                 ; 0       ;
;      - Mux24~3      ; 0                 ; 0       ;
;      - Mux34~3      ; 0                 ; 0       ;
;      - Mux32~3      ; 0                 ; 0       ;
;      - Mux36~3      ; 0                 ; 0       ;
;      - Mux26~11     ; 0                 ; 0       ;
;      - Mux28~15     ; 0                 ; 0       ;
;      - Mux30~3      ; 0                 ; 0       ;
;      - Mux44~15     ; 0                 ; 0       ;
;      - Mux46~3      ; 0                 ; 0       ;
;      - Mux48~3      ; 0                 ; 0       ;
;      - Mux40~3      ; 0                 ; 0       ;
;      - Mux38~3      ; 0                 ; 0       ;
;      - Mux42~3      ; 0                 ; 0       ;
;      - Mux8~3       ; 0                 ; 0       ;
;      - Mux10~3      ; 0                 ; 0       ;
;      - Mux12~3      ; 0                 ; 0       ;
;      - Mux2~5       ; 0                 ; 0       ;
;      - Mux4~3       ; 0                 ; 0       ;
;      - Mux6~5       ; 0                 ; 0       ;
; reg_game_M[18]      ;                   ;         ;
;      - Mux0~3       ; 1                 ; 0       ;
;      - Mux14~11     ; 1                 ; 0       ;
;      - Mux16~5      ; 1                 ; 0       ;
;      - Mux18~1      ; 1                 ; 0       ;
;      - Mux20~9      ; 1                 ; 0       ;
;      - Mux22~9      ; 1                 ; 0       ;
;      - Mux24~1      ; 1                 ; 0       ;
;      - Mux34~1      ; 1                 ; 0       ;
;      - Mux32~1      ; 1                 ; 0       ;
;      - Mux36~1      ; 1                 ; 0       ;
;      - Mux26~9      ; 1                 ; 0       ;
;      - Mux28~13     ; 1                 ; 0       ;
;      - Mux30~1      ; 1                 ; 0       ;
;      - Mux44~13     ; 1                 ; 0       ;
;      - Mux46~1      ; 1                 ; 0       ;
;      - Mux48~1      ; 1                 ; 0       ;
;      - Mux40~1      ; 1                 ; 0       ;
;      - Mux38~1      ; 1                 ; 0       ;
;      - Mux42~1      ; 1                 ; 0       ;
;      - Mux8~1       ; 1                 ; 0       ;
;      - Mux10~1      ; 1                 ; 0       ;
;      - Mux12~1      ; 1                 ; 0       ;
;      - Mux2~3       ; 1                 ; 0       ;
;      - Mux4~1       ; 1                 ; 0       ;
;      - Mux6~3       ; 1                 ; 0       ;
; reg_game_M[22]      ;                   ;         ;
;      - Mux0~3       ; 0                 ; 0       ;
;      - Mux14~10     ; 0                 ; 0       ;
;      - Mux16~7      ; 0                 ; 0       ;
;      - Mux18~3      ; 0                 ; 0       ;
;      - Mux20~11     ; 0                 ; 0       ;
;      - Mux22~11     ; 0                 ; 0       ;
;      - Mux24~3      ; 0                 ; 0       ;
;      - Mux34~3      ; 0                 ; 0       ;
;      - Mux32~3      ; 0                 ; 0       ;
;      - Mux36~3      ; 0                 ; 0       ;
;      - Mux26~11     ; 0                 ; 0       ;
;      - Mux28~15     ; 0                 ; 0       ;
;      - Mux30~3      ; 0                 ; 0       ;
;      - Mux44~15     ; 0                 ; 0       ;
;      - Mux46~3      ; 0                 ; 0       ;
;      - Mux48~3      ; 0                 ; 0       ;
;      - Mux40~3      ; 0                 ; 0       ;
;      - Mux38~3      ; 0                 ; 0       ;
;      - Mux42~3      ; 0                 ; 0       ;
;      - Mux8~3       ; 0                 ; 0       ;
;      - Mux10~3      ; 0                 ; 0       ;
;      - Mux12~3      ; 0                 ; 0       ;
;      - Mux2~5       ; 0                 ; 0       ;
;      - Mux4~3       ; 0                 ; 0       ;
;      - Mux6~5       ; 0                 ; 0       ;
; reg_game_M[26]      ;                   ;         ;
;      - Mux0~3       ; 0                 ; 0       ;
;      - Mux14~11     ; 0                 ; 0       ;
;      - Mux16~5      ; 0                 ; 0       ;
;      - Mux18~1      ; 0                 ; 0       ;
;      - Mux20~9      ; 0                 ; 0       ;
;      - Mux22~9      ; 0                 ; 0       ;
;      - Mux24~1      ; 0                 ; 0       ;
;      - Mux34~1      ; 0                 ; 0       ;
;      - Mux32~1      ; 0                 ; 0       ;
;      - Mux36~1      ; 0                 ; 0       ;
;      - Mux26~9      ; 0                 ; 0       ;
;      - Mux28~13     ; 0                 ; 0       ;
;      - Mux30~1      ; 0                 ; 0       ;
;      - Mux44~13     ; 0                 ; 0       ;
;      - Mux46~1      ; 0                 ; 0       ;
;      - Mux48~1      ; 0                 ; 0       ;
;      - Mux40~1      ; 0                 ; 0       ;
;      - Mux38~1      ; 0                 ; 0       ;
;      - Mux42~1      ; 0                 ; 0       ;
;      - Mux8~1       ; 0                 ; 0       ;
;      - Mux10~1      ; 0                 ; 0       ;
;      - Mux12~1      ; 0                 ; 0       ;
;      - Mux2~3       ; 0                 ; 0       ;
;      - Mux4~1       ; 0                 ; 0       ;
;      - Mux6~3       ; 0                 ; 0       ;
; reg_game_M[30]      ;                   ;         ;
;      - Mux0~3       ; 1                 ; 0       ;
;      - Mux14~10     ; 1                 ; 0       ;
;      - Mux16~7      ; 1                 ; 0       ;
;      - Mux18~3      ; 1                 ; 0       ;
;      - Mux20~11     ; 1                 ; 0       ;
;      - Mux22~11     ; 1                 ; 0       ;
;      - Mux24~3      ; 1                 ; 0       ;
;      - Mux34~3      ; 1                 ; 0       ;
;      - Mux32~3      ; 1                 ; 0       ;
;      - Mux36~3      ; 1                 ; 0       ;
;      - Mux26~11     ; 1                 ; 0       ;
;      - Mux28~15     ; 1                 ; 0       ;
;      - Mux30~3      ; 1                 ; 0       ;
;      - Mux44~15     ; 1                 ; 0       ;
;      - Mux46~3      ; 1                 ; 0       ;
;      - Mux48~3      ; 1                 ; 0       ;
;      - Mux40~3      ; 1                 ; 0       ;
;      - Mux38~3      ; 1                 ; 0       ;
;      - Mux42~3      ; 1                 ; 0       ;
;      - Mux8~3       ; 1                 ; 0       ;
;      - Mux10~3      ; 1                 ; 0       ;
;      - Mux12~3      ; 1                 ; 0       ;
;      - Mux2~5       ; 1                 ; 0       ;
;      - Mux4~3       ; 1                 ; 0       ;
;      - Mux6~5       ; 1                 ; 0       ;
; reg_game_M[32]      ;                   ;         ;
;      - Mux0~5       ; 1                 ; 0       ;
;      - Mux14~2      ; 1                 ; 0       ;
;      - Mux16~9      ; 1                 ; 0       ;
;      - Mux18~7      ; 1                 ; 0       ;
;      - Mux20~0      ; 1                 ; 0       ;
;      - Mux22~0      ; 1                 ; 0       ;
;      - Mux24~7      ; 1                 ; 0       ;
;      - Mux34~8      ; 1                 ; 0       ;
;      - Mux32~6      ; 1                 ; 0       ;
;      - Mux36~7      ; 1                 ; 0       ;
;      - Mux26~0      ; 1                 ; 0       ;
;      - Mux28~0      ; 1                 ; 0       ;
;      - Mux30~5      ; 1                 ; 0       ;
;      - Mux44~2      ; 1                 ; 0       ;
;      - Mux46~7      ; 1                 ; 0       ;
;      - Mux48~7      ; 1                 ; 0       ;
;      - Mux40~5      ; 1                 ; 0       ;
;      - Mux38~6      ; 1                 ; 0       ;
;      - Mux42~7      ; 1                 ; 0       ;
;      - Mux8~5       ; 1                 ; 0       ;
;      - Mux10~5      ; 1                 ; 0       ;
;      - Mux12~5      ; 1                 ; 0       ;
;      - Mux2~7       ; 1                 ; 0       ;
;      - Mux4~6       ; 1                 ; 0       ;
;      - Mux6~7       ; 1                 ; 0       ;
; reg_game_M[40]      ;                   ;         ;
;      - Mux0~5       ; 0                 ; 0       ;
;      - Mux14~2      ; 0                 ; 0       ;
;      - Mux16~9      ; 0                 ; 0       ;
;      - Mux18~7      ; 0                 ; 0       ;
;      - Mux20~0      ; 0                 ; 0       ;
;      - Mux22~0      ; 0                 ; 0       ;
;      - Mux24~7      ; 0                 ; 0       ;
;      - Mux34~8      ; 0                 ; 0       ;
;      - Mux32~6      ; 0                 ; 0       ;
;      - Mux36~7      ; 0                 ; 0       ;
;      - Mux26~0      ; 0                 ; 0       ;
;      - Mux28~0      ; 0                 ; 0       ;
;      - Mux30~5      ; 0                 ; 0       ;
;      - Mux44~2      ; 0                 ; 0       ;
;      - Mux46~7      ; 0                 ; 0       ;
;      - Mux48~7      ; 0                 ; 0       ;
;      - Mux40~5      ; 0                 ; 0       ;
;      - Mux38~6      ; 0                 ; 0       ;
;      - Mux42~7      ; 0                 ; 0       ;
;      - Mux8~5       ; 0                 ; 0       ;
;      - Mux10~5      ; 0                 ; 0       ;
;      - Mux12~5      ; 0                 ; 0       ;
;      - Mux2~7       ; 0                 ; 0       ;
;      - Mux4~6       ; 0                 ; 0       ;
;      - Mux6~7       ; 0                 ; 0       ;
; reg_game_M[48]      ;                   ;         ;
;      - Mux0~5       ; 1                 ; 0       ;
;      - Mux14~3      ; 1                 ; 0       ;
;      - Mux16~11     ; 1                 ; 0       ;
;      - Mux18~9      ; 1                 ; 0       ;
;      - Mux20~2      ; 1                 ; 0       ;
;      - Mux22~2      ; 1                 ; 0       ;
;      - Mux24~9      ; 1                 ; 0       ;
;      - Mux34~10     ; 1                 ; 0       ;
;      - Mux32~8      ; 1                 ; 0       ;
;      - Mux36~9      ; 1                 ; 0       ;
;      - Mux26~2      ; 1                 ; 0       ;
;      - Mux28~2      ; 1                 ; 0       ;
;      - Mux30~7      ; 1                 ; 0       ;
;      - Mux44~4      ; 1                 ; 0       ;
;      - Mux46~9      ; 1                 ; 0       ;
;      - Mux48~9      ; 1                 ; 0       ;
;      - Mux40~7      ; 1                 ; 0       ;
;      - Mux38~8      ; 1                 ; 0       ;
;      - Mux42~9      ; 1                 ; 0       ;
;      - Mux8~7       ; 1                 ; 0       ;
;      - Mux10~7      ; 1                 ; 0       ;
;      - Mux12~7      ; 1                 ; 0       ;
;      - Mux2~9       ; 1                 ; 0       ;
;      - Mux4~8       ; 1                 ; 0       ;
;      - Mux6~9       ; 1                 ; 0       ;
; reg_game_M[56]      ;                   ;         ;
;      - Mux0~5       ; 1                 ; 0       ;
;      - Mux14~3      ; 1                 ; 0       ;
;      - Mux16~11     ; 1                 ; 0       ;
;      - Mux18~9      ; 1                 ; 0       ;
;      - Mux20~2      ; 1                 ; 0       ;
;      - Mux22~2      ; 1                 ; 0       ;
;      - Mux24~9      ; 1                 ; 0       ;
;      - Mux34~10     ; 1                 ; 0       ;
;      - Mux32~8      ; 1                 ; 0       ;
;      - Mux36~9      ; 1                 ; 0       ;
;      - Mux26~2      ; 1                 ; 0       ;
;      - Mux28~2      ; 1                 ; 0       ;
;      - Mux30~7      ; 1                 ; 0       ;
;      - Mux44~4      ; 1                 ; 0       ;
;      - Mux46~9      ; 1                 ; 0       ;
;      - Mux48~9      ; 1                 ; 0       ;
;      - Mux40~7      ; 1                 ; 0       ;
;      - Mux38~8      ; 1                 ; 0       ;
;      - Mux42~9      ; 1                 ; 0       ;
;      - Mux8~7       ; 1                 ; 0       ;
;      - Mux10~7      ; 1                 ; 0       ;
;      - Mux12~7      ; 1                 ; 0       ;
;      - Mux2~9       ; 1                 ; 0       ;
;      - Mux4~8       ; 1                 ; 0       ;
;      - Mux6~9       ; 1                 ; 0       ;
; reg_game_M[36]      ;                   ;         ;
;      - Mux0~6       ; 0                 ; 0       ;
;      - Mux14~2      ; 0                 ; 0       ;
;      - Mux16~9      ; 0                 ; 0       ;
;      - Mux18~7      ; 0                 ; 0       ;
;      - Mux20~0      ; 0                 ; 0       ;
;      - Mux22~0      ; 0                 ; 0       ;
;      - Mux24~7      ; 0                 ; 0       ;
;      - Mux34~8      ; 0                 ; 0       ;
;      - Mux32~6      ; 0                 ; 0       ;
;      - Mux36~7      ; 0                 ; 0       ;
;      - Mux26~0      ; 0                 ; 0       ;
;      - Mux28~0      ; 0                 ; 0       ;
;      - Mux30~5      ; 0                 ; 0       ;
;      - Mux44~2      ; 0                 ; 0       ;
;      - Mux46~7      ; 0                 ; 0       ;
;      - Mux48~7      ; 0                 ; 0       ;
;      - Mux40~5      ; 0                 ; 0       ;
;      - Mux38~6      ; 0                 ; 0       ;
;      - Mux42~7      ; 0                 ; 0       ;
;      - Mux8~5       ; 0                 ; 0       ;
;      - Mux10~5      ; 0                 ; 0       ;
;      - Mux12~5      ; 0                 ; 0       ;
;      - Mux2~7       ; 0                 ; 0       ;
;      - Mux4~6       ; 0                 ; 0       ;
;      - Mux6~7       ; 0                 ; 0       ;
; reg_game_M[44]      ;                   ;         ;
;      - Mux0~6       ; 0                 ; 0       ;
;      - Mux14~2      ; 0                 ; 0       ;
;      - Mux16~9      ; 0                 ; 0       ;
;      - Mux18~7      ; 0                 ; 0       ;
;      - Mux20~0      ; 0                 ; 0       ;
;      - Mux22~0      ; 0                 ; 0       ;
;      - Mux24~7      ; 0                 ; 0       ;
;      - Mux34~8      ; 0                 ; 0       ;
;      - Mux32~6      ; 0                 ; 0       ;
;      - Mux36~7      ; 0                 ; 0       ;
;      - Mux26~0      ; 0                 ; 0       ;
;      - Mux28~0      ; 0                 ; 0       ;
;      - Mux30~5      ; 0                 ; 0       ;
;      - Mux44~2      ; 0                 ; 0       ;
;      - Mux46~7      ; 0                 ; 0       ;
;      - Mux48~7      ; 0                 ; 0       ;
;      - Mux40~5      ; 0                 ; 0       ;
;      - Mux38~6      ; 0                 ; 0       ;
;      - Mux42~7      ; 0                 ; 0       ;
;      - Mux8~5       ; 0                 ; 0       ;
;      - Mux10~5      ; 0                 ; 0       ;
;      - Mux12~5      ; 0                 ; 0       ;
;      - Mux2~7       ; 0                 ; 0       ;
;      - Mux4~6       ; 0                 ; 0       ;
;      - Mux6~7       ; 0                 ; 0       ;
; reg_game_M[52]      ;                   ;         ;
;      - Mux0~6       ; 0                 ; 0       ;
;      - Mux14~3      ; 0                 ; 0       ;
;      - Mux16~11     ; 0                 ; 0       ;
;      - Mux18~9      ; 0                 ; 0       ;
;      - Mux20~2      ; 0                 ; 0       ;
;      - Mux22~2      ; 0                 ; 0       ;
;      - Mux24~9      ; 0                 ; 0       ;
;      - Mux34~10     ; 0                 ; 0       ;
;      - Mux32~8      ; 0                 ; 0       ;
;      - Mux36~9      ; 0                 ; 0       ;
;      - Mux26~2      ; 0                 ; 0       ;
;      - Mux28~2      ; 0                 ; 0       ;
;      - Mux30~7      ; 0                 ; 0       ;
;      - Mux44~4      ; 0                 ; 0       ;
;      - Mux46~9      ; 0                 ; 0       ;
;      - Mux48~9      ; 0                 ; 0       ;
;      - Mux40~7      ; 0                 ; 0       ;
;      - Mux38~8      ; 0                 ; 0       ;
;      - Mux42~9      ; 0                 ; 0       ;
;      - Mux8~7       ; 0                 ; 0       ;
;      - Mux10~7      ; 0                 ; 0       ;
;      - Mux12~7      ; 0                 ; 0       ;
;      - Mux2~9       ; 0                 ; 0       ;
;      - Mux4~8       ; 0                 ; 0       ;
;      - Mux6~9       ; 0                 ; 0       ;
; reg_game_M[60]      ;                   ;         ;
;      - Mux0~6       ; 0                 ; 0       ;
;      - Mux14~3      ; 0                 ; 0       ;
;      - Mux16~11     ; 0                 ; 0       ;
;      - Mux18~9      ; 0                 ; 0       ;
;      - Mux20~2      ; 0                 ; 0       ;
;      - Mux22~2      ; 0                 ; 0       ;
;      - Mux24~9      ; 0                 ; 0       ;
;      - Mux34~10     ; 0                 ; 0       ;
;      - Mux32~8      ; 0                 ; 0       ;
;      - Mux36~9      ; 0                 ; 0       ;
;      - Mux26~2      ; 0                 ; 0       ;
;      - Mux28~2      ; 0                 ; 0       ;
;      - Mux30~7      ; 0                 ; 0       ;
;      - Mux44~4      ; 0                 ; 0       ;
;      - Mux46~9      ; 0                 ; 0       ;
;      - Mux48~9      ; 0                 ; 0       ;
;      - Mux40~7      ; 0                 ; 0       ;
;      - Mux38~8      ; 0                 ; 0       ;
;      - Mux42~9      ; 0                 ; 0       ;
;      - Mux8~7       ; 0                 ; 0       ;
;      - Mux10~7      ; 0                 ; 0       ;
;      - Mux12~7      ; 0                 ; 0       ;
;      - Mux2~9       ; 0                 ; 0       ;
;      - Mux4~8       ; 0                 ; 0       ;
;      - Mux6~9       ; 0                 ; 0       ;
; reg_game_M[34]      ;                   ;         ;
;      - Mux0~7       ; 0                 ; 0       ;
;      - Mux14~0      ; 0                 ; 0       ;
;      - Mux16~10     ; 0                 ; 0       ;
;      - Mux18~8      ; 0                 ; 0       ;
;      - Mux20~1      ; 0                 ; 0       ;
;      - Mux22~1      ; 0                 ; 0       ;
;      - Mux24~8      ; 0                 ; 0       ;
;      - Mux34~9      ; 0                 ; 0       ;
;      - Mux32~7      ; 0                 ; 0       ;
;      - Mux36~8      ; 0                 ; 0       ;
;      - Mux26~1      ; 0                 ; 0       ;
;      - Mux28~1      ; 0                 ; 0       ;
;      - Mux30~6      ; 0                 ; 0       ;
;      - Mux44~3      ; 0                 ; 0       ;
;      - Mux46~8      ; 0                 ; 0       ;
;      - Mux48~8      ; 0                 ; 0       ;
;      - Mux40~6      ; 0                 ; 0       ;
;      - Mux38~7      ; 0                 ; 0       ;
;      - Mux42~8      ; 0                 ; 0       ;
;      - Mux8~6       ; 0                 ; 0       ;
;      - Mux10~6      ; 0                 ; 0       ;
;      - Mux12~6      ; 0                 ; 0       ;
;      - Mux2~8       ; 0                 ; 0       ;
;      - Mux4~7       ; 0                 ; 0       ;
;      - Mux6~8       ; 0                 ; 0       ;
; reg_game_M[42]      ;                   ;         ;
;      - Mux0~7       ; 1                 ; 0       ;
;      - Mux14~0      ; 1                 ; 0       ;
;      - Mux16~10     ; 1                 ; 0       ;
;      - Mux18~8      ; 1                 ; 0       ;
;      - Mux20~1      ; 1                 ; 0       ;
;      - Mux22~1      ; 1                 ; 0       ;
;      - Mux24~8      ; 1                 ; 0       ;
;      - Mux34~9      ; 1                 ; 0       ;
;      - Mux32~7      ; 1                 ; 0       ;
;      - Mux36~8      ; 1                 ; 0       ;
;      - Mux26~1      ; 1                 ; 0       ;
;      - Mux28~1      ; 1                 ; 0       ;
;      - Mux30~6      ; 1                 ; 0       ;
;      - Mux44~3      ; 1                 ; 0       ;
;      - Mux46~8      ; 1                 ; 0       ;
;      - Mux48~8      ; 1                 ; 0       ;
;      - Mux40~6      ; 1                 ; 0       ;
;      - Mux38~7      ; 1                 ; 0       ;
;      - Mux42~8      ; 1                 ; 0       ;
;      - Mux8~6       ; 1                 ; 0       ;
;      - Mux10~6      ; 1                 ; 0       ;
;      - Mux12~6      ; 1                 ; 0       ;
;      - Mux2~8       ; 1                 ; 0       ;
;      - Mux4~7       ; 1                 ; 0       ;
;      - Mux6~8       ; 1                 ; 0       ;
; reg_game_M[50]      ;                   ;         ;
;      - Mux0~7       ; 1                 ; 0       ;
;      - Mux14~1      ; 1                 ; 0       ;
;      - Mux16~12     ; 1                 ; 0       ;
;      - Mux18~10     ; 1                 ; 0       ;
;      - Mux20~3      ; 1                 ; 0       ;
;      - Mux22~3      ; 1                 ; 0       ;
;      - Mux24~10     ; 1                 ; 0       ;
;      - Mux34~11     ; 1                 ; 0       ;
;      - Mux32~9      ; 1                 ; 0       ;
;      - Mux36~10     ; 1                 ; 0       ;
;      - Mux26~3      ; 1                 ; 0       ;
;      - Mux28~3      ; 1                 ; 0       ;
;      - Mux30~8      ; 1                 ; 0       ;
;      - Mux44~5      ; 1                 ; 0       ;
;      - Mux46~10     ; 1                 ; 0       ;
;      - Mux48~10     ; 1                 ; 0       ;
;      - Mux40~8      ; 1                 ; 0       ;
;      - Mux38~9      ; 1                 ; 0       ;
;      - Mux42~10     ; 1                 ; 0       ;
;      - Mux8~8       ; 1                 ; 0       ;
;      - Mux10~8      ; 1                 ; 0       ;
;      - Mux12~8      ; 1                 ; 0       ;
;      - Mux2~10      ; 1                 ; 0       ;
;      - Mux4~9       ; 1                 ; 0       ;
;      - Mux6~10      ; 1                 ; 0       ;
; reg_game_M[58]      ;                   ;         ;
;      - Mux0~7       ; 0                 ; 0       ;
;      - Mux14~1      ; 0                 ; 0       ;
;      - Mux16~12     ; 0                 ; 0       ;
;      - Mux18~10     ; 0                 ; 0       ;
;      - Mux20~3      ; 0                 ; 0       ;
;      - Mux22~3      ; 0                 ; 0       ;
;      - Mux24~10     ; 0                 ; 0       ;
;      - Mux34~11     ; 0                 ; 0       ;
;      - Mux32~9      ; 0                 ; 0       ;
;      - Mux36~10     ; 0                 ; 0       ;
;      - Mux26~3      ; 0                 ; 0       ;
;      - Mux28~3      ; 0                 ; 0       ;
;      - Mux30~8      ; 0                 ; 0       ;
;      - Mux44~5      ; 0                 ; 0       ;
;      - Mux46~10     ; 0                 ; 0       ;
;      - Mux48~10     ; 0                 ; 0       ;
;      - Mux40~8      ; 0                 ; 0       ;
;      - Mux38~9      ; 0                 ; 0       ;
;      - Mux42~10     ; 0                 ; 0       ;
;      - Mux8~8       ; 0                 ; 0       ;
;      - Mux10~8      ; 0                 ; 0       ;
;      - Mux12~8      ; 0                 ; 0       ;
;      - Mux2~10      ; 0                 ; 0       ;
;      - Mux4~9       ; 0                 ; 0       ;
;      - Mux6~10      ; 0                 ; 0       ;
; reg_game_M[38]      ;                   ;         ;
;      - Mux0~8       ; 1                 ; 0       ;
;      - Mux14~0      ; 1                 ; 0       ;
;      - Mux16~10     ; 1                 ; 0       ;
;      - Mux18~8      ; 1                 ; 0       ;
;      - Mux20~1      ; 1                 ; 0       ;
;      - Mux22~1      ; 1                 ; 0       ;
;      - Mux24~8      ; 1                 ; 0       ;
;      - Mux34~9      ; 1                 ; 0       ;
;      - Mux32~7      ; 1                 ; 0       ;
;      - Mux36~8      ; 1                 ; 0       ;
;      - Mux26~1      ; 1                 ; 0       ;
;      - Mux28~1      ; 1                 ; 0       ;
;      - Mux30~6      ; 1                 ; 0       ;
;      - Mux44~3      ; 1                 ; 0       ;
;      - Mux46~8      ; 1                 ; 0       ;
;      - Mux48~8      ; 1                 ; 0       ;
;      - Mux40~6      ; 1                 ; 0       ;
;      - Mux38~7      ; 1                 ; 0       ;
;      - Mux42~8      ; 1                 ; 0       ;
;      - Mux8~6       ; 1                 ; 0       ;
;      - Mux10~6      ; 1                 ; 0       ;
;      - Mux12~6      ; 1                 ; 0       ;
;      - Mux2~8       ; 1                 ; 0       ;
;      - Mux4~7       ; 1                 ; 0       ;
;      - Mux6~8       ; 1                 ; 0       ;
; reg_game_M[46]      ;                   ;         ;
;      - Mux0~8       ; 0                 ; 0       ;
;      - Mux14~0      ; 0                 ; 0       ;
;      - Mux16~10     ; 0                 ; 0       ;
;      - Mux18~8      ; 0                 ; 0       ;
;      - Mux20~1      ; 0                 ; 0       ;
;      - Mux22~1      ; 0                 ; 0       ;
;      - Mux24~8      ; 0                 ; 0       ;
;      - Mux34~9      ; 0                 ; 0       ;
;      - Mux32~7      ; 0                 ; 0       ;
;      - Mux36~8      ; 0                 ; 0       ;
;      - Mux26~1      ; 0                 ; 0       ;
;      - Mux28~1      ; 0                 ; 0       ;
;      - Mux30~6      ; 0                 ; 0       ;
;      - Mux44~3      ; 0                 ; 0       ;
;      - Mux46~8      ; 0                 ; 0       ;
;      - Mux48~8      ; 0                 ; 0       ;
;      - Mux40~6      ; 0                 ; 0       ;
;      - Mux38~7      ; 0                 ; 0       ;
;      - Mux42~8      ; 0                 ; 0       ;
;      - Mux8~6       ; 0                 ; 0       ;
;      - Mux10~6      ; 0                 ; 0       ;
;      - Mux12~6      ; 0                 ; 0       ;
;      - Mux2~8       ; 0                 ; 0       ;
;      - Mux4~7       ; 0                 ; 0       ;
;      - Mux6~8       ; 0                 ; 0       ;
; reg_game_M[54]      ;                   ;         ;
;      - Mux0~8       ; 0                 ; 0       ;
;      - Mux14~1      ; 0                 ; 0       ;
;      - Mux16~12     ; 0                 ; 0       ;
;      - Mux18~10     ; 0                 ; 0       ;
;      - Mux20~3      ; 0                 ; 0       ;
;      - Mux22~3      ; 0                 ; 0       ;
;      - Mux24~10     ; 0                 ; 0       ;
;      - Mux34~11     ; 0                 ; 0       ;
;      - Mux32~9      ; 0                 ; 0       ;
;      - Mux36~10     ; 0                 ; 0       ;
;      - Mux26~3      ; 0                 ; 0       ;
;      - Mux28~3      ; 0                 ; 0       ;
;      - Mux30~8      ; 0                 ; 0       ;
;      - Mux44~5      ; 0                 ; 0       ;
;      - Mux46~10     ; 0                 ; 0       ;
;      - Mux48~10     ; 0                 ; 0       ;
;      - Mux40~8      ; 0                 ; 0       ;
;      - Mux38~9      ; 0                 ; 0       ;
;      - Mux42~10     ; 0                 ; 0       ;
;      - Mux8~8       ; 0                 ; 0       ;
;      - Mux10~8      ; 0                 ; 0       ;
;      - Mux12~8      ; 0                 ; 0       ;
;      - Mux2~10      ; 0                 ; 0       ;
;      - Mux4~9       ; 0                 ; 0       ;
;      - Mux6~10      ; 0                 ; 0       ;
; reg_game_M[62]      ;                   ;         ;
;      - Mux0~8       ; 0                 ; 0       ;
;      - Mux14~1      ; 0                 ; 0       ;
;      - Mux16~12     ; 0                 ; 0       ;
;      - Mux18~10     ; 0                 ; 0       ;
;      - Mux20~3      ; 0                 ; 0       ;
;      - Mux22~3      ; 0                 ; 0       ;
;      - Mux24~10     ; 0                 ; 0       ;
;      - Mux34~11     ; 0                 ; 0       ;
;      - Mux32~9      ; 0                 ; 0       ;
;      - Mux36~10     ; 0                 ; 0       ;
;      - Mux26~3      ; 0                 ; 0       ;
;      - Mux28~3      ; 0                 ; 0       ;
;      - Mux30~8      ; 0                 ; 0       ;
;      - Mux44~5      ; 0                 ; 0       ;
;      - Mux46~10     ; 0                 ; 0       ;
;      - Mux48~10     ; 0                 ; 0       ;
;      - Mux40~8      ; 0                 ; 0       ;
;      - Mux38~9      ; 0                 ; 0       ;
;      - Mux42~10     ; 0                 ; 0       ;
;      - Mux8~8       ; 0                 ; 0       ;
;      - Mux10~8      ; 0                 ; 0       ;
;      - Mux12~8      ; 0                 ; 0       ;
;      - Mux2~10      ; 0                 ; 0       ;
;      - Mux4~9       ; 0                 ; 0       ;
;      - Mux6~10      ; 0                 ; 0       ;
; reg_game_M[64]      ;                   ;         ;
;      - Mux0~10      ; 1                 ; 0       ;
;      - Mux14~17     ; 1                 ; 0       ;
;      - Mux16~16     ; 1                 ; 0       ;
;      - Mux18~17     ; 1                 ; 0       ;
;      - Mux20~13     ; 1                 ; 0       ;
;      - Mux22~13     ; 1                 ; 0       ;
;      - Mux24~17     ; 1                 ; 0       ;
;      - Mux34~17     ; 1                 ; 0       ;
;      - Mux32~16     ; 1                 ; 0       ;
;      - Mux36~17     ; 1                 ; 0       ;
;      - Mux26~13     ; 1                 ; 0       ;
;      - Mux28~17     ; 1                 ; 0       ;
;      - Mux30~13     ; 1                 ; 0       ;
;      - Mux44~17     ; 1                 ; 0       ;
;      - Mux46~17     ; 1                 ; 0       ;
;      - Mux48~17     ; 1                 ; 0       ;
;      - Mux40~13     ; 1                 ; 0       ;
;      - Mux38~16     ; 1                 ; 0       ;
;      - Mux42~17     ; 1                 ; 0       ;
;      - Mux8~13      ; 1                 ; 0       ;
;      - Mux10~13     ; 1                 ; 0       ;
;      - Mux12~13     ; 1                 ; 0       ;
;      - Mux2~14      ; 1                 ; 0       ;
;      - Mux4~15      ; 1                 ; 0       ;
;      - Mux6~14      ; 1                 ; 0       ;
; reg_game_M[68]      ;                   ;         ;
;      - Mux0~10      ; 1                 ; 0       ;
;      - Mux14~17     ; 1                 ; 0       ;
;      - Mux16~16     ; 1                 ; 0       ;
;      - Mux18~17     ; 1                 ; 0       ;
;      - Mux20~13     ; 1                 ; 0       ;
;      - Mux22~13     ; 1                 ; 0       ;
;      - Mux24~17     ; 1                 ; 0       ;
;      - Mux34~17     ; 1                 ; 0       ;
;      - Mux32~16     ; 1                 ; 0       ;
;      - Mux36~17     ; 1                 ; 0       ;
;      - Mux26~13     ; 1                 ; 0       ;
;      - Mux28~17     ; 1                 ; 0       ;
;      - Mux30~13     ; 1                 ; 0       ;
;      - Mux44~17     ; 1                 ; 0       ;
;      - Mux46~17     ; 1                 ; 0       ;
;      - Mux48~17     ; 1                 ; 0       ;
;      - Mux40~13     ; 1                 ; 0       ;
;      - Mux38~16     ; 1                 ; 0       ;
;      - Mux42~17     ; 1                 ; 0       ;
;      - Mux8~13      ; 1                 ; 0       ;
;      - Mux10~13     ; 1                 ; 0       ;
;      - Mux12~13     ; 1                 ; 0       ;
;      - Mux2~14      ; 1                 ; 0       ;
;      - Mux4~15      ; 1                 ; 0       ;
;      - Mux6~14      ; 1                 ; 0       ;
; reg_game_M[66]      ;                   ;         ;
;      - Mux0~10      ; 1                 ; 0       ;
;      - Mux14~17     ; 1                 ; 0       ;
;      - Mux16~16     ; 1                 ; 0       ;
;      - Mux18~17     ; 1                 ; 0       ;
;      - Mux20~13     ; 1                 ; 0       ;
;      - Mux22~13     ; 1                 ; 0       ;
;      - Mux24~17     ; 1                 ; 0       ;
;      - Mux34~17     ; 1                 ; 0       ;
;      - Mux32~16     ; 1                 ; 0       ;
;      - Mux36~17     ; 1                 ; 0       ;
;      - Mux26~13     ; 1                 ; 0       ;
;      - Mux28~17     ; 1                 ; 0       ;
;      - Mux30~13     ; 1                 ; 0       ;
;      - Mux44~17     ; 1                 ; 0       ;
;      - Mux46~17     ; 1                 ; 0       ;
;      - Mux48~17     ; 1                 ; 0       ;
;      - Mux40~13     ; 1                 ; 0       ;
;      - Mux38~16     ; 1                 ; 0       ;
;      - Mux42~17     ; 1                 ; 0       ;
;      - Mux8~13      ; 1                 ; 0       ;
;      - Mux10~13     ; 1                 ; 0       ;
;      - Mux12~13     ; 1                 ; 0       ;
;      - Mux2~14      ; 1                 ; 0       ;
;      - Mux4~15      ; 1                 ; 0       ;
;      - Mux6~14      ; 1                 ; 0       ;
; reg_game_M[70]      ;                   ;         ;
;      - Mux0~10      ; 1                 ; 0       ;
;      - Mux14~17     ; 1                 ; 0       ;
;      - Mux16~16     ; 1                 ; 0       ;
;      - Mux18~17     ; 1                 ; 0       ;
;      - Mux20~13     ; 1                 ; 0       ;
;      - Mux22~13     ; 1                 ; 0       ;
;      - Mux24~17     ; 1                 ; 0       ;
;      - Mux34~17     ; 1                 ; 0       ;
;      - Mux32~16     ; 1                 ; 0       ;
;      - Mux36~17     ; 1                 ; 0       ;
;      - Mux26~13     ; 1                 ; 0       ;
;      - Mux28~17     ; 1                 ; 0       ;
;      - Mux30~13     ; 1                 ; 0       ;
;      - Mux44~17     ; 1                 ; 0       ;
;      - Mux46~17     ; 1                 ; 0       ;
;      - Mux48~17     ; 1                 ; 0       ;
;      - Mux40~13     ; 1                 ; 0       ;
;      - Mux38~16     ; 1                 ; 0       ;
;      - Mux42~17     ; 1                 ; 0       ;
;      - Mux8~13      ; 1                 ; 0       ;
;      - Mux10~13     ; 1                 ; 0       ;
;      - Mux12~13     ; 1                 ; 0       ;
;      - Mux2~14      ; 1                 ; 0       ;
;      - Mux4~15      ; 1                 ; 0       ;
;      - Mux6~14      ; 1                 ; 0       ;
; reg_game_M[72]      ;                   ;         ;
;      - Mux0~12      ; 0                 ; 0       ;
;      - Mux14~8      ; 0                 ; 0       ;
;      - Mux16~14     ; 0                 ; 0       ;
;      - Mux18~14     ; 0                 ; 0       ;
;      - Mux20~5      ; 0                 ; 0       ;
;      - Mux22~5      ; 0                 ; 0       ;
;      - Mux24~14     ; 0                 ; 0       ;
;      - Mux34~14     ; 0                 ; 0       ;
;      - Mux32~13     ; 0                 ; 0       ;
;      - Mux36~14     ; 0                 ; 0       ;
;      - Mux26~5      ; 0                 ; 0       ;
;      - Mux28~7      ; 0                 ; 0       ;
;      - Mux30~10     ; 0                 ; 0       ;
;      - Mux44~9      ; 0                 ; 0       ;
;      - Mux46~14     ; 0                 ; 0       ;
;      - Mux48~14     ; 0                 ; 0       ;
;      - Mux40~10     ; 0                 ; 0       ;
;      - Mux38~13     ; 0                 ; 0       ;
;      - Mux42~14     ; 0                 ; 0       ;
;      - Mux8~10      ; 0                 ; 0       ;
;      - Mux10~10     ; 0                 ; 0       ;
;      - Mux12~10     ; 0                 ; 0       ;
;      - Mux2~12      ; 0                 ; 0       ;
;      - Mux4~13      ; 0                 ; 0       ;
;      - Mux6~12      ; 0                 ; 0       ;
; reg_game_M[76]      ;                   ;         ;
;      - Mux0~12      ; 0                 ; 0       ;
;      - Mux14~8      ; 0                 ; 0       ;
;      - Mux16~14     ; 0                 ; 0       ;
;      - Mux18~14     ; 0                 ; 0       ;
;      - Mux20~5      ; 0                 ; 0       ;
;      - Mux22~5      ; 0                 ; 0       ;
;      - Mux24~14     ; 0                 ; 0       ;
;      - Mux34~14     ; 0                 ; 0       ;
;      - Mux32~13     ; 0                 ; 0       ;
;      - Mux36~14     ; 0                 ; 0       ;
;      - Mux26~5      ; 0                 ; 0       ;
;      - Mux28~7      ; 0                 ; 0       ;
;      - Mux30~10     ; 0                 ; 0       ;
;      - Mux44~9      ; 0                 ; 0       ;
;      - Mux46~14     ; 0                 ; 0       ;
;      - Mux48~14     ; 0                 ; 0       ;
;      - Mux40~10     ; 0                 ; 0       ;
;      - Mux38~13     ; 0                 ; 0       ;
;      - Mux42~14     ; 0                 ; 0       ;
;      - Mux8~10      ; 0                 ; 0       ;
;      - Mux10~10     ; 0                 ; 0       ;
;      - Mux12~10     ; 0                 ; 0       ;
;      - Mux2~12      ; 0                 ; 0       ;
;      - Mux4~13      ; 0                 ; 0       ;
;      - Mux6~12      ; 0                 ; 0       ;
; reg_game_M[74]      ;                   ;         ;
;      - Mux0~12      ; 0                 ; 0       ;
;      - Mux14~8      ; 0                 ; 0       ;
;      - Mux16~14     ; 0                 ; 0       ;
;      - Mux18~14     ; 0                 ; 0       ;
;      - Mux20~5      ; 0                 ; 0       ;
;      - Mux22~5      ; 0                 ; 0       ;
;      - Mux24~14     ; 0                 ; 0       ;
;      - Mux34~14     ; 0                 ; 0       ;
;      - Mux32~13     ; 0                 ; 0       ;
;      - Mux36~14     ; 0                 ; 0       ;
;      - Mux26~5      ; 0                 ; 0       ;
;      - Mux28~7      ; 0                 ; 0       ;
;      - Mux30~10     ; 0                 ; 0       ;
;      - Mux44~9      ; 0                 ; 0       ;
;      - Mux46~14     ; 0                 ; 0       ;
;      - Mux48~14     ; 0                 ; 0       ;
;      - Mux40~10     ; 0                 ; 0       ;
;      - Mux38~13     ; 0                 ; 0       ;
;      - Mux42~14     ; 0                 ; 0       ;
;      - Mux8~10      ; 0                 ; 0       ;
;      - Mux10~10     ; 0                 ; 0       ;
;      - Mux12~10     ; 0                 ; 0       ;
;      - Mux2~12      ; 0                 ; 0       ;
;      - Mux4~13      ; 0                 ; 0       ;
;      - Mux6~12      ; 0                 ; 0       ;
; reg_game_M[78]      ;                   ;         ;
;      - Mux0~12      ; 1                 ; 0       ;
;      - Mux14~8      ; 1                 ; 0       ;
;      - Mux16~14     ; 1                 ; 0       ;
;      - Mux18~14     ; 1                 ; 0       ;
;      - Mux20~5      ; 1                 ; 0       ;
;      - Mux22~5      ; 1                 ; 0       ;
;      - Mux24~14     ; 1                 ; 0       ;
;      - Mux34~14     ; 1                 ; 0       ;
;      - Mux32~13     ; 1                 ; 0       ;
;      - Mux36~14     ; 1                 ; 0       ;
;      - Mux26~5      ; 1                 ; 0       ;
;      - Mux28~7      ; 1                 ; 0       ;
;      - Mux30~10     ; 1                 ; 0       ;
;      - Mux44~9      ; 1                 ; 0       ;
;      - Mux46~14     ; 1                 ; 0       ;
;      - Mux48~14     ; 1                 ; 0       ;
;      - Mux40~10     ; 1                 ; 0       ;
;      - Mux38~13     ; 1                 ; 0       ;
;      - Mux42~14     ; 1                 ; 0       ;
;      - Mux8~10      ; 1                 ; 0       ;
;      - Mux10~10     ; 1                 ; 0       ;
;      - Mux12~10     ; 1                 ; 0       ;
;      - Mux2~12      ; 1                 ; 0       ;
;      - Mux4~13      ; 1                 ; 0       ;
;      - Mux6~12      ; 1                 ; 0       ;
; reg_game_M[80]      ;                   ;         ;
;      - Mux0~13      ; 0                 ; 0       ;
;      - Mux14~9      ; 0                 ; 0       ;
;      - Mux16~15     ; 0                 ; 0       ;
;      - Mux18~15     ; 0                 ; 0       ;
;      - Mux20~6      ; 0                 ; 0       ;
;      - Mux22~6      ; 0                 ; 0       ;
;      - Mux24~15     ; 0                 ; 0       ;
;      - Mux34~15     ; 0                 ; 0       ;
;      - Mux32~14     ; 0                 ; 0       ;
;      - Mux36~15     ; 0                 ; 0       ;
;      - Mux26~6      ; 0                 ; 0       ;
;      - Mux28~8      ; 0                 ; 0       ;
;      - Mux30~11     ; 0                 ; 0       ;
;      - Mux44~10     ; 0                 ; 0       ;
;      - Mux46~15     ; 0                 ; 0       ;
;      - Mux48~15     ; 0                 ; 0       ;
;      - Mux40~11     ; 0                 ; 0       ;
;      - Mux38~14     ; 0                 ; 0       ;
;      - Mux42~15     ; 0                 ; 0       ;
;      - Mux8~11      ; 0                 ; 0       ;
;      - Mux10~11     ; 0                 ; 0       ;
;      - Mux12~11     ; 0                 ; 0       ;
;      - Mux2~13      ; 0                 ; 0       ;
;      - Mux4~14      ; 0                 ; 0       ;
;      - Mux6~13      ; 0                 ; 0       ;
; reg_game_M[82]      ;                   ;         ;
;      - Mux0~13      ; 0                 ; 0       ;
;      - Mux14~9      ; 0                 ; 0       ;
;      - Mux16~15     ; 0                 ; 0       ;
;      - Mux18~15     ; 0                 ; 0       ;
;      - Mux20~6      ; 0                 ; 0       ;
;      - Mux22~6      ; 0                 ; 0       ;
;      - Mux24~15     ; 0                 ; 0       ;
;      - Mux34~15     ; 0                 ; 0       ;
;      - Mux32~14     ; 0                 ; 0       ;
;      - Mux36~15     ; 0                 ; 0       ;
;      - Mux26~6      ; 0                 ; 0       ;
;      - Mux28~8      ; 0                 ; 0       ;
;      - Mux30~11     ; 0                 ; 0       ;
;      - Mux44~10     ; 0                 ; 0       ;
;      - Mux46~15     ; 0                 ; 0       ;
;      - Mux48~15     ; 0                 ; 0       ;
;      - Mux40~11     ; 0                 ; 0       ;
;      - Mux38~14     ; 0                 ; 0       ;
;      - Mux42~15     ; 0                 ; 0       ;
;      - Mux8~11      ; 0                 ; 0       ;
;      - Mux10~11     ; 0                 ; 0       ;
;      - Mux12~11     ; 0                 ; 0       ;
;      - Mux2~13      ; 0                 ; 0       ;
;      - Mux4~14      ; 0                 ; 0       ;
;      - Mux6~13      ; 0                 ; 0       ;
; reg_game_M[1]       ;                   ;         ;
;      - Mux1~0       ; 1                 ; 0       ;
;      - Mux17~0      ; 1                 ; 0       ;
;      - Mux15~11     ; 1                 ; 0       ;
;      - Mux19~1      ; 1                 ; 0       ;
;      - Mux21~12     ; 1                 ; 0       ;
;      - Mux23~12     ; 1                 ; 0       ;
;      - Mux25~1      ; 1                 ; 0       ;
;      - Mux35~0      ; 1                 ; 0       ;
;      - Mux33~1      ; 1                 ; 0       ;
;      - Mux37~1      ; 1                 ; 0       ;
;      - Mux27~13     ; 1                 ; 0       ;
;      - Mux29~9      ; 1                 ; 0       ;
;      - Mux31~5      ; 1                 ; 0       ;
;      - Mux45~9      ; 1                 ; 0       ;
;      - Mux47~1      ; 1                 ; 0       ;
;      - Mux49~1      ; 1                 ; 0       ;
;      - Mux41~4      ; 1                 ; 0       ;
;      - Mux39~1      ; 1                 ; 0       ;
;      - Mux43~1      ; 1                 ; 0       ;
;      - Mux9~5       ; 1                 ; 0       ;
;      - Mux11~5      ; 1                 ; 0       ;
;      - Mux13~5      ; 1                 ; 0       ;
;      - Mux7~0       ; 1                 ; 0       ;
;      - Mux3~0       ; 1                 ; 0       ;
;      - Mux5~1       ; 1                 ; 0       ;
; reg_game_M[5]       ;                   ;         ;
;      - Mux1~0       ; 1                 ; 0       ;
;      - Mux17~2      ; 1                 ; 0       ;
;      - Mux15~10     ; 1                 ; 0       ;
;      - Mux19~3      ; 1                 ; 0       ;
;      - Mux21~14     ; 1                 ; 0       ;
;      - Mux23~14     ; 1                 ; 0       ;
;      - Mux25~3      ; 1                 ; 0       ;
;      - Mux35~2      ; 1                 ; 0       ;
;      - Mux33~3      ; 1                 ; 0       ;
;      - Mux37~3      ; 1                 ; 0       ;
;      - Mux27~15     ; 1                 ; 0       ;
;      - Mux29~11     ; 1                 ; 0       ;
;      - Mux31~7      ; 1                 ; 0       ;
;      - Mux45~11     ; 1                 ; 0       ;
;      - Mux47~3      ; 1                 ; 0       ;
;      - Mux49~3      ; 1                 ; 0       ;
;      - Mux41~6      ; 1                 ; 0       ;
;      - Mux39~3      ; 1                 ; 0       ;
;      - Mux43~3      ; 1                 ; 0       ;
;      - Mux9~7       ; 1                 ; 0       ;
;      - Mux11~7      ; 1                 ; 0       ;
;      - Mux13~7      ; 1                 ; 0       ;
;      - Mux7~2       ; 1                 ; 0       ;
;      - Mux3~2       ; 1                 ; 0       ;
;      - Mux5~3       ; 1                 ; 0       ;
; reg_game_M[17]      ;                   ;         ;
;      - Mux1~0       ; 0                 ; 0       ;
;      - Mux17~0      ; 0                 ; 0       ;
;      - Mux15~11     ; 0                 ; 0       ;
;      - Mux19~1      ; 0                 ; 0       ;
;      - Mux21~12     ; 0                 ; 0       ;
;      - Mux23~12     ; 0                 ; 0       ;
;      - Mux25~1      ; 0                 ; 0       ;
;      - Mux35~0      ; 0                 ; 0       ;
;      - Mux33~1      ; 0                 ; 0       ;
;      - Mux37~1      ; 0                 ; 0       ;
;      - Mux27~13     ; 0                 ; 0       ;
;      - Mux29~9      ; 0                 ; 0       ;
;      - Mux31~5      ; 0                 ; 0       ;
;      - Mux45~9      ; 0                 ; 0       ;
;      - Mux47~1      ; 0                 ; 0       ;
;      - Mux49~1      ; 0                 ; 0       ;
;      - Mux41~4      ; 0                 ; 0       ;
;      - Mux39~1      ; 0                 ; 0       ;
;      - Mux43~1      ; 0                 ; 0       ;
;      - Mux9~5       ; 0                 ; 0       ;
;      - Mux11~5      ; 0                 ; 0       ;
;      - Mux13~5      ; 0                 ; 0       ;
;      - Mux7~0       ; 0                 ; 0       ;
;      - Mux3~0       ; 0                 ; 0       ;
;      - Mux5~1       ; 0                 ; 0       ;
; reg_game_M[21]      ;                   ;         ;
;      - Mux1~0       ; 1                 ; 0       ;
;      - Mux17~2      ; 1                 ; 0       ;
;      - Mux15~10     ; 1                 ; 0       ;
;      - Mux19~3      ; 1                 ; 0       ;
;      - Mux21~14     ; 1                 ; 0       ;
;      - Mux23~14     ; 1                 ; 0       ;
;      - Mux25~3      ; 1                 ; 0       ;
;      - Mux35~2      ; 1                 ; 0       ;
;      - Mux33~3      ; 1                 ; 0       ;
;      - Mux37~3      ; 1                 ; 0       ;
;      - Mux27~15     ; 1                 ; 0       ;
;      - Mux29~11     ; 1                 ; 0       ;
;      - Mux31~7      ; 1                 ; 0       ;
;      - Mux45~11     ; 1                 ; 0       ;
;      - Mux47~3      ; 1                 ; 0       ;
;      - Mux49~3      ; 1                 ; 0       ;
;      - Mux41~6      ; 1                 ; 0       ;
;      - Mux39~3      ; 1                 ; 0       ;
;      - Mux43~3      ; 1                 ; 0       ;
;      - Mux9~7       ; 1                 ; 0       ;
;      - Mux11~7      ; 1                 ; 0       ;
;      - Mux13~7      ; 1                 ; 0       ;
;      - Mux7~2       ; 1                 ; 0       ;
;      - Mux3~2       ; 1                 ; 0       ;
;      - Mux5~3       ; 1                 ; 0       ;
; reg_game_M[9]       ;                   ;         ;
;      - Mux1~1       ; 0                 ; 0       ;
;      - Mux17~1      ; 0                 ; 0       ;
;      - Mux15~11     ; 0                 ; 0       ;
;      - Mux19~2      ; 0                 ; 0       ;
;      - Mux21~13     ; 0                 ; 0       ;
;      - Mux23~13     ; 0                 ; 0       ;
;      - Mux25~2      ; 0                 ; 0       ;
;      - Mux35~1      ; 0                 ; 0       ;
;      - Mux33~2      ; 0                 ; 0       ;
;      - Mux37~2      ; 0                 ; 0       ;
;      - Mux27~14     ; 0                 ; 0       ;
;      - Mux29~10     ; 0                 ; 0       ;
;      - Mux31~6      ; 0                 ; 0       ;
;      - Mux45~10     ; 0                 ; 0       ;
;      - Mux47~2      ; 0                 ; 0       ;
;      - Mux49~2      ; 0                 ; 0       ;
;      - Mux41~5      ; 0                 ; 0       ;
;      - Mux39~2      ; 0                 ; 0       ;
;      - Mux43~2      ; 0                 ; 0       ;
;      - Mux9~6       ; 0                 ; 0       ;
;      - Mux11~6      ; 0                 ; 0       ;
;      - Mux13~6      ; 0                 ; 0       ;
;      - Mux7~1       ; 0                 ; 0       ;
;      - Mux3~1       ; 0                 ; 0       ;
;      - Mux5~2       ; 0                 ; 0       ;
; reg_game_M[13]      ;                   ;         ;
;      - Mux1~1       ; 1                 ; 0       ;
;      - Mux17~3      ; 1                 ; 0       ;
;      - Mux15~10     ; 1                 ; 0       ;
;      - Mux19~4      ; 1                 ; 0       ;
;      - Mux21~15     ; 1                 ; 0       ;
;      - Mux23~15     ; 1                 ; 0       ;
;      - Mux25~4      ; 1                 ; 0       ;
;      - Mux35~3      ; 1                 ; 0       ;
;      - Mux33~4      ; 1                 ; 0       ;
;      - Mux37~4      ; 1                 ; 0       ;
;      - Mux27~16     ; 1                 ; 0       ;
;      - Mux29~12     ; 1                 ; 0       ;
;      - Mux31~8      ; 1                 ; 0       ;
;      - Mux45~12     ; 1                 ; 0       ;
;      - Mux47~4      ; 1                 ; 0       ;
;      - Mux49~4      ; 1                 ; 0       ;
;      - Mux41~7      ; 1                 ; 0       ;
;      - Mux39~4      ; 1                 ; 0       ;
;      - Mux43~4      ; 1                 ; 0       ;
;      - Mux9~8       ; 1                 ; 0       ;
;      - Mux11~8      ; 1                 ; 0       ;
;      - Mux13~8      ; 1                 ; 0       ;
;      - Mux7~3       ; 1                 ; 0       ;
;      - Mux3~3       ; 1                 ; 0       ;
;      - Mux5~4       ; 1                 ; 0       ;
; reg_game_M[25]      ;                   ;         ;
;      - Mux1~1       ; 1                 ; 0       ;
;      - Mux17~1      ; 1                 ; 0       ;
;      - Mux15~11     ; 1                 ; 0       ;
;      - Mux19~2      ; 1                 ; 0       ;
;      - Mux21~13     ; 1                 ; 0       ;
;      - Mux23~13     ; 1                 ; 0       ;
;      - Mux25~2      ; 1                 ; 0       ;
;      - Mux35~1      ; 1                 ; 0       ;
;      - Mux33~2      ; 1                 ; 0       ;
;      - Mux37~2      ; 1                 ; 0       ;
;      - Mux27~14     ; 1                 ; 0       ;
;      - Mux29~10     ; 1                 ; 0       ;
;      - Mux31~6      ; 1                 ; 0       ;
;      - Mux45~10     ; 1                 ; 0       ;
;      - Mux47~2      ; 1                 ; 0       ;
;      - Mux49~2      ; 1                 ; 0       ;
;      - Mux41~5      ; 1                 ; 0       ;
;      - Mux39~2      ; 1                 ; 0       ;
;      - Mux43~2      ; 1                 ; 0       ;
;      - Mux9~6       ; 1                 ; 0       ;
;      - Mux11~6      ; 1                 ; 0       ;
;      - Mux13~6      ; 1                 ; 0       ;
;      - Mux7~1       ; 1                 ; 0       ;
;      - Mux3~1       ; 1                 ; 0       ;
;      - Mux5~2       ; 1                 ; 0       ;
; reg_game_M[29]      ;                   ;         ;
;      - Mux1~1       ; 1                 ; 0       ;
;      - Mux17~3      ; 1                 ; 0       ;
;      - Mux15~10     ; 1                 ; 0       ;
;      - Mux19~4      ; 1                 ; 0       ;
;      - Mux21~15     ; 1                 ; 0       ;
;      - Mux23~15     ; 1                 ; 0       ;
;      - Mux25~4      ; 1                 ; 0       ;
;      - Mux35~3      ; 1                 ; 0       ;
;      - Mux33~4      ; 1                 ; 0       ;
;      - Mux37~4      ; 1                 ; 0       ;
;      - Mux27~16     ; 1                 ; 0       ;
;      - Mux29~12     ; 1                 ; 0       ;
;      - Mux31~8      ; 1                 ; 0       ;
;      - Mux45~12     ; 1                 ; 0       ;
;      - Mux47~4      ; 1                 ; 0       ;
;      - Mux49~4      ; 1                 ; 0       ;
;      - Mux41~7      ; 1                 ; 0       ;
;      - Mux39~4      ; 1                 ; 0       ;
;      - Mux43~4      ; 1                 ; 0       ;
;      - Mux9~8       ; 1                 ; 0       ;
;      - Mux11~8      ; 1                 ; 0       ;
;      - Mux13~8      ; 1                 ; 0       ;
;      - Mux7~3       ; 1                 ; 0       ;
;      - Mux3~3       ; 1                 ; 0       ;
;      - Mux5~4       ; 1                 ; 0       ;
; reg_game_M[3]       ;                   ;         ;
;      - Mux1~2       ; 0                 ; 0       ;
;      - Mux17~0      ; 0                 ; 0       ;
;      - Mux15~9      ; 0                 ; 0       ;
;      - Mux19~1      ; 0                 ; 0       ;
;      - Mux21~12     ; 0                 ; 0       ;
;      - Mux23~12     ; 0                 ; 0       ;
;      - Mux25~1      ; 0                 ; 0       ;
;      - Mux35~0      ; 0                 ; 0       ;
;      - Mux33~1      ; 0                 ; 0       ;
;      - Mux37~1      ; 0                 ; 0       ;
;      - Mux27~13     ; 0                 ; 0       ;
;      - Mux29~9      ; 0                 ; 0       ;
;      - Mux31~5      ; 0                 ; 0       ;
;      - Mux45~9      ; 0                 ; 0       ;
;      - Mux47~1      ; 0                 ; 0       ;
;      - Mux49~1      ; 0                 ; 0       ;
;      - Mux41~4      ; 0                 ; 0       ;
;      - Mux39~1      ; 0                 ; 0       ;
;      - Mux43~1      ; 0                 ; 0       ;
;      - Mux9~5       ; 0                 ; 0       ;
;      - Mux11~5      ; 0                 ; 0       ;
;      - Mux13~5      ; 0                 ; 0       ;
;      - Mux7~0       ; 0                 ; 0       ;
;      - Mux3~0       ; 0                 ; 0       ;
;      - Mux5~1       ; 0                 ; 0       ;
; reg_game_M[7]       ;                   ;         ;
;      - Mux1~2       ; 0                 ; 0       ;
;      - Mux17~2      ; 0                 ; 0       ;
;      - Mux15~8      ; 0                 ; 0       ;
;      - Mux19~3      ; 0                 ; 0       ;
;      - Mux21~14     ; 0                 ; 0       ;
;      - Mux23~14     ; 0                 ; 0       ;
;      - Mux25~3      ; 0                 ; 0       ;
;      - Mux35~2      ; 0                 ; 0       ;
;      - Mux33~3      ; 0                 ; 0       ;
;      - Mux37~3      ; 0                 ; 0       ;
;      - Mux27~15     ; 0                 ; 0       ;
;      - Mux29~11     ; 0                 ; 0       ;
;      - Mux31~7      ; 0                 ; 0       ;
;      - Mux45~11     ; 0                 ; 0       ;
;      - Mux47~3      ; 0                 ; 0       ;
;      - Mux49~3      ; 0                 ; 0       ;
;      - Mux41~6      ; 0                 ; 0       ;
;      - Mux39~3      ; 0                 ; 0       ;
;      - Mux43~3      ; 0                 ; 0       ;
;      - Mux9~7       ; 0                 ; 0       ;
;      - Mux11~7      ; 0                 ; 0       ;
;      - Mux13~7      ; 0                 ; 0       ;
;      - Mux7~2       ; 0                 ; 0       ;
;      - Mux3~2       ; 0                 ; 0       ;
;      - Mux5~3       ; 0                 ; 0       ;
; reg_game_M[19]      ;                   ;         ;
;      - Mux1~2       ; 1                 ; 0       ;
;      - Mux17~0      ; 1                 ; 0       ;
;      - Mux15~9      ; 1                 ; 0       ;
;      - Mux19~1      ; 1                 ; 0       ;
;      - Mux21~12     ; 1                 ; 0       ;
;      - Mux23~12     ; 1                 ; 0       ;
;      - Mux25~1      ; 1                 ; 0       ;
;      - Mux35~0      ; 1                 ; 0       ;
;      - Mux33~1      ; 1                 ; 0       ;
;      - Mux37~1      ; 1                 ; 0       ;
;      - Mux27~13     ; 1                 ; 0       ;
;      - Mux29~9      ; 1                 ; 0       ;
;      - Mux31~5      ; 1                 ; 0       ;
;      - Mux45~9      ; 1                 ; 0       ;
;      - Mux47~1      ; 1                 ; 0       ;
;      - Mux49~1      ; 1                 ; 0       ;
;      - Mux41~4      ; 1                 ; 0       ;
;      - Mux39~1      ; 1                 ; 0       ;
;      - Mux43~1      ; 1                 ; 0       ;
;      - Mux9~5       ; 1                 ; 0       ;
;      - Mux11~5      ; 1                 ; 0       ;
;      - Mux13~5      ; 1                 ; 0       ;
;      - Mux7~0       ; 1                 ; 0       ;
;      - Mux3~0       ; 1                 ; 0       ;
;      - Mux5~1       ; 1                 ; 0       ;
; reg_game_M[23]      ;                   ;         ;
;      - Mux1~2       ; 0                 ; 0       ;
;      - Mux17~2      ; 0                 ; 0       ;
;      - Mux15~8      ; 0                 ; 0       ;
;      - Mux19~3      ; 0                 ; 0       ;
;      - Mux21~14     ; 0                 ; 0       ;
;      - Mux23~14     ; 0                 ; 0       ;
;      - Mux25~3      ; 0                 ; 0       ;
;      - Mux35~2      ; 0                 ; 0       ;
;      - Mux33~3      ; 0                 ; 0       ;
;      - Mux37~3      ; 0                 ; 0       ;
;      - Mux27~15     ; 0                 ; 0       ;
;      - Mux29~11     ; 0                 ; 0       ;
;      - Mux31~7      ; 0                 ; 0       ;
;      - Mux45~11     ; 0                 ; 0       ;
;      - Mux47~3      ; 0                 ; 0       ;
;      - Mux49~3      ; 0                 ; 0       ;
;      - Mux41~6      ; 0                 ; 0       ;
;      - Mux39~3      ; 0                 ; 0       ;
;      - Mux43~3      ; 0                 ; 0       ;
;      - Mux9~7       ; 0                 ; 0       ;
;      - Mux11~7      ; 0                 ; 0       ;
;      - Mux13~7      ; 0                 ; 0       ;
;      - Mux7~2       ; 0                 ; 0       ;
;      - Mux3~2       ; 0                 ; 0       ;
;      - Mux5~3       ; 0                 ; 0       ;
; reg_game_M[11]      ;                   ;         ;
;      - Mux1~3       ; 0                 ; 0       ;
;      - Mux17~1      ; 0                 ; 0       ;
;      - Mux15~9      ; 0                 ; 0       ;
;      - Mux19~2      ; 0                 ; 0       ;
;      - Mux21~13     ; 0                 ; 0       ;
;      - Mux23~13     ; 0                 ; 0       ;
;      - Mux25~2      ; 0                 ; 0       ;
;      - Mux35~1      ; 0                 ; 0       ;
;      - Mux33~2      ; 0                 ; 0       ;
;      - Mux37~2      ; 0                 ; 0       ;
;      - Mux27~14     ; 0                 ; 0       ;
;      - Mux29~10     ; 0                 ; 0       ;
;      - Mux31~6      ; 0                 ; 0       ;
;      - Mux45~10     ; 0                 ; 0       ;
;      - Mux47~2      ; 0                 ; 0       ;
;      - Mux49~2      ; 0                 ; 0       ;
;      - Mux41~5      ; 0                 ; 0       ;
;      - Mux39~2      ; 0                 ; 0       ;
;      - Mux43~2      ; 0                 ; 0       ;
;      - Mux9~6       ; 0                 ; 0       ;
;      - Mux11~6      ; 0                 ; 0       ;
;      - Mux13~6      ; 0                 ; 0       ;
;      - Mux7~1       ; 0                 ; 0       ;
;      - Mux3~1       ; 0                 ; 0       ;
;      - Mux5~2       ; 0                 ; 0       ;
; reg_game_M[15]      ;                   ;         ;
;      - Mux1~3       ; 0                 ; 0       ;
;      - Mux17~3      ; 0                 ; 0       ;
;      - Mux15~8      ; 0                 ; 0       ;
;      - Mux19~4      ; 0                 ; 0       ;
;      - Mux21~15     ; 0                 ; 0       ;
;      - Mux23~15     ; 0                 ; 0       ;
;      - Mux25~4      ; 0                 ; 0       ;
;      - Mux35~3      ; 0                 ; 0       ;
;      - Mux33~4      ; 0                 ; 0       ;
;      - Mux37~4      ; 0                 ; 0       ;
;      - Mux27~16     ; 0                 ; 0       ;
;      - Mux29~12     ; 0                 ; 0       ;
;      - Mux31~8      ; 0                 ; 0       ;
;      - Mux45~12     ; 0                 ; 0       ;
;      - Mux47~4      ; 0                 ; 0       ;
;      - Mux49~4      ; 0                 ; 0       ;
;      - Mux41~7      ; 0                 ; 0       ;
;      - Mux39~4      ; 0                 ; 0       ;
;      - Mux43~4      ; 0                 ; 0       ;
;      - Mux9~8       ; 0                 ; 0       ;
;      - Mux11~8      ; 0                 ; 0       ;
;      - Mux13~8      ; 0                 ; 0       ;
;      - Mux7~3       ; 0                 ; 0       ;
;      - Mux3~3       ; 0                 ; 0       ;
;      - Mux5~4       ; 0                 ; 0       ;
; reg_game_M[27]      ;                   ;         ;
;      - Mux1~3       ; 1                 ; 0       ;
;      - Mux17~1      ; 1                 ; 0       ;
;      - Mux15~9      ; 1                 ; 0       ;
;      - Mux19~2      ; 1                 ; 0       ;
;      - Mux21~13     ; 1                 ; 0       ;
;      - Mux23~13     ; 1                 ; 0       ;
;      - Mux25~2      ; 1                 ; 0       ;
;      - Mux35~1      ; 1                 ; 0       ;
;      - Mux33~2      ; 1                 ; 0       ;
;      - Mux37~2      ; 1                 ; 0       ;
;      - Mux27~14     ; 1                 ; 0       ;
;      - Mux29~10     ; 1                 ; 0       ;
;      - Mux31~6      ; 1                 ; 0       ;
;      - Mux45~10     ; 1                 ; 0       ;
;      - Mux47~2      ; 1                 ; 0       ;
;      - Mux49~2      ; 1                 ; 0       ;
;      - Mux41~5      ; 1                 ; 0       ;
;      - Mux39~2      ; 1                 ; 0       ;
;      - Mux43~2      ; 1                 ; 0       ;
;      - Mux9~6       ; 1                 ; 0       ;
;      - Mux11~6      ; 1                 ; 0       ;
;      - Mux13~6      ; 1                 ; 0       ;
;      - Mux7~1       ; 1                 ; 0       ;
;      - Mux3~1       ; 1                 ; 0       ;
;      - Mux5~2       ; 1                 ; 0       ;
; reg_game_M[31]      ;                   ;         ;
;      - Mux1~3       ; 0                 ; 0       ;
;      - Mux17~3      ; 0                 ; 0       ;
;      - Mux15~8      ; 0                 ; 0       ;
;      - Mux19~4      ; 0                 ; 0       ;
;      - Mux21~15     ; 0                 ; 0       ;
;      - Mux23~15     ; 0                 ; 0       ;
;      - Mux25~4      ; 0                 ; 0       ;
;      - Mux35~3      ; 0                 ; 0       ;
;      - Mux33~4      ; 0                 ; 0       ;
;      - Mux37~4      ; 0                 ; 0       ;
;      - Mux27~16     ; 0                 ; 0       ;
;      - Mux29~12     ; 0                 ; 0       ;
;      - Mux31~8      ; 0                 ; 0       ;
;      - Mux45~12     ; 0                 ; 0       ;
;      - Mux47~4      ; 0                 ; 0       ;
;      - Mux49~4      ; 0                 ; 0       ;
;      - Mux41~7      ; 0                 ; 0       ;
;      - Mux39~4      ; 0                 ; 0       ;
;      - Mux43~4      ; 0                 ; 0       ;
;      - Mux9~8       ; 0                 ; 0       ;
;      - Mux11~8      ; 0                 ; 0       ;
;      - Mux13~8      ; 0                 ; 0       ;
;      - Mux7~3       ; 0                 ; 0       ;
;      - Mux3~3       ; 0                 ; 0       ;
;      - Mux5~4       ; 0                 ; 0       ;
; reg_game_M[33]      ;                   ;         ;
;      - Mux1~5       ; 1                 ; 0       ;
;      - Mux17~6      ; 1                 ; 0       ;
;      - Mux15~4      ; 1                 ; 0       ;
;      - Mux19~6      ; 1                 ; 0       ;
;      - Mux21~4      ; 1                 ; 0       ;
;      - Mux23~4      ; 1                 ; 0       ;
;      - Mux25~6      ; 1                 ; 0       ;
;      - Mux35~5      ; 1                 ; 0       ;
;      - Mux33~6      ; 1                 ; 0       ;
;      - Mux37~6      ; 1                 ; 0       ;
;      - Mux27~5      ; 1                 ; 0       ;
;      - Mux29~1      ; 1                 ; 0       ;
;      - Mux31~10     ; 1                 ; 0       ;
;      - Mux45~1      ; 1                 ; 0       ;
;      - Mux47~6      ; 1                 ; 0       ;
;      - Mux49~6      ; 1                 ; 0       ;
;      - Mux41~9      ; 1                 ; 0       ;
;      - Mux39~6      ; 1                 ; 0       ;
;      - Mux43~6      ; 1                 ; 0       ;
;      - Mux9~10      ; 1                 ; 0       ;
;      - Mux11~10     ; 1                 ; 0       ;
;      - Mux13~10     ; 1                 ; 0       ;
;      - Mux7~7       ; 1                 ; 0       ;
;      - Mux3~7       ; 1                 ; 0       ;
;      - Mux5~7       ; 1                 ; 0       ;
; reg_game_M[41]      ;                   ;         ;
;      - Mux1~5       ; 1                 ; 0       ;
;      - Mux17~6      ; 1                 ; 0       ;
;      - Mux15~3      ; 1                 ; 0       ;
;      - Mux19~6      ; 1                 ; 0       ;
;      - Mux21~4      ; 1                 ; 0       ;
;      - Mux23~4      ; 1                 ; 0       ;
;      - Mux25~6      ; 1                 ; 0       ;
;      - Mux35~5      ; 1                 ; 0       ;
;      - Mux33~6      ; 1                 ; 0       ;
;      - Mux37~6      ; 1                 ; 0       ;
;      - Mux27~5      ; 1                 ; 0       ;
;      - Mux29~1      ; 1                 ; 0       ;
;      - Mux31~10     ; 1                 ; 0       ;
;      - Mux45~1      ; 1                 ; 0       ;
;      - Mux47~6      ; 1                 ; 0       ;
;      - Mux49~6      ; 1                 ; 0       ;
;      - Mux41~9      ; 1                 ; 0       ;
;      - Mux39~6      ; 1                 ; 0       ;
;      - Mux43~6      ; 1                 ; 0       ;
;      - Mux9~10      ; 1                 ; 0       ;
;      - Mux11~10     ; 1                 ; 0       ;
;      - Mux13~10     ; 1                 ; 0       ;
;      - Mux7~7       ; 1                 ; 0       ;
;      - Mux3~7       ; 1                 ; 0       ;
;      - Mux5~7       ; 1                 ; 0       ;
; reg_game_M[49]      ;                   ;         ;
;      - Mux1~5       ; 1                 ; 0       ;
;      - Mux17~8      ; 1                 ; 0       ;
;      - Mux15~4      ; 1                 ; 0       ;
;      - Mux19~8      ; 1                 ; 0       ;
;      - Mux21~6      ; 1                 ; 0       ;
;      - Mux23~6      ; 1                 ; 0       ;
;      - Mux25~8      ; 1                 ; 0       ;
;      - Mux35~7      ; 1                 ; 0       ;
;      - Mux33~8      ; 1                 ; 0       ;
;      - Mux37~8      ; 1                 ; 0       ;
;      - Mux27~7      ; 1                 ; 0       ;
;      - Mux29~3      ; 1                 ; 0       ;
;      - Mux31~12     ; 1                 ; 0       ;
;      - Mux45~3      ; 1                 ; 0       ;
;      - Mux47~8      ; 1                 ; 0       ;
;      - Mux49~8      ; 1                 ; 0       ;
;      - Mux41~11     ; 1                 ; 0       ;
;      - Mux39~8      ; 1                 ; 0       ;
;      - Mux43~8      ; 1                 ; 0       ;
;      - Mux9~12      ; 1                 ; 0       ;
;      - Mux11~12     ; 1                 ; 0       ;
;      - Mux13~12     ; 1                 ; 0       ;
;      - Mux7~9       ; 1                 ; 0       ;
;      - Mux3~9       ; 1                 ; 0       ;
;      - Mux5~9       ; 1                 ; 0       ;
; reg_game_M[57]      ;                   ;         ;
;      - Mux1~5       ; 1                 ; 0       ;
;      - Mux17~8      ; 1                 ; 0       ;
;      - Mux15~3      ; 1                 ; 0       ;
;      - Mux19~8      ; 1                 ; 0       ;
;      - Mux21~6      ; 1                 ; 0       ;
;      - Mux23~6      ; 1                 ; 0       ;
;      - Mux25~8      ; 1                 ; 0       ;
;      - Mux35~7      ; 1                 ; 0       ;
;      - Mux33~8      ; 1                 ; 0       ;
;      - Mux37~8      ; 1                 ; 0       ;
;      - Mux27~7      ; 1                 ; 0       ;
;      - Mux29~3      ; 1                 ; 0       ;
;      - Mux31~12     ; 1                 ; 0       ;
;      - Mux45~3      ; 1                 ; 0       ;
;      - Mux47~8      ; 1                 ; 0       ;
;      - Mux49~8      ; 1                 ; 0       ;
;      - Mux41~11     ; 1                 ; 0       ;
;      - Mux39~8      ; 1                 ; 0       ;
;      - Mux43~8      ; 1                 ; 0       ;
;      - Mux9~12      ; 1                 ; 0       ;
;      - Mux11~12     ; 1                 ; 0       ;
;      - Mux13~12     ; 1                 ; 0       ;
;      - Mux7~9       ; 1                 ; 0       ;
;      - Mux3~9       ; 1                 ; 0       ;
;      - Mux5~9       ; 1                 ; 0       ;
; reg_game_M[37]      ;                   ;         ;
;      - Mux1~6       ; 0                 ; 0       ;
;      - Mux17~6      ; 0                 ; 0       ;
;      - Mux15~4      ; 0                 ; 0       ;
;      - Mux19~6      ; 0                 ; 0       ;
;      - Mux21~4      ; 0                 ; 0       ;
;      - Mux23~4      ; 0                 ; 0       ;
;      - Mux25~6      ; 0                 ; 0       ;
;      - Mux35~5      ; 0                 ; 0       ;
;      - Mux33~6      ; 0                 ; 0       ;
;      - Mux37~6      ; 0                 ; 0       ;
;      - Mux27~5      ; 0                 ; 0       ;
;      - Mux29~1      ; 0                 ; 0       ;
;      - Mux31~10     ; 0                 ; 0       ;
;      - Mux45~1      ; 0                 ; 0       ;
;      - Mux47~6      ; 0                 ; 0       ;
;      - Mux49~6      ; 0                 ; 0       ;
;      - Mux41~9      ; 0                 ; 0       ;
;      - Mux39~6      ; 0                 ; 0       ;
;      - Mux43~6      ; 0                 ; 0       ;
;      - Mux9~10      ; 0                 ; 0       ;
;      - Mux11~10     ; 0                 ; 0       ;
;      - Mux13~10     ; 0                 ; 0       ;
;      - Mux7~7       ; 0                 ; 0       ;
;      - Mux3~7       ; 0                 ; 0       ;
;      - Mux5~7       ; 0                 ; 0       ;
; reg_game_M[45]      ;                   ;         ;
;      - Mux1~6       ; 0                 ; 0       ;
;      - Mux17~6      ; 0                 ; 0       ;
;      - Mux15~3      ; 0                 ; 0       ;
;      - Mux19~6      ; 0                 ; 0       ;
;      - Mux21~4      ; 0                 ; 0       ;
;      - Mux23~4      ; 0                 ; 0       ;
;      - Mux25~6      ; 0                 ; 0       ;
;      - Mux35~5      ; 0                 ; 0       ;
;      - Mux33~6      ; 0                 ; 0       ;
;      - Mux37~6      ; 0                 ; 0       ;
;      - Mux27~5      ; 0                 ; 0       ;
;      - Mux29~1      ; 0                 ; 0       ;
;      - Mux31~10     ; 0                 ; 0       ;
;      - Mux45~1      ; 0                 ; 0       ;
;      - Mux47~6      ; 0                 ; 0       ;
;      - Mux49~6      ; 0                 ; 0       ;
;      - Mux41~9      ; 0                 ; 0       ;
;      - Mux39~6      ; 0                 ; 0       ;
;      - Mux43~6      ; 0                 ; 0       ;
;      - Mux9~10      ; 0                 ; 0       ;
;      - Mux11~10     ; 0                 ; 0       ;
;      - Mux13~10     ; 0                 ; 0       ;
;      - Mux7~7       ; 0                 ; 0       ;
;      - Mux3~7       ; 0                 ; 0       ;
;      - Mux5~7       ; 0                 ; 0       ;
; reg_game_M[53]      ;                   ;         ;
;      - Mux1~6       ; 1                 ; 0       ;
;      - Mux17~8      ; 1                 ; 0       ;
;      - Mux15~4      ; 1                 ; 0       ;
;      - Mux19~8      ; 1                 ; 0       ;
;      - Mux21~6      ; 1                 ; 0       ;
;      - Mux23~6      ; 1                 ; 0       ;
;      - Mux25~8      ; 1                 ; 0       ;
;      - Mux35~7      ; 1                 ; 0       ;
;      - Mux33~8      ; 1                 ; 0       ;
;      - Mux37~8      ; 1                 ; 0       ;
;      - Mux27~7      ; 1                 ; 0       ;
;      - Mux29~3      ; 1                 ; 0       ;
;      - Mux31~12     ; 1                 ; 0       ;
;      - Mux45~3      ; 1                 ; 0       ;
;      - Mux47~8      ; 1                 ; 0       ;
;      - Mux49~8      ; 1                 ; 0       ;
;      - Mux41~11     ; 1                 ; 0       ;
;      - Mux39~8      ; 1                 ; 0       ;
;      - Mux43~8      ; 1                 ; 0       ;
;      - Mux9~12      ; 1                 ; 0       ;
;      - Mux11~12     ; 1                 ; 0       ;
;      - Mux13~12     ; 1                 ; 0       ;
;      - Mux7~9       ; 1                 ; 0       ;
;      - Mux3~9       ; 1                 ; 0       ;
;      - Mux5~9       ; 1                 ; 0       ;
; reg_game_M[61]      ;                   ;         ;
;      - Mux1~6       ; 0                 ; 0       ;
;      - Mux17~8      ; 0                 ; 0       ;
;      - Mux15~3      ; 0                 ; 0       ;
;      - Mux19~8      ; 0                 ; 0       ;
;      - Mux21~6      ; 0                 ; 0       ;
;      - Mux23~6      ; 0                 ; 0       ;
;      - Mux25~8      ; 0                 ; 0       ;
;      - Mux35~7      ; 0                 ; 0       ;
;      - Mux33~8      ; 0                 ; 0       ;
;      - Mux37~8      ; 0                 ; 0       ;
;      - Mux27~7      ; 0                 ; 0       ;
;      - Mux29~3      ; 0                 ; 0       ;
;      - Mux31~12     ; 0                 ; 0       ;
;      - Mux45~3      ; 0                 ; 0       ;
;      - Mux47~8      ; 0                 ; 0       ;
;      - Mux49~8      ; 0                 ; 0       ;
;      - Mux41~11     ; 0                 ; 0       ;
;      - Mux39~8      ; 0                 ; 0       ;
;      - Mux43~8      ; 0                 ; 0       ;
;      - Mux9~12      ; 0                 ; 0       ;
;      - Mux11~12     ; 0                 ; 0       ;
;      - Mux13~12     ; 0                 ; 0       ;
;      - Mux7~9       ; 0                 ; 0       ;
;      - Mux3~9       ; 0                 ; 0       ;
;      - Mux5~9       ; 0                 ; 0       ;
; reg_game_M[35]      ;                   ;         ;
;      - Mux1~7       ; 1                 ; 0       ;
;      - Mux17~7      ; 1                 ; 0       ;
;      - Mux15~2      ; 1                 ; 0       ;
;      - Mux19~7      ; 1                 ; 0       ;
;      - Mux21~5      ; 1                 ; 0       ;
;      - Mux23~5      ; 1                 ; 0       ;
;      - Mux25~7      ; 1                 ; 0       ;
;      - Mux35~6      ; 1                 ; 0       ;
;      - Mux33~7      ; 1                 ; 0       ;
;      - Mux37~7      ; 1                 ; 0       ;
;      - Mux27~6      ; 1                 ; 0       ;
;      - Mux29~2      ; 1                 ; 0       ;
;      - Mux31~11     ; 1                 ; 0       ;
;      - Mux45~2      ; 1                 ; 0       ;
;      - Mux47~7      ; 1                 ; 0       ;
;      - Mux49~7      ; 1                 ; 0       ;
;      - Mux41~10     ; 1                 ; 0       ;
;      - Mux39~7      ; 1                 ; 0       ;
;      - Mux43~7      ; 1                 ; 0       ;
;      - Mux9~11      ; 1                 ; 0       ;
;      - Mux11~11     ; 1                 ; 0       ;
;      - Mux13~11     ; 1                 ; 0       ;
;      - Mux7~8       ; 1                 ; 0       ;
;      - Mux3~8       ; 1                 ; 0       ;
;      - Mux5~8       ; 1                 ; 0       ;
; reg_game_M[43]      ;                   ;         ;
;      - Mux1~7       ; 1                 ; 0       ;
;      - Mux17~7      ; 1                 ; 0       ;
;      - Mux15~1      ; 1                 ; 0       ;
;      - Mux19~7      ; 1                 ; 0       ;
;      - Mux21~5      ; 1                 ; 0       ;
;      - Mux23~5      ; 1                 ; 0       ;
;      - Mux25~7      ; 1                 ; 0       ;
;      - Mux35~6      ; 1                 ; 0       ;
;      - Mux33~7      ; 1                 ; 0       ;
;      - Mux37~7      ; 1                 ; 0       ;
;      - Mux27~6      ; 1                 ; 0       ;
;      - Mux29~2      ; 1                 ; 0       ;
;      - Mux31~11     ; 1                 ; 0       ;
;      - Mux45~2      ; 1                 ; 0       ;
;      - Mux47~7      ; 1                 ; 0       ;
;      - Mux49~7      ; 1                 ; 0       ;
;      - Mux41~10     ; 1                 ; 0       ;
;      - Mux39~7      ; 1                 ; 0       ;
;      - Mux43~7      ; 1                 ; 0       ;
;      - Mux9~11      ; 1                 ; 0       ;
;      - Mux11~11     ; 1                 ; 0       ;
;      - Mux13~11     ; 1                 ; 0       ;
;      - Mux7~8       ; 1                 ; 0       ;
;      - Mux3~8       ; 1                 ; 0       ;
;      - Mux5~8       ; 1                 ; 0       ;
; reg_game_M[51]      ;                   ;         ;
;      - Mux1~7       ; 0                 ; 0       ;
;      - Mux17~9      ; 0                 ; 0       ;
;      - Mux15~2      ; 0                 ; 0       ;
;      - Mux19~9      ; 0                 ; 0       ;
;      - Mux21~7      ; 0                 ; 0       ;
;      - Mux23~7      ; 0                 ; 0       ;
;      - Mux25~9      ; 0                 ; 0       ;
;      - Mux35~8      ; 0                 ; 0       ;
;      - Mux33~9      ; 0                 ; 0       ;
;      - Mux37~9      ; 0                 ; 0       ;
;      - Mux27~8      ; 0                 ; 0       ;
;      - Mux29~4      ; 0                 ; 0       ;
;      - Mux31~13     ; 0                 ; 0       ;
;      - Mux45~4      ; 0                 ; 0       ;
;      - Mux47~9      ; 0                 ; 0       ;
;      - Mux49~9      ; 0                 ; 0       ;
;      - Mux41~12     ; 0                 ; 0       ;
;      - Mux39~9      ; 0                 ; 0       ;
;      - Mux43~9      ; 0                 ; 0       ;
;      - Mux9~13      ; 0                 ; 0       ;
;      - Mux11~13     ; 0                 ; 0       ;
;      - Mux13~13     ; 0                 ; 0       ;
;      - Mux7~10      ; 0                 ; 0       ;
;      - Mux3~10      ; 0                 ; 0       ;
;      - Mux5~10      ; 0                 ; 0       ;
; reg_game_M[59]      ;                   ;         ;
;      - Mux1~7       ; 0                 ; 0       ;
;      - Mux17~9      ; 0                 ; 0       ;
;      - Mux15~1      ; 0                 ; 0       ;
;      - Mux19~9      ; 0                 ; 0       ;
;      - Mux21~7      ; 0                 ; 0       ;
;      - Mux23~7      ; 0                 ; 0       ;
;      - Mux25~9      ; 0                 ; 0       ;
;      - Mux35~8      ; 0                 ; 0       ;
;      - Mux33~9      ; 0                 ; 0       ;
;      - Mux37~9      ; 0                 ; 0       ;
;      - Mux27~8      ; 0                 ; 0       ;
;      - Mux29~4      ; 0                 ; 0       ;
;      - Mux31~13     ; 0                 ; 0       ;
;      - Mux45~4      ; 0                 ; 0       ;
;      - Mux47~9      ; 0                 ; 0       ;
;      - Mux49~9      ; 0                 ; 0       ;
;      - Mux41~12     ; 0                 ; 0       ;
;      - Mux39~9      ; 0                 ; 0       ;
;      - Mux43~9      ; 0                 ; 0       ;
;      - Mux9~13      ; 0                 ; 0       ;
;      - Mux11~13     ; 0                 ; 0       ;
;      - Mux13~13     ; 0                 ; 0       ;
;      - Mux7~10      ; 0                 ; 0       ;
;      - Mux3~10      ; 0                 ; 0       ;
;      - Mux5~10      ; 0                 ; 0       ;
; reg_game_M[39]      ;                   ;         ;
;      - Mux1~8       ; 1                 ; 0       ;
;      - Mux17~7      ; 1                 ; 0       ;
;      - Mux15~2      ; 1                 ; 0       ;
;      - Mux19~7      ; 1                 ; 0       ;
;      - Mux21~5      ; 1                 ; 0       ;
;      - Mux23~5      ; 1                 ; 0       ;
;      - Mux25~7      ; 1                 ; 0       ;
;      - Mux35~6      ; 1                 ; 0       ;
;      - Mux33~7      ; 1                 ; 0       ;
;      - Mux37~7      ; 1                 ; 0       ;
;      - Mux27~6      ; 1                 ; 0       ;
;      - Mux29~2      ; 1                 ; 0       ;
;      - Mux31~11     ; 1                 ; 0       ;
;      - Mux45~2      ; 1                 ; 0       ;
;      - Mux47~7      ; 1                 ; 0       ;
;      - Mux49~7      ; 1                 ; 0       ;
;      - Mux41~10     ; 1                 ; 0       ;
;      - Mux39~7      ; 1                 ; 0       ;
;      - Mux43~7      ; 1                 ; 0       ;
;      - Mux9~11      ; 1                 ; 0       ;
;      - Mux11~11     ; 1                 ; 0       ;
;      - Mux13~11     ; 1                 ; 0       ;
;      - Mux7~8       ; 1                 ; 0       ;
;      - Mux3~8       ; 1                 ; 0       ;
;      - Mux5~8       ; 1                 ; 0       ;
; reg_game_M[47]      ;                   ;         ;
;      - Mux1~8       ; 0                 ; 0       ;
;      - Mux17~7      ; 0                 ; 0       ;
;      - Mux15~1      ; 0                 ; 0       ;
;      - Mux19~7      ; 0                 ; 0       ;
;      - Mux21~5      ; 0                 ; 0       ;
;      - Mux23~5      ; 0                 ; 0       ;
;      - Mux25~7      ; 0                 ; 0       ;
;      - Mux35~6      ; 0                 ; 0       ;
;      - Mux33~7      ; 0                 ; 0       ;
;      - Mux37~7      ; 0                 ; 0       ;
;      - Mux27~6      ; 0                 ; 0       ;
;      - Mux29~2      ; 0                 ; 0       ;
;      - Mux31~11     ; 0                 ; 0       ;
;      - Mux45~2      ; 0                 ; 0       ;
;      - Mux47~7      ; 0                 ; 0       ;
;      - Mux49~7      ; 0                 ; 0       ;
;      - Mux41~10     ; 0                 ; 0       ;
;      - Mux39~7      ; 0                 ; 0       ;
;      - Mux43~7      ; 0                 ; 0       ;
;      - Mux9~11      ; 0                 ; 0       ;
;      - Mux11~11     ; 0                 ; 0       ;
;      - Mux13~11     ; 0                 ; 0       ;
;      - Mux7~8       ; 0                 ; 0       ;
;      - Mux3~8       ; 0                 ; 0       ;
;      - Mux5~8       ; 0                 ; 0       ;
; reg_game_M[55]      ;                   ;         ;
;      - Mux1~8       ; 0                 ; 0       ;
;      - Mux17~9      ; 0                 ; 0       ;
;      - Mux15~2      ; 0                 ; 0       ;
;      - Mux19~9      ; 0                 ; 0       ;
;      - Mux21~7      ; 0                 ; 0       ;
;      - Mux23~7      ; 0                 ; 0       ;
;      - Mux25~9      ; 0                 ; 0       ;
;      - Mux35~8      ; 0                 ; 0       ;
;      - Mux33~9      ; 0                 ; 0       ;
;      - Mux37~9      ; 0                 ; 0       ;
;      - Mux27~8      ; 0                 ; 0       ;
;      - Mux29~4      ; 0                 ; 0       ;
;      - Mux31~13     ; 0                 ; 0       ;
;      - Mux45~4      ; 0                 ; 0       ;
;      - Mux47~9      ; 0                 ; 0       ;
;      - Mux49~9      ; 0                 ; 0       ;
;      - Mux41~12     ; 0                 ; 0       ;
;      - Mux39~9      ; 0                 ; 0       ;
;      - Mux43~9      ; 0                 ; 0       ;
;      - Mux9~13      ; 0                 ; 0       ;
;      - Mux11~13     ; 0                 ; 0       ;
;      - Mux13~13     ; 0                 ; 0       ;
;      - Mux7~10      ; 0                 ; 0       ;
;      - Mux3~10      ; 0                 ; 0       ;
;      - Mux5~10      ; 0                 ; 0       ;
; reg_game_M[63]      ;                   ;         ;
;      - Mux1~8       ; 1                 ; 0       ;
;      - Mux17~9      ; 1                 ; 0       ;
;      - Mux15~1      ; 1                 ; 0       ;
;      - Mux19~9      ; 1                 ; 0       ;
;      - Mux21~7      ; 1                 ; 0       ;
;      - Mux23~7      ; 1                 ; 0       ;
;      - Mux25~9      ; 1                 ; 0       ;
;      - Mux35~8      ; 1                 ; 0       ;
;      - Mux33~9      ; 1                 ; 0       ;
;      - Mux37~9      ; 1                 ; 0       ;
;      - Mux27~8      ; 1                 ; 0       ;
;      - Mux29~4      ; 1                 ; 0       ;
;      - Mux31~13     ; 1                 ; 0       ;
;      - Mux45~4      ; 1                 ; 0       ;
;      - Mux47~9      ; 1                 ; 0       ;
;      - Mux49~9      ; 1                 ; 0       ;
;      - Mux41~12     ; 1                 ; 0       ;
;      - Mux39~9      ; 1                 ; 0       ;
;      - Mux43~9      ; 1                 ; 0       ;
;      - Mux9~13      ; 1                 ; 0       ;
;      - Mux11~13     ; 1                 ; 0       ;
;      - Mux13~13     ; 1                 ; 0       ;
;      - Mux7~10      ; 1                 ; 0       ;
;      - Mux3~10      ; 1                 ; 0       ;
;      - Mux5~10      ; 1                 ; 0       ;
; reg_game_M[65]      ;                   ;         ;
;      - Mux1~10      ; 0                 ; 0       ;
;      - Mux17~13     ; 0                 ; 0       ;
;      - Mux15~13     ; 0                 ; 0       ;
;      - Mux19~14     ; 0                 ; 0       ;
;      - Mux21~17     ; 0                 ; 0       ;
;      - Mux23~17     ; 0                 ; 0       ;
;      - Mux25~14     ; 0                 ; 0       ;
;      - Mux35~13     ; 0                 ; 0       ;
;      - Mux33~13     ; 0                 ; 0       ;
;      - Mux37~14     ; 0                 ; 0       ;
;      - Mux27~18     ; 0                 ; 0       ;
;      - Mux29~14     ; 0                 ; 0       ;
;      - Mux31~18     ; 0                 ; 0       ;
;      - Mux45~14     ; 0                 ; 0       ;
;      - Mux47~14     ; 0                 ; 0       ;
;      - Mux49~14     ; 0                 ; 0       ;
;      - Mux41~17     ; 0                 ; 0       ;
;      - Mux39~13     ; 0                 ; 0       ;
;      - Mux43~14     ; 0                 ; 0       ;
;      - Mux9~18      ; 0                 ; 0       ;
;      - Mux11~18     ; 0                 ; 0       ;
;      - Mux13~18     ; 0                 ; 0       ;
;      - Mux7~16      ; 0                 ; 0       ;
;      - Mux3~16      ; 0                 ; 0       ;
;      - Mux5~14      ; 0                 ; 0       ;
; reg_game_M[69]      ;                   ;         ;
;      - Mux1~10      ; 0                 ; 0       ;
;      - Mux17~13     ; 0                 ; 0       ;
;      - Mux15~13     ; 0                 ; 0       ;
;      - Mux19~14     ; 0                 ; 0       ;
;      - Mux21~17     ; 0                 ; 0       ;
;      - Mux23~17     ; 0                 ; 0       ;
;      - Mux25~14     ; 0                 ; 0       ;
;      - Mux35~13     ; 0                 ; 0       ;
;      - Mux33~13     ; 0                 ; 0       ;
;      - Mux37~14     ; 0                 ; 0       ;
;      - Mux27~18     ; 0                 ; 0       ;
;      - Mux29~14     ; 0                 ; 0       ;
;      - Mux31~18     ; 0                 ; 0       ;
;      - Mux45~14     ; 0                 ; 0       ;
;      - Mux47~14     ; 0                 ; 0       ;
;      - Mux49~14     ; 0                 ; 0       ;
;      - Mux41~17     ; 0                 ; 0       ;
;      - Mux39~13     ; 0                 ; 0       ;
;      - Mux43~14     ; 0                 ; 0       ;
;      - Mux9~18      ; 0                 ; 0       ;
;      - Mux11~18     ; 0                 ; 0       ;
;      - Mux13~18     ; 0                 ; 0       ;
;      - Mux7~16      ; 0                 ; 0       ;
;      - Mux3~16      ; 0                 ; 0       ;
;      - Mux5~14      ; 0                 ; 0       ;
; reg_game_M[67]      ;                   ;         ;
;      - Mux1~10      ; 0                 ; 0       ;
;      - Mux17~13     ; 0                 ; 0       ;
;      - Mux15~13     ; 0                 ; 0       ;
;      - Mux19~14     ; 0                 ; 0       ;
;      - Mux21~17     ; 0                 ; 0       ;
;      - Mux23~17     ; 0                 ; 0       ;
;      - Mux25~14     ; 0                 ; 0       ;
;      - Mux35~13     ; 0                 ; 0       ;
;      - Mux33~13     ; 0                 ; 0       ;
;      - Mux37~14     ; 0                 ; 0       ;
;      - Mux27~18     ; 0                 ; 0       ;
;      - Mux29~14     ; 0                 ; 0       ;
;      - Mux31~18     ; 0                 ; 0       ;
;      - Mux45~14     ; 0                 ; 0       ;
;      - Mux47~14     ; 0                 ; 0       ;
;      - Mux49~14     ; 0                 ; 0       ;
;      - Mux41~17     ; 0                 ; 0       ;
;      - Mux39~13     ; 0                 ; 0       ;
;      - Mux43~14     ; 0                 ; 0       ;
;      - Mux9~18      ; 0                 ; 0       ;
;      - Mux11~18     ; 0                 ; 0       ;
;      - Mux13~18     ; 0                 ; 0       ;
;      - Mux7~16      ; 0                 ; 0       ;
;      - Mux3~16      ; 0                 ; 0       ;
;      - Mux5~14      ; 0                 ; 0       ;
; reg_game_M[71]      ;                   ;         ;
;      - Mux1~10      ; 1                 ; 0       ;
;      - Mux17~13     ; 1                 ; 0       ;
;      - Mux15~13     ; 1                 ; 0       ;
;      - Mux19~14     ; 1                 ; 0       ;
;      - Mux21~17     ; 1                 ; 0       ;
;      - Mux23~17     ; 1                 ; 0       ;
;      - Mux25~14     ; 1                 ; 0       ;
;      - Mux35~13     ; 1                 ; 0       ;
;      - Mux33~13     ; 1                 ; 0       ;
;      - Mux37~14     ; 1                 ; 0       ;
;      - Mux27~18     ; 1                 ; 0       ;
;      - Mux29~14     ; 1                 ; 0       ;
;      - Mux31~18     ; 1                 ; 0       ;
;      - Mux45~14     ; 1                 ; 0       ;
;      - Mux47~14     ; 1                 ; 0       ;
;      - Mux49~14     ; 1                 ; 0       ;
;      - Mux41~17     ; 1                 ; 0       ;
;      - Mux39~13     ; 1                 ; 0       ;
;      - Mux43~14     ; 1                 ; 0       ;
;      - Mux9~18      ; 1                 ; 0       ;
;      - Mux11~18     ; 1                 ; 0       ;
;      - Mux13~18     ; 1                 ; 0       ;
;      - Mux7~16      ; 1                 ; 0       ;
;      - Mux3~16      ; 1                 ; 0       ;
;      - Mux5~14      ; 1                 ; 0       ;
; reg_game_M[73]      ;                   ;         ;
;      - Mux1~12      ; 0                 ; 0       ;
;      - Mux17~11     ; 0                 ; 0       ;
;      - Mux15~6      ; 0                 ; 0       ;
;      - Mux19~11     ; 0                 ; 0       ;
;      - Mux21~9      ; 0                 ; 0       ;
;      - Mux23~9      ; 0                 ; 0       ;
;      - Mux25~11     ; 0                 ; 0       ;
;      - Mux35~10     ; 0                 ; 0       ;
;      - Mux33~11     ; 0                 ; 0       ;
;      - Mux37~11     ; 0                 ; 0       ;
;      - Mux27~10     ; 0                 ; 0       ;
;      - Mux29~6      ; 0                 ; 0       ;
;      - Mux31~15     ; 0                 ; 0       ;
;      - Mux45~6      ; 0                 ; 0       ;
;      - Mux47~11     ; 0                 ; 0       ;
;      - Mux49~11     ; 0                 ; 0       ;
;      - Mux41~14     ; 0                 ; 0       ;
;      - Mux39~11     ; 0                 ; 0       ;
;      - Mux43~11     ; 0                 ; 0       ;
;      - Mux9~15      ; 0                 ; 0       ;
;      - Mux11~15     ; 0                 ; 0       ;
;      - Mux13~15     ; 0                 ; 0       ;
;      - Mux7~13      ; 0                 ; 0       ;
;      - Mux3~13      ; 0                 ; 0       ;
;      - Mux5~12      ; 0                 ; 0       ;
; reg_game_M[77]      ;                   ;         ;
;      - Mux1~12      ; 1                 ; 0       ;
;      - Mux17~11     ; 1                 ; 0       ;
;      - Mux15~6      ; 1                 ; 0       ;
;      - Mux19~11     ; 1                 ; 0       ;
;      - Mux21~9      ; 1                 ; 0       ;
;      - Mux23~9      ; 1                 ; 0       ;
;      - Mux25~11     ; 1                 ; 0       ;
;      - Mux35~10     ; 1                 ; 0       ;
;      - Mux33~11     ; 1                 ; 0       ;
;      - Mux37~11     ; 1                 ; 0       ;
;      - Mux27~10     ; 1                 ; 0       ;
;      - Mux29~6      ; 1                 ; 0       ;
;      - Mux31~15     ; 1                 ; 0       ;
;      - Mux45~6      ; 1                 ; 0       ;
;      - Mux47~11     ; 1                 ; 0       ;
;      - Mux49~11     ; 1                 ; 0       ;
;      - Mux41~14     ; 1                 ; 0       ;
;      - Mux39~11     ; 1                 ; 0       ;
;      - Mux43~11     ; 1                 ; 0       ;
;      - Mux9~15      ; 1                 ; 0       ;
;      - Mux11~15     ; 1                 ; 0       ;
;      - Mux13~15     ; 1                 ; 0       ;
;      - Mux7~13      ; 1                 ; 0       ;
;      - Mux3~13      ; 1                 ; 0       ;
;      - Mux5~12      ; 1                 ; 0       ;
; reg_game_M[75]      ;                   ;         ;
;      - Mux1~12      ; 0                 ; 0       ;
;      - Mux17~11     ; 0                 ; 0       ;
;      - Mux15~6      ; 0                 ; 0       ;
;      - Mux19~11     ; 0                 ; 0       ;
;      - Mux21~9      ; 0                 ; 0       ;
;      - Mux23~9      ; 0                 ; 0       ;
;      - Mux25~11     ; 0                 ; 0       ;
;      - Mux35~10     ; 0                 ; 0       ;
;      - Mux33~11     ; 0                 ; 0       ;
;      - Mux37~11     ; 0                 ; 0       ;
;      - Mux27~10     ; 0                 ; 0       ;
;      - Mux29~6      ; 0                 ; 0       ;
;      - Mux31~15     ; 0                 ; 0       ;
;      - Mux45~6      ; 0                 ; 0       ;
;      - Mux47~11     ; 0                 ; 0       ;
;      - Mux49~11     ; 0                 ; 0       ;
;      - Mux41~14     ; 0                 ; 0       ;
;      - Mux39~11     ; 0                 ; 0       ;
;      - Mux43~11     ; 0                 ; 0       ;
;      - Mux9~15      ; 0                 ; 0       ;
;      - Mux11~15     ; 0                 ; 0       ;
;      - Mux13~15     ; 0                 ; 0       ;
;      - Mux7~13      ; 0                 ; 0       ;
;      - Mux3~13      ; 0                 ; 0       ;
;      - Mux5~12      ; 0                 ; 0       ;
; reg_game_M[79]      ;                   ;         ;
;      - Mux1~12      ; 1                 ; 0       ;
;      - Mux17~11     ; 1                 ; 0       ;
;      - Mux15~6      ; 1                 ; 0       ;
;      - Mux19~11     ; 1                 ; 0       ;
;      - Mux21~9      ; 1                 ; 0       ;
;      - Mux23~9      ; 1                 ; 0       ;
;      - Mux25~11     ; 1                 ; 0       ;
;      - Mux35~10     ; 1                 ; 0       ;
;      - Mux33~11     ; 1                 ; 0       ;
;      - Mux37~11     ; 1                 ; 0       ;
;      - Mux27~10     ; 1                 ; 0       ;
;      - Mux29~6      ; 1                 ; 0       ;
;      - Mux31~15     ; 1                 ; 0       ;
;      - Mux45~6      ; 1                 ; 0       ;
;      - Mux47~11     ; 1                 ; 0       ;
;      - Mux49~11     ; 1                 ; 0       ;
;      - Mux41~14     ; 1                 ; 0       ;
;      - Mux39~11     ; 1                 ; 0       ;
;      - Mux43~11     ; 1                 ; 0       ;
;      - Mux9~15      ; 1                 ; 0       ;
;      - Mux11~15     ; 1                 ; 0       ;
;      - Mux13~15     ; 1                 ; 0       ;
;      - Mux7~13      ; 1                 ; 0       ;
;      - Mux3~13      ; 1                 ; 0       ;
;      - Mux5~12      ; 1                 ; 0       ;
; reg_game_M[81]      ;                   ;         ;
;      - Mux1~13      ; 1                 ; 0       ;
;      - Mux17~12     ; 1                 ; 0       ;
;      - Mux15~7      ; 1                 ; 0       ;
;      - Mux19~12     ; 1                 ; 0       ;
;      - Mux21~10     ; 1                 ; 0       ;
;      - Mux23~10     ; 1                 ; 0       ;
;      - Mux25~12     ; 1                 ; 0       ;
;      - Mux35~11     ; 1                 ; 0       ;
;      - Mux33~12     ; 1                 ; 0       ;
;      - Mux37~12     ; 1                 ; 0       ;
;      - Mux27~11     ; 1                 ; 0       ;
;      - Mux29~7      ; 1                 ; 0       ;
;      - Mux31~16     ; 1                 ; 0       ;
;      - Mux45~7      ; 1                 ; 0       ;
;      - Mux47~12     ; 1                 ; 0       ;
;      - Mux49~12     ; 1                 ; 0       ;
;      - Mux41~15     ; 1                 ; 0       ;
;      - Mux39~12     ; 1                 ; 0       ;
;      - Mux43~12     ; 1                 ; 0       ;
;      - Mux9~16      ; 1                 ; 0       ;
;      - Mux11~16     ; 1                 ; 0       ;
;      - Mux13~16     ; 1                 ; 0       ;
;      - Mux7~14      ; 1                 ; 0       ;
;      - Mux3~14      ; 1                 ; 0       ;
;      - Mux5~13      ; 1                 ; 0       ;
; reg_game_M[83]      ;                   ;         ;
;      - Mux1~13      ; 1                 ; 0       ;
;      - Mux17~12     ; 1                 ; 0       ;
;      - Mux15~7      ; 1                 ; 0       ;
;      - Mux19~12     ; 1                 ; 0       ;
;      - Mux21~10     ; 1                 ; 0       ;
;      - Mux23~10     ; 1                 ; 0       ;
;      - Mux25~12     ; 1                 ; 0       ;
;      - Mux35~11     ; 1                 ; 0       ;
;      - Mux33~12     ; 1                 ; 0       ;
;      - Mux37~12     ; 1                 ; 0       ;
;      - Mux27~11     ; 1                 ; 0       ;
;      - Mux29~7      ; 1                 ; 0       ;
;      - Mux31~16     ; 1                 ; 0       ;
;      - Mux45~7      ; 1                 ; 0       ;
;      - Mux47~12     ; 1                 ; 0       ;
;      - Mux49~12     ; 1                 ; 0       ;
;      - Mux41~15     ; 1                 ; 0       ;
;      - Mux39~12     ; 1                 ; 0       ;
;      - Mux43~12     ; 1                 ; 0       ;
;      - Mux9~16      ; 1                 ; 0       ;
;      - Mux11~16     ; 1                 ; 0       ;
;      - Mux13~16     ; 1                 ; 0       ;
;      - Mux7~14      ; 1                 ; 0       ;
;      - Mux3~14      ; 1                 ; 0       ;
;      - Mux5~13      ; 1                 ; 0       ;
; reg_jugada[3]       ;                   ;         ;
;      - Add69~9      ; 1                 ; 0       ;
;      - Add69~1      ; 1                 ; 0       ;
;      - Add1~13      ; 1                 ; 0       ;
;      - Add1~1       ; 1                 ; 0       ;
;      - Add1~5       ; 1                 ; 0       ;
;      - Add1~9       ; 1                 ; 0       ;
;      - Add1~17      ; 1                 ; 0       ;
;      - Add1~21      ; 1                 ; 0       ;
;      - Add47~9      ; 1                 ; 0       ;
;      - Add47~1      ; 1                 ; 0       ;
;      - Add52~9      ; 1                 ; 0       ;
;      - Add52~13     ; 1                 ; 0       ;
;      - Add52~5      ; 1                 ; 0       ;
;      - Add58~9      ; 1                 ; 0       ;
;      - Add58~25     ; 1                 ; 0       ;
;      - Add58~21     ; 1                 ; 0       ;
;      - Add58~17     ; 1                 ; 0       ;
;      - Add64~25     ; 1                 ; 0       ;
;      - Add75~9      ; 1                 ; 0       ;
;      - Add75~1      ; 1                 ; 0       ;
;      - Add28~25     ; 1                 ; 0       ;
;      - Add31~9      ; 1                 ; 0       ;
;      - Add31~1      ; 1                 ; 0       ;
;      - Add31~5      ; 1                 ; 0       ;
;      - Add35~9      ; 1                 ; 0       ;
;      - Add35~1      ; 1                 ; 0       ;
;      - Add37~9      ; 1                 ; 0       ;
;      - Add37~1      ; 1                 ; 0       ;
;      - Add38~9      ; 1                 ; 0       ;
;      - Add38~13     ; 1                 ; 0       ;
;      - Add38~5      ; 1                 ; 0       ;
;      - Add40~9      ; 1                 ; 0       ;
;      - Add18~9      ; 1                 ; 0       ;
;      - Add18~25     ; 1                 ; 0       ;
;      - Add18~21     ; 1                 ; 0       ;
;      - Add18~17     ; 1                 ; 0       ;
;      - Add16~21     ; 1                 ; 0       ;
;      - Add16~25     ; 1                 ; 0       ;
;      - Add16~5      ; 1                 ; 0       ;
;      - Add20~25     ; 1                 ; 0       ;
;      - Add23~9      ; 1                 ; 0       ;
;      - Add23~1      ; 1                 ; 0       ;
;      - Add21~25     ; 1                 ; 0       ;
;      - Add21~21     ; 1                 ; 0       ;
;      - Add21~1      ; 1                 ; 0       ;
;      - Add4~21      ; 1                 ; 0       ;
;      - Add4~25      ; 1                 ; 0       ;
;      - Add4~5       ; 1                 ; 0       ;
;      - Add4~1       ; 1                 ; 0       ;
;      - Add4~9       ; 1                 ; 0       ;
;      - Add7~21      ; 1                 ; 0       ;
;      - Add7~25      ; 1                 ; 0       ;
;      - Add7~5       ; 1                 ; 0       ;
;      - Add7~1       ; 1                 ; 0       ;
;      - Add7~9       ; 1                 ; 0       ;
;      - Add5~9       ; 1                 ; 0       ;
;      - Add5~13      ; 1                 ; 0       ;
;      - Add5~5       ; 1                 ; 0       ;
;      - Add5~1       ; 1                 ; 0       ;
;      - Add5~17      ; 1                 ; 0       ;
;      - Add9~9       ; 1                 ; 0       ;
;      - Add9~13      ; 1                 ; 0       ;
;      - Add9~5       ; 1                 ; 0       ;
;      - Add9~1       ; 1                 ; 0       ;
;      - Add12~9      ; 1                 ; 0       ;
;      - Add12~13     ; 1                 ; 0       ;
;      - Add12~5      ; 1                 ; 0       ;
;      - Add12~1      ; 1                 ; 0       ;
;      - Add10~9      ; 1                 ; 0       ;
;      - Add10~13     ; 1                 ; 0       ;
;      - Add10~5      ; 1                 ; 0       ;
;      - Add10~1      ; 1                 ; 0       ;
;      - Add15~0      ; 1                 ; 0       ;
;      - Add15~1      ; 1                 ; 0       ;
;      - Add15~2      ; 1                 ; 0       ;
;      - Add15~3      ; 1                 ; 0       ;
;      - Mux14~5      ; 1                 ; 0       ;
;      - Mux15~0      ; 1                 ; 0       ;
;      - Mux14~15     ; 1                 ; 0       ;
;      - Mux14~16     ; 1                 ; 0       ;
;      - Add71~0      ; 1                 ; 0       ;
;      - contar~3     ; 1                 ; 0       ;
;      - Add60~0      ; 1                 ; 0       ;
;      - count~2      ; 1                 ; 0       ;
;      - count~5      ; 1                 ; 0       ;
;      - Add50~0      ; 1                 ; 0       ;
;      - Add50~1      ; 1                 ; 0       ;
;      - Add50~2      ; 1                 ; 0       ;
;      - Add56~0      ; 1                 ; 0       ;
;      - Add56~1      ; 1                 ; 0       ;
;      - Add56~2      ; 1                 ; 0       ;
;      - Add56~3      ; 1                 ; 0       ;
;      - Add62~0      ; 1                 ; 0       ;
;      - Add62~1      ; 1                 ; 0       ;
;      - Add62~2      ; 1                 ; 0       ;
;      - Add3~0       ; 1                 ; 0       ;
;      - Add29~0      ; 1                 ; 0       ;
;      - Add29~1      ; 1                 ; 0       ;
;      - Add29~2      ; 1                 ; 0       ;
;      - Add74~0      ; 1                 ; 0       ;
;      - Add56~4      ; 1                 ; 0       ;
;      - Add3~1       ; 1                 ; 0       ;
;      - Add3~2       ; 1                 ; 0       ;
; reg_jugada[4]       ;                   ;         ;
;      - Add69~13     ; 0                 ; 0       ;
;      - Add69~5      ; 0                 ; 0       ;
;      - Add69~1      ; 0                 ; 0       ;
;      - Add69~25     ; 0                 ; 0       ;
;      - Add69~21     ; 0                 ; 0       ;
;      - Add1~1       ; 0                 ; 0       ;
;      - Add1~5       ; 0                 ; 0       ;
;      - Add1~9       ; 0                 ; 0       ;
;      - Add1~17      ; 0                 ; 0       ;
;      - Add1~21      ; 0                 ; 0       ;
;      - Add47~13     ; 0                 ; 0       ;
;      - Add47~25     ; 0                 ; 0       ;
;      - Add52~13     ; 0                 ; 0       ;
;      - Add52~5      ; 0                 ; 0       ;
;      - Add52~25     ; 0                 ; 0       ;
;      - Add52~21     ; 0                 ; 0       ;
;      - Add52~17     ; 0                 ; 0       ;
;      - Add58~13     ; 0                 ; 0       ;
;      - Add58~5      ; 0                 ; 0       ;
;      - Add58~25     ; 0                 ; 0       ;
;      - Add58~21     ; 0                 ; 0       ;
;      - Add58~17     ; 0                 ; 0       ;
;      - Add64~21     ; 0                 ; 0       ;
;      - Add64~1      ; 0                 ; 0       ;
;      - Add75~13     ; 0                 ; 0       ;
;      - Add28~21     ; 0                 ; 0       ;
;      - Add28~1      ; 0                 ; 0       ;
;      - Add31~1      ; 0                 ; 0       ;
;      - Add31~5      ; 0                 ; 0       ;
;      - Add35~13     ; 0                 ; 0       ;
;      - Add37~13     ; 0                 ; 0       ;
;      - Add37~25     ; 0                 ; 0       ;
;      - Add38~13     ; 0                 ; 0       ;
;      - Add38~5      ; 0                 ; 0       ;
;      - Add38~25     ; 0                 ; 0       ;
;      - Add38~21     ; 0                 ; 0       ;
;      - Add38~17     ; 0                 ; 0       ;
;      - Add40~13     ; 0                 ; 0       ;
;      - Add40~5      ; 0                 ; 0       ;
;      - Add18~13     ; 0                 ; 0       ;
;      - Add18~5      ; 0                 ; 0       ;
;      - Add18~25     ; 0                 ; 0       ;
;      - Add18~21     ; 0                 ; 0       ;
;      - Add18~17     ; 0                 ; 0       ;
;      - Add16~25     ; 0                 ; 0       ;
;      - Add16~5      ; 0                 ; 0       ;
;      - Add16~17     ; 0                 ; 0       ;
;      - Add16~13     ; 0                 ; 0       ;
;      - Add16~9      ; 0                 ; 0       ;
;      - Add20~21     ; 0                 ; 0       ;
;      - Add20~1      ; 0                 ; 0       ;
;      - Add23~13     ; 0                 ; 0       ;
;      - Add21~21     ; 0                 ; 0       ;
;      - Add21~1      ; 0                 ; 0       ;
;      - Add4~25      ; 0                 ; 0       ;
;      - Add4~5       ; 0                 ; 0       ;
;      - Add4~1       ; 0                 ; 0       ;
;      - Add4~9       ; 0                 ; 0       ;
;      - Add7~25      ; 0                 ; 0       ;
;      - Add7~5       ; 0                 ; 0       ;
;      - Add7~1       ; 0                 ; 0       ;
;      - Add7~9       ; 0                 ; 0       ;
;      - Add5~13      ; 0                 ; 0       ;
;      - Add5~5       ; 0                 ; 0       ;
;      - Add5~1       ; 0                 ; 0       ;
;      - Add5~17      ; 0                 ; 0       ;
;      - Add9~13      ; 0                 ; 0       ;
;      - Add9~5       ; 0                 ; 0       ;
;      - Add9~1       ; 0                 ; 0       ;
;      - Add12~13     ; 0                 ; 0       ;
;      - Add12~5      ; 0                 ; 0       ;
;      - Add12~1      ; 0                 ; 0       ;
;      - Add10~13     ; 0                 ; 0       ;
;      - Add10~5      ; 0                 ; 0       ;
;      - Add10~1      ; 0                 ; 0       ;
;      - Add15~0      ; 0                 ; 0       ;
;      - Add15~1      ; 0                 ; 0       ;
;      - Add15~2      ; 0                 ; 0       ;
;      - Add15~3      ; 0                 ; 0       ;
;      - Mux14~5      ; 0                 ; 0       ;
;      - Mux15~0      ; 0                 ; 0       ;
;      - Mux14~15     ; 0                 ; 0       ;
;      - Mux14~16     ; 0                 ; 0       ;
;      - Add71~0      ; 0                 ; 0       ;
;      - contar~3     ; 0                 ; 0       ;
;      - Add65~0      ; 0                 ; 0       ;
;      - Add60~0      ; 0                 ; 0       ;
;      - count~2      ; 0                 ; 0       ;
;      - count~5      ; 0                 ; 0       ;
;      - Add48~0      ; 0                 ; 0       ;
;      - Add50~0      ; 0                 ; 0       ;
;      - Add50~1      ; 0                 ; 0       ;
;      - Add50~2      ; 0                 ; 0       ;
;      - Add56~0      ; 0                 ; 0       ;
;      - Add56~1      ; 0                 ; 0       ;
;      - Add56~2      ; 0                 ; 0       ;
;      - Add56~3      ; 0                 ; 0       ;
;      - Add62~0      ; 0                 ; 0       ;
;      - Add62~1      ; 0                 ; 0       ;
;      - Add62~2      ; 0                 ; 0       ;
;      - Add3~0       ; 0                 ; 0       ;
;      - Add29~0      ; 0                 ; 0       ;
;      - Add29~1      ; 0                 ; 0       ;
;      - Add29~2      ; 0                 ; 0       ;
;      - Add74~0      ; 0                 ; 0       ;
;      - Add56~4      ; 0                 ; 0       ;
;      - Add3~1       ; 0                 ; 0       ;
;      - Add3~2       ; 0                 ; 0       ;
; reg_jugada[1]       ;                   ;         ;
;      - Add69~13     ; 0                 ; 0       ;
;      - Add69~5      ; 0                 ; 0       ;
;      - Add69~25     ; 0                 ; 0       ;
;      - Add69~21     ; 0                 ; 0       ;
;      - Add69~17     ; 0                 ; 0       ;
;      - Add1~1       ; 0                 ; 0       ;
;      - Add47~13     ; 0                 ; 0       ;
;      - Add47~5      ; 0                 ; 0       ;
;      - Add47~1      ; 0                 ; 0       ;
;      - Add52~13     ; 0                 ; 0       ;
;      - Add52~5      ; 0                 ; 0       ;
;      - Add52~1      ; 0                 ; 0       ;
;      - Add58~13     ; 0                 ; 0       ;
;      - Add58~1      ; 0                 ; 0       ;
;      - Add64~21     ; 0                 ; 0       ;
;      - Add64~5      ; 0                 ; 0       ;
;      - Add64~13     ; 0                 ; 0       ;
;      - Add64~9      ; 0                 ; 0       ;
;      - Add64~17     ; 0                 ; 0       ;
;      - Add75~13     ; 0                 ; 0       ;
;      - Add75~5      ; 0                 ; 0       ;
;      - Add75~1      ; 0                 ; 0       ;
;      - Add75~25     ; 0                 ; 0       ;
;      - Add75~21     ; 0                 ; 0       ;
;      - Add75~17     ; 0                 ; 0       ;
;      - Add28~21     ; 0                 ; 0       ;
;      - Add28~5      ; 0                 ; 0       ;
;      - Add31~1      ; 0                 ; 0       ;
;      - Add31~5      ; 0                 ; 0       ;
;      - Add31~13     ; 0                 ; 0       ;
;      - Add35~13     ; 0                 ; 0       ;
;      - Add35~5      ; 0                 ; 0       ;
;      - Add35~1      ; 0                 ; 0       ;
;      - Add37~13     ; 0                 ; 0       ;
;      - Add37~5      ; 0                 ; 0       ;
;      - Add37~1      ; 0                 ; 0       ;
;      - Add37~25     ; 0                 ; 0       ;
;      - Add37~21     ; 0                 ; 0       ;
;      - Add37~17     ; 0                 ; 0       ;
;      - Add38~13     ; 0                 ; 0       ;
;      - Add38~5      ; 0                 ; 0       ;
;      - Add38~1      ; 0                 ; 0       ;
;      - Add38~25     ; 0                 ; 0       ;
;      - Add38~21     ; 0                 ; 0       ;
;      - Add38~17     ; 0                 ; 0       ;
;      - Add40~13     ; 0                 ; 0       ;
;      - Add40~1      ; 0                 ; 0       ;
;      - Add40~25     ; 0                 ; 0       ;
;      - Add18~13     ; 0                 ; 0       ;
;      - Add16~25     ; 0                 ; 0       ;
;      - Add20~21     ; 0                 ; 0       ;
;      - Add23~13     ; 0                 ; 0       ;
;      - Add21~21     ; 0                 ; 0       ;
;      - Add4~25      ; 0                 ; 0       ;
;      - Add7~25      ; 0                 ; 0       ;
;      - Add5~13      ; 0                 ; 0       ;
;      - Add5~5       ; 0                 ; 0       ;
;      - Add5~1       ; 0                 ; 0       ;
;      - Add9~13      ; 0                 ; 0       ;
;      - Add9~25      ; 0                 ; 0       ;
;      - Add9~21      ; 0                 ; 0       ;
;      - Add12~13     ; 0                 ; 0       ;
;      - Add12~25     ; 0                 ; 0       ;
;      - Add12~21     ; 0                 ; 0       ;
;      - Add10~13     ; 0                 ; 0       ;
;      - Add10~5      ; 0                 ; 0       ;
;      - Add10~1      ; 0                 ; 0       ;
;      - Add10~25     ; 0                 ; 0       ;
;      - Add10~21     ; 0                 ; 0       ;
;      - Add10~17     ; 0                 ; 0       ;
;      - Add15~0      ; 0                 ; 0       ;
;      - Add15~1      ; 0                 ; 0       ;
;      - Add15~2      ; 0                 ; 0       ;
;      - Add15~3      ; 0                 ; 0       ;
;      - Add44~0      ; 0                 ; 0       ;
;      - Add66~0      ; 0                 ; 0       ;
;      - Add61~0      ; 0                 ; 0       ;
;      - LessThan28~0 ; 0                 ; 0       ;
;      - count~10     ; 0                 ; 0       ;
; reg_jugada[0]       ;                   ;         ;
;      - Add69~9      ; 0                 ; 0       ;
;      - Add1~13      ; 0                 ; 0       ;
;      - Add47~9      ; 0                 ; 0       ;
;      - Add47~13     ; 0                 ; 0       ;
;      - Add47~5      ; 0                 ; 0       ;
;      - Add47~1      ; 0                 ; 0       ;
;      - Add52~9      ; 0                 ; 0       ;
;      - Add58~9      ; 0                 ; 0       ;
;      - Add58~13     ; 0                 ; 0       ;
;      - Add58~1      ; 0                 ; 0       ;
;      - Add64~25     ; 0                 ; 0       ;
;      - Add64~21     ; 0                 ; 0       ;
;      - Add64~5      ; 0                 ; 0       ;
;      - Add64~13     ; 0                 ; 0       ;
;      - Add64~9      ; 0                 ; 0       ;
;      - Add64~17     ; 0                 ; 0       ;
;      - Add75~9      ; 0                 ; 0       ;
;      - Add75~13     ; 0                 ; 0       ;
;      - Add75~5      ; 0                 ; 0       ;
;      - Add75~1      ; 0                 ; 0       ;
;      - Add75~25     ; 0                 ; 0       ;
;      - Add75~21     ; 0                 ; 0       ;
;      - Add75~17     ; 0                 ; 0       ;
;      - Add28~25     ; 0                 ; 0       ;
;      - Add28~21     ; 0                 ; 0       ;
;      - Add28~5      ; 0                 ; 0       ;
;      - Add31~9      ; 0                 ; 0       ;
;      - Add35~9      ; 0                 ; 0       ;
;      - Add35~13     ; 0                 ; 0       ;
;      - Add35~5      ; 0                 ; 0       ;
;      - Add35~1      ; 0                 ; 0       ;
;      - Add37~9      ; 0                 ; 0       ;
;      - Add37~13     ; 0                 ; 0       ;
;      - Add37~5      ; 0                 ; 0       ;
;      - Add37~1      ; 0                 ; 0       ;
;      - Add37~25     ; 0                 ; 0       ;
;      - Add37~21     ; 0                 ; 0       ;
;      - Add37~17     ; 0                 ; 0       ;
;      - Add38~9      ; 0                 ; 0       ;
;      - Add40~9      ; 0                 ; 0       ;
;      - Add40~13     ; 0                 ; 0       ;
;      - Add40~1      ; 0                 ; 0       ;
;      - Add40~25     ; 0                 ; 0       ;
;      - Add18~9      ; 0                 ; 0       ;
;      - Add16~21     ; 0                 ; 0       ;
;      - Add20~25     ; 0                 ; 0       ;
;      - Add23~9      ; 0                 ; 0       ;
;      - Add21~25     ; 0                 ; 0       ;
;      - Add4~21      ; 0                 ; 0       ;
;      - Add4~25      ; 0                 ; 0       ;
;      - Add7~21      ; 0                 ; 0       ;
;      - Add7~25      ; 0                 ; 0       ;
;      - Add5~9       ; 0                 ; 0       ;
;      - Add9~9       ; 0                 ; 0       ;
;      - Add9~13      ; 0                 ; 0       ;
;      - Add9~25      ; 0                 ; 0       ;
;      - Add9~21      ; 0                 ; 0       ;
;      - Add12~9      ; 0                 ; 0       ;
;      - Add12~13     ; 0                 ; 0       ;
;      - Add12~25     ; 0                 ; 0       ;
;      - Add12~21     ; 0                 ; 0       ;
;      - Add10~9      ; 0                 ; 0       ;
;      - Add15~0      ; 0                 ; 0       ;
;      - Add15~1      ; 0                 ; 0       ;
;      - Add15~2      ; 0                 ; 0       ;
;      - Add15~3      ; 0                 ; 0       ;
;      - Add44~0      ; 0                 ; 0       ;
;      - Add61~0      ; 0                 ; 0       ;
;      - count~10     ; 0                 ; 0       ;
; reg_jugada[5]       ;                   ;         ;
;      - Add69~5      ; 0                 ; 0       ;
;      - Add69~1      ; 0                 ; 0       ;
;      - Add69~25     ; 0                 ; 0       ;
;      - Add69~21     ; 0                 ; 0       ;
;      - Add1~5       ; 0                 ; 0       ;
;      - Add1~9       ; 0                 ; 0       ;
;      - Add1~17      ; 0                 ; 0       ;
;      - Add1~21      ; 0                 ; 0       ;
;      - Add47~5      ; 0                 ; 0       ;
;      - Add47~21     ; 0                 ; 0       ;
;      - Add52~5      ; 0                 ; 0       ;
;      - Add52~21     ; 0                 ; 0       ;
;      - Add52~17     ; 0                 ; 0       ;
;      - Add58~5      ; 0                 ; 0       ;
;      - Add58~21     ; 0                 ; 0       ;
;      - Add58~17     ; 0                 ; 0       ;
;      - Add64~1      ; 0                 ; 0       ;
;      - Add75~5      ; 0                 ; 0       ;
;      - Add75~1      ; 0                 ; 0       ;
;      - Add28~1      ; 0                 ; 0       ;
;      - Add31~5      ; 0                 ; 0       ;
;      - Add35~5      ; 0                 ; 0       ;
;      - Add35~1      ; 0                 ; 0       ;
;      - Add37~5      ; 0                 ; 0       ;
;      - Add37~21     ; 0                 ; 0       ;
;      - Add38~5      ; 0                 ; 0       ;
;      - Add38~21     ; 0                 ; 0       ;
;      - Add38~17     ; 0                 ; 0       ;
;      - Add40~5      ; 0                 ; 0       ;
;      - Add40~21     ; 0                 ; 0       ;
;      - Add40~17     ; 0                 ; 0       ;
;      - Add18~5      ; 0                 ; 0       ;
;      - Add18~21     ; 0                 ; 0       ;
;      - Add18~17     ; 0                 ; 0       ;
;      - Add16~5      ; 0                 ; 0       ;
;      - Add16~13     ; 0                 ; 0       ;
;      - Add16~9      ; 0                 ; 0       ;
;      - Add20~1      ; 0                 ; 0       ;
;      - Add23~5      ; 0                 ; 0       ;
;      - Add23~1      ; 0                 ; 0       ;
;      - Add21~1      ; 0                 ; 0       ;
;      - Add4~5       ; 0                 ; 0       ;
;      - Add4~1       ; 0                 ; 0       ;
;      - Add4~9       ; 0                 ; 0       ;
;      - Add7~5       ; 0                 ; 0       ;
;      - Add7~1       ; 0                 ; 0       ;
;      - Add7~9       ; 0                 ; 0       ;
;      - Add5~5       ; 0                 ; 0       ;
;      - Add5~1       ; 0                 ; 0       ;
;      - Add5~17      ; 0                 ; 0       ;
;      - Add9~5       ; 0                 ; 0       ;
;      - Add9~1       ; 0                 ; 0       ;
;      - Add9~17      ; 0                 ; 0       ;
;      - Add12~5      ; 0                 ; 0       ;
;      - Add12~1      ; 0                 ; 0       ;
;      - Add12~17     ; 0                 ; 0       ;
;      - Add10~5      ; 0                 ; 0       ;
;      - Add10~1      ; 0                 ; 0       ;
;      - Add10~17     ; 0                 ; 0       ;
;      - Add15~1      ; 0                 ; 0       ;
;      - Add15~2      ; 0                 ; 0       ;
;      - Mux14~5      ; 0                 ; 0       ;
;      - Mux15~0      ; 0                 ; 0       ;
;      - Mux14~15     ; 0                 ; 0       ;
;      - Mux14~16     ; 0                 ; 0       ;
;      - contar~0     ; 0                 ; 0       ;
;      - Add71~0      ; 0                 ; 0       ;
;      - contar~3     ; 0                 ; 0       ;
;      - Add65~0      ; 0                 ; 0       ;
;      - LessThan26~0 ; 0                 ; 0       ;
;      - contar~7     ; 0                 ; 0       ;
;      - count~2      ; 0                 ; 0       ;
;      - count~5      ; 0                 ; 0       ;
;      - contar~17    ; 0                 ; 0       ;
;      - Add48~0      ; 0                 ; 0       ;
;      - Add50~0      ; 0                 ; 0       ;
;      - Add50~1      ; 0                 ; 0       ;
;      - Add50~2      ; 0                 ; 0       ;
;      - Add56~0      ; 0                 ; 0       ;
;      - Add56~1      ; 0                 ; 0       ;
;      - Add56~2      ; 0                 ; 0       ;
;      - Add56~3      ; 0                 ; 0       ;
;      - Add62~0      ; 0                 ; 0       ;
;      - Add62~1      ; 0                 ; 0       ;
;      - Add62~2      ; 0                 ; 0       ;
;      - Add3~0       ; 0                 ; 0       ;
;      - Add29~0      ; 0                 ; 0       ;
;      - Add29~1      ; 0                 ; 0       ;
;      - Add29~2      ; 0                 ; 0       ;
;      - Add74~0      ; 0                 ; 0       ;
;      - Add56~4      ; 0                 ; 0       ;
;      - Add3~1       ; 0                 ; 0       ;
;      - Add3~2       ; 0                 ; 0       ;
; reg_jugada[2]       ;                   ;         ;
;      - Add69~5      ; 1                 ; 0       ;
;      - Add69~25     ; 1                 ; 0       ;
;      - Add69~21     ; 1                 ; 0       ;
;      - Add69~17     ; 1                 ; 0       ;
;      - Add1~5       ; 1                 ; 0       ;
;      - Add47~5      ; 1                 ; 0       ;
;      - Add47~1      ; 1                 ; 0       ;
;      - Add52~5      ; 1                 ; 0       ;
;      - Add52~1      ; 1                 ; 0       ;
;      - Add58~5      ; 1                 ; 0       ;
;      - Add58~1      ; 1                 ; 0       ;
;      - Add64~1      ; 1                 ; 0       ;
;      - Add64~5      ; 1                 ; 0       ;
;      - Add64~13     ; 1                 ; 0       ;
;      - Add64~9      ; 1                 ; 0       ;
;      - Add64~17     ; 1                 ; 0       ;
;      - Add75~5      ; 1                 ; 0       ;
;      - Add75~1      ; 1                 ; 0       ;
;      - Add75~25     ; 1                 ; 0       ;
;      - Add75~21     ; 1                 ; 0       ;
;      - Add75~17     ; 1                 ; 0       ;
;      - Add28~1      ; 1                 ; 0       ;
;      - Add28~5      ; 1                 ; 0       ;
;      - Add31~5      ; 1                 ; 0       ;
;      - Add31~13     ; 1                 ; 0       ;
;      - Add35~5      ; 1                 ; 0       ;
;      - Add35~1      ; 1                 ; 0       ;
;      - Add37~5      ; 1                 ; 0       ;
;      - Add37~1      ; 1                 ; 0       ;
;      - Add37~25     ; 1                 ; 0       ;
;      - Add37~21     ; 1                 ; 0       ;
;      - Add37~17     ; 1                 ; 0       ;
;      - Add38~5      ; 1                 ; 0       ;
;      - Add38~1      ; 1                 ; 0       ;
;      - Add38~25     ; 1                 ; 0       ;
;      - Add38~21     ; 1                 ; 0       ;
;      - Add38~17     ; 1                 ; 0       ;
;      - Add40~5      ; 1                 ; 0       ;
;      - Add40~1      ; 1                 ; 0       ;
;      - Add40~25     ; 1                 ; 0       ;
;      - Add40~21     ; 1                 ; 0       ;
;      - Add40~17     ; 1                 ; 0       ;
;      - Add18~5      ; 1                 ; 0       ;
;      - Add16~5      ; 1                 ; 0       ;
;      - Add20~1      ; 1                 ; 0       ;
;      - Add23~5      ; 1                 ; 0       ;
;      - Add21~1      ; 1                 ; 0       ;
;      - Add4~5       ; 1                 ; 0       ;
;      - Add4~1       ; 1                 ; 0       ;
;      - Add7~5       ; 1                 ; 0       ;
;      - Add7~1       ; 1                 ; 0       ;
;      - Add5~5       ; 1                 ; 0       ;
;      - Add5~1       ; 1                 ; 0       ;
;      - Add9~5       ; 1                 ; 0       ;
;      - Add9~1       ; 1                 ; 0       ;
;      - Add9~25      ; 1                 ; 0       ;
;      - Add9~21      ; 1                 ; 0       ;
;      - Add9~17      ; 1                 ; 0       ;
;      - Add12~5      ; 1                 ; 0       ;
;      - Add12~1      ; 1                 ; 0       ;
;      - Add12~25     ; 1                 ; 0       ;
;      - Add12~21     ; 1                 ; 0       ;
;      - Add12~17     ; 1                 ; 0       ;
;      - Add10~5      ; 1                 ; 0       ;
;      - Add10~1      ; 1                 ; 0       ;
;      - Add10~25     ; 1                 ; 0       ;
;      - Add10~21     ; 1                 ; 0       ;
;      - Add10~17     ; 1                 ; 0       ;
;      - Add15~1      ; 1                 ; 0       ;
;      - Add15~2      ; 1                 ; 0       ;
;      - Mux14~5      ; 1                 ; 0       ;
;      - Mux15~0      ; 1                 ; 0       ;
;      - Mux14~15     ; 1                 ; 0       ;
;      - Mux14~16     ; 1                 ; 0       ;
;      - LessThan10~0 ; 1                 ; 0       ;
;      - Add66~0      ; 1                 ; 0       ;
;      - Add61~1      ; 1                 ; 0       ;
;      - contar~9     ; 1                 ; 0       ;
;      - LessThan28~0 ; 1                 ; 0       ;
;      - contar~11    ; 1                 ; 0       ;
;      - contar~13    ; 1                 ; 0       ;
;      - contar~15    ; 1                 ; 0       ;
;      - contar~17    ; 1                 ; 0       ;
;      - contar~19    ; 1                 ; 0       ;
;      - contar~21    ; 1                 ; 0       ;
;      - contar~24    ; 1                 ; 0       ;
;      - count~10     ; 1                 ; 0       ;
+---------------------+-------------------+---------+


+-------------------------------------------------------------------------+
; Routing Usage Summary                                                   ;
+---------------------------------------------+---------------------------+
; Routing Resource Type                       ; Usage                     ;
+---------------------------------------------+---------------------------+
; Block interconnects                         ; 2,334 / 289,320 ( < 1 % ) ;
; C12 interconnects                           ; 75 / 13,420 ( < 1 % )     ;
; C2 interconnects                            ; 569 / 119,108 ( < 1 % )   ;
; C4 interconnects                            ; 323 / 56,300 ( < 1 % )    ;
; DQS bus muxes                               ; 0 / 25 ( 0 % )            ;
; DQS-18 I/O buses                            ; 0 / 25 ( 0 % )            ;
; DQS-9 I/O buses                             ; 0 / 25 ( 0 % )            ;
; Direct links                                ; 119 / 289,320 ( < 1 % )   ;
; Global clocks                               ; 0 / 16 ( 0 % )            ;
; HPS SDRAM PLL inputs                        ; 0 / 1 ( 0 % )             ;
; HPS SDRAM PLL outputs                       ; 0 / 1 ( 0 % )             ;
; HPS_INTERFACE_BOOT_FROM_FPGA_INPUTs         ; 0 / 9 ( 0 % )             ;
; HPS_INTERFACE_CLOCKS_RESETS_INPUTs          ; 0 / 7 ( 0 % )             ;
; HPS_INTERFACE_CLOCKS_RESETS_OUTPUTs         ; 0 / 6 ( 0 % )             ;
; HPS_INTERFACE_CROSS_TRIGGER_INPUTs          ; 0 / 18 ( 0 % )            ;
; HPS_INTERFACE_CROSS_TRIGGER_OUTPUTs         ; 0 / 24 ( 0 % )            ;
; HPS_INTERFACE_DBG_APB_INPUTs                ; 0 / 37 ( 0 % )            ;
; HPS_INTERFACE_DBG_APB_OUTPUTs               ; 0 / 55 ( 0 % )            ;
; HPS_INTERFACE_DMA_INPUTs                    ; 0 / 16 ( 0 % )            ;
; HPS_INTERFACE_DMA_OUTPUTs                   ; 0 / 8 ( 0 % )             ;
; HPS_INTERFACE_FPGA2HPS_INPUTs               ; 0 / 287 ( 0 % )           ;
; HPS_INTERFACE_FPGA2HPS_OUTPUTs              ; 0 / 154 ( 0 % )           ;
; HPS_INTERFACE_FPGA2SDRAM_INPUTs             ; 0 / 852 ( 0 % )           ;
; HPS_INTERFACE_FPGA2SDRAM_OUTPUTs            ; 0 / 408 ( 0 % )           ;
; HPS_INTERFACE_HPS2FPGA_INPUTs               ; 0 / 165 ( 0 % )           ;
; HPS_INTERFACE_HPS2FPGA_LIGHT_WEIGHT_INPUTs  ; 0 / 67 ( 0 % )            ;
; HPS_INTERFACE_HPS2FPGA_LIGHT_WEIGHT_OUTPUTs ; 0 / 156 ( 0 % )           ;
; HPS_INTERFACE_HPS2FPGA_OUTPUTs              ; 0 / 282 ( 0 % )           ;
; HPS_INTERFACE_INTERRUPTS_INPUTs             ; 0 / 64 ( 0 % )            ;
; HPS_INTERFACE_INTERRUPTS_OUTPUTs            ; 0 / 42 ( 0 % )            ;
; HPS_INTERFACE_JTAG_OUTPUTs                  ; 0 / 5 ( 0 % )             ;
; HPS_INTERFACE_LOAN_IO_INPUTs                ; 0 / 142 ( 0 % )           ;
; HPS_INTERFACE_LOAN_IO_OUTPUTs               ; 0 / 85 ( 0 % )            ;
; HPS_INTERFACE_MPU_EVENT_STANDBY_INPUTs      ; 0 / 1 ( 0 % )             ;
; HPS_INTERFACE_MPU_EVENT_STANDBY_OUTPUTs     ; 0 / 5 ( 0 % )             ;
; HPS_INTERFACE_MPU_GENERAL_PURPOSE_INPUTs    ; 0 / 32 ( 0 % )            ;
; HPS_INTERFACE_MPU_GENERAL_PURPOSE_OUTPUTs   ; 0 / 32 ( 0 % )            ;
; HPS_INTERFACE_PERIPHERAL_CAN_INPUTs         ; 0 / 2 ( 0 % )             ;
; HPS_INTERFACE_PERIPHERAL_CAN_OUTPUTs        ; 0 / 2 ( 0 % )             ;
; HPS_INTERFACE_PERIPHERAL_EMAC_INPUTs        ; 0 / 32 ( 0 % )            ;
; HPS_INTERFACE_PERIPHERAL_EMAC_OUTPUTs       ; 0 / 34 ( 0 % )            ;
; HPS_INTERFACE_PERIPHERAL_I2C_INPUTs         ; 0 / 8 ( 0 % )             ;
; HPS_INTERFACE_PERIPHERAL_I2C_OUTPUTs        ; 0 / 8 ( 0 % )             ;
; HPS_INTERFACE_PERIPHERAL_NAND_INPUTs        ; 0 / 12 ( 0 % )            ;
; HPS_INTERFACE_PERIPHERAL_NAND_OUTPUTs       ; 0 / 18 ( 0 % )            ;
; HPS_INTERFACE_PERIPHERAL_QSPI_INPUTs        ; 0 / 4 ( 0 % )             ;
; HPS_INTERFACE_PERIPHERAL_QSPI_OUTPUTs       ; 0 / 13 ( 0 % )            ;
; HPS_INTERFACE_PERIPHERAL_SDMMC_INPUTs       ; 0 / 13 ( 0 % )            ;
; HPS_INTERFACE_PERIPHERAL_SDMMC_OUTPUTs      ; 0 / 22 ( 0 % )            ;
; HPS_INTERFACE_PERIPHERAL_SPI_MASTER_INPUTs  ; 0 / 4 ( 0 % )             ;
; HPS_INTERFACE_PERIPHERAL_SPI_MASTER_OUTPUTs ; 0 / 14 ( 0 % )            ;
; HPS_INTERFACE_PERIPHERAL_SPI_SLAVE_INPUTs   ; 0 / 6 ( 0 % )             ;
; HPS_INTERFACE_PERIPHERAL_SPI_SLAVE_OUTPUTs  ; 0 / 4 ( 0 % )             ;
; HPS_INTERFACE_PERIPHERAL_UART_INPUTs        ; 0 / 10 ( 0 % )            ;
; HPS_INTERFACE_PERIPHERAL_UART_OUTPUTs       ; 0 / 10 ( 0 % )            ;
; HPS_INTERFACE_PERIPHERAL_USB_INPUTs         ; 0 / 22 ( 0 % )            ;
; HPS_INTERFACE_PERIPHERAL_USB_OUTPUTs        ; 0 / 34 ( 0 % )            ;
; HPS_INTERFACE_STM_EVENT_INPUTs              ; 0 / 28 ( 0 % )            ;
; HPS_INTERFACE_TEST_INPUTs                   ; 0 / 610 ( 0 % )           ;
; HPS_INTERFACE_TEST_OUTPUTs                  ; 0 / 513 ( 0 % )           ;
; HPS_INTERFACE_TPIU_TRACE_INPUTs             ; 0 / 2 ( 0 % )             ;
; HPS_INTERFACE_TPIU_TRACE_OUTPUTs            ; 0 / 33 ( 0 % )            ;
; Horizontal periphery clocks                 ; 0 / 72 ( 0 % )            ;
; Local interconnects                         ; 542 / 84,580 ( < 1 % )    ;
; Quadrant clocks                             ; 0 / 66 ( 0 % )            ;
; R14 interconnects                           ; 61 / 12,676 ( < 1 % )     ;
; R14/C12 interconnect drivers                ; 61 / 20,720 ( < 1 % )     ;
; R3 interconnects                            ; 802 / 130,992 ( < 1 % )   ;
; R6 interconnects                            ; 1,542 / 266,960 ( < 1 % ) ;
; Spine clocks                                ; 0 / 360 ( 0 % )           ;
; Wire stub REs                               ; 0 / 15,858 ( 0 % )        ;
+---------------------------------------------+---------------------------+


+------------------------------------------+
; I/O Rules Summary                        ;
+----------------------------------+-------+
; I/O Rules Statistic              ; Total ;
+----------------------------------+-------+
; Total I/O Rules                  ; 28    ;
; Number of I/O Rules Passed       ; 6     ;
; Number of I/O Rules Failed       ; 0     ;
; Number of I/O Rules Unchecked    ; 0     ;
; Number of I/O Rules Inapplicable ; 22    ;
+----------------------------------+-------+


+-----------------------------------------------------------------------------------------------------------------------------------------------------------------------------------------------------------------------------------------------------------------------------------+
; I/O Rules Details                                                                                                                                                                                                                                                                 ;
+--------------+-----------+-----------------------------------+------------------------------------------------------------------------------------+----------+--------------------------------------------------------------------------+---------------------+-------------------+
; Status       ; ID        ; Category                          ; Rule Description                                                                   ; Severity ; Information                                                              ; Area                ; Extra Information ;
+--------------+-----------+-----------------------------------+------------------------------------------------------------------------------------+----------+--------------------------------------------------------------------------+---------------------+-------------------+
; Inapplicable ; IO_000001 ; Capacity Checks                   ; Number of pins in an I/O bank should not exceed the number of locations available. ; Critical ; No Location assignments found.                                           ; I/O                 ;                   ;
; Inapplicable ; IO_000002 ; Capacity Checks                   ; Number of clocks in an I/O bank should not exceed the number of clocks available.  ; Critical ; No Global Signal assignments found.                                      ; I/O                 ;                   ;
; Inapplicable ; IO_000003 ; Capacity Checks                   ; Number of pins in a Vrefgroup should not exceed the number of locations available. ; Critical ; No Location assignments found.                                           ; I/O                 ;                   ;
; Inapplicable ; IO_000004 ; Voltage Compatibility Checks      ; The I/O bank should support the requested VCCIO.                                   ; Critical ; No IOBANK_VCCIO assignments found.                                       ; I/O                 ;                   ;
; Inapplicable ; IO_000005 ; Voltage Compatibility Checks      ; The I/O bank should not have competing VREF values.                                ; Critical ; No VREF I/O Standard assignments found.                                  ; I/O                 ;                   ;
; Pass         ; IO_000006 ; Voltage Compatibility Checks      ; The I/O bank should not have competing VCCIO values.                               ; Critical ; 0 such failures found.                                                   ; I/O                 ;                   ;
; Inapplicable ; IO_000007 ; Valid Location Checks             ; Checks for unavailable locations.                                                  ; Critical ; No Location assignments found.                                           ; I/O                 ;                   ;
; Inapplicable ; IO_000008 ; Valid Location Checks             ; Checks for reserved locations.                                                     ; Critical ; No reserved LogicLock region found.                                      ; I/O                 ;                   ;
; Pass         ; IO_000009 ; I/O Properties Checks for One I/O ; The location should support the requested I/O standard.                            ; Critical ; 0 such failures found.                                                   ; I/O                 ;                   ;
; Pass         ; IO_000010 ; I/O Properties Checks for One I/O ; The location should support the requested I/O direction.                           ; Critical ; 0 such failures found.                                                   ; I/O                 ;                   ;
; Inapplicable ; IO_000011 ; I/O Properties Checks for One I/O ; The location should support the requested Current Strength.                        ; Critical ; No Current Strength assignments found.                                   ; I/O                 ;                   ;
; Pass         ; IO_000012 ; I/O Properties Checks for One I/O ; The location should support the requested On Chip Termination value.               ; Critical ; 0 such failures found.                                                   ; I/O                 ;                   ;
; Inapplicable ; IO_000013 ; I/O Properties Checks for One I/O ; The location should support the requested Bus Hold value.                          ; Critical ; No Enable Bus-Hold Circuitry assignments found.                          ; I/O                 ;                   ;
; Inapplicable ; IO_000014 ; I/O Properties Checks for One I/O ; The location should support the requested Weak Pull Up value.                      ; Critical ; No Weak Pull-Up Resistor assignments found.                              ; I/O                 ;                   ;
; Inapplicable ; IO_000015 ; I/O Properties Checks for One I/O ; The location should support the requested PCI Clamp Diode.                         ; Critical ; No Clamping Diode assignments found.                                     ; I/O                 ;                   ;
; Inapplicable ; IO_000018 ; I/O Properties Checks for One I/O ; The I/O standard should support the requested Current Strength.                    ; Critical ; No Current Strength assignments found.                                   ; I/O                 ;                   ;
; Pass         ; IO_000019 ; I/O Properties Checks for One I/O ; The I/O standard should support the requested On Chip Termination value.           ; Critical ; 0 such failures found.                                                   ; I/O                 ;                   ;
; Inapplicable ; IO_000020 ; I/O Properties Checks for One I/O ; The I/O standard should support the requested PCI Clamp Diode.                     ; Critical ; No Clamping Diode assignments found.                                     ; I/O                 ;                   ;
; Inapplicable ; IO_000021 ; I/O Properties Checks for One I/O ; The I/O standard should support the requested Weak Pull Up value.                  ; Critical ; No Weak Pull-Up Resistor assignments found.                              ; I/O                 ;                   ;
; Inapplicable ; IO_000022 ; I/O Properties Checks for One I/O ; The I/O standard should support the requested Bus Hold value.                      ; Critical ; No Enable Bus-Hold Circuitry assignments found.                          ; I/O                 ;                   ;
; Inapplicable ; IO_000023 ; I/O Properties Checks for One I/O ; The I/O standard should support the Open Drain value.                              ; Critical ; No open drain assignments found.                                         ; I/O                 ;                   ;
; Pass         ; IO_000024 ; I/O Properties Checks for One I/O ; The I/O direction should support the On Chip Termination value.                    ; Critical ; 0 such failures found.                                                   ; I/O                 ;                   ;
; Inapplicable ; IO_000026 ; I/O Properties Checks for One I/O ; On Chip Termination and Current Strength should not be used at the same time.      ; Critical ; No Current Strength assignments found.                                   ; I/O                 ;                   ;
; Inapplicable ; IO_000027 ; I/O Properties Checks for One I/O ; Weak Pull Up and Bus Hold should not be used at the same time.                     ; Critical ; No Enable Bus-Hold Circuitry or Weak Pull-Up Resistor assignments found. ; I/O                 ;                   ;
; Inapplicable ; IO_000045 ; I/O Properties Checks for One I/O ; The I/O standard should support the requested Slew Rate value.                     ; Critical ; No Slew Rate assignments found.                                          ; I/O                 ;                   ;
; Inapplicable ; IO_000046 ; I/O Properties Checks for One I/O ; The location should support the requested Slew Rate value.                         ; Critical ; No Slew Rate assignments found.                                          ; I/O                 ;                   ;
; Inapplicable ; IO_000047 ; I/O Properties Checks for One I/O ; On Chip Termination and Slew Rate should not be used at the same time.             ; Critical ; No Slew Rate assignments found.                                          ; I/O                 ;                   ;
; Inapplicable ; IO_000034 ; SI Related Distance Checks        ; Single-ended outputs should be 0 LAB row(s) away from a differential I/O.          ; High     ; No Differential I/O Standard assignments found.                          ; I/O                 ;                   ;
; ----         ; ----      ; Disclaimer                        ; OCT rules are checked but not reported.                                            ; None     ; ----                                                                     ; On Chip Termination ;                   ;
+--------------+-----------+-----------------------------------+------------------------------------------------------------------------------------+----------+--------------------------------------------------------------------------+---------------------+-------------------+


+-----------------------------------------------------------------------------------------------------------------------------------------------------------------------------------------------------------------------------------------------------------------------------------------------------------------------------------------------------------------------------------------------------------------------------------------------+
; I/O Rules Matrix                                                                                                                                                                                                                                                                                                                                                                                                                              ;
+--------------------+--------------+--------------+--------------+--------------+--------------+-----------+--------------+--------------+-----------+-----------+--------------+--------------+--------------+--------------+--------------+--------------+--------------+--------------+--------------+--------------+--------------+--------------+--------------+--------------+--------------+--------------+--------------+--------------+
; Pin/Rules          ; IO_000001    ; IO_000002    ; IO_000003    ; IO_000004    ; IO_000005    ; IO_000006 ; IO_000007    ; IO_000008    ; IO_000009 ; IO_000010 ; IO_000011    ; IO_000012    ; IO_000013    ; IO_000014    ; IO_000015    ; IO_000018    ; IO_000019    ; IO_000020    ; IO_000021    ; IO_000022    ; IO_000023    ; IO_000024    ; IO_000026    ; IO_000027    ; IO_000045    ; IO_000046    ; IO_000047    ; IO_000034    ;
+--------------------+--------------+--------------+--------------+--------------+--------------+-----------+--------------+--------------+-----------+-----------+--------------+--------------+--------------+--------------+--------------+--------------+--------------+--------------+--------------+--------------+--------------+--------------+--------------+--------------+--------------+--------------+--------------+--------------+
; Total Pass         ; 0            ; 0            ; 0            ; 0            ; 0            ; 91        ; 0            ; 0            ; 91        ; 91        ; 0            ; 1            ; 0            ; 0            ; 0            ; 0            ; 1            ; 0            ; 0            ; 0            ; 0            ; 1            ; 0            ; 0            ; 0            ; 0            ; 0            ; 0            ;
; Total Unchecked    ; 0            ; 0            ; 0            ; 0            ; 0            ; 0         ; 0            ; 0            ; 0         ; 0         ; 0            ; 0            ; 0            ; 0            ; 0            ; 0            ; 0            ; 0            ; 0            ; 0            ; 0            ; 0            ; 0            ; 0            ; 0            ; 0            ; 0            ; 0            ;
; Total Inapplicable ; 91           ; 91           ; 91           ; 91           ; 91           ; 0         ; 91           ; 91           ; 0         ; 0         ; 91           ; 90           ; 91           ; 91           ; 91           ; 91           ; 90           ; 91           ; 91           ; 91           ; 91           ; 90           ; 91           ; 91           ; 91           ; 91           ; 91           ; 91           ;
; Total Fail         ; 0            ; 0            ; 0            ; 0            ; 0            ; 0         ; 0            ; 0            ; 0         ; 0         ; 0            ; 0            ; 0            ; 0            ; 0            ; 0            ; 0            ; 0            ; 0            ; 0            ; 0            ; 0            ; 0            ; 0            ; 0            ; 0            ; 0            ; 0            ;
; S                  ; Inapplicable ; Inapplicable ; Inapplicable ; Inapplicable ; Inapplicable ; Pass      ; Inapplicable ; Inapplicable ; Pass      ; Pass      ; Inapplicable ; Pass         ; Inapplicable ; Inapplicable ; Inapplicable ; Inapplicable ; Pass         ; Inapplicable ; Inapplicable ; Inapplicable ; Inapplicable ; Pass         ; Inapplicable ; Inapplicable ; Inapplicable ; Inapplicable ; Inapplicable ; Inapplicable ;
; reg_game_M[0]      ; Inapplicable ; Inapplicable ; Inapplicable ; Inapplicable ; Inapplicable ; Pass      ; Inapplicable ; Inapplicable ; Pass      ; Pass      ; Inapplicable ; Inapplicable ; Inapplicable ; Inapplicable ; Inapplicable ; Inapplicable ; Inapplicable ; Inapplicable ; Inapplicable ; Inapplicable ; Inapplicable ; Inapplicable ; Inapplicable ; Inapplicable ; Inapplicable ; Inapplicable ; Inapplicable ; Inapplicable ;
; reg_game_M[4]      ; Inapplicable ; Inapplicable ; Inapplicable ; Inapplicable ; Inapplicable ; Pass      ; Inapplicable ; Inapplicable ; Pass      ; Pass      ; Inapplicable ; Inapplicable ; Inapplicable ; Inapplicable ; Inapplicable ; Inapplicable ; Inapplicable ; Inapplicable ; Inapplicable ; Inapplicable ; Inapplicable ; Inapplicable ; Inapplicable ; Inapplicable ; Inapplicable ; Inapplicable ; Inapplicable ; Inapplicable ;
; reg_game_M[8]      ; Inapplicable ; Inapplicable ; Inapplicable ; Inapplicable ; Inapplicable ; Pass      ; Inapplicable ; Inapplicable ; Pass      ; Pass      ; Inapplicable ; Inapplicable ; Inapplicable ; Inapplicable ; Inapplicable ; Inapplicable ; Inapplicable ; Inapplicable ; Inapplicable ; Inapplicable ; Inapplicable ; Inapplicable ; Inapplicable ; Inapplicable ; Inapplicable ; Inapplicable ; Inapplicable ; Inapplicable ;
; reg_game_M[12]     ; Inapplicable ; Inapplicable ; Inapplicable ; Inapplicable ; Inapplicable ; Pass      ; Inapplicable ; Inapplicable ; Pass      ; Pass      ; Inapplicable ; Inapplicable ; Inapplicable ; Inapplicable ; Inapplicable ; Inapplicable ; Inapplicable ; Inapplicable ; Inapplicable ; Inapplicable ; Inapplicable ; Inapplicable ; Inapplicable ; Inapplicable ; Inapplicable ; Inapplicable ; Inapplicable ; Inapplicable ;
; reg_game_M[16]     ; Inapplicable ; Inapplicable ; Inapplicable ; Inapplicable ; Inapplicable ; Pass      ; Inapplicable ; Inapplicable ; Pass      ; Pass      ; Inapplicable ; Inapplicable ; Inapplicable ; Inapplicable ; Inapplicable ; Inapplicable ; Inapplicable ; Inapplicable ; Inapplicable ; Inapplicable ; Inapplicable ; Inapplicable ; Inapplicable ; Inapplicable ; Inapplicable ; Inapplicable ; Inapplicable ; Inapplicable ;
; reg_game_M[20]     ; Inapplicable ; Inapplicable ; Inapplicable ; Inapplicable ; Inapplicable ; Pass      ; Inapplicable ; Inapplicable ; Pass      ; Pass      ; Inapplicable ; Inapplicable ; Inapplicable ; Inapplicable ; Inapplicable ; Inapplicable ; Inapplicable ; Inapplicable ; Inapplicable ; Inapplicable ; Inapplicable ; Inapplicable ; Inapplicable ; Inapplicable ; Inapplicable ; Inapplicable ; Inapplicable ; Inapplicable ;
; reg_game_M[24]     ; Inapplicable ; Inapplicable ; Inapplicable ; Inapplicable ; Inapplicable ; Pass      ; Inapplicable ; Inapplicable ; Pass      ; Pass      ; Inapplicable ; Inapplicable ; Inapplicable ; Inapplicable ; Inapplicable ; Inapplicable ; Inapplicable ; Inapplicable ; Inapplicable ; Inapplicable ; Inapplicable ; Inapplicable ; Inapplicable ; Inapplicable ; Inapplicable ; Inapplicable ; Inapplicable ; Inapplicable ;
; reg_game_M[28]     ; Inapplicable ; Inapplicable ; Inapplicable ; Inapplicable ; Inapplicable ; Pass      ; Inapplicable ; Inapplicable ; Pass      ; Pass      ; Inapplicable ; Inapplicable ; Inapplicable ; Inapplicable ; Inapplicable ; Inapplicable ; Inapplicable ; Inapplicable ; Inapplicable ; Inapplicable ; Inapplicable ; Inapplicable ; Inapplicable ; Inapplicable ; Inapplicable ; Inapplicable ; Inapplicable ; Inapplicable ;
; reg_game_M[2]      ; Inapplicable ; Inapplicable ; Inapplicable ; Inapplicable ; Inapplicable ; Pass      ; Inapplicable ; Inapplicable ; Pass      ; Pass      ; Inapplicable ; Inapplicable ; Inapplicable ; Inapplicable ; Inapplicable ; Inapplicable ; Inapplicable ; Inapplicable ; Inapplicable ; Inapplicable ; Inapplicable ; Inapplicable ; Inapplicable ; Inapplicable ; Inapplicable ; Inapplicable ; Inapplicable ; Inapplicable ;
; reg_game_M[6]      ; Inapplicable ; Inapplicable ; Inapplicable ; Inapplicable ; Inapplicable ; Pass      ; Inapplicable ; Inapplicable ; Pass      ; Pass      ; Inapplicable ; Inapplicable ; Inapplicable ; Inapplicable ; Inapplicable ; Inapplicable ; Inapplicable ; Inapplicable ; Inapplicable ; Inapplicable ; Inapplicable ; Inapplicable ; Inapplicable ; Inapplicable ; Inapplicable ; Inapplicable ; Inapplicable ; Inapplicable ;
; reg_game_M[10]     ; Inapplicable ; Inapplicable ; Inapplicable ; Inapplicable ; Inapplicable ; Pass      ; Inapplicable ; Inapplicable ; Pass      ; Pass      ; Inapplicable ; Inapplicable ; Inapplicable ; Inapplicable ; Inapplicable ; Inapplicable ; Inapplicable ; Inapplicable ; Inapplicable ; Inapplicable ; Inapplicable ; Inapplicable ; Inapplicable ; Inapplicable ; Inapplicable ; Inapplicable ; Inapplicable ; Inapplicable ;
; reg_game_M[14]     ; Inapplicable ; Inapplicable ; Inapplicable ; Inapplicable ; Inapplicable ; Pass      ; Inapplicable ; Inapplicable ; Pass      ; Pass      ; Inapplicable ; Inapplicable ; Inapplicable ; Inapplicable ; Inapplicable ; Inapplicable ; Inapplicable ; Inapplicable ; Inapplicable ; Inapplicable ; Inapplicable ; Inapplicable ; Inapplicable ; Inapplicable ; Inapplicable ; Inapplicable ; Inapplicable ; Inapplicable ;
; reg_game_M[18]     ; Inapplicable ; Inapplicable ; Inapplicable ; Inapplicable ; Inapplicable ; Pass      ; Inapplicable ; Inapplicable ; Pass      ; Pass      ; Inapplicable ; Inapplicable ; Inapplicable ; Inapplicable ; Inapplicable ; Inapplicable ; Inapplicable ; Inapplicable ; Inapplicable ; Inapplicable ; Inapplicable ; Inapplicable ; Inapplicable ; Inapplicable ; Inapplicable ; Inapplicable ; Inapplicable ; Inapplicable ;
; reg_game_M[22]     ; Inapplicable ; Inapplicable ; Inapplicable ; Inapplicable ; Inapplicable ; Pass      ; Inapplicable ; Inapplicable ; Pass      ; Pass      ; Inapplicable ; Inapplicable ; Inapplicable ; Inapplicable ; Inapplicable ; Inapplicable ; Inapplicable ; Inapplicable ; Inapplicable ; Inapplicable ; Inapplicable ; Inapplicable ; Inapplicable ; Inapplicable ; Inapplicable ; Inapplicable ; Inapplicable ; Inapplicable ;
; reg_game_M[26]     ; Inapplicable ; Inapplicable ; Inapplicable ; Inapplicable ; Inapplicable ; Pass      ; Inapplicable ; Inapplicable ; Pass      ; Pass      ; Inapplicable ; Inapplicable ; Inapplicable ; Inapplicable ; Inapplicable ; Inapplicable ; Inapplicable ; Inapplicable ; Inapplicable ; Inapplicable ; Inapplicable ; Inapplicable ; Inapplicable ; Inapplicable ; Inapplicable ; Inapplicable ; Inapplicable ; Inapplicable ;
; reg_game_M[30]     ; Inapplicable ; Inapplicable ; Inapplicable ; Inapplicable ; Inapplicable ; Pass      ; Inapplicable ; Inapplicable ; Pass      ; Pass      ; Inapplicable ; Inapplicable ; Inapplicable ; Inapplicable ; Inapplicable ; Inapplicable ; Inapplicable ; Inapplicable ; Inapplicable ; Inapplicable ; Inapplicable ; Inapplicable ; Inapplicable ; Inapplicable ; Inapplicable ; Inapplicable ; Inapplicable ; Inapplicable ;
; reg_game_M[32]     ; Inapplicable ; Inapplicable ; Inapplicable ; Inapplicable ; Inapplicable ; Pass      ; Inapplicable ; Inapplicable ; Pass      ; Pass      ; Inapplicable ; Inapplicable ; Inapplicable ; Inapplicable ; Inapplicable ; Inapplicable ; Inapplicable ; Inapplicable ; Inapplicable ; Inapplicable ; Inapplicable ; Inapplicable ; Inapplicable ; Inapplicable ; Inapplicable ; Inapplicable ; Inapplicable ; Inapplicable ;
; reg_game_M[40]     ; Inapplicable ; Inapplicable ; Inapplicable ; Inapplicable ; Inapplicable ; Pass      ; Inapplicable ; Inapplicable ; Pass      ; Pass      ; Inapplicable ; Inapplicable ; Inapplicable ; Inapplicable ; Inapplicable ; Inapplicable ; Inapplicable ; Inapplicable ; Inapplicable ; Inapplicable ; Inapplicable ; Inapplicable ; Inapplicable ; Inapplicable ; Inapplicable ; Inapplicable ; Inapplicable ; Inapplicable ;
; reg_game_M[48]     ; Inapplicable ; Inapplicable ; Inapplicable ; Inapplicable ; Inapplicable ; Pass      ; Inapplicable ; Inapplicable ; Pass      ; Pass      ; Inapplicable ; Inapplicable ; Inapplicable ; Inapplicable ; Inapplicable ; Inapplicable ; Inapplicable ; Inapplicable ; Inapplicable ; Inapplicable ; Inapplicable ; Inapplicable ; Inapplicable ; Inapplicable ; Inapplicable ; Inapplicable ; Inapplicable ; Inapplicable ;
; reg_game_M[56]     ; Inapplicable ; Inapplicable ; Inapplicable ; Inapplicable ; Inapplicable ; Pass      ; Inapplicable ; Inapplicable ; Pass      ; Pass      ; Inapplicable ; Inapplicable ; Inapplicable ; Inapplicable ; Inapplicable ; Inapplicable ; Inapplicable ; Inapplicable ; Inapplicable ; Inapplicable ; Inapplicable ; Inapplicable ; Inapplicable ; Inapplicable ; Inapplicable ; Inapplicable ; Inapplicable ; Inapplicable ;
; reg_game_M[36]     ; Inapplicable ; Inapplicable ; Inapplicable ; Inapplicable ; Inapplicable ; Pass      ; Inapplicable ; Inapplicable ; Pass      ; Pass      ; Inapplicable ; Inapplicable ; Inapplicable ; Inapplicable ; Inapplicable ; Inapplicable ; Inapplicable ; Inapplicable ; Inapplicable ; Inapplicable ; Inapplicable ; Inapplicable ; Inapplicable ; Inapplicable ; Inapplicable ; Inapplicable ; Inapplicable ; Inapplicable ;
; reg_game_M[44]     ; Inapplicable ; Inapplicable ; Inapplicable ; Inapplicable ; Inapplicable ; Pass      ; Inapplicable ; Inapplicable ; Pass      ; Pass      ; Inapplicable ; Inapplicable ; Inapplicable ; Inapplicable ; Inapplicable ; Inapplicable ; Inapplicable ; Inapplicable ; Inapplicable ; Inapplicable ; Inapplicable ; Inapplicable ; Inapplicable ; Inapplicable ; Inapplicable ; Inapplicable ; Inapplicable ; Inapplicable ;
; reg_game_M[52]     ; Inapplicable ; Inapplicable ; Inapplicable ; Inapplicable ; Inapplicable ; Pass      ; Inapplicable ; Inapplicable ; Pass      ; Pass      ; Inapplicable ; Inapplicable ; Inapplicable ; Inapplicable ; Inapplicable ; Inapplicable ; Inapplicable ; Inapplicable ; Inapplicable ; Inapplicable ; Inapplicable ; Inapplicable ; Inapplicable ; Inapplicable ; Inapplicable ; Inapplicable ; Inapplicable ; Inapplicable ;
; reg_game_M[60]     ; Inapplicable ; Inapplicable ; Inapplicable ; Inapplicable ; Inapplicable ; Pass      ; Inapplicable ; Inapplicable ; Pass      ; Pass      ; Inapplicable ; Inapplicable ; Inapplicable ; Inapplicable ; Inapplicable ; Inapplicable ; Inapplicable ; Inapplicable ; Inapplicable ; Inapplicable ; Inapplicable ; Inapplicable ; Inapplicable ; Inapplicable ; Inapplicable ; Inapplicable ; Inapplicable ; Inapplicable ;
; reg_game_M[34]     ; Inapplicable ; Inapplicable ; Inapplicable ; Inapplicable ; Inapplicable ; Pass      ; Inapplicable ; Inapplicable ; Pass      ; Pass      ; Inapplicable ; Inapplicable ; Inapplicable ; Inapplicable ; Inapplicable ; Inapplicable ; Inapplicable ; Inapplicable ; Inapplicable ; Inapplicable ; Inapplicable ; Inapplicable ; Inapplicable ; Inapplicable ; Inapplicable ; Inapplicable ; Inapplicable ; Inapplicable ;
; reg_game_M[42]     ; Inapplicable ; Inapplicable ; Inapplicable ; Inapplicable ; Inapplicable ; Pass      ; Inapplicable ; Inapplicable ; Pass      ; Pass      ; Inapplicable ; Inapplicable ; Inapplicable ; Inapplicable ; Inapplicable ; Inapplicable ; Inapplicable ; Inapplicable ; Inapplicable ; Inapplicable ; Inapplicable ; Inapplicable ; Inapplicable ; Inapplicable ; Inapplicable ; Inapplicable ; Inapplicable ; Inapplicable ;
; reg_game_M[50]     ; Inapplicable ; Inapplicable ; Inapplicable ; Inapplicable ; Inapplicable ; Pass      ; Inapplicable ; Inapplicable ; Pass      ; Pass      ; Inapplicable ; Inapplicable ; Inapplicable ; Inapplicable ; Inapplicable ; Inapplicable ; Inapplicable ; Inapplicable ; Inapplicable ; Inapplicable ; Inapplicable ; Inapplicable ; Inapplicable ; Inapplicable ; Inapplicable ; Inapplicable ; Inapplicable ; Inapplicable ;
; reg_game_M[58]     ; Inapplicable ; Inapplicable ; Inapplicable ; Inapplicable ; Inapplicable ; Pass      ; Inapplicable ; Inapplicable ; Pass      ; Pass      ; Inapplicable ; Inapplicable ; Inapplicable ; Inapplicable ; Inapplicable ; Inapplicable ; Inapplicable ; Inapplicable ; Inapplicable ; Inapplicable ; Inapplicable ; Inapplicable ; Inapplicable ; Inapplicable ; Inapplicable ; Inapplicable ; Inapplicable ; Inapplicable ;
; reg_game_M[38]     ; Inapplicable ; Inapplicable ; Inapplicable ; Inapplicable ; Inapplicable ; Pass      ; Inapplicable ; Inapplicable ; Pass      ; Pass      ; Inapplicable ; Inapplicable ; Inapplicable ; Inapplicable ; Inapplicable ; Inapplicable ; Inapplicable ; Inapplicable ; Inapplicable ; Inapplicable ; Inapplicable ; Inapplicable ; Inapplicable ; Inapplicable ; Inapplicable ; Inapplicable ; Inapplicable ; Inapplicable ;
; reg_game_M[46]     ; Inapplicable ; Inapplicable ; Inapplicable ; Inapplicable ; Inapplicable ; Pass      ; Inapplicable ; Inapplicable ; Pass      ; Pass      ; Inapplicable ; Inapplicable ; Inapplicable ; Inapplicable ; Inapplicable ; Inapplicable ; Inapplicable ; Inapplicable ; Inapplicable ; Inapplicable ; Inapplicable ; Inapplicable ; Inapplicable ; Inapplicable ; Inapplicable ; Inapplicable ; Inapplicable ; Inapplicable ;
; reg_game_M[54]     ; Inapplicable ; Inapplicable ; Inapplicable ; Inapplicable ; Inapplicable ; Pass      ; Inapplicable ; Inapplicable ; Pass      ; Pass      ; Inapplicable ; Inapplicable ; Inapplicable ; Inapplicable ; Inapplicable ; Inapplicable ; Inapplicable ; Inapplicable ; Inapplicable ; Inapplicable ; Inapplicable ; Inapplicable ; Inapplicable ; Inapplicable ; Inapplicable ; Inapplicable ; Inapplicable ; Inapplicable ;
; reg_game_M[62]     ; Inapplicable ; Inapplicable ; Inapplicable ; Inapplicable ; Inapplicable ; Pass      ; Inapplicable ; Inapplicable ; Pass      ; Pass      ; Inapplicable ; Inapplicable ; Inapplicable ; Inapplicable ; Inapplicable ; Inapplicable ; Inapplicable ; Inapplicable ; Inapplicable ; Inapplicable ; Inapplicable ; Inapplicable ; Inapplicable ; Inapplicable ; Inapplicable ; Inapplicable ; Inapplicable ; Inapplicable ;
; reg_game_M[64]     ; Inapplicable ; Inapplicable ; Inapplicable ; Inapplicable ; Inapplicable ; Pass      ; Inapplicable ; Inapplicable ; Pass      ; Pass      ; Inapplicable ; Inapplicable ; Inapplicable ; Inapplicable ; Inapplicable ; Inapplicable ; Inapplicable ; Inapplicable ; Inapplicable ; Inapplicable ; Inapplicable ; Inapplicable ; Inapplicable ; Inapplicable ; Inapplicable ; Inapplicable ; Inapplicable ; Inapplicable ;
; reg_game_M[68]     ; Inapplicable ; Inapplicable ; Inapplicable ; Inapplicable ; Inapplicable ; Pass      ; Inapplicable ; Inapplicable ; Pass      ; Pass      ; Inapplicable ; Inapplicable ; Inapplicable ; Inapplicable ; Inapplicable ; Inapplicable ; Inapplicable ; Inapplicable ; Inapplicable ; Inapplicable ; Inapplicable ; Inapplicable ; Inapplicable ; Inapplicable ; Inapplicable ; Inapplicable ; Inapplicable ; Inapplicable ;
; reg_game_M[66]     ; Inapplicable ; Inapplicable ; Inapplicable ; Inapplicable ; Inapplicable ; Pass      ; Inapplicable ; Inapplicable ; Pass      ; Pass      ; Inapplicable ; Inapplicable ; Inapplicable ; Inapplicable ; Inapplicable ; Inapplicable ; Inapplicable ; Inapplicable ; Inapplicable ; Inapplicable ; Inapplicable ; Inapplicable ; Inapplicable ; Inapplicable ; Inapplicable ; Inapplicable ; Inapplicable ; Inapplicable ;
; reg_game_M[70]     ; Inapplicable ; Inapplicable ; Inapplicable ; Inapplicable ; Inapplicable ; Pass      ; Inapplicable ; Inapplicable ; Pass      ; Pass      ; Inapplicable ; Inapplicable ; Inapplicable ; Inapplicable ; Inapplicable ; Inapplicable ; Inapplicable ; Inapplicable ; Inapplicable ; Inapplicable ; Inapplicable ; Inapplicable ; Inapplicable ; Inapplicable ; Inapplicable ; Inapplicable ; Inapplicable ; Inapplicable ;
; reg_game_M[72]     ; Inapplicable ; Inapplicable ; Inapplicable ; Inapplicable ; Inapplicable ; Pass      ; Inapplicable ; Inapplicable ; Pass      ; Pass      ; Inapplicable ; Inapplicable ; Inapplicable ; Inapplicable ; Inapplicable ; Inapplicable ; Inapplicable ; Inapplicable ; Inapplicable ; Inapplicable ; Inapplicable ; Inapplicable ; Inapplicable ; Inapplicable ; Inapplicable ; Inapplicable ; Inapplicable ; Inapplicable ;
; reg_game_M[76]     ; Inapplicable ; Inapplicable ; Inapplicable ; Inapplicable ; Inapplicable ; Pass      ; Inapplicable ; Inapplicable ; Pass      ; Pass      ; Inapplicable ; Inapplicable ; Inapplicable ; Inapplicable ; Inapplicable ; Inapplicable ; Inapplicable ; Inapplicable ; Inapplicable ; Inapplicable ; Inapplicable ; Inapplicable ; Inapplicable ; Inapplicable ; Inapplicable ; Inapplicable ; Inapplicable ; Inapplicable ;
; reg_game_M[74]     ; Inapplicable ; Inapplicable ; Inapplicable ; Inapplicable ; Inapplicable ; Pass      ; Inapplicable ; Inapplicable ; Pass      ; Pass      ; Inapplicable ; Inapplicable ; Inapplicable ; Inapplicable ; Inapplicable ; Inapplicable ; Inapplicable ; Inapplicable ; Inapplicable ; Inapplicable ; Inapplicable ; Inapplicable ; Inapplicable ; Inapplicable ; Inapplicable ; Inapplicable ; Inapplicable ; Inapplicable ;
; reg_game_M[78]     ; Inapplicable ; Inapplicable ; Inapplicable ; Inapplicable ; Inapplicable ; Pass      ; Inapplicable ; Inapplicable ; Pass      ; Pass      ; Inapplicable ; Inapplicable ; Inapplicable ; Inapplicable ; Inapplicable ; Inapplicable ; Inapplicable ; Inapplicable ; Inapplicable ; Inapplicable ; Inapplicable ; Inapplicable ; Inapplicable ; Inapplicable ; Inapplicable ; Inapplicable ; Inapplicable ; Inapplicable ;
; reg_game_M[80]     ; Inapplicable ; Inapplicable ; Inapplicable ; Inapplicable ; Inapplicable ; Pass      ; Inapplicable ; Inapplicable ; Pass      ; Pass      ; Inapplicable ; Inapplicable ; Inapplicable ; Inapplicable ; Inapplicable ; Inapplicable ; Inapplicable ; Inapplicable ; Inapplicable ; Inapplicable ; Inapplicable ; Inapplicable ; Inapplicable ; Inapplicable ; Inapplicable ; Inapplicable ; Inapplicable ; Inapplicable ;
; reg_game_M[82]     ; Inapplicable ; Inapplicable ; Inapplicable ; Inapplicable ; Inapplicable ; Pass      ; Inapplicable ; Inapplicable ; Pass      ; Pass      ; Inapplicable ; Inapplicable ; Inapplicable ; Inapplicable ; Inapplicable ; Inapplicable ; Inapplicable ; Inapplicable ; Inapplicable ; Inapplicable ; Inapplicable ; Inapplicable ; Inapplicable ; Inapplicable ; Inapplicable ; Inapplicable ; Inapplicable ; Inapplicable ;
; reg_game_M[1]      ; Inapplicable ; Inapplicable ; Inapplicable ; Inapplicable ; Inapplicable ; Pass      ; Inapplicable ; Inapplicable ; Pass      ; Pass      ; Inapplicable ; Inapplicable ; Inapplicable ; Inapplicable ; Inapplicable ; Inapplicable ; Inapplicable ; Inapplicable ; Inapplicable ; Inapplicable ; Inapplicable ; Inapplicable ; Inapplicable ; Inapplicable ; Inapplicable ; Inapplicable ; Inapplicable ; Inapplicable ;
; reg_game_M[5]      ; Inapplicable ; Inapplicable ; Inapplicable ; Inapplicable ; Inapplicable ; Pass      ; Inapplicable ; Inapplicable ; Pass      ; Pass      ; Inapplicable ; Inapplicable ; Inapplicable ; Inapplicable ; Inapplicable ; Inapplicable ; Inapplicable ; Inapplicable ; Inapplicable ; Inapplicable ; Inapplicable ; Inapplicable ; Inapplicable ; Inapplicable ; Inapplicable ; Inapplicable ; Inapplicable ; Inapplicable ;
; reg_game_M[17]     ; Inapplicable ; Inapplicable ; Inapplicable ; Inapplicable ; Inapplicable ; Pass      ; Inapplicable ; Inapplicable ; Pass      ; Pass      ; Inapplicable ; Inapplicable ; Inapplicable ; Inapplicable ; Inapplicable ; Inapplicable ; Inapplicable ; Inapplicable ; Inapplicable ; Inapplicable ; Inapplicable ; Inapplicable ; Inapplicable ; Inapplicable ; Inapplicable ; Inapplicable ; Inapplicable ; Inapplicable ;
; reg_game_M[21]     ; Inapplicable ; Inapplicable ; Inapplicable ; Inapplicable ; Inapplicable ; Pass      ; Inapplicable ; Inapplicable ; Pass      ; Pass      ; Inapplicable ; Inapplicable ; Inapplicable ; Inapplicable ; Inapplicable ; Inapplicable ; Inapplicable ; Inapplicable ; Inapplicable ; Inapplicable ; Inapplicable ; Inapplicable ; Inapplicable ; Inapplicable ; Inapplicable ; Inapplicable ; Inapplicable ; Inapplicable ;
; reg_game_M[9]      ; Inapplicable ; Inapplicable ; Inapplicable ; Inapplicable ; Inapplicable ; Pass      ; Inapplicable ; Inapplicable ; Pass      ; Pass      ; Inapplicable ; Inapplicable ; Inapplicable ; Inapplicable ; Inapplicable ; Inapplicable ; Inapplicable ; Inapplicable ; Inapplicable ; Inapplicable ; Inapplicable ; Inapplicable ; Inapplicable ; Inapplicable ; Inapplicable ; Inapplicable ; Inapplicable ; Inapplicable ;
; reg_game_M[13]     ; Inapplicable ; Inapplicable ; Inapplicable ; Inapplicable ; Inapplicable ; Pass      ; Inapplicable ; Inapplicable ; Pass      ; Pass      ; Inapplicable ; Inapplicable ; Inapplicable ; Inapplicable ; Inapplicable ; Inapplicable ; Inapplicable ; Inapplicable ; Inapplicable ; Inapplicable ; Inapplicable ; Inapplicable ; Inapplicable ; Inapplicable ; Inapplicable ; Inapplicable ; Inapplicable ; Inapplicable ;
; reg_game_M[25]     ; Inapplicable ; Inapplicable ; Inapplicable ; Inapplicable ; Inapplicable ; Pass      ; Inapplicable ; Inapplicable ; Pass      ; Pass      ; Inapplicable ; Inapplicable ; Inapplicable ; Inapplicable ; Inapplicable ; Inapplicable ; Inapplicable ; Inapplicable ; Inapplicable ; Inapplicable ; Inapplicable ; Inapplicable ; Inapplicable ; Inapplicable ; Inapplicable ; Inapplicable ; Inapplicable ; Inapplicable ;
; reg_game_M[29]     ; Inapplicable ; Inapplicable ; Inapplicable ; Inapplicable ; Inapplicable ; Pass      ; Inapplicable ; Inapplicable ; Pass      ; Pass      ; Inapplicable ; Inapplicable ; Inapplicable ; Inapplicable ; Inapplicable ; Inapplicable ; Inapplicable ; Inapplicable ; Inapplicable ; Inapplicable ; Inapplicable ; Inapplicable ; Inapplicable ; Inapplicable ; Inapplicable ; Inapplicable ; Inapplicable ; Inapplicable ;
; reg_game_M[3]      ; Inapplicable ; Inapplicable ; Inapplicable ; Inapplicable ; Inapplicable ; Pass      ; Inapplicable ; Inapplicable ; Pass      ; Pass      ; Inapplicable ; Inapplicable ; Inapplicable ; Inapplicable ; Inapplicable ; Inapplicable ; Inapplicable ; Inapplicable ; Inapplicable ; Inapplicable ; Inapplicable ; Inapplicable ; Inapplicable ; Inapplicable ; Inapplicable ; Inapplicable ; Inapplicable ; Inapplicable ;
; reg_game_M[7]      ; Inapplicable ; Inapplicable ; Inapplicable ; Inapplicable ; Inapplicable ; Pass      ; Inapplicable ; Inapplicable ; Pass      ; Pass      ; Inapplicable ; Inapplicable ; Inapplicable ; Inapplicable ; Inapplicable ; Inapplicable ; Inapplicable ; Inapplicable ; Inapplicable ; Inapplicable ; Inapplicable ; Inapplicable ; Inapplicable ; Inapplicable ; Inapplicable ; Inapplicable ; Inapplicable ; Inapplicable ;
; reg_game_M[19]     ; Inapplicable ; Inapplicable ; Inapplicable ; Inapplicable ; Inapplicable ; Pass      ; Inapplicable ; Inapplicable ; Pass      ; Pass      ; Inapplicable ; Inapplicable ; Inapplicable ; Inapplicable ; Inapplicable ; Inapplicable ; Inapplicable ; Inapplicable ; Inapplicable ; Inapplicable ; Inapplicable ; Inapplicable ; Inapplicable ; Inapplicable ; Inapplicable ; Inapplicable ; Inapplicable ; Inapplicable ;
; reg_game_M[23]     ; Inapplicable ; Inapplicable ; Inapplicable ; Inapplicable ; Inapplicable ; Pass      ; Inapplicable ; Inapplicable ; Pass      ; Pass      ; Inapplicable ; Inapplicable ; Inapplicable ; Inapplicable ; Inapplicable ; Inapplicable ; Inapplicable ; Inapplicable ; Inapplicable ; Inapplicable ; Inapplicable ; Inapplicable ; Inapplicable ; Inapplicable ; Inapplicable ; Inapplicable ; Inapplicable ; Inapplicable ;
; reg_game_M[11]     ; Inapplicable ; Inapplicable ; Inapplicable ; Inapplicable ; Inapplicable ; Pass      ; Inapplicable ; Inapplicable ; Pass      ; Pass      ; Inapplicable ; Inapplicable ; Inapplicable ; Inapplicable ; Inapplicable ; Inapplicable ; Inapplicable ; Inapplicable ; Inapplicable ; Inapplicable ; Inapplicable ; Inapplicable ; Inapplicable ; Inapplicable ; Inapplicable ; Inapplicable ; Inapplicable ; Inapplicable ;
; reg_game_M[15]     ; Inapplicable ; Inapplicable ; Inapplicable ; Inapplicable ; Inapplicable ; Pass      ; Inapplicable ; Inapplicable ; Pass      ; Pass      ; Inapplicable ; Inapplicable ; Inapplicable ; Inapplicable ; Inapplicable ; Inapplicable ; Inapplicable ; Inapplicable ; Inapplicable ; Inapplicable ; Inapplicable ; Inapplicable ; Inapplicable ; Inapplicable ; Inapplicable ; Inapplicable ; Inapplicable ; Inapplicable ;
; reg_game_M[27]     ; Inapplicable ; Inapplicable ; Inapplicable ; Inapplicable ; Inapplicable ; Pass      ; Inapplicable ; Inapplicable ; Pass      ; Pass      ; Inapplicable ; Inapplicable ; Inapplicable ; Inapplicable ; Inapplicable ; Inapplicable ; Inapplicable ; Inapplicable ; Inapplicable ; Inapplicable ; Inapplicable ; Inapplicable ; Inapplicable ; Inapplicable ; Inapplicable ; Inapplicable ; Inapplicable ; Inapplicable ;
; reg_game_M[31]     ; Inapplicable ; Inapplicable ; Inapplicable ; Inapplicable ; Inapplicable ; Pass      ; Inapplicable ; Inapplicable ; Pass      ; Pass      ; Inapplicable ; Inapplicable ; Inapplicable ; Inapplicable ; Inapplicable ; Inapplicable ; Inapplicable ; Inapplicable ; Inapplicable ; Inapplicable ; Inapplicable ; Inapplicable ; Inapplicable ; Inapplicable ; Inapplicable ; Inapplicable ; Inapplicable ; Inapplicable ;
; reg_game_M[33]     ; Inapplicable ; Inapplicable ; Inapplicable ; Inapplicable ; Inapplicable ; Pass      ; Inapplicable ; Inapplicable ; Pass      ; Pass      ; Inapplicable ; Inapplicable ; Inapplicable ; Inapplicable ; Inapplicable ; Inapplicable ; Inapplicable ; Inapplicable ; Inapplicable ; Inapplicable ; Inapplicable ; Inapplicable ; Inapplicable ; Inapplicable ; Inapplicable ; Inapplicable ; Inapplicable ; Inapplicable ;
; reg_game_M[41]     ; Inapplicable ; Inapplicable ; Inapplicable ; Inapplicable ; Inapplicable ; Pass      ; Inapplicable ; Inapplicable ; Pass      ; Pass      ; Inapplicable ; Inapplicable ; Inapplicable ; Inapplicable ; Inapplicable ; Inapplicable ; Inapplicable ; Inapplicable ; Inapplicable ; Inapplicable ; Inapplicable ; Inapplicable ; Inapplicable ; Inapplicable ; Inapplicable ; Inapplicable ; Inapplicable ; Inapplicable ;
; reg_game_M[49]     ; Inapplicable ; Inapplicable ; Inapplicable ; Inapplicable ; Inapplicable ; Pass      ; Inapplicable ; Inapplicable ; Pass      ; Pass      ; Inapplicable ; Inapplicable ; Inapplicable ; Inapplicable ; Inapplicable ; Inapplicable ; Inapplicable ; Inapplicable ; Inapplicable ; Inapplicable ; Inapplicable ; Inapplicable ; Inapplicable ; Inapplicable ; Inapplicable ; Inapplicable ; Inapplicable ; Inapplicable ;
; reg_game_M[57]     ; Inapplicable ; Inapplicable ; Inapplicable ; Inapplicable ; Inapplicable ; Pass      ; Inapplicable ; Inapplicable ; Pass      ; Pass      ; Inapplicable ; Inapplicable ; Inapplicable ; Inapplicable ; Inapplicable ; Inapplicable ; Inapplicable ; Inapplicable ; Inapplicable ; Inapplicable ; Inapplicable ; Inapplicable ; Inapplicable ; Inapplicable ; Inapplicable ; Inapplicable ; Inapplicable ; Inapplicable ;
; reg_game_M[37]     ; Inapplicable ; Inapplicable ; Inapplicable ; Inapplicable ; Inapplicable ; Pass      ; Inapplicable ; Inapplicable ; Pass      ; Pass      ; Inapplicable ; Inapplicable ; Inapplicable ; Inapplicable ; Inapplicable ; Inapplicable ; Inapplicable ; Inapplicable ; Inapplicable ; Inapplicable ; Inapplicable ; Inapplicable ; Inapplicable ; Inapplicable ; Inapplicable ; Inapplicable ; Inapplicable ; Inapplicable ;
; reg_game_M[45]     ; Inapplicable ; Inapplicable ; Inapplicable ; Inapplicable ; Inapplicable ; Pass      ; Inapplicable ; Inapplicable ; Pass      ; Pass      ; Inapplicable ; Inapplicable ; Inapplicable ; Inapplicable ; Inapplicable ; Inapplicable ; Inapplicable ; Inapplicable ; Inapplicable ; Inapplicable ; Inapplicable ; Inapplicable ; Inapplicable ; Inapplicable ; Inapplicable ; Inapplicable ; Inapplicable ; Inapplicable ;
; reg_game_M[53]     ; Inapplicable ; Inapplicable ; Inapplicable ; Inapplicable ; Inapplicable ; Pass      ; Inapplicable ; Inapplicable ; Pass      ; Pass      ; Inapplicable ; Inapplicable ; Inapplicable ; Inapplicable ; Inapplicable ; Inapplicable ; Inapplicable ; Inapplicable ; Inapplicable ; Inapplicable ; Inapplicable ; Inapplicable ; Inapplicable ; Inapplicable ; Inapplicable ; Inapplicable ; Inapplicable ; Inapplicable ;
; reg_game_M[61]     ; Inapplicable ; Inapplicable ; Inapplicable ; Inapplicable ; Inapplicable ; Pass      ; Inapplicable ; Inapplicable ; Pass      ; Pass      ; Inapplicable ; Inapplicable ; Inapplicable ; Inapplicable ; Inapplicable ; Inapplicable ; Inapplicable ; Inapplicable ; Inapplicable ; Inapplicable ; Inapplicable ; Inapplicable ; Inapplicable ; Inapplicable ; Inapplicable ; Inapplicable ; Inapplicable ; Inapplicable ;
; reg_game_M[35]     ; Inapplicable ; Inapplicable ; Inapplicable ; Inapplicable ; Inapplicable ; Pass      ; Inapplicable ; Inapplicable ; Pass      ; Pass      ; Inapplicable ; Inapplicable ; Inapplicable ; Inapplicable ; Inapplicable ; Inapplicable ; Inapplicable ; Inapplicable ; Inapplicable ; Inapplicable ; Inapplicable ; Inapplicable ; Inapplicable ; Inapplicable ; Inapplicable ; Inapplicable ; Inapplicable ; Inapplicable ;
; reg_game_M[43]     ; Inapplicable ; Inapplicable ; Inapplicable ; Inapplicable ; Inapplicable ; Pass      ; Inapplicable ; Inapplicable ; Pass      ; Pass      ; Inapplicable ; Inapplicable ; Inapplicable ; Inapplicable ; Inapplicable ; Inapplicable ; Inapplicable ; Inapplicable ; Inapplicable ; Inapplicable ; Inapplicable ; Inapplicable ; Inapplicable ; Inapplicable ; Inapplicable ; Inapplicable ; Inapplicable ; Inapplicable ;
; reg_game_M[51]     ; Inapplicable ; Inapplicable ; Inapplicable ; Inapplicable ; Inapplicable ; Pass      ; Inapplicable ; Inapplicable ; Pass      ; Pass      ; Inapplicable ; Inapplicable ; Inapplicable ; Inapplicable ; Inapplicable ; Inapplicable ; Inapplicable ; Inapplicable ; Inapplicable ; Inapplicable ; Inapplicable ; Inapplicable ; Inapplicable ; Inapplicable ; Inapplicable ; Inapplicable ; Inapplicable ; Inapplicable ;
; reg_game_M[59]     ; Inapplicable ; Inapplicable ; Inapplicable ; Inapplicable ; Inapplicable ; Pass      ; Inapplicable ; Inapplicable ; Pass      ; Pass      ; Inapplicable ; Inapplicable ; Inapplicable ; Inapplicable ; Inapplicable ; Inapplicable ; Inapplicable ; Inapplicable ; Inapplicable ; Inapplicable ; Inapplicable ; Inapplicable ; Inapplicable ; Inapplicable ; Inapplicable ; Inapplicable ; Inapplicable ; Inapplicable ;
; reg_game_M[39]     ; Inapplicable ; Inapplicable ; Inapplicable ; Inapplicable ; Inapplicable ; Pass      ; Inapplicable ; Inapplicable ; Pass      ; Pass      ; Inapplicable ; Inapplicable ; Inapplicable ; Inapplicable ; Inapplicable ; Inapplicable ; Inapplicable ; Inapplicable ; Inapplicable ; Inapplicable ; Inapplicable ; Inapplicable ; Inapplicable ; Inapplicable ; Inapplicable ; Inapplicable ; Inapplicable ; Inapplicable ;
; reg_game_M[47]     ; Inapplicable ; Inapplicable ; Inapplicable ; Inapplicable ; Inapplicable ; Pass      ; Inapplicable ; Inapplicable ; Pass      ; Pass      ; Inapplicable ; Inapplicable ; Inapplicable ; Inapplicable ; Inapplicable ; Inapplicable ; Inapplicable ; Inapplicable ; Inapplicable ; Inapplicable ; Inapplicable ; Inapplicable ; Inapplicable ; Inapplicable ; Inapplicable ; Inapplicable ; Inapplicable ; Inapplicable ;
; reg_game_M[55]     ; Inapplicable ; Inapplicable ; Inapplicable ; Inapplicable ; Inapplicable ; Pass      ; Inapplicable ; Inapplicable ; Pass      ; Pass      ; Inapplicable ; Inapplicable ; Inapplicable ; Inapplicable ; Inapplicable ; Inapplicable ; Inapplicable ; Inapplicable ; Inapplicable ; Inapplicable ; Inapplicable ; Inapplicable ; Inapplicable ; Inapplicable ; Inapplicable ; Inapplicable ; Inapplicable ; Inapplicable ;
; reg_game_M[63]     ; Inapplicable ; Inapplicable ; Inapplicable ; Inapplicable ; Inapplicable ; Pass      ; Inapplicable ; Inapplicable ; Pass      ; Pass      ; Inapplicable ; Inapplicable ; Inapplicable ; Inapplicable ; Inapplicable ; Inapplicable ; Inapplicable ; Inapplicable ; Inapplicable ; Inapplicable ; Inapplicable ; Inapplicable ; Inapplicable ; Inapplicable ; Inapplicable ; Inapplicable ; Inapplicable ; Inapplicable ;
; reg_game_M[65]     ; Inapplicable ; Inapplicable ; Inapplicable ; Inapplicable ; Inapplicable ; Pass      ; Inapplicable ; Inapplicable ; Pass      ; Pass      ; Inapplicable ; Inapplicable ; Inapplicable ; Inapplicable ; Inapplicable ; Inapplicable ; Inapplicable ; Inapplicable ; Inapplicable ; Inapplicable ; Inapplicable ; Inapplicable ; Inapplicable ; Inapplicable ; Inapplicable ; Inapplicable ; Inapplicable ; Inapplicable ;
; reg_game_M[69]     ; Inapplicable ; Inapplicable ; Inapplicable ; Inapplicable ; Inapplicable ; Pass      ; Inapplicable ; Inapplicable ; Pass      ; Pass      ; Inapplicable ; Inapplicable ; Inapplicable ; Inapplicable ; Inapplicable ; Inapplicable ; Inapplicable ; Inapplicable ; Inapplicable ; Inapplicable ; Inapplicable ; Inapplicable ; Inapplicable ; Inapplicable ; Inapplicable ; Inapplicable ; Inapplicable ; Inapplicable ;
; reg_game_M[67]     ; Inapplicable ; Inapplicable ; Inapplicable ; Inapplicable ; Inapplicable ; Pass      ; Inapplicable ; Inapplicable ; Pass      ; Pass      ; Inapplicable ; Inapplicable ; Inapplicable ; Inapplicable ; Inapplicable ; Inapplicable ; Inapplicable ; Inapplicable ; Inapplicable ; Inapplicable ; Inapplicable ; Inapplicable ; Inapplicable ; Inapplicable ; Inapplicable ; Inapplicable ; Inapplicable ; Inapplicable ;
; reg_game_M[71]     ; Inapplicable ; Inapplicable ; Inapplicable ; Inapplicable ; Inapplicable ; Pass      ; Inapplicable ; Inapplicable ; Pass      ; Pass      ; Inapplicable ; Inapplicable ; Inapplicable ; Inapplicable ; Inapplicable ; Inapplicable ; Inapplicable ; Inapplicable ; Inapplicable ; Inapplicable ; Inapplicable ; Inapplicable ; Inapplicable ; Inapplicable ; Inapplicable ; Inapplicable ; Inapplicable ; Inapplicable ;
; reg_game_M[73]     ; Inapplicable ; Inapplicable ; Inapplicable ; Inapplicable ; Inapplicable ; Pass      ; Inapplicable ; Inapplicable ; Pass      ; Pass      ; Inapplicable ; Inapplicable ; Inapplicable ; Inapplicable ; Inapplicable ; Inapplicable ; Inapplicable ; Inapplicable ; Inapplicable ; Inapplicable ; Inapplicable ; Inapplicable ; Inapplicable ; Inapplicable ; Inapplicable ; Inapplicable ; Inapplicable ; Inapplicable ;
; reg_game_M[77]     ; Inapplicable ; Inapplicable ; Inapplicable ; Inapplicable ; Inapplicable ; Pass      ; Inapplicable ; Inapplicable ; Pass      ; Pass      ; Inapplicable ; Inapplicable ; Inapplicable ; Inapplicable ; Inapplicable ; Inapplicable ; Inapplicable ; Inapplicable ; Inapplicable ; Inapplicable ; Inapplicable ; Inapplicable ; Inapplicable ; Inapplicable ; Inapplicable ; Inapplicable ; Inapplicable ; Inapplicable ;
; reg_game_M[75]     ; Inapplicable ; Inapplicable ; Inapplicable ; Inapplicable ; Inapplicable ; Pass      ; Inapplicable ; Inapplicable ; Pass      ; Pass      ; Inapplicable ; Inapplicable ; Inapplicable ; Inapplicable ; Inapplicable ; Inapplicable ; Inapplicable ; Inapplicable ; Inapplicable ; Inapplicable ; Inapplicable ; Inapplicable ; Inapplicable ; Inapplicable ; Inapplicable ; Inapplicable ; Inapplicable ; Inapplicable ;
; reg_game_M[79]     ; Inapplicable ; Inapplicable ; Inapplicable ; Inapplicable ; Inapplicable ; Pass      ; Inapplicable ; Inapplicable ; Pass      ; Pass      ; Inapplicable ; Inapplicable ; Inapplicable ; Inapplicable ; Inapplicable ; Inapplicable ; Inapplicable ; Inapplicable ; Inapplicable ; Inapplicable ; Inapplicable ; Inapplicable ; Inapplicable ; Inapplicable ; Inapplicable ; Inapplicable ; Inapplicable ; Inapplicable ;
; reg_game_M[81]     ; Inapplicable ; Inapplicable ; Inapplicable ; Inapplicable ; Inapplicable ; Pass      ; Inapplicable ; Inapplicable ; Pass      ; Pass      ; Inapplicable ; Inapplicable ; Inapplicable ; Inapplicable ; Inapplicable ; Inapplicable ; Inapplicable ; Inapplicable ; Inapplicable ; Inapplicable ; Inapplicable ; Inapplicable ; Inapplicable ; Inapplicable ; Inapplicable ; Inapplicable ; Inapplicable ; Inapplicable ;
; reg_game_M[83]     ; Inapplicable ; Inapplicable ; Inapplicable ; Inapplicable ; Inapplicable ; Pass      ; Inapplicable ; Inapplicable ; Pass      ; Pass      ; Inapplicable ; Inapplicable ; Inapplicable ; Inapplicable ; Inapplicable ; Inapplicable ; Inapplicable ; Inapplicable ; Inapplicable ; Inapplicable ; Inapplicable ; Inapplicable ; Inapplicable ; Inapplicable ; Inapplicable ; Inapplicable ; Inapplicable ; Inapplicable ;
; reg_jugada[3]      ; Inapplicable ; Inapplicable ; Inapplicable ; Inapplicable ; Inapplicable ; Pass      ; Inapplicable ; Inapplicable ; Pass      ; Pass      ; Inapplicable ; Inapplicable ; Inapplicable ; Inapplicable ; Inapplicable ; Inapplicable ; Inapplicable ; Inapplicable ; Inapplicable ; Inapplicable ; Inapplicable ; Inapplicable ; Inapplicable ; Inapplicable ; Inapplicable ; Inapplicable ; Inapplicable ; Inapplicable ;
; reg_jugada[4]      ; Inapplicable ; Inapplicable ; Inapplicable ; Inapplicable ; Inapplicable ; Pass      ; Inapplicable ; Inapplicable ; Pass      ; Pass      ; Inapplicable ; Inapplicable ; Inapplicable ; Inapplicable ; Inapplicable ; Inapplicable ; Inapplicable ; Inapplicable ; Inapplicable ; Inapplicable ; Inapplicable ; Inapplicable ; Inapplicable ; Inapplicable ; Inapplicable ; Inapplicable ; Inapplicable ; Inapplicable ;
; reg_jugada[1]      ; Inapplicable ; Inapplicable ; Inapplicable ; Inapplicable ; Inapplicable ; Pass      ; Inapplicable ; Inapplicable ; Pass      ; Pass      ; Inapplicable ; Inapplicable ; Inapplicable ; Inapplicable ; Inapplicable ; Inapplicable ; Inapplicable ; Inapplicable ; Inapplicable ; Inapplicable ; Inapplicable ; Inapplicable ; Inapplicable ; Inapplicable ; Inapplicable ; Inapplicable ; Inapplicable ; Inapplicable ;
; reg_jugada[0]      ; Inapplicable ; Inapplicable ; Inapplicable ; Inapplicable ; Inapplicable ; Pass      ; Inapplicable ; Inapplicable ; Pass      ; Pass      ; Inapplicable ; Inapplicable ; Inapplicable ; Inapplicable ; Inapplicable ; Inapplicable ; Inapplicable ; Inapplicable ; Inapplicable ; Inapplicable ; Inapplicable ; Inapplicable ; Inapplicable ; Inapplicable ; Inapplicable ; Inapplicable ; Inapplicable ; Inapplicable ;
; reg_jugada[5]      ; Inapplicable ; Inapplicable ; Inapplicable ; Inapplicable ; Inapplicable ; Pass      ; Inapplicable ; Inapplicable ; Pass      ; Pass      ; Inapplicable ; Inapplicable ; Inapplicable ; Inapplicable ; Inapplicable ; Inapplicable ; Inapplicable ; Inapplicable ; Inapplicable ; Inapplicable ; Inapplicable ; Inapplicable ; Inapplicable ; Inapplicable ; Inapplicable ; Inapplicable ; Inapplicable ; Inapplicable ;
; reg_jugada[2]      ; Inapplicable ; Inapplicable ; Inapplicable ; Inapplicable ; Inapplicable ; Pass      ; Inapplicable ; Inapplicable ; Pass      ; Pass      ; Inapplicable ; Inapplicable ; Inapplicable ; Inapplicable ; Inapplicable ; Inapplicable ; Inapplicable ; Inapplicable ; Inapplicable ; Inapplicable ; Inapplicable ; Inapplicable ; Inapplicable ; Inapplicable ; Inapplicable ; Inapplicable ; Inapplicable ; Inapplicable ;
+--------------------+--------------+--------------+--------------+--------------+--------------+-----------+--------------+--------------+-----------+-----------+--------------+--------------+--------------+--------------+--------------+--------------+--------------+--------------+--------------+--------------+--------------+--------------+--------------+--------------+--------------+--------------+--------------+--------------+


+------------------------------------------------------------------------------------------------+
; Fitter Device Options                                                                          ;
+------------------------------------------------------------------+-----------------------------+
; Option                                                           ; Setting                     ;
+------------------------------------------------------------------+-----------------------------+
; Enable user-supplied start-up clock (CLKUSR)                     ; Off                         ;
; Enable device-wide reset (DEV_CLRn)                              ; Off                         ;
; Enable device-wide output enable (DEV_OE)                        ; Off                         ;
; Enable INIT_DONE output                                          ; Off                         ;
; Configuration scheme                                             ; Passive Serial              ;
; Enable Error Detection CRC_ERROR pin                             ; Off                         ;
; Enable CvP_CONFDONE pin                                          ; Off                         ;
; Enable open drain on CRC_ERROR pin                               ; On                          ;
; Enable open drain on CvP_CONFDONE pin                            ; On                          ;
; Enable open drain on INIT_DONE pin                               ; On                          ;
; Enable open drain on Partial Reconfiguration pins                ; Off                         ;
; Enable open drain on nCEO pin                                    ; On                          ;
; Enable Partial Reconfiguration pins                              ; Off                         ;
; Enable input tri-state on active configuration pins in user mode ; Off                         ;
; Enable internal scrubbing                                        ; Off                         ;
; Active Serial clock source                                       ; 100 MHz Internal Oscillator ;
; Device initialization clock source                               ; Internal Oscillator         ;
; Configuration via Protocol                                       ; Off                         ;
; Configuration Voltage Level                                      ; Auto                        ;
; Force Configuration Voltage Level                                ; Off                         ;
; Enable nCEO output                                               ; Off                         ;
; Data[15..8]                                                      ; Unreserved                  ;
; Data[7..5]                                                       ; Unreserved                  ;
; Base pin-out file on sameframe device                            ; Off                         ;
+------------------------------------------------------------------+-----------------------------+


+------------------------------------+
; Operating Settings and Conditions  ;
+---------------------------+--------+
; Setting                   ; Value  ;
+---------------------------+--------+
; Nominal Core Voltage      ; 1.10 V ;
; Low Junction Temperature  ; 0 °C   ;
; High Junction Temperature ; 85 °C  ;
+---------------------------+--------+


+-----------------+
; Fitter Messages ;
+-----------------+
Warning (18236): Number of processors has not been specified which may cause overloading on shared machines.  Set the global assignment NUM_PARALLEL_PROCESSORS in your QSF to an appropriate value for best performance.
Info (20030): Parallel compilation is enabled and will use 4 of the 4 processors detected
Info (119006): Selected device 5CSXFC6D6F31C6 for design "connect_four"
Info (21077): Low junction temperature is 0 degrees C
Info (21077): High junction temperature is 85 degrees C
Info (171003): Fitter is performing an Auto Fit compilation, which may decrease Fitter effort to reduce compilation time
Warning (292013): Feature LogicLock is only available with a valid subscription license. You can purchase a software subscription to gain full access to this feature.
Warning (15714): Some pins have incomplete I/O assignments. Refer to the I/O Assignment Warnings report for details
Critical Warning (169085): No exact pin location assignment(s) for 91 pins of 91 total pins. For the list of pins please refer to the I/O Assignment Warnings table in the fitter report.
Info (184020): Starting Fitter periphery placement operations
Info (184021): Fitter periphery placement operations ending: elapsed time is 00:00:01
Info (176233): Starting register packing
Info (176235): Finished register packing
    Extra Info (176219): No registers were packed into other blocks
Warning (15705): Ignored locations or region assignments to the following nodes
    Warning (15706): Node "B[0]" is assigned to location or region, but does not exist in design
    Warning (15706): Node "B[1]" is assigned to location or region, but does not exist in design
    Warning (15706): Node "B[2]" is assigned to location or region, but does not exist in design
    Warning (15706): Node "B[3]" is assigned to location or region, but does not exist in design
    Warning (15706): Node "B[4]" is assigned to location or region, but does not exist in design
    Warning (15706): Node "B[5]" is assigned to location or region, but does not exist in design
    Warning (15706): Node "B[6]" is assigned to location or region, but does not exist in design
    Warning (15706): Node "B[7]" is assigned to location or region, but does not exist in design
    Warning (15706): Node "G[0]" is assigned to location or region, but does not exist in design
    Warning (15706): Node "G[1]" is assigned to location or region, but does not exist in design
    Warning (15706): Node "G[2]" is assigned to location or region, but does not exist in design
    Warning (15706): Node "G[3]" is assigned to location or region, but does not exist in design
    Warning (15706): Node "G[4]" is assigned to location or region, but does not exist in design
    Warning (15706): Node "G[5]" is assigned to location or region, but does not exist in design
    Warning (15706): Node "G[6]" is assigned to location or region, but does not exist in design
    Warning (15706): Node "G[7]" is assigned to location or region, but does not exist in design
    Warning (15706): Node "Hs" is assigned to location or region, but does not exist in design
    Warning (15706): Node "R[0]" is assigned to location or region, but does not exist in design
    Warning (15706): Node "R[1]" is assigned to location or region, but does not exist in design
    Warning (15706): Node "R[2]" is assigned to location or region, but does not exist in design
    Warning (15706): Node "R[3]" is assigned to location or region, but does not exist in design
    Warning (15706): Node "R[4]" is assigned to location or region, but does not exist in design
    Warning (15706): Node "R[5]" is assigned to location or region, but does not exist in design
    Warning (15706): Node "R[6]" is assigned to location or region, but does not exist in design
    Warning (15706): Node "R[7]" is assigned to location or region, but does not exist in design
    Warning (15706): Node "VGA_Blank" is assigned to location or region, but does not exist in design
    Warning (15706): Node "VGA_CLK" is assigned to location or region, but does not exist in design
    Warning (15706): Node "VGA_Sync_N" is assigned to location or region, but does not exist in design
    Warning (15706): Node "Vs" is assigned to location or region, but does not exist in design
    Warning (15706): Node "clk" is assigned to location or region, but does not exist in design
    Warning (15706): Node "rst" is assigned to location or region, but does not exist in design
Info (11798): Fitter preparation operations ending: elapsed time is 00:00:17
Critical Warning (332012): Synopsys Design Constraints File file not found: 'connect_four.sdc'. A Synopsys Design Constraints File is required by the Timing Analyzer to get proper timing constraints. Without it, the Compiler will not properly optimize the design.
Info (332144): No user constrained base clocks found in the design
Info (332096): The command derive_clocks did not find any clocks to derive.  No clocks were created or changed.
Warning (332068): No clocks defined in design.
Info (332143): No user constrained clock uncertainty found in the design. Calling "derive_clock_uncertainty"
Info (332154): The derive_clock_uncertainty command did not apply clock uncertainty to any clock-to-clock transfers.
Info (332130): Timing requirements not specified -- quality metrics such as performance may be sacrificed to reduce compilation time.
Info (170189): Fitter placement preparation operations beginning
Info (14951): The Fitter is using Advanced Physical Optimization.
Info (170190): Fitter placement preparation operations ending: elapsed time is 00:00:04
Info (170191): Fitter placement operations beginning
Info (170137): Fitter placement was successful
Info (170192): Fitter placement operations ending: elapsed time is 00:00:02
Info (170193): Fitter routing operations beginning
Info (170195): Router estimated average interconnect usage is 0% of the available device resources
    Info (170196): Router estimated peak interconnect usage is 13% of the available device resources in the region that extends from location X22_Y0 to location X32_Y10
Info (170199): The Fitter performed an Auto Fit compilation.  Optimizations were skipped to reduce compilation time.
    Info (170201): Optimizations that may affect the design's routability were skipped
    Info (170200): Optimizations that may affect the design's timing were skipped
Info (170194): Fitter routing operations ending: elapsed time is 00:00:02
Info (11888): Total time spent on timing analysis during the Fitter is 0.24 seconds.
Info (334003): Started post-fitting delay annotation
Info (334004): Delay annotation completed successfully
Info (334003): Started post-fitting delay annotation
Info (334004): Delay annotation completed successfully
Info (11801): Fitter post-fit operations ending: elapsed time is 00:00:06
Warning (171167): Found invalid Fitter assignments. See the Ignored Assignments panel in the Fitter Compilation Report for more information.
Info (144001): Generated suppressed messages file C:/Users/Ayudapls/Documents/GitHub/joscCE_JimF04_Sebas36762_digital_design_lab_2025/lab_3/output_files/connect_four.fit.smsg
Info: Quartus Prime Fitter was successful. 0 errors, 39 warnings
    Info: Peak virtual memory: 6610 megabytes
    Info: Processing ended: Wed Apr 16 00:15:36 2025
    Info: Elapsed time: 00:01:02
    Info: Total CPU time (on all processors): 00:01:32


+----------------------------+
; Fitter Suppressed Messages ;
+----------------------------+
The suppressed messages can be found in C:/Users/Ayudapls/Documents/GitHub/joscCE_JimF04_Sebas36762_digital_design_lab_2025/lab_3/output_files/connect_four.fit.smsg.


