Analysis & Elaboration report for connect_four
Wed May 07 10:43:11 2025
Quartus Prime Version 18.1.0 Build 625 09/12/2018 SJ Lite Edition


---------------------
; Table of Contents ;
---------------------
  1. Legal Notice
  2. Analysis & Elaboration Summary
  3. Parallel Compilation
  4. Analysis & Elaboration IP Cores Summary
  5. Source assignments for sld_signaltap:auto_signaltap_0
  6. Parameter Settings for User Entity Instance: debounce:deboun_play_R
  7. Parameter Settings for User Entity Instance: debounce:deboun_play_P
  8. Parameter Settings for User Entity Instance: debounce:deboun_start
  9. Parameter Settings for User Entity Instance: debounce:deboun_po
 10. Parameter Settings for User Entity Instance: Mux:Mux_Player
 11. Parameter Settings for User Entity Instance: Counter:Count_Turn
 12. Parameter Settings for User Entity Instance: Counter:Count_Column
 13. Parameter Settings for User Entity Instance: Comparator:Comp_Column_Right
 14. Parameter Settings for User Entity Instance: Comparator:Comp_Column_Left
 15. Parameter Settings for User Entity Instance: Register:Reg_game_M
 16. Parameter Settings for User Entity Instance: Counter:Count_turn_time
 17. Parameter Settings for User Entity Instance: Comparator:Comp_count_turn_time
 18. Parameter Settings for User Entity Instance: Comparator:Comp_one_sec
 19. Parameter Settings for User Entity Instance: Counter:Count_seconds
 20. Parameter Settings for User Entity Instance: Counter:Count_Random
 21. Parameter Settings for User Entity Instance: Comparator:Compa_Random
 22. Parameter Settings for User Entity Instance: Register:Reg_Play
 23. Parameter Settings for User Entity Instance: Register:Reg_Select_Move
 24. Parameter Settings for User Entity Instance: Mux:Mux_Play
 25. Parameter Settings for User Entity Instance: Register:Reg_play_made
 26. Parameter Settings for User Entity Instance: Mux_31:Mux_display
 27. Parameter Settings for User Entity Instance: Vga_Controller:vga_inst
 28. Parameter Settings for User Entity Instance: Vga_Controller:vga_inst|Counter:count_y
 29. Parameter Settings for User Entity Instance: Vga_Controller:vga_inst|Counter:count_x
 30. Parameter Settings for User Entity Instance: Vga_Controller:vga_inst|Register:reg_x
 31. Parameter Settings for User Entity Instance: Vga_Controller:vga_inst|Register:reg_y
 32. Parameter Settings for User Entity Instance: Vga_Controller:vga_inst|Comparator:cmp_x
 33. Parameter Settings for User Entity Instance: Vga_Controller:vga_inst|Comparator:cmp_y
 34. Parameter Settings for Inferred Entity Instance: sld_signaltap:auto_signaltap_0
 35. Analysis & Elaboration Settings
 36. Port Connectivity Checks: "Vga_Controller:vga_inst|Comparator:cmp_y"
 37. Port Connectivity Checks: "Vga_Controller:vga_inst|Comparator:cmp_x"
 38. Port Connectivity Checks: "Vga_Controller:vga_inst|Register:reg_y"
 39. Port Connectivity Checks: "Vga_Controller:vga_inst|Register:reg_x"
 40. Port Connectivity Checks: "Vga_Controller:vga_inst|Counter:count_x"
 41. Port Connectivity Checks: "Vga_Controller:vga_inst|Counter:count_y"
 42. Port Connectivity Checks: "display_game_over:Display_Over|Win_p2_ROM:rom_p2"
 43. Port Connectivity Checks: "display_game_over:Display_Over|Win_p1_ROM:rom_p1"
 44. Port Connectivity Checks: "display_game_over:Display_Over"
 45. Port Connectivity Checks: "FSM:fsm_inst"
 46. Port Connectivity Checks: "Check_win:CW_Inst"
 47. Port Connectivity Checks: "Write_play:WP_inst"
 48. Port Connectivity Checks: "Mux:Mux_Play"
 49. Port Connectivity Checks: "Register:Reg_Play"
 50. Port Connectivity Checks: "Comparator:Compa_Random"
 51. Port Connectivity Checks: "Counter:Count_Random"
 52. Port Connectivity Checks: "Counter:Count_seconds"
 53. Port Connectivity Checks: "Comparator:Comp_one_sec"
 54. Port Connectivity Checks: "Comparator:Comp_count_turn_time"
 55. Port Connectivity Checks: "Counter:Count_turn_time"
 56. Port Connectivity Checks: "Comparator:Comp_Column_Left"
 57. Port Connectivity Checks: "Comparator:Comp_Column_Right"
 58. Port Connectivity Checks: "Counter:Count_Column"
 59. Port Connectivity Checks: "Counter:Count_Turn"
 60. Port Connectivity Checks: "Ps2_Key:ps2_inst"
 61. Signal Tap Logic Analyzer Settings
 62. Analysis & Elaboration Messages
 63. Analysis & Elaboration Suppressed Messages



----------------
; Legal Notice ;
----------------
Copyright (C) 2018  Intel Corporation. All rights reserved.
Your use of Intel Corporation's design tools, logic functions 
and other software and tools, and its AMPP partner logic 
functions, and any output files from any of the foregoing 
(including device programming or simulation files), and any 
associated documentation or information are expressly subject 
to the terms and conditions of the Intel Program License 
Subscription Agreement, the Intel Quartus Prime License Agreement,
the Intel FPGA IP License Agreement, or other applicable license
agreement, including, without limitation, that your use is for
the sole purpose of programming logic devices manufactured by
Intel and sold by Intel or its authorized distributors.  Please
refer to the applicable agreement for further details.



+-----------------------------------------------------------------------------+
; Analysis & Elaboration Summary                                              ;
+-------------------------------+---------------------------------------------+
; Analysis & Elaboration Status ; Successful - Wed May 07 10:43:11 2025       ;
; Quartus Prime Version         ; 18.1.0 Build 625 09/12/2018 SJ Lite Edition ;
; Revision Name                 ; connect_four                                ;
; Top-level Entity Name         ; connect_four                                ;
; Family                        ; Cyclone V                                   ;
; Logic utilization (in ALMs)   ; N/A until Partition Merge                   ;
; Total registers               ; N/A until Partition Merge                   ;
; Total pins                    ; N/A until Partition Merge                   ;
; Total virtual pins            ; N/A until Partition Merge                   ;
; Total block memory bits       ; N/A until Partition Merge                   ;
; Total PLLs                    ; N/A until Partition Merge                   ;
; Total DLLs                    ; N/A until Partition Merge                   ;
+-------------------------------+---------------------------------------------+


+------------------------------------------+
; Parallel Compilation                     ;
+----------------------------+-------------+
; Processors                 ; Number      ;
+----------------------------+-------------+
; Number detected on machine ; 8           ;
; Maximum allowed            ; 4           ;
;                            ;             ;
; Average used               ; 1.00        ;
; Maximum used               ; 1           ;
;                            ;             ;
; Usage by Processor         ; % Time Used ;
;     Processor 1            ; 100.0%      ;
+----------------------------+-------------+


+---------------------------------------------------------------------------------------------------------------------------------------------------------------------------------------------------------------------------------------------------------------------------------------------------------------------------------------------------------------------+
; Analysis & Elaboration IP Cores Summary                                                                                                                                                                                                                                                                                                                             ;
+--------+--------------+---------+--------------+--------------+-----------------------------------------------------------------------------------------------------------------------------------------------------------------------------------------------------------------------------------------------------------------------------------+-----------------+
; Vendor ; IP Core Name ; Version ; Release Date ; License Type ; Entity Instance                                                                                                                                                                                                                                                                   ; IP Include File ;
+--------+--------------+---------+--------------+--------------+-----------------------------------------------------------------------------------------------------------------------------------------------------------------------------------------------------------------------------------------------------------------------------------+-----------------+
; Altera ; Signal Tap   ; N/A     ; N/A          ; Licensed     ; |connect_four|sld_hub:auto_hub|alt_sld_fab_with_jtag_input:\instrumentation_fabric_with_node_gen:fabric_gen_new_way:with_jtag_input_gen:instrumentation_fabric|alt_sld_fab:instrumentation_fabric                                                                                 ;                 ;
; Altera ; Signal Tap   ; N/A     ; N/A          ; Licensed     ; |connect_four|sld_hub:auto_hub|alt_sld_fab_with_jtag_input:\instrumentation_fabric_with_node_gen:fabric_gen_new_way:with_jtag_input_gen:instrumentation_fabric|alt_sld_fab:instrumentation_fabric|alt_sld_fab_alt_sld_fab:alt_sld_fab                                             ;                 ;
; Altera ; Signal Tap   ; N/A     ; N/A          ; Licensed     ; |connect_four|sld_hub:auto_hub|alt_sld_fab_with_jtag_input:\instrumentation_fabric_with_node_gen:fabric_gen_new_way:with_jtag_input_gen:instrumentation_fabric|alt_sld_fab:instrumentation_fabric|alt_sld_fab_alt_sld_fab:alt_sld_fab|alt_sld_fab_alt_sld_fab_presplit:presplit   ;                 ;
; Altera ; Signal Tap   ; N/A     ; N/A          ; Licensed     ; |connect_four|sld_hub:auto_hub|alt_sld_fab_with_jtag_input:\instrumentation_fabric_with_node_gen:fabric_gen_new_way:with_jtag_input_gen:instrumentation_fabric|alt_sld_fab:instrumentation_fabric|alt_sld_fab_alt_sld_fab:alt_sld_fab|alt_sld_fab_alt_sld_fab_sldfabric:sldfabric ;                 ;
; Altera ; Signal Tap   ; N/A     ; N/A          ; Licensed     ; |connect_four|sld_hub:auto_hub|alt_sld_fab_with_jtag_input:\instrumentation_fabric_with_node_gen:fabric_gen_new_way:with_jtag_input_gen:instrumentation_fabric|alt_sld_fab:instrumentation_fabric|alt_sld_fab_alt_sld_fab:alt_sld_fab|alt_sld_fab_alt_sld_fab_splitter:splitter   ;                 ;
+--------+--------------+---------+--------------+--------------+-----------------------------------------------------------------------------------------------------------------------------------------------------------------------------------------------------------------------------------------------------------------------------------+-----------------+


+-------------------------------------------------------+
; Source assignments for sld_signaltap:auto_signaltap_0 ;
+-----------------+-------+------+----------------------+
; Assignment      ; Value ; From ; To                   ;
+-----------------+-------+------+----------------------+
; MESSAGE_DISABLE ; 13410 ; -    ; -                    ;
+-----------------+-------+------+----------------------+


+---------------------------------------------------------------------+
; Parameter Settings for User Entity Instance: debounce:deboun_play_R ;
+----------------+--------+-------------------------------------------+
; Parameter Name ; Value  ; Type                                      ;
+----------------+--------+-------------------------------------------+
; N              ; 800000 ; Signed Integer                            ;
+----------------+--------+-------------------------------------------+
Note: In order to hide this table in the UI and the text report file, please set the "Show Parameter Settings in Synthesis Report" option in "Analysis and Synthesis Settings -> More Settings" to "Off".


+---------------------------------------------------------------------+
; Parameter Settings for User Entity Instance: debounce:deboun_play_P ;
+----------------+--------+-------------------------------------------+
; Parameter Name ; Value  ; Type                                      ;
+----------------+--------+-------------------------------------------+
; N              ; 800000 ; Signed Integer                            ;
+----------------+--------+-------------------------------------------+
Note: In order to hide this table in the UI and the text report file, please set the "Show Parameter Settings in Synthesis Report" option in "Analysis and Synthesis Settings -> More Settings" to "Off".


+--------------------------------------------------------------------+
; Parameter Settings for User Entity Instance: debounce:deboun_start ;
+----------------+--------+------------------------------------------+
; Parameter Name ; Value  ; Type                                     ;
+----------------+--------+------------------------------------------+
; N              ; 800000 ; Signed Integer                           ;
+----------------+--------+------------------------------------------+
Note: In order to hide this table in the UI and the text report file, please set the "Show Parameter Settings in Synthesis Report" option in "Analysis and Synthesis Settings -> More Settings" to "Off".


+-----------------------------------------------------------------+
; Parameter Settings for User Entity Instance: debounce:deboun_po ;
+----------------+--------+---------------------------------------+
; Parameter Name ; Value  ; Type                                  ;
+----------------+--------+---------------------------------------+
; N              ; 800000 ; Signed Integer                        ;
+----------------+--------+---------------------------------------+
Note: In order to hide this table in the UI and the text report file, please set the "Show Parameter Settings in Synthesis Report" option in "Analysis and Synthesis Settings -> More Settings" to "Off".


+-------------------------------------------------------------+
; Parameter Settings for User Entity Instance: Mux:Mux_Player ;
+----------------+-------+------------------------------------+
; Parameter Name ; Value ; Type                               ;
+----------------+-------+------------------------------------+
; N              ; 3     ; Signed Integer                     ;
+----------------+-------+------------------------------------+
Note: In order to hide this table in the UI and the text report file, please set the "Show Parameter Settings in Synthesis Report" option in "Analysis and Synthesis Settings -> More Settings" to "Off".


+-----------------------------------------------------------------+
; Parameter Settings for User Entity Instance: Counter:Count_Turn ;
+----------------+-------+----------------------------------------+
; Parameter Name ; Value ; Type                                   ;
+----------------+-------+----------------------------------------+
; N              ; 1     ; Signed Integer                         ;
+----------------+-------+----------------------------------------+
Note: In order to hide this table in the UI and the text report file, please set the "Show Parameter Settings in Synthesis Report" option in "Analysis and Synthesis Settings -> More Settings" to "Off".


+-------------------------------------------------------------------+
; Parameter Settings for User Entity Instance: Counter:Count_Column ;
+----------------+-------+------------------------------------------+
; Parameter Name ; Value ; Type                                     ;
+----------------+-------+------------------------------------------+
; N              ; 3     ; Signed Integer                           ;
+----------------+-------+------------------------------------------+
Note: In order to hide this table in the UI and the text report file, please set the "Show Parameter Settings in Synthesis Report" option in "Analysis and Synthesis Settings -> More Settings" to "Off".


+---------------------------------------------------------------------------+
; Parameter Settings for User Entity Instance: Comparator:Comp_Column_Right ;
+----------------+-------+--------------------------------------------------+
; Parameter Name ; Value ; Type                                             ;
+----------------+-------+--------------------------------------------------+
; N              ; 3     ; Signed Integer                                   ;
+----------------+-------+--------------------------------------------------+
Note: In order to hide this table in the UI and the text report file, please set the "Show Parameter Settings in Synthesis Report" option in "Analysis and Synthesis Settings -> More Settings" to "Off".


+--------------------------------------------------------------------------+
; Parameter Settings for User Entity Instance: Comparator:Comp_Column_Left ;
+----------------+-------+-------------------------------------------------+
; Parameter Name ; Value ; Type                                            ;
+----------------+-------+-------------------------------------------------+
; N              ; 3     ; Signed Integer                                  ;
+----------------+-------+-------------------------------------------------+
Note: In order to hide this table in the UI and the text report file, please set the "Show Parameter Settings in Synthesis Report" option in "Analysis and Synthesis Settings -> More Settings" to "Off".


+------------------------------------------------------------------+
; Parameter Settings for User Entity Instance: Register:Reg_game_M ;
+----------------+-------+-----------------------------------------+
; Parameter Name ; Value ; Type                                    ;
+----------------+-------+-----------------------------------------+
; N              ; 84    ; Signed Integer                          ;
+----------------+-------+-----------------------------------------+
Note: In order to hide this table in the UI and the text report file, please set the "Show Parameter Settings in Synthesis Report" option in "Analysis and Synthesis Settings -> More Settings" to "Off".


+----------------------------------------------------------------------+
; Parameter Settings for User Entity Instance: Counter:Count_turn_time ;
+----------------+-------+---------------------------------------------+
; Parameter Name ; Value ; Type                                        ;
+----------------+-------+---------------------------------------------+
; N              ; 28    ; Signed Integer                              ;
+----------------+-------+---------------------------------------------+
Note: In order to hide this table in the UI and the text report file, please set the "Show Parameter Settings in Synthesis Report" option in "Analysis and Synthesis Settings -> More Settings" to "Off".


+------------------------------------------------------------------------------+
; Parameter Settings for User Entity Instance: Comparator:Comp_count_turn_time ;
+----------------+-------+-----------------------------------------------------+
; Parameter Name ; Value ; Type                                                ;
+----------------+-------+-----------------------------------------------------+
; N              ; 28    ; Signed Integer                                      ;
+----------------+-------+-----------------------------------------------------+
Note: In order to hide this table in the UI and the text report file, please set the "Show Parameter Settings in Synthesis Report" option in "Analysis and Synthesis Settings -> More Settings" to "Off".


+----------------------------------------------------------------------+
; Parameter Settings for User Entity Instance: Comparator:Comp_one_sec ;
+----------------+-------+---------------------------------------------+
; Parameter Name ; Value ; Type                                        ;
+----------------+-------+---------------------------------------------+
; N              ; 28    ; Signed Integer                              ;
+----------------+-------+---------------------------------------------+
Note: In order to hide this table in the UI and the text report file, please set the "Show Parameter Settings in Synthesis Report" option in "Analysis and Synthesis Settings -> More Settings" to "Off".


+--------------------------------------------------------------------+
; Parameter Settings for User Entity Instance: Counter:Count_seconds ;
+----------------+-------+-------------------------------------------+
; Parameter Name ; Value ; Type                                      ;
+----------------+-------+-------------------------------------------+
; N              ; 4     ; Signed Integer                            ;
+----------------+-------+-------------------------------------------+
Note: In order to hide this table in the UI and the text report file, please set the "Show Parameter Settings in Synthesis Report" option in "Analysis and Synthesis Settings -> More Settings" to "Off".


+-------------------------------------------------------------------+
; Parameter Settings for User Entity Instance: Counter:Count_Random ;
+----------------+-------+------------------------------------------+
; Parameter Name ; Value ; Type                                     ;
+----------------+-------+------------------------------------------+
; N              ; 3     ; Signed Integer                           ;
+----------------+-------+------------------------------------------+
Note: In order to hide this table in the UI and the text report file, please set the "Show Parameter Settings in Synthesis Report" option in "Analysis and Synthesis Settings -> More Settings" to "Off".


+----------------------------------------------------------------------+
; Parameter Settings for User Entity Instance: Comparator:Compa_Random ;
+----------------+-------+---------------------------------------------+
; Parameter Name ; Value ; Type                                        ;
+----------------+-------+---------------------------------------------+
; N              ; 3     ; Signed Integer                              ;
+----------------+-------+---------------------------------------------+
Note: In order to hide this table in the UI and the text report file, please set the "Show Parameter Settings in Synthesis Report" option in "Analysis and Synthesis Settings -> More Settings" to "Off".


+----------------------------------------------------------------+
; Parameter Settings for User Entity Instance: Register:Reg_Play ;
+----------------+-------+---------------------------------------+
; Parameter Name ; Value ; Type                                  ;
+----------------+-------+---------------------------------------+
; N              ; 4     ; Signed Integer                        ;
+----------------+-------+---------------------------------------+
Note: In order to hide this table in the UI and the text report file, please set the "Show Parameter Settings in Synthesis Report" option in "Analysis and Synthesis Settings -> More Settings" to "Off".


+-----------------------------------------------------------------------+
; Parameter Settings for User Entity Instance: Register:Reg_Select_Move ;
+----------------+-------+----------------------------------------------+
; Parameter Name ; Value ; Type                                         ;
+----------------+-------+----------------------------------------------+
; N              ; 1     ; Signed Integer                               ;
+----------------+-------+----------------------------------------------+
Note: In order to hide this table in the UI and the text report file, please set the "Show Parameter Settings in Synthesis Report" option in "Analysis and Synthesis Settings -> More Settings" to "Off".


+-----------------------------------------------------------+
; Parameter Settings for User Entity Instance: Mux:Mux_Play ;
+----------------+-------+----------------------------------+
; Parameter Name ; Value ; Type                             ;
+----------------+-------+----------------------------------+
; N              ; 4     ; Signed Integer                   ;
+----------------+-------+----------------------------------+
Note: In order to hide this table in the UI and the text report file, please set the "Show Parameter Settings in Synthesis Report" option in "Analysis and Synthesis Settings -> More Settings" to "Off".


+---------------------------------------------------------------------+
; Parameter Settings for User Entity Instance: Register:Reg_play_made ;
+----------------+-------+--------------------------------------------+
; Parameter Name ; Value ; Type                                       ;
+----------------+-------+--------------------------------------------+
; N              ; 7     ; Signed Integer                             ;
+----------------+-------+--------------------------------------------+
Note: In order to hide this table in the UI and the text report file, please set the "Show Parameter Settings in Synthesis Report" option in "Analysis and Synthesis Settings -> More Settings" to "Off".


+-----------------------------------------------------------------+
; Parameter Settings for User Entity Instance: Mux_31:Mux_display ;
+----------------+-------+----------------------------------------+
; Parameter Name ; Value ; Type                                   ;
+----------------+-------+----------------------------------------+
; N              ; 24    ; Signed Integer                         ;
+----------------+-------+----------------------------------------+
Note: In order to hide this table in the UI and the text report file, please set the "Show Parameter Settings in Synthesis Report" option in "Analysis and Synthesis Settings -> More Settings" to "Off".


+----------------------------------------------------------------------+
; Parameter Settings for User Entity Instance: Vga_Controller:vga_inst ;
+----------------+------------+----------------------------------------+
; Parameter Name ; Value      ; Type                                   ;
+----------------+------------+----------------------------------------+
; N              ; 8          ; Signed Integer                         ;
; H_Va           ; 1010000000 ; Unsigned Binary                        ;
; H_FP           ; 0000010000 ; Unsigned Binary                        ;
; H_SycP         ; 0001100000 ; Unsigned Binary                        ;
; H_BckP         ; 0000110000 ; Unsigned Binary                        ;
; H_Total        ; 1100100000 ; Unsigned Binary                        ;
; V_Va           ; 0111100000 ; Unsigned Binary                        ;
; V_FP           ; 0000001010 ; Unsigned Binary                        ;
; V_SycP         ; 0000000010 ; Unsigned Binary                        ;
; V_BckP         ; 0000100001 ; Unsigned Binary                        ;
; V_Total        ; 1000001101 ; Unsigned Binary                        ;
+----------------+------------+----------------------------------------+
Note: In order to hide this table in the UI and the text report file, please set the "Show Parameter Settings in Synthesis Report" option in "Analysis and Synthesis Settings -> More Settings" to "Off".


+--------------------------------------------------------------------------------------+
; Parameter Settings for User Entity Instance: Vga_Controller:vga_inst|Counter:count_y ;
+----------------+-------+-------------------------------------------------------------+
; Parameter Name ; Value ; Type                                                        ;
+----------------+-------+-------------------------------------------------------------+
; N              ; 10    ; Signed Integer                                              ;
+----------------+-------+-------------------------------------------------------------+
Note: In order to hide this table in the UI and the text report file, please set the "Show Parameter Settings in Synthesis Report" option in "Analysis and Synthesis Settings -> More Settings" to "Off".


+--------------------------------------------------------------------------------------+
; Parameter Settings for User Entity Instance: Vga_Controller:vga_inst|Counter:count_x ;
+----------------+-------+-------------------------------------------------------------+
; Parameter Name ; Value ; Type                                                        ;
+----------------+-------+-------------------------------------------------------------+
; N              ; 10    ; Signed Integer                                              ;
+----------------+-------+-------------------------------------------------------------+
Note: In order to hide this table in the UI and the text report file, please set the "Show Parameter Settings in Synthesis Report" option in "Analysis and Synthesis Settings -> More Settings" to "Off".


+-------------------------------------------------------------------------------------+
; Parameter Settings for User Entity Instance: Vga_Controller:vga_inst|Register:reg_x ;
+----------------+-------+------------------------------------------------------------+
; Parameter Name ; Value ; Type                                                       ;
+----------------+-------+------------------------------------------------------------+
; N              ; 10    ; Signed Integer                                             ;
+----------------+-------+------------------------------------------------------------+
Note: In order to hide this table in the UI and the text report file, please set the "Show Parameter Settings in Synthesis Report" option in "Analysis and Synthesis Settings -> More Settings" to "Off".


+-------------------------------------------------------------------------------------+
; Parameter Settings for User Entity Instance: Vga_Controller:vga_inst|Register:reg_y ;
+----------------+-------+------------------------------------------------------------+
; Parameter Name ; Value ; Type                                                       ;
+----------------+-------+------------------------------------------------------------+
; N              ; 10    ; Signed Integer                                             ;
+----------------+-------+------------------------------------------------------------+
Note: In order to hide this table in the UI and the text report file, please set the "Show Parameter Settings in Synthesis Report" option in "Analysis and Synthesis Settings -> More Settings" to "Off".


+---------------------------------------------------------------------------------------+
; Parameter Settings for User Entity Instance: Vga_Controller:vga_inst|Comparator:cmp_x ;
+----------------+-------+--------------------------------------------------------------+
; Parameter Name ; Value ; Type                                                         ;
+----------------+-------+--------------------------------------------------------------+
; N              ; 10    ; Signed Integer                                               ;
+----------------+-------+--------------------------------------------------------------+
Note: In order to hide this table in the UI and the text report file, please set the "Show Parameter Settings in Synthesis Report" option in "Analysis and Synthesis Settings -> More Settings" to "Off".


+---------------------------------------------------------------------------------------+
; Parameter Settings for User Entity Instance: Vga_Controller:vga_inst|Comparator:cmp_y ;
+----------------+-------+--------------------------------------------------------------+
; Parameter Name ; Value ; Type                                                         ;
+----------------+-------+--------------------------------------------------------------+
; N              ; 10    ; Signed Integer                                               ;
+----------------+-------+--------------------------------------------------------------+
Note: In order to hide this table in the UI and the text report file, please set the "Show Parameter Settings in Synthesis Report" option in "Analysis and Synthesis Settings -> More Settings" to "Off".


+------------------------------------------------------------------------------------------------------------------------+
; Parameter Settings for Inferred Entity Instance: sld_signaltap:auto_signaltap_0                                        ;
+-------------------------------------------------+-----------------------------------------------------+----------------+
; Parameter Name                                  ; Value                                               ; Type           ;
+-------------------------------------------------+-----------------------------------------------------+----------------+
; lpm_type                                        ; sld_signaltap                                       ; String         ;
; sld_node_info                                   ; 805334528                                           ; Untyped        ;
; SLD_SECTION_ID                                  ; hdl_signaltap_0                                     ; String         ;
; SLD_IP_VERSION                                  ; 6                                                   ; Signed Integer ;
; SLD_IP_MINOR_VERSION                            ; 0                                                   ; Signed Integer ;
; SLD_COMMON_IP_VERSION                           ; 0                                                   ; Signed Integer ;
; sld_data_bits                                   ; 10                                                  ; Untyped        ;
; sld_trigger_bits                                ; 10                                                  ; Untyped        ;
; SLD_NODE_CRC_BITS                               ; 32                                                  ; Signed Integer ;
; SLD_NODE_CRC_HIWORD                             ; 41394                                               ; Signed Integer ;
; SLD_NODE_CRC_LOWORD                             ; 50132                                               ; Signed Integer ;
; sld_incremental_routing                         ; 1                                                   ; Untyped        ;
; sld_sample_depth                                ; 128                                                 ; Untyped        ;
; sld_segment_size                                ; 128                                                 ; Untyped        ;
; sld_ram_block_type                              ; AUTO                                                ; Untyped        ;
; sld_state_bits                                  ; 11                                                  ; Untyped        ;
; sld_buffer_full_stop                            ; 1                                                   ; Untyped        ;
; SLD_MEM_ADDRESS_BITS                            ; 7                                                   ; Signed Integer ;
; SLD_DATA_BIT_CNTR_BITS                          ; 4                                                   ; Signed Integer ;
; sld_trigger_level                               ; 1                                                   ; Untyped        ;
; sld_trigger_in_enabled                          ; 0                                                   ; Untyped        ;
; SLD_HPS_TRIGGER_IN_ENABLED                      ; 0                                                   ; Signed Integer ;
; SLD_HPS_TRIGGER_OUT_ENABLED                     ; 0                                                   ; Signed Integer ;
; SLD_HPS_EVENT_ENABLED                           ; 0                                                   ; Signed Integer ;
; SLD_HPS_EVENT_ID                                ; 0                                                   ; Signed Integer ;
; sld_advanced_trigger_entity                     ; basic,1,                                            ; Untyped        ;
; sld_trigger_level_pipeline                      ; 1                                                   ; Untyped        ;
; sld_trigger_pipeline                            ; 0                                                   ; Untyped        ;
; sld_ram_pipeline                                ; 0                                                   ; Untyped        ;
; sld_counter_pipeline                            ; 0                                                   ; Untyped        ;
; sld_enable_advanced_trigger                     ; 0                                                   ; Untyped        ;
; SLD_ADVANCED_TRIGGER_1                          ; NONE                                                ; String         ;
; SLD_ADVANCED_TRIGGER_2                          ; NONE                                                ; String         ;
; SLD_ADVANCED_TRIGGER_3                          ; NONE                                                ; String         ;
; SLD_ADVANCED_TRIGGER_4                          ; NONE                                                ; String         ;
; SLD_ADVANCED_TRIGGER_5                          ; NONE                                                ; String         ;
; SLD_ADVANCED_TRIGGER_6                          ; NONE                                                ; String         ;
; SLD_ADVANCED_TRIGGER_7                          ; NONE                                                ; String         ;
; SLD_ADVANCED_TRIGGER_8                          ; NONE                                                ; String         ;
; SLD_ADVANCED_TRIGGER_9                          ; NONE                                                ; String         ;
; SLD_ADVANCED_TRIGGER_10                         ; NONE                                                ; String         ;
; sld_inversion_mask_length                       ; 51                                                  ; Untyped        ;
; sld_inversion_mask                              ; 000000000000000000000000000000000000000000000000000 ; Untyped        ;
; sld_power_up_trigger                            ; 0                                                   ; Untyped        ;
; SLD_STATE_FLOW_MGR_ENTITY                       ; state_flow_mgr_entity.vhd                           ; String         ;
; sld_state_flow_use_generated                    ; 0                                                   ; Untyped        ;
; sld_current_resource_width                      ; 1                                                   ; Untyped        ;
; sld_attribute_mem_mode                          ; OFF                                                 ; Untyped        ;
; sld_storage_qualifier_bits                      ; 10                                                  ; Untyped        ;
; SLD_STORAGE_QUALIFIER_GAP_RECORD                ; 0                                                   ; Signed Integer ;
; SLD_STORAGE_QUALIFIER_MODE                      ; OFF                                                 ; String         ;
; SLD_STORAGE_QUALIFIER_ENABLE_ADVANCED_CONDITION ; 0                                                   ; Signed Integer ;
; sld_storage_qualifier_inversion_mask_length     ; 0                                                   ; Untyped        ;
; SLD_STORAGE_QUALIFIER_ADVANCED_CONDITION_ENTITY ; basic                                               ; String         ;
; SLD_STORAGE_QUALIFIER_PIPELINE                  ; 0                                                   ; Signed Integer ;
; SLD_CREATE_MONITOR_INTERFACE                    ; 0                                                   ; Signed Integer ;
; SLD_USE_JTAG_SIGNAL_ADAPTER                     ; 1                                                   ; Signed Integer ;
+-------------------------------------------------+-----------------------------------------------------+----------------+
Note: In order to hide this table in the UI and the text report file, please set the "Show Parameter Settings in Synthesis Report" option in "Analysis and Synthesis Settings -> More Settings" to "Off".


+---------------------------------------------------------------------------------------------------------------------------+
; Analysis & Elaboration Settings                                                                                           ;
+---------------------------------------------------------------------------------+--------------------+--------------------+
; Option                                                                          ; Setting            ; Default Value      ;
+---------------------------------------------------------------------------------+--------------------+--------------------+
; Device                                                                          ; 5CSXFC6D6F31C6     ;                    ;
; Top-level entity name                                                           ; connect_four       ; connect_four       ;
; Family name                                                                     ; Cyclone V          ; Cyclone V          ;
; Use smart compilation                                                           ; Off                ; Off                ;
; Enable parallel Assembler and Timing Analyzer during compilation                ; On                 ; On                 ;
; Enable compact report table                                                     ; Off                ; Off                ;
; Restructure Multiplexers                                                        ; Auto               ; Auto               ;
; MLAB Add Timing Constraints For Mixed-Port Feed-Through Mode Setting Don't Care ; Off                ; Off                ;
; Create Debugging Nodes for IP Cores                                             ; Off                ; Off                ;
; Preserve fewer node names                                                       ; On                 ; On                 ;
; Intel FPGA IP Evaluation Mode                                                   ; Enable             ; Enable             ;
; Verilog Version                                                                 ; Verilog_2001       ; Verilog_2001       ;
; VHDL Version                                                                    ; VHDL_1993          ; VHDL_1993          ;
; State Machine Processing                                                        ; Auto               ; Auto               ;
; Safe State Machine                                                              ; Off                ; Off                ;
; Extract Verilog State Machines                                                  ; On                 ; On                 ;
; Extract VHDL State Machines                                                     ; On                 ; On                 ;
; Ignore Verilog initial constructs                                               ; Off                ; Off                ;
; Iteration limit for constant Verilog loops                                      ; 5000               ; 5000               ;
; Iteration limit for non-constant Verilog loops                                  ; 250                ; 250                ;
; Add Pass-Through Logic to Inferred RAMs                                         ; On                 ; On                 ;
; Infer RAMs from Raw Logic                                                       ; On                 ; On                 ;
; Parallel Synthesis                                                              ; On                 ; On                 ;
; DSP Block Balancing                                                             ; Auto               ; Auto               ;
; NOT Gate Push-Back                                                              ; On                 ; On                 ;
; Power-Up Don't Care                                                             ; On                 ; On                 ;
; Remove Redundant Logic Cells                                                    ; Off                ; Off                ;
; Remove Duplicate Registers                                                      ; On                 ; On                 ;
; Ignore CARRY Buffers                                                            ; Off                ; Off                ;
; Ignore CASCADE Buffers                                                          ; Off                ; Off                ;
; Ignore GLOBAL Buffers                                                           ; Off                ; Off                ;
; Ignore ROW GLOBAL Buffers                                                       ; Off                ; Off                ;
; Ignore LCELL Buffers                                                            ; Off                ; Off                ;
; Ignore SOFT Buffers                                                             ; On                 ; On                 ;
; Limit AHDL Integers to 32 Bits                                                  ; Off                ; Off                ;
; Optimization Technique                                                          ; Balanced           ; Balanced           ;
; Carry Chain Length                                                              ; 70                 ; 70                 ;
; Auto Carry Chains                                                               ; On                 ; On                 ;
; Auto Open-Drain Pins                                                            ; On                 ; On                 ;
; Perform WYSIWYG Primitive Resynthesis                                           ; Off                ; Off                ;
; Auto ROM Replacement                                                            ; On                 ; On                 ;
; Auto RAM Replacement                                                            ; On                 ; On                 ;
; Auto DSP Block Replacement                                                      ; On                 ; On                 ;
; Auto Shift Register Replacement                                                 ; Auto               ; Auto               ;
; Allow Shift Register Merging across Hierarchies                                 ; Auto               ; Auto               ;
; Auto Clock Enable Replacement                                                   ; On                 ; On                 ;
; Strict RAM Replacement                                                          ; Off                ; Off                ;
; Allow Synchronous Control Signals                                               ; On                 ; On                 ;
; Force Use of Synchronous Clear Signals                                          ; Off                ; Off                ;
; Auto Resource Sharing                                                           ; Off                ; Off                ;
; Allow Any RAM Size For Recognition                                              ; Off                ; Off                ;
; Allow Any ROM Size For Recognition                                              ; Off                ; Off                ;
; Allow Any Shift Register Size For Recognition                                   ; Off                ; Off                ;
; Use LogicLock Constraints during Resource Balancing                             ; On                 ; On                 ;
; Ignore translate_off and synthesis_off directives                               ; Off                ; Off                ;
; Timing-Driven Synthesis                                                         ; On                 ; On                 ;
; Report Parameter Settings                                                       ; On                 ; On                 ;
; Report Source Assignments                                                       ; On                 ; On                 ;
; Report Connectivity Checks                                                      ; On                 ; On                 ;
; Ignore Maximum Fan-Out Assignments                                              ; Off                ; Off                ;
; Synchronization Register Chain Length                                           ; 3                  ; 3                  ;
; Power Optimization During Synthesis                                             ; Normal compilation ; Normal compilation ;
; HDL message level                                                               ; Level2             ; Level2             ;
; Suppress Register Optimization Related Messages                                 ; Off                ; Off                ;
; Number of Removed Registers Reported in Synthesis Report                        ; 5000               ; 5000               ;
; Number of Swept Nodes Reported in Synthesis Report                              ; 5000               ; 5000               ;
; Number of Inverted Registers Reported in Synthesis Report                       ; 100                ; 100                ;
; Clock MUX Protection                                                            ; On                 ; On                 ;
; Auto Gated Clock Conversion                                                     ; Off                ; Off                ;
; Block Design Naming                                                             ; Auto               ; Auto               ;
; SDC constraint protection                                                       ; Off                ; Off                ;
; Synthesis Effort                                                                ; Auto               ; Auto               ;
; Shift Register Replacement - Allow Asynchronous Clear Signal                    ; On                 ; On                 ;
; Pre-Mapping Resynthesis Optimization                                            ; Off                ; Off                ;
; Analysis & Synthesis Message Level                                              ; Medium             ; Medium             ;
; Disable Register Merging Across Hierarchies                                     ; Auto               ; Auto               ;
; Resource Aware Inference For Block RAM                                          ; On                 ; On                 ;
; Automatic Parallel Synthesis                                                    ; On                 ; On                 ;
; Partial Reconfiguration Bitstream ID                                            ; Off                ; Off                ;
+---------------------------------------------------------------------------------+--------------------+--------------------+


+----------------------------------------------------------------------+
; Port Connectivity Checks: "Vga_Controller:vga_inst|Comparator:cmp_y" ;
+---------+-------+----------+-----------------------------------------+
; Port    ; Type  ; Severity ; Details                                 ;
+---------+-------+----------+-----------------------------------------+
; B[3..2] ; Input ; Info     ; Stuck at VCC                            ;
; B[8..4] ; Input ; Info     ; Stuck at GND                            ;
; B[9]    ; Input ; Info     ; Stuck at VCC                            ;
; B[1]    ; Input ; Info     ; Stuck at GND                            ;
; B[0]    ; Input ; Info     ; Stuck at VCC                            ;
+---------+-------+----------+-----------------------------------------+


+----------------------------------------------------------------------+
; Port Connectivity Checks: "Vga_Controller:vga_inst|Comparator:cmp_x" ;
+---------+-------+----------+-----------------------------------------+
; Port    ; Type  ; Severity ; Details                                 ;
+---------+-------+----------+-----------------------------------------+
; B[9..8] ; Input ; Info     ; Stuck at VCC                            ;
; B[7..6] ; Input ; Info     ; Stuck at GND                            ;
; B[4..0] ; Input ; Info     ; Stuck at GND                            ;
; B[5]    ; Input ; Info     ; Stuck at VCC                            ;
+---------+-------+----------+-----------------------------------------+


+--------------------------------------------------------------------+
; Port Connectivity Checks: "Vga_Controller:vga_inst|Register:reg_y" ;
+------+-------+----------+------------------------------------------+
; Port ; Type  ; Severity ; Details                                  ;
+------+-------+----------+------------------------------------------+
; en   ; Input ; Info     ; Stuck at VCC                             ;
+------+-------+----------+------------------------------------------+


+--------------------------------------------------------------------+
; Port Connectivity Checks: "Vga_Controller:vga_inst|Register:reg_x" ;
+------+-------+----------+------------------------------------------+
; Port ; Type  ; Severity ; Details                                  ;
+------+-------+----------+------------------------------------------+
; en   ; Input ; Info     ; Stuck at VCC                             ;
+------+-------+----------+------------------------------------------+


+---------------------------------------------------------------------+
; Port Connectivity Checks: "Vga_Controller:vga_inst|Counter:count_x" ;
+------+-------+----------+-------------------------------------------+
; Port ; Type  ; Severity ; Details                                   ;
+------+-------+----------+-------------------------------------------+
; en   ; Input ; Info     ; Stuck at VCC                              ;
; mode ; Input ; Info     ; Stuck at VCC                              ;
+------+-------+----------+-------------------------------------------+


+---------------------------------------------------------------------+
; Port Connectivity Checks: "Vga_Controller:vga_inst|Counter:count_y" ;
+------+-------+----------+-------------------------------------------+
; Port ; Type  ; Severity ; Details                                   ;
+------+-------+----------+-------------------------------------------+
; mode ; Input ; Info     ; Stuck at VCC                              ;
+------+-------+----------+-------------------------------------------+


+----------------------------------------------------------------------------------------------------------------------------------------------------------------------------+
; Port Connectivity Checks: "display_game_over:Display_Over|Win_p2_ROM:rom_p2"                                                                                               ;
+------+-------+----------+--------------------------------------------------------------------------------------------------------------------------------------------------+
; Port ; Type  ; Severity ; Details                                                                                                                                          ;
+------+-------+----------+--------------------------------------------------------------------------------------------------------------------------------------------------+
; addr ; Input ; Warning  ; Input port expression (14 bits) is smaller than the input port (16 bits) it drives.  Extra input bit(s) "addr[15..14]" will be connected to GND. ;
+------+-------+----------+--------------------------------------------------------------------------------------------------------------------------------------------------+


+----------------------------------------------------------------------------------------------------------------------------------------------------------------------------+
; Port Connectivity Checks: "display_game_over:Display_Over|Win_p1_ROM:rom_p1"                                                                                               ;
+------+-------+----------+--------------------------------------------------------------------------------------------------------------------------------------------------+
; Port ; Type  ; Severity ; Details                                                                                                                                          ;
+------+-------+----------+--------------------------------------------------------------------------------------------------------------------------------------------------+
; addr ; Input ; Warning  ; Input port expression (14 bits) is smaller than the input port (16 bits) it drives.  Extra input bit(s) "addr[15..14]" will be connected to GND. ;
+------+-------+----------+--------------------------------------------------------------------------------------------------------------------------------------------------+


+--------------------------------------------------------------------------------------------------------------------------------------------------------------------------+
; Port Connectivity Checks: "display_game_over:Display_Over"                                                                                                               ;
+--------+-------+----------+----------------------------------------------------------------------------------------------------------------------------------------------+
; Port   ; Type  ; Severity ; Details                                                                                                                                      ;
+--------+-------+----------+----------------------------------------------------------------------------------------------------------------------------------------------+
; column ; Input ; Warning  ; Declared by entity but not connected by instance. If a default value exists, it will be used.  Otherwise, the port will be connected to GND. ;
+--------+-------+----------+----------------------------------------------------------------------------------------------------------------------------------------------+


+------------------------------------------------------------------------------------------------------------------------------------------------------------------------+
; Port Connectivity Checks: "FSM:fsm_inst"                                                                                                                               ;
+-------------------+--------+----------+--------------------------------------------------------------------------------------------------------------------------------+
; Port              ; Type   ; Severity ; Details                                                                                                                        ;
+-------------------+--------+----------+--------------------------------------------------------------------------------------------------------------------------------+
; rst_turn          ; Output ; Info     ; Connected to dangling logic. Logic that only feeds a dangling port will be removed.                                            ;
; rst_game          ; Output ; Info     ; Connected to dangling logic. Logic that only feeds a dangling port will be removed.                                            ;
; mode_count_column ; Output ; Info     ; Connected to dangling logic. Logic that only feeds a dangling port will be removed.                                            ;
; state_debug       ; Output ; Warning  ; Output or bidir port (4 bits) is wider than the port expression (1 bits) it drives; bit(s) "state_debug[3..1]" have no fanouts ;
; state_debug       ; Output ; Info     ; Connected to dangling logic. Logic that only feeds a dangling port will be removed.                                            ;
+-------------------+--------+----------+--------------------------------------------------------------------------------------------------------------------------------+


+----------------------------------------------------------------------------------------------------------------------+
; Port Connectivity Checks: "Check_win:CW_Inst"                                                                        ;
+------------+--------+----------+-------------------------------------------------------------------------------------+
; Port       ; Type   ; Severity ; Details                                                                             ;
+------------+--------+----------+-------------------------------------------------------------------------------------+
; win_length ; Output ; Info     ; Connected to dangling logic. Logic that only feeds a dangling port will be removed. ;
+------------+--------+----------+-------------------------------------------------------------------------------------+


+------------------------------------------------------------------------------------------------------------------------------------------------------------------------------------------------------------+
; Port Connectivity Checks: "Write_play:WP_inst"                                                                                                                                                             ;
+------+-------+----------+----------------------------------------------------------------------------------------------------------------------------------------------------------------------------------+
; Port ; Type  ; Severity ; Details                                                                                                                                                                          ;
+------+-------+----------+----------------------------------------------------------------------------------------------------------------------------------------------------------------------------------+
; play ; Input ; Warning  ; Input port expression (5 bits) is wider than the input port (4 bits) it drives.  The 1 most-significant bit(s) in the expression will be dangling if they have no other fanouts. ;
+------+-------+----------+----------------------------------------------------------------------------------------------------------------------------------------------------------------------------------+


+-------------------------------------------------------------------------------------------------------------------------------------------------------------------------------------------------------------+
; Port Connectivity Checks: "Mux:Mux_Play"                                                                                                                                                                    ;
+------+--------+----------+----------------------------------------------------------------------------------------------------------------------------------------------------------------------------------+
; Port ; Type   ; Severity ; Details                                                                                                                                                                          ;
+------+--------+----------+----------------------------------------------------------------------------------------------------------------------------------------------------------------------------------+
; A    ; Input  ; Warning  ; Input port expression (5 bits) is wider than the input port (4 bits) it drives.  The 1 most-significant bit(s) in the expression will be dangling if they have no other fanouts. ;
; C    ; Output ; Warning  ; Output or bidir port (4 bits) is smaller than the port expression (5 bits) it drives.  The 1 most-significant bit(s) in the port expression will be connected to GND.            ;
+------+--------+----------+----------------------------------------------------------------------------------------------------------------------------------------------------------------------------------+


+--------------------------------------------------------------------------------------------------------------------------------------------------------------------------------------------------+
; Port Connectivity Checks: "Register:Reg_Play"                                                                                                                                                    ;
+------+--------+----------+-----------------------------------------------------------------------------------------------------------------------------------------------------------------------+
; Port ; Type   ; Severity ; Details                                                                                                                                                               ;
+------+--------+----------+-----------------------------------------------------------------------------------------------------------------------------------------------------------------------+
; Q    ; Output ; Warning  ; Output or bidir port (4 bits) is smaller than the port expression (5 bits) it drives.  The 1 most-significant bit(s) in the port expression will be connected to GND. ;
+------+--------+----------+-----------------------------------------------------------------------------------------------------------------------------------------------------------------------+


+-----------------------------------------------------+
; Port Connectivity Checks: "Comparator:Compa_Random" ;
+------+-------+----------+---------------------------+
; Port ; Type  ; Severity ; Details                   ;
+------+-------+----------+---------------------------+
; B    ; Input ; Info     ; Stuck at VCC              ;
+------+-------+----------+---------------------------+


+--------------------------------------------------+
; Port Connectivity Checks: "Counter:Count_Random" ;
+------+-------+----------+------------------------+
; Port ; Type  ; Severity ; Details                ;
+------+-------+----------+------------------------+
; mode ; Input ; Info     ; Stuck at VCC           ;
+------+-------+----------+------------------------+


+---------------------------------------------------+
; Port Connectivity Checks: "Counter:Count_seconds" ;
+------+-------+----------+-------------------------+
; Port ; Type  ; Severity ; Details                 ;
+------+-------+----------+-------------------------+
; mode ; Input ; Info     ; Stuck at VCC            ;
+------+-------+----------+-------------------------+


+--------------------------------------------------------------------------------------------------------------------------------------------------------------------------------------------------------------+
; Port Connectivity Checks: "Comparator:Comp_one_sec"                                                                                                                                                          ;
+------+-------+----------+------------------------------------------------------------------------------------------------------------------------------------------------------------------------------------+
; Port ; Type  ; Severity ; Details                                                                                                                                                                            ;
+------+-------+----------+------------------------------------------------------------------------------------------------------------------------------------------------------------------------------------+
; B    ; Input ; Warning  ; Input port expression (32 bits) is wider than the input port (28 bits) it drives.  The 4 most-significant bit(s) in the expression will be dangling if they have no other fanouts. ;
+------+-------+----------+------------------------------------------------------------------------------------------------------------------------------------------------------------------------------------+


+-------------------------------------------------------------+
; Port Connectivity Checks: "Comparator:Comp_count_turn_time" ;
+-----------+-------+----------+------------------------------+
; Port      ; Type  ; Severity ; Details                      ;
+-----------+-------+----------+------------------------------+
; B[27..25] ; Input ; Info     ; Stuck at VCC                 ;
; B[23..21] ; Input ; Info     ; Stuck at VCC                 ;
; B[18..17] ; Input ; Info     ; Stuck at VCC                 ;
; B[13..12] ; Input ; Info     ; Stuck at VCC                 ;
; B[20..19] ; Input ; Info     ; Stuck at GND                 ;
; B[11..10] ; Input ; Info     ; Stuck at GND                 ;
; B[6..0]   ; Input ; Info     ; Stuck at GND                 ;
; B[24]     ; Input ; Info     ; Stuck at GND                 ;
; B[16]     ; Input ; Info     ; Stuck at GND                 ;
; B[15]     ; Input ; Info     ; Stuck at VCC                 ;
; B[14]     ; Input ; Info     ; Stuck at GND                 ;
; B[9]      ; Input ; Info     ; Stuck at VCC                 ;
; B[8]      ; Input ; Info     ; Stuck at GND                 ;
; B[7]      ; Input ; Info     ; Stuck at VCC                 ;
+-----------+-------+----------+------------------------------+


+-----------------------------------------------------+
; Port Connectivity Checks: "Counter:Count_turn_time" ;
+------+-------+----------+---------------------------+
; Port ; Type  ; Severity ; Details                   ;
+------+-------+----------+---------------------------+
; mode ; Input ; Info     ; Stuck at VCC              ;
+------+-------+----------+---------------------------+


+---------------------------------------------------------+
; Port Connectivity Checks: "Comparator:Comp_Column_Left" ;
+------+-------+----------+-------------------------------+
; Port ; Type  ; Severity ; Details                       ;
+------+-------+----------+-------------------------------+
; B    ; Input ; Info     ; Stuck at GND                  ;
+------+-------+----------+-------------------------------+


+----------------------------------------------------------+
; Port Connectivity Checks: "Comparator:Comp_Column_Right" ;
+------+-------+----------+--------------------------------+
; Port ; Type  ; Severity ; Details                        ;
+------+-------+----------+--------------------------------+
; B    ; Input ; Info     ; Stuck at VCC                   ;
+------+-------+----------+--------------------------------+


+--------------------------------------------------+
; Port Connectivity Checks: "Counter:Count_Column" ;
+------+-------+----------+------------------------+
; Port ; Type  ; Severity ; Details                ;
+------+-------+----------+------------------------+
; mode ; Input ; Info     ; Stuck at VCC           ;
+------+-------+----------+------------------------+


+------------------------------------------------+
; Port Connectivity Checks: "Counter:Count_Turn" ;
+------+-------+----------+----------------------+
; Port ; Type  ; Severity ; Details              ;
+------+-------+----------+----------------------+
; mode ; Input ; Info     ; Stuck at VCC         ;
+------+-------+----------+----------------------+


+----------------------------------------------------------+
; Port Connectivity Checks: "Ps2_Key:ps2_inst"             ;
+-------------+--------+----------+------------------------+
; Port        ; Type   ; Severity ; Details                ;
+-------------+--------+----------+------------------------+
; left_arrow  ; Output ; Info     ; Explicitly unconnected ;
; right_arrow ; Output ; Info     ; Explicitly unconnected ;
; quadrant    ; Output ; Info     ; Explicitly unconnected ;
+-------------+--------+----------+------------------------+


+-------------------------------------------------------------------------------------------------------------------------------------------------------------------------------------------------------------------------------------------------------------------------+
; Signal Tap Logic Analyzer Settings                                                                                                                                                                                                                                      ;
+----------------+------------------+---------------------+------------------+--------------+----------+------------------------+----------------------+--------------------+-----------------------------+-----------------+------------------+--------------------------+
; Instance Index ; Instance Name    ; Trigger Input Width ; Data Input Width ; Sample Depth ; Segments ; Storage Qualifier Type ; Trigger Flow Control ; Trigger Conditions ; Advanced Trigger Conditions ; Trigger In Used ; Trigger Out Used ; Power-Up Trigger Enabled ;
+----------------+------------------+---------------------+------------------+--------------+----------+------------------------+----------------------+--------------------+-----------------------------+-----------------+------------------+--------------------------+
; 0              ; auto_signaltap_0 ; 10                  ; 10               ; 128          ; 1        ; continuous             ; sequential           ; 1                  ; 0                           ; no              ; no               ; no                       ;
+----------------+------------------+---------------------+------------------+--------------+----------+------------------------+----------------------+--------------------+-----------------------------+-----------------+------------------+--------------------------+


+---------------------------------+
; Analysis & Elaboration Messages ;
+---------------------------------+
Info: *******************************************************************
Info: Running Quartus Prime Analysis & Elaboration
    Info: Version 18.1.0 Build 625 09/12/2018 SJ Lite Edition
    Info: Processing started: Wed May 07 10:41:25 2025
Info: Command: quartus_map --read_settings_files=on --write_settings_files=off connect_four -c connect_four --analysis_and_elaboration
Warning (18236): Number of processors has not been specified which may cause overloading on shared machines.  Set the global assignment NUM_PARALLEL_PROCESSORS in your QSF to an appropriate value for best performance.
Info (20030): Parallel compilation is enabled and will use 4 of the 4 processors detected
Info (12021): Found 1 design units, including 1 entities, in source file fsm.sv
    Info (12023): Found entity 1: FSM File: C:/Users/josee/joscCE_JimF04_Sebas36762_digital_design_lab_2025/lab_3/FSM.sv Line: 2
Info (12021): Found 1 design units, including 1 entities, in source file counter.sv
    Info (12023): Found entity 1: Counter File: C:/Users/josee/joscCE_JimF04_Sebas36762_digital_design_lab_2025/lab_3/Counter.sv Line: 1
Info (12021): Found 1 design units, including 1 entities, in source file vga_controller.sv
    Info (12023): Found entity 1: Vga_Controller File: C:/Users/josee/joscCE_JimF04_Sebas36762_digital_design_lab_2025/lab_3/Vga_Controller.sv Line: 1
Info (12021): Found 1 design units, including 1 entities, in source file connect_four.sv
    Info (12023): Found entity 1: connect_four File: C:/Users/josee/joscCE_JimF04_Sebas36762_digital_design_lab_2025/lab_3/connect_four.sv Line: 1
Warning (12019): Can't analyze file -- file output_files/tb_Vga_Controller.sv is missing
Info (12021): Found 1 design units, including 1 entities, in source file register.sv
    Info (12023): Found entity 1: Register File: C:/Users/josee/joscCE_JimF04_Sebas36762_digital_design_lab_2025/lab_3/Register.sv Line: 1
Info (12021): Found 1 design units, including 1 entities, in source file comparator.sv
    Info (12023): Found entity 1: Comparator File: C:/Users/josee/joscCE_JimF04_Sebas36762_digital_design_lab_2025/lab_3/Comparator.sv Line: 1
Info (12021): Found 1 design units, including 1 entities, in source file write_play.sv
    Info (12023): Found entity 1: Write_play File: C:/Users/josee/joscCE_JimF04_Sebas36762_digital_design_lab_2025/lab_3/Write_Play.sv Line: 1
Info (12021): Found 1 design units, including 1 entities, in source file game_display.sv
    Info (12023): Found entity 1: Game_Display File: C:/Users/josee/joscCE_JimF04_Sebas36762_digital_design_lab_2025/lab_3/Game_Display.sv Line: 1
Info (12021): Found 1 design units, including 1 entities, in source file output_files/piece_rom.sv
    Info (12023): Found entity 1: Piece_ROM File: C:/Users/josee/joscCE_JimF04_Sebas36762_digital_design_lab_2025/lab_3/output_files/Piece_ROM.sv Line: 1
Warning (12090): Entity "Mux" obtained from "Mux.sv" instead of from Quartus Prime megafunction library File: C:/Users/josee/joscCE_JimF04_Sebas36762_digital_design_lab_2025/lab_3/Mux.sv Line: 1
Info (12021): Found 1 design units, including 1 entities, in source file mux.sv
    Info (12023): Found entity 1: Mux File: C:/Users/josee/joscCE_JimF04_Sebas36762_digital_design_lab_2025/lab_3/Mux.sv Line: 1
Info (12021): Found 1 design units, including 1 entities, in source file check_win.sv
    Info (12023): Found entity 1: Check_win File: C:/Users/josee/joscCE_JimF04_Sebas36762_digital_design_lab_2025/lab_3/Check_win.sv Line: 1
Info (12021): Found 1 design units, including 1 entities, in source file tb_check_win.sv
    Info (12023): Found entity 1: tb_Check_win File: C:/Users/josee/joscCE_JimF04_Sebas36762_digital_design_lab_2025/lab_3/tb_Check_win.sv Line: 1
Info (12021): Found 1 design units, including 1 entities, in source file clk_div.sv
    Info (12023): Found entity 1: clk_div File: C:/Users/josee/joscCE_JimF04_Sebas36762_digital_design_lab_2025/lab_3/clk_div.sv Line: 1
Info (12021): Found 1 design units, including 1 entities, in source file tb_connect_four.sv
    Info (12023): Found entity 1: tb_connect_four File: C:/Users/josee/joscCE_JimF04_Sebas36762_digital_design_lab_2025/lab_3/tb_connect_four.sv Line: 1
Info (12021): Found 1 design units, including 1 entities, in source file fsm_tb.sv
    Info (12023): Found entity 1: FSM_tb File: C:/Users/josee/joscCE_JimF04_Sebas36762_digital_design_lab_2025/lab_3/FSM_tb.sv Line: 1
Info (12021): Found 1 design units, including 1 entities, in source file debounce.sv
    Info (12023): Found entity 1: debounce File: C:/Users/josee/joscCE_JimF04_Sebas36762_digital_design_lab_2025/lab_3/debounce.sv Line: 1
Info (12021): Found 1 design units, including 1 entities, in source file mux_31.sv
    Info (12023): Found entity 1: Mux_31 File: C:/Users/josee/joscCE_JimF04_Sebas36762_digital_design_lab_2025/lab_3/Mux_31.sv Line: 1
Info (12021): Found 1 design units, including 1 entities, in source file display_menu.sv
    Info (12023): Found entity 1: display_menu File: C:/Users/josee/joscCE_JimF04_Sebas36762_digital_design_lab_2025/lab_3/display_menu.sv Line: 1
Info (12021): Found 1 design units, including 1 entities, in source file c_rom.sv
    Info (12023): Found entity 1: C_ROM File: C:/Users/josee/joscCE_JimF04_Sebas36762_digital_design_lab_2025/lab_3/C_ROM.sv Line: 1
Info (12021): Found 1 design units, including 1 entities, in source file output_files/o_rom.sv
    Info (12023): Found entity 1: O_ROM File: C:/Users/josee/joscCE_JimF04_Sebas36762_digital_design_lab_2025/lab_3/output_files/O_ROM.sv Line: 1
Info (12021): Found 1 design units, including 1 entities, in source file n_rom.sv
    Info (12023): Found entity 1: N_ROM File: C:/Users/josee/joscCE_JimF04_Sebas36762_digital_design_lab_2025/lab_3/N_ROM.sv Line: 1
Info (12021): Found 1 design units, including 1 entities, in source file e_rom.sv
    Info (12023): Found entity 1: E_ROM File: C:/Users/josee/joscCE_JimF04_Sebas36762_digital_design_lab_2025/lab_3/E_ROM.sv Line: 1
Info (12021): Found 1 design units, including 1 entities, in source file t_rom.sv
    Info (12023): Found entity 1: T_ROM File: C:/Users/josee/joscCE_JimF04_Sebas36762_digital_design_lab_2025/lab_3/T_ROM.sv Line: 1
Info (12021): Found 1 design units, including 1 entities, in source file start_b_rom.sv
    Info (12023): Found entity 1: Start_B_ROM File: C:/Users/josee/joscCE_JimF04_Sebas36762_digital_design_lab_2025/lab_3/Start_B_ROM.sv Line: 1
Info (12021): Found 1 design units, including 1 entities, in source file decoder7seg.sv
    Info (12023): Found entity 1: Decoder7Seg File: C:/Users/josee/joscCE_JimF04_Sebas36762_digital_design_lab_2025/lab_3/Decoder7Seg.sv Line: 2
Info (12021): Found 1 design units, including 1 entities, in source file whomp_rom.sv
    Info (12023): Found entity 1: Whomp_Rom File: C:/Users/josee/joscCE_JimF04_Sebas36762_digital_design_lab_2025/lab_3/Whomp_Rom.sv Line: 1
Info (12021): Found 1 design units, including 1 entities, in source file display_game_over.sv
    Info (12023): Found entity 1: display_game_over File: C:/Users/josee/joscCE_JimF04_Sebas36762_digital_design_lab_2025/lab_3/display_game_over.sv Line: 1
Info (12021): Found 1 design units, including 1 entities, in source file player1_rom.sv
    Info (12023): Found entity 1: Player1_ROM File: C:/Users/josee/joscCE_JimF04_Sebas36762_digital_design_lab_2025/lab_3/Player1_ROM.sv Line: 1
Info (12021): Found 1 design units, including 1 entities, in source file player2_rom.sv
    Info (12023): Found entity 1: Player2_ROM File: C:/Users/josee/joscCE_JimF04_Sebas36762_digital_design_lab_2025/lab_3/Player2_ROM.sv Line: 1
Info (12021): Found 1 design units, including 1 entities, in source file ps2_key.sv
    Info (12023): Found entity 1: Ps2_Key File: C:/Users/josee/joscCE_JimF04_Sebas36762_digital_design_lab_2025/lab_3/Ps2_Key.sv Line: 1
Info (12021): Found 1 design units, including 1 entities, in source file win_p1_rom.sv
    Info (12023): Found entity 1: Win_p1_ROM File: C:/Users/josee/joscCE_JimF04_Sebas36762_digital_design_lab_2025/lab_3/Win_p1_ROM.sv Line: 1
Info (12021): Found 1 design units, including 1 entities, in source file win_p2_rom.sv
    Info (12023): Found entity 1: Win_p2_ROM File: C:/Users/josee/joscCE_JimF04_Sebas36762_digital_design_lab_2025/lab_3/Win_p2_ROM.sv Line: 1
Warning (10236): Verilog HDL Implicit Net warning at connect_four.sv(178): created implicit net for "rst_column" File: C:/Users/josee/joscCE_JimF04_Sebas36762_digital_design_lab_2025/lab_3/connect_four.sv Line: 178
Warning (10236): Verilog HDL Implicit Net warning at connect_four.sv(376): created implicit net for "state_debug" File: C:/Users/josee/joscCE_JimF04_Sebas36762_digital_design_lab_2025/lab_3/connect_four.sv Line: 376
Info (12127): Elaborating entity "connect_four" for the top level hierarchy
Warning (10230): Verilog HDL assignment warning at connect_four.sv(107): truncated value with size 5 to match size of target (4) File: C:/Users/josee/joscCE_JimF04_Sebas36762_digital_design_lab_2025/lab_3/connect_four.sv Line: 107
Info (12128): Elaborating entity "Ps2_Key" for hierarchy "Ps2_Key:ps2_inst" File: C:/Users/josee/joscCE_JimF04_Sebas36762_digital_design_lab_2025/lab_3/connect_four.sv Line: 58
Warning (10230): Verilog HDL assignment warning at Ps2_Key.sv(49): truncated value with size 32 to match size of target (8) File: C:/Users/josee/joscCE_JimF04_Sebas36762_digital_design_lab_2025/lab_3/Ps2_Key.sv Line: 49
Warning (10230): Verilog HDL assignment warning at Ps2_Key.sv(61): truncated value with size 32 to match size of target (12) File: C:/Users/josee/joscCE_JimF04_Sebas36762_digital_design_lab_2025/lab_3/Ps2_Key.sv Line: 61
Warning (10230): Verilog HDL assignment warning at Ps2_Key.sv(77): truncated value with size 32 to match size of target (4) File: C:/Users/josee/joscCE_JimF04_Sebas36762_digital_design_lab_2025/lab_3/Ps2_Key.sv Line: 77
Warning (10230): Verilog HDL assignment warning at Ps2_Key.sv(133): truncated value with size 32 to match size of target (4) File: C:/Users/josee/joscCE_JimF04_Sebas36762_digital_design_lab_2025/lab_3/Ps2_Key.sv Line: 133
Warning (10230): Verilog HDL assignment warning at Ps2_Key.sv(140): truncated value with size 32 to match size of target (4) File: C:/Users/josee/joscCE_JimF04_Sebas36762_digital_design_lab_2025/lab_3/Ps2_Key.sv Line: 140
Info (12128): Elaborating entity "clk_div" for hierarchy "clk_div:CLK25" File: C:/Users/josee/joscCE_JimF04_Sebas36762_digital_design_lab_2025/lab_3/connect_four.sv Line: 114
Info (12128): Elaborating entity "debounce" for hierarchy "debounce:deboun_play_R" File: C:/Users/josee/joscCE_JimF04_Sebas36762_digital_design_lab_2025/lab_3/connect_four.sv Line: 123
Warning (10230): Verilog HDL assignment warning at debounce.sv(28): truncated value with size 32 to match size of target (20) File: C:/Users/josee/joscCE_JimF04_Sebas36762_digital_design_lab_2025/lab_3/debounce.sv Line: 28
Info (10264): Verilog HDL Case Statement information at debounce.sv(24): all case item expressions in this case statement are onehot File: C:/Users/josee/joscCE_JimF04_Sebas36762_digital_design_lab_2025/lab_3/debounce.sv Line: 24
Info (12128): Elaborating entity "Mux" for hierarchy "Mux:Mux_Player" File: C:/Users/josee/joscCE_JimF04_Sebas36762_digital_design_lab_2025/lab_3/connect_four.sv Line: 158
Info (12128): Elaborating entity "Counter" for hierarchy "Counter:Count_Turn" File: C:/Users/josee/joscCE_JimF04_Sebas36762_digital_design_lab_2025/lab_3/connect_four.sv Line: 170
Info (12128): Elaborating entity "Counter" for hierarchy "Counter:Count_Column" File: C:/Users/josee/joscCE_JimF04_Sebas36762_digital_design_lab_2025/lab_3/connect_four.sv Line: 184
Info (12128): Elaborating entity "Comparator" for hierarchy "Comparator:Comp_Column_Right" File: C:/Users/josee/joscCE_JimF04_Sebas36762_digital_design_lab_2025/lab_3/connect_four.sv Line: 192
Info (12128): Elaborating entity "Register" for hierarchy "Register:Reg_game_M" File: C:/Users/josee/joscCE_JimF04_Sebas36762_digital_design_lab_2025/lab_3/connect_four.sv Line: 211
Info (12128): Elaborating entity "Counter" for hierarchy "Counter:Count_turn_time" File: C:/Users/josee/joscCE_JimF04_Sebas36762_digital_design_lab_2025/lab_3/connect_four.sv Line: 223
Info (12128): Elaborating entity "Comparator" for hierarchy "Comparator:Comp_count_turn_time" File: C:/Users/josee/joscCE_JimF04_Sebas36762_digital_design_lab_2025/lab_3/connect_four.sv Line: 230
Info (12128): Elaborating entity "Counter" for hierarchy "Counter:Count_seconds" File: C:/Users/josee/joscCE_JimF04_Sebas36762_digital_design_lab_2025/lab_3/connect_four.sv Line: 246
Info (12128): Elaborating entity "Decoder7Seg" for hierarchy "Decoder7Seg:sec_display" File: C:/Users/josee/joscCE_JimF04_Sebas36762_digital_design_lab_2025/lab_3/connect_four.sv Line: 252
Warning (10230): Verilog HDL assignment warning at Decoder7Seg.sv(12): truncated value with size 32 to match size of target (4) File: C:/Users/josee/joscCE_JimF04_Sebas36762_digital_design_lab_2025/lab_3/Decoder7Seg.sv Line: 12
Info (12128): Elaborating entity "Register" for hierarchy "Register:Reg_Play" File: C:/Users/josee/joscCE_JimF04_Sebas36762_digital_design_lab_2025/lab_3/connect_four.sv Line: 285
Warning (10230): Verilog HDL assignment warning at Register.sv(12): truncated value with size 10 to match size of target (4) File: C:/Users/josee/joscCE_JimF04_Sebas36762_digital_design_lab_2025/lab_3/Register.sv Line: 12
Info (12128): Elaborating entity "Register" for hierarchy "Register:Reg_Select_Move" File: C:/Users/josee/joscCE_JimF04_Sebas36762_digital_design_lab_2025/lab_3/connect_four.sv Line: 294
Warning (10230): Verilog HDL assignment warning at Register.sv(12): truncated value with size 10 to match size of target (1) File: C:/Users/josee/joscCE_JimF04_Sebas36762_digital_design_lab_2025/lab_3/Register.sv Line: 12
Info (12128): Elaborating entity "Mux" for hierarchy "Mux:Mux_Play" File: C:/Users/josee/joscCE_JimF04_Sebas36762_digital_design_lab_2025/lab_3/connect_four.sv Line: 303
Info (12128): Elaborating entity "Write_play" for hierarchy "Write_play:WP_inst" File: C:/Users/josee/joscCE_JimF04_Sebas36762_digital_design_lab_2025/lab_3/connect_four.sv Line: 313
Warning (10230): Verilog HDL assignment warning at Write_Play.sv(17): truncated value with size 32 to match size of target (3) File: C:/Users/josee/joscCE_JimF04_Sebas36762_digital_design_lab_2025/lab_3/Write_Play.sv Line: 17
Warning (10027): Verilog HDL or VHDL warning at the Write_Play.sv(23): index expression is not wide enough to address all of the elements in the array File: C:/Users/josee/joscCE_JimF04_Sebas36762_digital_design_lab_2025/lab_3/Write_Play.sv Line: 23
Info (12128): Elaborating entity "Register" for hierarchy "Register:Reg_play_made" File: C:/Users/josee/joscCE_JimF04_Sebas36762_digital_design_lab_2025/lab_3/connect_four.sv Line: 322
Warning (10230): Verilog HDL assignment warning at Register.sv(12): truncated value with size 10 to match size of target (7) File: C:/Users/josee/joscCE_JimF04_Sebas36762_digital_design_lab_2025/lab_3/Register.sv Line: 12
Info (12128): Elaborating entity "Check_win" for hierarchy "Check_win:CW_Inst" File: C:/Users/josee/joscCE_JimF04_Sebas36762_digital_design_lab_2025/lab_3/connect_four.sv Line: 340
Warning (10036): Verilog HDL or VHDL warning at Check_win.sv(13): object "player" assigned a value but never read File: C:/Users/josee/joscCE_JimF04_Sebas36762_digital_design_lab_2025/lab_3/Check_win.sv Line: 13
Warning (10230): Verilog HDL assignment warning at Check_win.sv(96): truncated value with size 32 to match size of target (2) File: C:/Users/josee/joscCE_JimF04_Sebas36762_digital_design_lab_2025/lab_3/Check_win.sv Line: 96
Warning (10230): Verilog HDL assignment warning at Check_win.sv(104): truncated value with size 32 to match size of target (3) File: C:/Users/josee/joscCE_JimF04_Sebas36762_digital_design_lab_2025/lab_3/Check_win.sv Line: 104
Warning (10230): Verilog HDL assignment warning at Check_win.sv(110): truncated value with size 32 to match size of target (3) File: C:/Users/josee/joscCE_JimF04_Sebas36762_digital_design_lab_2025/lab_3/Check_win.sv Line: 110
Warning (10230): Verilog HDL assignment warning at Check_win.sv(117): truncated value with size 32 to match size of target (3) File: C:/Users/josee/joscCE_JimF04_Sebas36762_digital_design_lab_2025/lab_3/Check_win.sv Line: 117
Warning (10230): Verilog HDL assignment warning at Check_win.sv(118): truncated value with size 32 to match size of target (3) File: C:/Users/josee/joscCE_JimF04_Sebas36762_digital_design_lab_2025/lab_3/Check_win.sv Line: 118
Warning (10230): Verilog HDL assignment warning at Check_win.sv(127): truncated value with size 32 to match size of target (3) File: C:/Users/josee/joscCE_JimF04_Sebas36762_digital_design_lab_2025/lab_3/Check_win.sv Line: 127
Warning (10230): Verilog HDL assignment warning at Check_win.sv(128): truncated value with size 32 to match size of target (3) File: C:/Users/josee/joscCE_JimF04_Sebas36762_digital_design_lab_2025/lab_3/Check_win.sv Line: 128
Info (12128): Elaborating entity "FSM" for hierarchy "FSM:fsm_inst" File: C:/Users/josee/joscCE_JimF04_Sebas36762_digital_design_lab_2025/lab_3/connect_four.sv Line: 378
Info (10264): Verilog HDL Case Statement information at FSM.sv(89): all case item expressions in this case statement are onehot File: C:/Users/josee/joscCE_JimF04_Sebas36762_digital_design_lab_2025/lab_3/FSM.sv Line: 89
Warning (10034): Output port "rst_turn" at FSM.sv(6) has no driver File: C:/Users/josee/joscCE_JimF04_Sebas36762_digital_design_lab_2025/lab_3/FSM.sv Line: 6
Info (12128): Elaborating entity "Mux_31" for hierarchy "Mux_31:Mux_display" File: C:/Users/josee/joscCE_JimF04_Sebas36762_digital_design_lab_2025/lab_3/connect_four.sv Line: 397
Info (12128): Elaborating entity "display_game_over" for hierarchy "display_game_over:Display_Over" File: C:/Users/josee/joscCE_JimF04_Sebas36762_digital_design_lab_2025/lab_3/connect_four.sv Line: 420
Warning (10230): Verilog HDL assignment warning at display_game_over.sv(60): truncated value with size 32 to match size of target (10) File: C:/Users/josee/joscCE_JimF04_Sebas36762_digital_design_lab_2025/lab_3/display_game_over.sv Line: 60
Warning (10230): Verilog HDL assignment warning at display_game_over.sv(61): truncated value with size 32 to match size of target (10) File: C:/Users/josee/joscCE_JimF04_Sebas36762_digital_design_lab_2025/lab_3/display_game_over.sv Line: 61
Warning (10230): Verilog HDL assignment warning at display_game_over.sv(118): truncated value with size 32 to match size of target (14) File: C:/Users/josee/joscCE_JimF04_Sebas36762_digital_design_lab_2025/lab_3/display_game_over.sv Line: 118
Warning (10230): Verilog HDL assignment warning at display_game_over.sv(126): truncated value with size 32 to match size of target (10) File: C:/Users/josee/joscCE_JimF04_Sebas36762_digital_design_lab_2025/lab_3/display_game_over.sv Line: 126
Warning (10230): Verilog HDL assignment warning at display_game_over.sv(127): truncated value with size 32 to match size of target (10) File: C:/Users/josee/joscCE_JimF04_Sebas36762_digital_design_lab_2025/lab_3/display_game_over.sv Line: 127
Warning (10230): Verilog HDL assignment warning at display_game_over.sv(129): truncated value with size 32 to match size of target (7) File: C:/Users/josee/joscCE_JimF04_Sebas36762_digital_design_lab_2025/lab_3/display_game_over.sv Line: 129
Warning (10230): Verilog HDL assignment warning at display_game_over.sv(130): truncated value with size 32 to match size of target (7) File: C:/Users/josee/joscCE_JimF04_Sebas36762_digital_design_lab_2025/lab_3/display_game_over.sv Line: 130
Warning (10230): Verilog HDL assignment warning at display_game_over.sv(131): truncated value with size 32 to match size of target (13) File: C:/Users/josee/joscCE_JimF04_Sebas36762_digital_design_lab_2025/lab_3/display_game_over.sv Line: 131
Warning (10230): Verilog HDL assignment warning at display_game_over.sv(133): truncated value with size 32 to match size of target (3) File: C:/Users/josee/joscCE_JimF04_Sebas36762_digital_design_lab_2025/lab_3/display_game_over.sv Line: 133
Warning (10230): Verilog HDL assignment warning at display_game_over.sv(134): truncated value with size 32 to match size of target (3) File: C:/Users/josee/joscCE_JimF04_Sebas36762_digital_design_lab_2025/lab_3/display_game_over.sv Line: 134
Warning (10230): Verilog HDL assignment warning at display_game_over.sv(136): truncated value with size 32 to match size of target (7) File: C:/Users/josee/joscCE_JimF04_Sebas36762_digital_design_lab_2025/lab_3/display_game_over.sv Line: 136
Warning (10230): Verilog HDL assignment warning at display_game_over.sv(142): truncated value with size 32 to match size of target (3) File: C:/Users/josee/joscCE_JimF04_Sebas36762_digital_design_lab_2025/lab_3/display_game_over.sv Line: 142
Warning (10230): Verilog HDL assignment warning at display_game_over.sv(143): truncated value with size 32 to match size of target (3) File: C:/Users/josee/joscCE_JimF04_Sebas36762_digital_design_lab_2025/lab_3/display_game_over.sv Line: 143
Info (12128): Elaborating entity "Piece_ROM" for hierarchy "display_game_over:Display_Over|Piece_ROM:rom" File: C:/Users/josee/joscCE_JimF04_Sebas36762_digital_design_lab_2025/lab_3/display_game_over.sv Line: 151
Warning (10030): Net "memory.data_a" at Piece_ROM.sv(6) has no driver or initial value, using a default initial value '0' File: C:/Users/josee/joscCE_JimF04_Sebas36762_digital_design_lab_2025/lab_3/output_files/Piece_ROM.sv Line: 6
Warning (10030): Net "memory.waddr_a" at Piece_ROM.sv(6) has no driver or initial value, using a default initial value '0' File: C:/Users/josee/joscCE_JimF04_Sebas36762_digital_design_lab_2025/lab_3/output_files/Piece_ROM.sv Line: 6
Warning (10030): Net "memory.we_a" at Piece_ROM.sv(6) has no driver or initial value, using a default initial value '0' File: C:/Users/josee/joscCE_JimF04_Sebas36762_digital_design_lab_2025/lab_3/output_files/Piece_ROM.sv Line: 6
Info (12128): Elaborating entity "Win_p1_ROM" for hierarchy "display_game_over:Display_Over|Win_p1_ROM:rom_p1" File: C:/Users/josee/joscCE_JimF04_Sebas36762_digital_design_lab_2025/lab_3/display_game_over.sv Line: 159
Info (12128): Elaborating entity "Win_p2_ROM" for hierarchy "display_game_over:Display_Over|Win_p2_ROM:rom_p2" File: C:/Users/josee/joscCE_JimF04_Sebas36762_digital_design_lab_2025/lab_3/display_game_over.sv Line: 164
Info (12128): Elaborating entity "display_menu" for hierarchy "display_menu:Display_M" File: C:/Users/josee/joscCE_JimF04_Sebas36762_digital_design_lab_2025/lab_3/connect_four.sv Line: 437
Warning (10230): Verilog HDL assignment warning at display_menu.sv(52): truncated value with size 32 to match size of target (27) File: C:/Users/josee/joscCE_JimF04_Sebas36762_digital_design_lab_2025/lab_3/display_menu.sv Line: 52
Warning (10230): Verilog HDL assignment warning at display_menu.sv(81): truncated value with size 32 to match size of target (10) File: C:/Users/josee/joscCE_JimF04_Sebas36762_digital_design_lab_2025/lab_3/display_menu.sv Line: 81
Warning (10230): Verilog HDL assignment warning at display_menu.sv(82): truncated value with size 32 to match size of target (10) File: C:/Users/josee/joscCE_JimF04_Sebas36762_digital_design_lab_2025/lab_3/display_menu.sv Line: 82
Warning (10230): Verilog HDL assignment warning at display_menu.sv(84): truncated value with size 32 to match size of target (10) File: C:/Users/josee/joscCE_JimF04_Sebas36762_digital_design_lab_2025/lab_3/display_menu.sv Line: 84
Warning (10230): Verilog HDL assignment warning at display_menu.sv(85): truncated value with size 32 to match size of target (10) File: C:/Users/josee/joscCE_JimF04_Sebas36762_digital_design_lab_2025/lab_3/display_menu.sv Line: 85
Warning (10230): Verilog HDL assignment warning at display_menu.sv(87): truncated value with size 32 to match size of target (10) File: C:/Users/josee/joscCE_JimF04_Sebas36762_digital_design_lab_2025/lab_3/display_menu.sv Line: 87
Warning (10230): Verilog HDL assignment warning at display_menu.sv(88): truncated value with size 32 to match size of target (10) File: C:/Users/josee/joscCE_JimF04_Sebas36762_digital_design_lab_2025/lab_3/display_menu.sv Line: 88
Warning (10230): Verilog HDL assignment warning at display_menu.sv(93): truncated value with size 32 to match size of target (16) File: C:/Users/josee/joscCE_JimF04_Sebas36762_digital_design_lab_2025/lab_3/display_menu.sv Line: 93
Warning (10230): Verilog HDL assignment warning at display_menu.sv(98): truncated value with size 32 to match size of target (16) File: C:/Users/josee/joscCE_JimF04_Sebas36762_digital_design_lab_2025/lab_3/display_menu.sv Line: 98
Warning (10230): Verilog HDL assignment warning at display_menu.sv(103): truncated value with size 32 to match size of target (16) File: C:/Users/josee/joscCE_JimF04_Sebas36762_digital_design_lab_2025/lab_3/display_menu.sv Line: 103
Info (12128): Elaborating entity "Start_B_ROM" for hierarchy "display_menu:Display_M|Start_B_ROM:rom_start" File: C:/Users/josee/joscCE_JimF04_Sebas36762_digital_design_lab_2025/lab_3/display_menu.sv Line: 112
Info (12128): Elaborating entity "Player1_ROM" for hierarchy "display_menu:Display_M|Player1_ROM:rom_p1" File: C:/Users/josee/joscCE_JimF04_Sebas36762_digital_design_lab_2025/lab_3/display_menu.sv Line: 117
Info (12128): Elaborating entity "Player2_ROM" for hierarchy "display_menu:Display_M|Player2_ROM:rom_p2" File: C:/Users/josee/joscCE_JimF04_Sebas36762_digital_design_lab_2025/lab_3/display_menu.sv Line: 122
Info (12128): Elaborating entity "Game_Display" for hierarchy "Game_Display:GD" File: C:/Users/josee/joscCE_JimF04_Sebas36762_digital_design_lab_2025/lab_3/connect_four.sv Line: 449
Warning (10036): Verilog HDL or VHDL warning at Game_Display.sv(25): object "safe_column" assigned a value but never read File: C:/Users/josee/joscCE_JimF04_Sebas36762_digital_design_lab_2025/lab_3/Game_Display.sv Line: 25
Warning (10036): Verilog HDL or VHDL warning at Game_Display.sv(26): object "valid_column" assigned a value but never read File: C:/Users/josee/joscCE_JimF04_Sebas36762_digital_design_lab_2025/lab_3/Game_Display.sv Line: 26
Warning (10230): Verilog HDL assignment warning at Game_Display.sv(40): truncated value with size 32 to match size of target (10) File: C:/Users/josee/joscCE_JimF04_Sebas36762_digital_design_lab_2025/lab_3/Game_Display.sv Line: 40
Warning (10230): Verilog HDL assignment warning at Game_Display.sv(41): truncated value with size 32 to match size of target (10) File: C:/Users/josee/joscCE_JimF04_Sebas36762_digital_design_lab_2025/lab_3/Game_Display.sv Line: 41
Warning (10230): Verilog HDL assignment warning at Game_Display.sv(66): truncated value with size 32 to match size of target (10) File: C:/Users/josee/joscCE_JimF04_Sebas36762_digital_design_lab_2025/lab_3/Game_Display.sv Line: 66
Warning (10230): Verilog HDL assignment warning at Game_Display.sv(67): truncated value with size 32 to match size of target (10) File: C:/Users/josee/joscCE_JimF04_Sebas36762_digital_design_lab_2025/lab_3/Game_Display.sv Line: 67
Warning (10230): Verilog HDL assignment warning at Game_Display.sv(69): truncated value with size 32 to match size of target (7) File: C:/Users/josee/joscCE_JimF04_Sebas36762_digital_design_lab_2025/lab_3/Game_Display.sv Line: 69
Warning (10230): Verilog HDL assignment warning at Game_Display.sv(70): truncated value with size 32 to match size of target (7) File: C:/Users/josee/joscCE_JimF04_Sebas36762_digital_design_lab_2025/lab_3/Game_Display.sv Line: 70
Warning (10230): Verilog HDL assignment warning at Game_Display.sv(71): truncated value with size 32 to match size of target (13) File: C:/Users/josee/joscCE_JimF04_Sebas36762_digital_design_lab_2025/lab_3/Game_Display.sv Line: 71
Warning (10230): Verilog HDL assignment warning at Game_Display.sv(73): truncated value with size 32 to match size of target (3) File: C:/Users/josee/joscCE_JimF04_Sebas36762_digital_design_lab_2025/lab_3/Game_Display.sv Line: 73
Warning (10230): Verilog HDL assignment warning at Game_Display.sv(74): truncated value with size 32 to match size of target (3) File: C:/Users/josee/joscCE_JimF04_Sebas36762_digital_design_lab_2025/lab_3/Game_Display.sv Line: 74
Warning (10230): Verilog HDL assignment warning at Game_Display.sv(76): truncated value with size 32 to match size of target (7) File: C:/Users/josee/joscCE_JimF04_Sebas36762_digital_design_lab_2025/lab_3/Game_Display.sv Line: 76
Info (12128): Elaborating entity "Vga_Controller" for hierarchy "Vga_Controller:vga_inst" File: C:/Users/josee/joscCE_JimF04_Sebas36762_digital_design_lab_2025/lab_3/connect_four.sv Line: 462
Info (12128): Elaborating entity "Counter" for hierarchy "Vga_Controller:vga_inst|Counter:count_y" File: C:/Users/josee/joscCE_JimF04_Sebas36762_digital_design_lab_2025/lab_3/Vga_Controller.sv Line: 26
Info (12128): Elaborating entity "Register" for hierarchy "Vga_Controller:vga_inst|Register:reg_x" File: C:/Users/josee/joscCE_JimF04_Sebas36762_digital_design_lab_2025/lab_3/Vga_Controller.sv Line: 30
Info (12128): Elaborating entity "Comparator" for hierarchy "Vga_Controller:vga_inst|Comparator:cmp_x" File: C:/Users/josee/joscCE_JimF04_Sebas36762_digital_design_lab_2025/lab_3/Vga_Controller.sv Line: 33
Warning (12011): Net is missing source, defaulting to GND
    Warning (12110): Net "c_Mux_Play[4]" is missing source, defaulting to GND File: C:/Users/josee/joscCE_JimF04_Sebas36762_digital_design_lab_2025/lab_3/connect_four.sv Line: 67
Warning (12011): Net is missing source, defaulting to GND
    Warning (12110): Net "c_Mux_Play[4]" is missing source, defaulting to GND File: C:/Users/josee/joscCE_JimF04_Sebas36762_digital_design_lab_2025/lab_3/connect_four.sv Line: 67
Warning (12011): Net is missing source, defaulting to GND
    Warning (12110): Net "Q_reg_Play[4]" is missing source, defaulting to GND File: C:/Users/josee/joscCE_JimF04_Sebas36762_digital_design_lab_2025/lab_3/connect_four.sv Line: 65
    Warning (12110): Net "c_Mux_Play[4]" is missing source, defaulting to GND File: C:/Users/josee/joscCE_JimF04_Sebas36762_digital_design_lab_2025/lab_3/connect_four.sv Line: 67
Warning (12011): Net is missing source, defaulting to GND
    Warning (12110): Net "Q_reg_Play[4]" is missing source, defaulting to GND File: C:/Users/josee/joscCE_JimF04_Sebas36762_digital_design_lab_2025/lab_3/connect_four.sv Line: 65
    Warning (12110): Net "c_Mux_Play[4]" is missing source, defaulting to GND File: C:/Users/josee/joscCE_JimF04_Sebas36762_digital_design_lab_2025/lab_3/connect_four.sv Line: 67
Warning (12011): Net is missing source, defaulting to GND
    Warning (12110): Net "Q_reg_Play[4]" is missing source, defaulting to GND File: C:/Users/josee/joscCE_JimF04_Sebas36762_digital_design_lab_2025/lab_3/connect_four.sv Line: 65
    Warning (12110): Net "c_Mux_Play[4]" is missing source, defaulting to GND File: C:/Users/josee/joscCE_JimF04_Sebas36762_digital_design_lab_2025/lab_3/connect_four.sv Line: 67
Warning (12011): Net is missing source, defaulting to GND
    Warning (12110): Net "Q_reg_Play[4]" is missing source, defaulting to GND File: C:/Users/josee/joscCE_JimF04_Sebas36762_digital_design_lab_2025/lab_3/connect_four.sv Line: 65
    Warning (12110): Net "c_Mux_Play[4]" is missing source, defaulting to GND File: C:/Users/josee/joscCE_JimF04_Sebas36762_digital_design_lab_2025/lab_3/connect_four.sv Line: 67
Warning (12011): Net is missing source, defaulting to GND
    Warning (12110): Net "Q_reg_Play[4]" is missing source, defaulting to GND File: C:/Users/josee/joscCE_JimF04_Sebas36762_digital_design_lab_2025/lab_3/connect_four.sv Line: 65
    Warning (12110): Net "c_Mux_Play[4]" is missing source, defaulting to GND File: C:/Users/josee/joscCE_JimF04_Sebas36762_digital_design_lab_2025/lab_3/connect_four.sv Line: 67
Warning (12011): Net is missing source, defaulting to GND
    Warning (12110): Net "Q_reg_Play[4]" is missing source, defaulting to GND File: C:/Users/josee/joscCE_JimF04_Sebas36762_digital_design_lab_2025/lab_3/connect_four.sv Line: 65
    Warning (12110): Net "c_Mux_Play[4]" is missing source, defaulting to GND File: C:/Users/josee/joscCE_JimF04_Sebas36762_digital_design_lab_2025/lab_3/connect_four.sv Line: 67
Warning (12011): Net is missing source, defaulting to GND
    Warning (12110): Net "Q_reg_Play[4]" is missing source, defaulting to GND File: C:/Users/josee/joscCE_JimF04_Sebas36762_digital_design_lab_2025/lab_3/connect_four.sv Line: 65
    Warning (12110): Net "c_Mux_Play[4]" is missing source, defaulting to GND File: C:/Users/josee/joscCE_JimF04_Sebas36762_digital_design_lab_2025/lab_3/connect_four.sv Line: 67
Warning (12011): Net is missing source, defaulting to GND
    Warning (12110): Net "Q_reg_Play[4]" is missing source, defaulting to GND File: C:/Users/josee/joscCE_JimF04_Sebas36762_digital_design_lab_2025/lab_3/connect_four.sv Line: 65
    Warning (12110): Net "c_Mux_Play[4]" is missing source, defaulting to GND File: C:/Users/josee/joscCE_JimF04_Sebas36762_digital_design_lab_2025/lab_3/connect_four.sv Line: 67
Warning (12011): Net is missing source, defaulting to GND
    Warning (12110): Net "Q_reg_Play[4]" is missing source, defaulting to GND File: C:/Users/josee/joscCE_JimF04_Sebas36762_digital_design_lab_2025/lab_3/connect_four.sv Line: 65
    Warning (12110): Net "c_Mux_Play[4]" is missing source, defaulting to GND File: C:/Users/josee/joscCE_JimF04_Sebas36762_digital_design_lab_2025/lab_3/connect_four.sv Line: 67
Warning (12011): Net is missing source, defaulting to GND
    Warning (12110): Net "Q_reg_Play[4]" is missing source, defaulting to GND File: C:/Users/josee/joscCE_JimF04_Sebas36762_digital_design_lab_2025/lab_3/connect_four.sv Line: 65
    Warning (12110): Net "c_Mux_Play[4]" is missing source, defaulting to GND File: C:/Users/josee/joscCE_JimF04_Sebas36762_digital_design_lab_2025/lab_3/connect_four.sv Line: 67
Warning (12011): Net is missing source, defaulting to GND
    Warning (12110): Net "Q_reg_Play[4]" is missing source, defaulting to GND File: C:/Users/josee/joscCE_JimF04_Sebas36762_digital_design_lab_2025/lab_3/connect_four.sv Line: 65
    Warning (12110): Net "c_Mux_Play[4]" is missing source, defaulting to GND File: C:/Users/josee/joscCE_JimF04_Sebas36762_digital_design_lab_2025/lab_3/connect_four.sv Line: 67
Warning (12011): Net is missing source, defaulting to GND
    Warning (12110): Net "Q_reg_Play[4]" is missing source, defaulting to GND File: C:/Users/josee/joscCE_JimF04_Sebas36762_digital_design_lab_2025/lab_3/connect_four.sv Line: 65
    Warning (12110): Net "c_Mux_Play[4]" is missing source, defaulting to GND File: C:/Users/josee/joscCE_JimF04_Sebas36762_digital_design_lab_2025/lab_3/connect_four.sv Line: 67
Warning (12011): Net is missing source, defaulting to GND
    Warning (12110): Net "Q_reg_Play[4]" is missing source, defaulting to GND File: C:/Users/josee/joscCE_JimF04_Sebas36762_digital_design_lab_2025/lab_3/connect_four.sv Line: 65
    Warning (12110): Net "c_Mux_Play[4]" is missing source, defaulting to GND File: C:/Users/josee/joscCE_JimF04_Sebas36762_digital_design_lab_2025/lab_3/connect_four.sv Line: 67
Warning (12011): Net is missing source, defaulting to GND
    Warning (12110): Net "Q_reg_Play[4]" is missing source, defaulting to GND File: C:/Users/josee/joscCE_JimF04_Sebas36762_digital_design_lab_2025/lab_3/connect_four.sv Line: 65
    Warning (12110): Net "c_Mux_Play[4]" is missing source, defaulting to GND File: C:/Users/josee/joscCE_JimF04_Sebas36762_digital_design_lab_2025/lab_3/connect_four.sv Line: 67
Warning (12011): Net is missing source, defaulting to GND
    Warning (12110): Net "Q_reg_Play[4]" is missing source, defaulting to GND File: C:/Users/josee/joscCE_JimF04_Sebas36762_digital_design_lab_2025/lab_3/connect_four.sv Line: 65
    Warning (12110): Net "c_Mux_Play[4]" is missing source, defaulting to GND File: C:/Users/josee/joscCE_JimF04_Sebas36762_digital_design_lab_2025/lab_3/connect_four.sv Line: 67
Warning (12011): Net is missing source, defaulting to GND
    Warning (12110): Net "Q_reg_Play[4]" is missing source, defaulting to GND File: C:/Users/josee/joscCE_JimF04_Sebas36762_digital_design_lab_2025/lab_3/connect_four.sv Line: 65
    Warning (12110): Net "c_Mux_Play[4]" is missing source, defaulting to GND File: C:/Users/josee/joscCE_JimF04_Sebas36762_digital_design_lab_2025/lab_3/connect_four.sv Line: 67
Warning (12011): Net is missing source, defaulting to GND
    Warning (12110): Net "Q_reg_Play[4]" is missing source, defaulting to GND File: C:/Users/josee/joscCE_JimF04_Sebas36762_digital_design_lab_2025/lab_3/connect_four.sv Line: 65
    Warning (12110): Net "c_Mux_Play[4]" is missing source, defaulting to GND File: C:/Users/josee/joscCE_JimF04_Sebas36762_digital_design_lab_2025/lab_3/connect_four.sv Line: 67
Warning (12011): Net is missing source, defaulting to GND
    Warning (12110): Net "Q_reg_Play[4]" is missing source, defaulting to GND File: C:/Users/josee/joscCE_JimF04_Sebas36762_digital_design_lab_2025/lab_3/connect_four.sv Line: 65
    Warning (12110): Net "c_Mux_Play[4]" is missing source, defaulting to GND File: C:/Users/josee/joscCE_JimF04_Sebas36762_digital_design_lab_2025/lab_3/connect_four.sv Line: 67
Warning (12011): Net is missing source, defaulting to GND
    Warning (12110): Net "Q_reg_Play[4]" is missing source, defaulting to GND File: C:/Users/josee/joscCE_JimF04_Sebas36762_digital_design_lab_2025/lab_3/connect_four.sv Line: 65
    Warning (12110): Net "c_Mux_Play[4]" is missing source, defaulting to GND File: C:/Users/josee/joscCE_JimF04_Sebas36762_digital_design_lab_2025/lab_3/connect_four.sv Line: 67
Warning (12011): Net is missing source, defaulting to GND
    Warning (12110): Net "Q_reg_Play[4]" is missing source, defaulting to GND File: C:/Users/josee/joscCE_JimF04_Sebas36762_digital_design_lab_2025/lab_3/connect_four.sv Line: 65
    Warning (12110): Net "c_Mux_Play[4]" is missing source, defaulting to GND File: C:/Users/josee/joscCE_JimF04_Sebas36762_digital_design_lab_2025/lab_3/connect_four.sv Line: 67
Info (12021): Found 1 design units, including 1 entities, in source file db/altsyncram_8b84.tdf
    Info (12023): Found entity 1: altsyncram_8b84 File: C:/Users/josee/joscCE_JimF04_Sebas36762_digital_design_lab_2025/lab_3/db/altsyncram_8b84.tdf Line: 27
Info (12021): Found 1 design units, including 1 entities, in source file db/mux_elc.tdf
    Info (12023): Found entity 1: mux_elc File: C:/Users/josee/joscCE_JimF04_Sebas36762_digital_design_lab_2025/lab_3/db/mux_elc.tdf Line: 22
Info (12021): Found 1 design units, including 1 entities, in source file db/decode_vnf.tdf
    Info (12023): Found entity 1: decode_vnf File: C:/Users/josee/joscCE_JimF04_Sebas36762_digital_design_lab_2025/lab_3/db/decode_vnf.tdf Line: 22
Info (12021): Found 1 design units, including 1 entities, in source file db/cntr_r8i.tdf
    Info (12023): Found entity 1: cntr_r8i File: C:/Users/josee/joscCE_JimF04_Sebas36762_digital_design_lab_2025/lab_3/db/cntr_r8i.tdf Line: 27
Info (12021): Found 1 design units, including 1 entities, in source file db/cmpr_c9c.tdf
    Info (12023): Found entity 1: cmpr_c9c File: C:/Users/josee/joscCE_JimF04_Sebas36762_digital_design_lab_2025/lab_3/db/cmpr_c9c.tdf Line: 22
Info (12021): Found 1 design units, including 1 entities, in source file db/cntr_4vi.tdf
    Info (12023): Found entity 1: cntr_4vi File: C:/Users/josee/joscCE_JimF04_Sebas36762_digital_design_lab_2025/lab_3/db/cntr_4vi.tdf Line: 25
Info (12021): Found 1 design units, including 1 entities, in source file db/cntr_09i.tdf
    Info (12023): Found entity 1: cntr_09i File: C:/Users/josee/joscCE_JimF04_Sebas36762_digital_design_lab_2025/lab_3/db/cntr_09i.tdf Line: 27
Info (12021): Found 1 design units, including 1 entities, in source file db/cntr_kri.tdf
    Info (12023): Found entity 1: cntr_kri File: C:/Users/josee/joscCE_JimF04_Sebas36762_digital_design_lab_2025/lab_3/db/cntr_kri.tdf Line: 27
Info (12021): Found 1 design units, including 1 entities, in source file db/cmpr_99c.tdf
    Info (12023): Found entity 1: cmpr_99c File: C:/Users/josee/joscCE_JimF04_Sebas36762_digital_design_lab_2025/lab_3/db/cmpr_99c.tdf Line: 22
Info (12033): Analysis and Synthesis generated Signal Tap or debug node instance "auto_signaltap_0"
Info (11170): Starting IP generation for the debug fabric: alt_sld_fab.
Info (11172): 2025.05.07.10:43:00 Progress: Loading sld62c0f0cd/alt_sld_fab_wrapper_hw.tcl
Info (11172): Alt_sld_fab.alt_sld_fab: SLD fabric agents which did not specify prefer_host were connected to JTAG
Info (11172): Alt_sld_fab: Generating alt_sld_fab "alt_sld_fab" for QUARTUS_SYNTH
Info (11172): Alt_sld_fab: "alt_sld_fab" instantiated alt_sld_fab "alt_sld_fab"
Info (11172): Presplit: "alt_sld_fab" instantiated altera_super_splitter "presplit"
Info (11172): Splitter: "alt_sld_fab" instantiated altera_sld_splitter "splitter"
Info (11172): Sldfabric: "alt_sld_fab" instantiated altera_sld_jtag_hub "sldfabric"
Info (11172): Ident: "alt_sld_fab" instantiated altera_connection_identification_hub "ident"
Info (11172): Alt_sld_fab: Done "alt_sld_fab" with 6 modules, 6 files
Info (11171): Finished IP generation for the debug fabric: alt_sld_fab.
Info (12021): Found 1 design units, including 1 entities, in source file db/ip/sld62c0f0cd/alt_sld_fab.v
    Info (12023): Found entity 1: alt_sld_fab File: C:/Users/josee/joscCE_JimF04_Sebas36762_digital_design_lab_2025/lab_3/db/ip/sld62c0f0cd/alt_sld_fab.v Line: 9
Info (12021): Found 1 design units, including 1 entities, in source file db/ip/sld62c0f0cd/submodules/alt_sld_fab_alt_sld_fab.v
    Info (12023): Found entity 1: alt_sld_fab_alt_sld_fab File: C:/Users/josee/joscCE_JimF04_Sebas36762_digital_design_lab_2025/lab_3/db/ip/sld62c0f0cd/submodules/alt_sld_fab_alt_sld_fab.v Line: 9
Info (12021): Found 1 design units, including 1 entities, in source file db/ip/sld62c0f0cd/submodules/alt_sld_fab_alt_sld_fab_ident.sv
    Info (12023): Found entity 1: alt_sld_fab_alt_sld_fab_ident File: C:/Users/josee/joscCE_JimF04_Sebas36762_digital_design_lab_2025/lab_3/db/ip/sld62c0f0cd/submodules/alt_sld_fab_alt_sld_fab_ident.sv Line: 33
Info (12021): Found 1 design units, including 1 entities, in source file db/ip/sld62c0f0cd/submodules/alt_sld_fab_alt_sld_fab_presplit.sv
    Info (12023): Found entity 1: alt_sld_fab_alt_sld_fab_presplit File: C:/Users/josee/joscCE_JimF04_Sebas36762_digital_design_lab_2025/lab_3/db/ip/sld62c0f0cd/submodules/alt_sld_fab_alt_sld_fab_presplit.sv Line: 3
Info (12021): Found 2 design units, including 1 entities, in source file db/ip/sld62c0f0cd/submodules/alt_sld_fab_alt_sld_fab_sldfabric.vhd
    Info (12022): Found design unit 1: alt_sld_fab_alt_sld_fab_sldfabric-rtl File: C:/Users/josee/joscCE_JimF04_Sebas36762_digital_design_lab_2025/lab_3/db/ip/sld62c0f0cd/submodules/alt_sld_fab_alt_sld_fab_sldfabric.vhd Line: 102
    Info (12023): Found entity 1: alt_sld_fab_alt_sld_fab_sldfabric File: C:/Users/josee/joscCE_JimF04_Sebas36762_digital_design_lab_2025/lab_3/db/ip/sld62c0f0cd/submodules/alt_sld_fab_alt_sld_fab_sldfabric.vhd Line: 11
Info (12021): Found 1 design units, including 1 entities, in source file db/ip/sld62c0f0cd/submodules/alt_sld_fab_alt_sld_fab_splitter.sv
    Info (12023): Found entity 1: alt_sld_fab_alt_sld_fab_splitter File: C:/Users/josee/joscCE_JimF04_Sebas36762_digital_design_lab_2025/lab_3/db/ip/sld62c0f0cd/submodules/alt_sld_fab_alt_sld_fab_splitter.sv Line: 3
Warning (12241): 8 hierarchies have connectivity warnings - see the Connectivity Checks report folder
Info (144001): Generated suppressed messages file C:/Users/josee/joscCE_JimF04_Sebas36762_digital_design_lab_2025/lab_3/output_files/connect_four.map.smsg
Info: Quartus Prime Analysis & Elaboration was successful. 0 errors, 130 warnings
    Info: Peak virtual memory: 6629 megabytes
    Info: Processing ended: Wed May 07 10:43:12 2025
    Info: Elapsed time: 00:01:47
    Info: Total CPU time (on all processors): 00:02:16


+--------------------------------------------+
; Analysis & Elaboration Suppressed Messages ;
+--------------------------------------------+
The suppressed messages can be found in C:/Users/josee/joscCE_JimF04_Sebas36762_digital_design_lab_2025/lab_3/output_files/connect_four.map.smsg.


