$date
	Sun Apr 06 14:26:04 2025
$end
$version
	ModelSim Version 10.5b
$end
$timescale
	1ps
$end

$scope module tb_Vga_Controller $end
$var reg 1 ! clk $end
$var reg 1 " rst $end
$var reg 1 # Hs $end
$var reg 1 $ Vs $end
$var reg 8 % R [7:0] $end
$var reg 8 & G [7:0] $end
$var reg 8 ' B [7:0] $end
$var reg 10 ( Q_xz [9:0] $end
$var reg 10 ) Q_yz [9:0] $end

$scope module uut $end
$var parameter 32 * N $end
$var wire 1 + clk $end
$var wire 1 , rst $end
$var reg 1 - Hs $end
$var reg 1 . Vs $end
$var reg 8 / R [7:0] $end
$var reg 8 0 G [7:0] $end
$var reg 8 1 B [7:0] $end
$var reg 10 2 Q_xz [9:0] $end
$var reg 10 3 Q_yz [9:0] $end
$var reg 10 4 Q_x [9:0] $end
$var reg 10 5 Q_y [9:0] $end
$var reg 10 6 D_x [9:0] $end
$var reg 10 7 D_y [9:0] $end
$var reg 1 8 rstx $end
$var reg 1 9 rsty $end

$scope module count_y $end
$var parameter 32 : N $end
$var wire 1 + clk $end
$var wire 1 ; rst $end
$var wire 1 < en $end
$var reg 10 = Q [9:0] $end
$upscope $end

$scope module count_x $end
$var parameter 32 > N $end
$var wire 1 + clk $end
$var wire 1 ? rst $end
$var wire 1 @ en $end
$var reg 10 A Q [9:0] $end
$upscope $end

$scope module reg_x $end
$var parameter 32 B N $end
$var wire 1 + clk $end
$var wire 1 , rst $end
$var wire 1 C D [9] $end
$var wire 1 D D [8] $end
$var wire 1 E D [7] $end
$var wire 1 F D [6] $end
$var wire 1 G D [5] $end
$var wire 1 H D [4] $end
$var wire 1 I D [3] $end
$var wire 1 J D [2] $end
$var wire 1 K D [1] $end
$var wire 1 L D [0] $end
$var reg 10 M Q [9:0] $end
$upscope $end

$scope module reg_y $end
$var parameter 32 N N $end
$var wire 1 + clk $end
$var wire 1 , rst $end
$var wire 1 O D [9] $end
$var wire 1 P D [8] $end
$var wire 1 Q D [7] $end
$var wire 1 R D [6] $end
$var wire 1 S D [5] $end
$var wire 1 T D [4] $end
$var wire 1 U D [3] $end
$var wire 1 V D [2] $end
$var wire 1 W D [1] $end
$var wire 1 X D [0] $end
$var reg 10 Y Q [9:0] $end
$upscope $end

$scope module cmp_x $end
$var parameter 32 Z N $end
$var wire 1 [ A [9] $end
$var wire 1 \ A [8] $end
$var wire 1 ] A [7] $end
$var wire 1 ^ A [6] $end
$var wire 1 _ A [5] $end
$var wire 1 ` A [4] $end
$var wire 1 a A [3] $end
$var wire 1 b A [2] $end
$var wire 1 c A [1] $end
$var wire 1 d A [0] $end
$var wire 1 e B [9] $end
$var wire 1 f B [8] $end
$var wire 1 g B [7] $end
$var wire 1 h B [6] $end
$var wire 1 i B [5] $end
$var wire 1 j B [4] $end
$var wire 1 k B [3] $end
$var wire 1 l B [2] $end
$var wire 1 m B [1] $end
$var wire 1 n B [0] $end
$var reg 1 o equ $end
$upscope $end

$scope module cmp_y $end
$var parameter 32 p N $end
$var wire 1 q A [9] $end
$var wire 1 r A [8] $end
$var wire 1 s A [7] $end
$var wire 1 t A [6] $end
$var wire 1 u A [5] $end
$var wire 1 v A [4] $end
$var wire 1 w A [3] $end
$var wire 1 x A [2] $end
$var wire 1 y A [1] $end
$var wire 1 z A [0] $end
$var wire 1 { B [9] $end
$var wire 1 | B [8] $end
$var wire 1 } B [7] $end
$var wire 1 ~ B [6] $end
$var wire 1 !! B [5] $end
$var wire 1 "! B [4] $end
$var wire 1 #! B [3] $end
$var wire 1 $! B [2] $end
$var wire 1 %! B [1] $end
$var wire 1 &! B [0] $end
$var reg 1 '! equ $end
$upscope $end
$upscope $end
$upscope $end
$enddefinitions $end
#0
$dumpvars
0!
0"
x#
x$
b11111111 %
b11111111 &
b11111111 '
bx (
bx )
x-
x.
b11111111 /
b11111111 0
b11111111 1
bx 2
bx 3
bx 4
bx 5
bx 6
bx 7
x8
x9
bx =
bx A
bx M
bx Y
xo
x'!
b1000 *
b1010 :
b1010 >
b1010 B
b1010 N
b1010 Z
b1010 p
0+
0,
1&!
0%!
1$!
1#!
0"!
0!!
0~
0}
0|
1{
0n
0m
0l
0k
0j
1i
0h
0g
1f
1e
1@
x?
x;
x<
xL
xK
xJ
xI
xH
xG
xF
xE
xD
xC
xX
xW
xV
xU
xT
xS
xR
xQ
xP
xO
xd
xc
xb
xa
x`
x_
x^
x]
x\
x[
xz
xy
xx
xw
xv
xu
xt
xs
xr
xq
$end
#10
1"
1,
1;
1?
b0 A
b0 =
b0 M
b0 Y
b0 5
b0 4
b0 7
b0 6
b0 2
1-
b0 3
1.
0L
0K
0J
0I
0H
0G
0F
0E
0D
0C
0X
0W
0V
0U
0T
0S
0R
0Q
0P
0O
0d
0c
0b
0a
0`
0_
0^
0]
0\
0[
0z
0y
0x
0w
0v
0u
0t
0s
0r
0q
0'!
0o
1$
b0 )
1#
b0 (
08
09
0<
#20
1!
0"
1+
0,
0;
0?
b1 A
b1 6
1L
#40
0!
0+
#60
1!
1+
b10 A
b1 M
b1 4
b10 6
b1 2
0L
1K
1d
b1 (
#80
0!
0+
#100
1!
1+
b11 A
b10 M
b10 4
b11 6
b10 2
1L
0d
1c
b10 (
#120
0!
0+
#140
1!
1+
b100 A
b11 M
b11 4
b100 6
b11 2
0L
0K
1J
1d
b11 (
#160
0!
0+
#180
1!
1+
b101 A
b100 M
b100 4
b101 6
b100 2
1L
0d
0c
1b
b100 (
#200
0!
0+
#220
1!
1+
b110 A
b101 M
b101 4
b110 6
b101 2
0L
1K
1d
b101 (
#240
0!
0+
#260
1!
1+
b111 A
b110 M
b110 4
b111 6
b110 2
1L
0d
1c
b110 (
#280
0!
0+
#300
1!
1+
b1000 A
b111 M
b111 4
b1000 6
b111 2
0L
0K
0J
1I
1d
b111 (
#320
0!
0+
#340
1!
1+
b1001 A
b1000 M
b1000 4
b1001 6
b1000 2
1L
0d
0c
0b
1a
b1000 (
#360
0!
0+
#380
1!
1+
b1010 A
b1001 M
b1001 4
b1010 6
b1001 2
0L
1K
1d
b1001 (
#400
0!
0+
#420
1!
1+
b1011 A
b1010 M
b1010 4
b1011 6
b1010 2
1L
0d
1c
b1010 (
#440
0!
0+
#460
1!
1+
b1100 A
b1011 M
b1011 4
b1100 6
b1011 2
0L
0K
1J
1d
b1011 (
#480
0!
0+
#500
1!
1+
b1101 A
b1100 M
b1100 4
b1101 6
b1100 2
1L
0d
0c
1b
b1100 (
#520
0!
0+
#540
1!
1+
b1110 A
b1101 M
b1101 4
b1110 6
b1101 2
0L
1K
1d
b1101 (
#560
0!
0+
#580
1!
1+
b1111 A
b1110 M
b1110 4
b1111 6
b1110 2
1L
0d
1c
b1110 (
#600
0!
0+
#620
1!
1+
b10000 A
b1111 M
b1111 4
b10000 6
b1111 2
0L
0K
0J
0I
1H
1d
b1111 (
#640
0!
0+
#660
1!
1+
b10001 A
b10000 M
b10000 4
b10001 6
b10000 2
1L
0d
0c
0b
0a
1`
b10000 (
#680
0!
0+
#700
1!
1+
b10010 A
b10001 M
b10001 4
b10010 6
b10001 2
0L
1K
1d
b10001 (
#720
0!
0+
#740
1!
1+
b10011 A
b10010 M
b10010 4
b10011 6
b10010 2
1L
0d
1c
b10010 (
#760
0!
0+
#780
1!
1+
b10100 A
b10011 M
b10011 4
b10100 6
b10011 2
0L
0K
1J
1d
b10011 (
#800
0!
0+
#820
1!
1+
b10101 A
b10100 M
b10100 4
b10101 6
b10100 2
1L
0d
0c
1b
b10100 (
#840
0!
0+
#860
1!
1+
b10110 A
b10101 M
b10101 4
b10110 6
b10101 2
0L
1K
1d
b10101 (
#880
0!
0+
#900
1!
1+
b10111 A
b10110 M
b10110 4
b10111 6
b10110 2
1L
0d
1c
b10110 (
#920
0!
0+
#940
1!
1+
b11000 A
b10111 M
b10111 4
b11000 6
b10111 2
0L
0K
0J
1I
1d
b10111 (
#960
0!
0+
#980
1!
1+
b11001 A
b11000 M
b11000 4
b11001 6
b11000 2
1L
0d
0c
0b
1a
b11000 (
#1000
0!
0+
#1020
1!
1+
b11010 A
b11001 M
b11001 4
b11010 6
b11001 2
0L
1K
1d
b11001 (
#1040
0!
0+
#1060
1!
1+
b11011 A
b11010 M
b11010 4
b11011 6
b11010 2
1L
0d
1c
b11010 (
#1080
0!
0+
#1100
1!
1+
b11100 A
b11011 M
b11011 4
b11100 6
b11011 2
0L
0K
1J
1d
b11011 (
#1120
0!
0+
#1140
1!
1+
b11101 A
b11100 M
b11100 4
b11101 6
b11100 2
1L
0d
0c
1b
b11100 (
#1160
0!
0+
#1180
1!
1+
b11110 A
b11101 M
b11101 4
b11110 6
b11101 2
0L
1K
1d
b11101 (
#1200
0!
0+
#1220
1!
1+
b11111 A
b11110 M
b11110 4
b11111 6
b11110 2
1L
0d
1c
b11110 (
#1240
0!
0+
#1260
1!
1+
b100000 A
b11111 M
b11111 4
b100000 6
b11111 2
0L
0K
0J
0I
0H
1G
1d
b11111 (
#1280
0!
0+
#1300
1!
1+
b100001 A
b100000 M
b100000 4
b100001 6
b100000 2
1L
0d
0c
0b
0a
0`
1_
b100000 (
#1320
0!
0+
#1340
1!
1+
b100010 A
b100001 M
b100001 4
b100010 6
b100001 2
0L
1K
1d
b100001 (
#1360
0!
0+
#1380
1!
1+
b100011 A
b100010 M
b100010 4
b100011 6
b100010 2
1L
0d
1c
b100010 (
#1400
0!
0+
#1420
1!
1+
b100100 A
b100011 M
b100011 4
b100100 6
b100011 2
0L
0K
1J
1d
b100011 (
#1440
0!
0+
#1460
1!
1+
b100101 A
b100100 M
b100100 4
b100101 6
b100100 2
1L
0d
0c
1b
b100100 (
#1480
0!
0+
#1500
1!
1+
b100110 A
b100101 M
b100101 4
b100110 6
b100101 2
0L
1K
1d
b100101 (
#1520
0!
0+
#1540
1!
1+
b100111 A
b100110 M
b100110 4
b100111 6
b100110 2
1L
0d
1c
b100110 (
#1560
0!
0+
#1580
1!
1+
b101000 A
b100111 M
b100111 4
b101000 6
b100111 2
0L
0K
0J
1I
1d
b100111 (
#1600
0!
0+
#1620
1!
1+
b101001 A
b101000 M
b101000 4
b101001 6
b101000 2
1L
0d
0c
0b
1a
b101000 (
#1640
0!
0+
#1660
1!
1+
b101010 A
b101001 M
b101001 4
b101010 6
b101001 2
0L
1K
1d
b101001 (
#1680
0!
0+
#1700
1!
1+
b101011 A
b101010 M
b101010 4
b101011 6
b101010 2
1L
0d
1c
b101010 (
#1720
0!
0+
#1740
1!
1+
b101100 A
b101011 M
b101011 4
b101100 6
b101011 2
0L
0K
1J
1d
b101011 (
#1760
0!
0+
#1780
1!
1+
b101101 A
b101100 M
b101100 4
b101101 6
b101100 2
1L
0d
0c
1b
b101100 (
#1800
0!
0+
#1820
1!
1+
b101110 A
b101101 M
b101101 4
b101110 6
b101101 2
0L
1K
1d
b101101 (
#1840
0!
0+
#1860
1!
1+
b101111 A
b101110 M
b101110 4
b101111 6
b101110 2
1L
0d
1c
b101110 (
#1880
0!
0+
#1900
1!
1+
b110000 A
b101111 M
b101111 4
b110000 6
b101111 2
0L
0K
0J
0I
1H
1d
b101111 (
#1920
0!
0+
#1940
1!
1+
b110001 A
b110000 M
b110000 4
b110001 6
b110000 2
1L
0d
0c
0b
0a
1`
b110000 (
#1960
0!
0+
#1980
1!
1+
b110010 A
b110001 M
b110001 4
b110010 6
b110001 2
0L
1K
1d
b110001 (
#2000
0!
0+
#2020
1!
1+
b110011 A
b110010 M
b110010 4
b110011 6
b110010 2
1L
0d
1c
b110010 (
#2040
0!
0+
#2060
1!
1+
b110100 A
b110011 M
b110011 4
b110100 6
b110011 2
0L
0K
1J
1d
b110011 (
#2080
0!
0+
#2100
1!
1+
b110101 A
b110100 M
b110100 4
b110101 6
b110100 2
1L
0d
0c
1b
b110100 (
#2120
0!
0+
#2140
1!
1+
b110110 A
b110101 M
b110101 4
b110110 6
b110101 2
0L
1K
1d
b110101 (
#2160
0!
0+
#2180
1!
1+
b110111 A
b110110 M
b110110 4
b110111 6
b110110 2
1L
0d
1c
b110110 (
#2200
0!
0+
#2220
1!
1+
b111000 A
b110111 M
b110111 4
b111000 6
b110111 2
0L
0K
0J
1I
1d
b110111 (
#2240
0!
0+
#2260
1!
1+
b111001 A
b111000 M
b111000 4
b111001 6
b111000 2
1L
0d
0c
0b
1a
b111000 (
#2280
0!
0+
#2300
1!
1+
b111010 A
b111001 M
b111001 4
b111010 6
b111001 2
0L
1K
1d
b111001 (
#2320
0!
0+
#2340
1!
1+
b111011 A
b111010 M
b111010 4
b111011 6
b111010 2
1L
0d
1c
b111010 (
#2360
0!
0+
#2380
1!
1+
b111100 A
b111011 M
b111011 4
b111100 6
b111011 2
0L
0K
1J
1d
b111011 (
#2400
0!
0+
#2420
1!
1+
b111101 A
b111100 M
b111100 4
b111101 6
b111100 2
1L
0d
0c
1b
b111100 (
#2440
0!
0+
#2460
1!
1+
b111110 A
b111101 M
b111101 4
b111110 6
b111101 2
0L
1K
1d
b111101 (
#2480
0!
0+
#2500
1!
1+
b111111 A
b111110 M
b111110 4
b111111 6
b111110 2
1L
0d
1c
b111110 (
#2520
0!
0+
#2540
1!
1+
b1000000 A
b111111 M
b111111 4
b1000000 6
b111111 2
0L
0K
0J
0I
0H
0G
1F
1d
b111111 (
#2560
0!
0+
#2580
1!
1+
b1000001 A
b1000000 M
b1000000 4
b1000001 6
b1000000 2
1L
0d
0c
0b
0a
0`
0_
1^
b1000000 (
#2600
0!
0+
#2620
1!
1+
b1000010 A
b1000001 M
b1000001 4
b1000010 6
b1000001 2
0L
1K
1d
b1000001 (
#2640
0!
0+
#2660
1!
1+
b1000011 A
b1000010 M
b1000010 4
b1000011 6
b1000010 2
1L
0d
1c
b1000010 (
#2680
0!
0+
#2700
1!
1+
b1000100 A
b1000011 M
b1000011 4
b1000100 6
b1000011 2
0L
0K
1J
1d
b1000011 (
#2720
0!
0+
#2740
1!
1+
b1000101 A
b1000100 M
b1000100 4
b1000101 6
b1000100 2
1L
0d
0c
1b
b1000100 (
#2760
0!
0+
#2780
1!
1+
b1000110 A
b1000101 M
b1000101 4
b1000110 6
b1000101 2
0L
1K
1d
b1000101 (
#2800
0!
0+
#2820
1!
1+
b1000111 A
b1000110 M
b1000110 4
b1000111 6
b1000110 2
1L
0d
1c
b1000110 (
#2840
0!
0+
#2860
1!
1+
b1001000 A
b1000111 M
b1000111 4
b1001000 6
b1000111 2
0L
0K
0J
1I
1d
b1000111 (
#2880
0!
0+
#2900
1!
1+
b1001001 A
b1001000 M
b1001000 4
b1001001 6
b1001000 2
1L
0d
0c
0b
1a
b1001000 (
#2920
0!
0+
#2940
1!
1+
b1001010 A
b1001001 M
b1001001 4
b1001010 6
b1001001 2
0L
1K
1d
b1001001 (
#2960
0!
0+
#2980
1!
1+
b1001011 A
b1001010 M
b1001010 4
b1001011 6
b1001010 2
1L
0d
1c
b1001010 (
#3000
0!
0+
#3020
1!
1+
b1001100 A
b1001011 M
b1001011 4
b1001100 6
b1001011 2
0L
0K
1J
1d
b1001011 (
#3040
0!
0+
#3060
1!
1+
b1001101 A
b1001100 M
b1001100 4
b1001101 6
b1001100 2
1L
0d
0c
1b
b1001100 (
#3080
0!
0+
#3100
1!
1+
b1001110 A
b1001101 M
b1001101 4
b1001110 6
b1001101 2
0L
1K
1d
b1001101 (
#3120
0!
0+
#3140
1!
1+
b1001111 A
b1001110 M
b1001110 4
b1001111 6
b1001110 2
1L
0d
1c
b1001110 (
#3160
0!
0+
#3180
1!
1+
b1010000 A
b1001111 M
b1001111 4
b1010000 6
b1001111 2
0L
0K
0J
0I
1H
1d
b1001111 (
#3200
0!
0+
#3220
1!
1+
b1010001 A
b1010000 M
b1010000 4
b1010001 6
b1010000 2
1L
0d
0c
0b
0a
1`
b1010000 (
#3240
0!
0+
#3260
1!
1+
b1010010 A
b1010001 M
b1010001 4
b1010010 6
b1010001 2
0L
1K
1d
b1010001 (
#3280
0!
0+
#3300
1!
1+
b1010011 A
b1010010 M
b1010010 4
b1010011 6
b1010010 2
1L
0d
1c
b1010010 (
#3320
0!
0+
#3340
1!
1+
b1010100 A
b1010011 M
b1010011 4
b1010100 6
b1010011 2
0L
0K
1J
1d
b1010011 (
#3360
0!
0+
#3380
1!
1+
b1010101 A
b1010100 M
b1010100 4
b1010101 6
b1010100 2
1L
0d
0c
1b
b1010100 (
#3400
0!
0+
#3420
1!
1+
b1010110 A
b1010101 M
b1010101 4
b1010110 6
b1010101 2
0L
1K
1d
b1010101 (
#3440
0!
0+
#3460
1!
1+
b1010111 A
b1010110 M
b1010110 4
b1010111 6
b1010110 2
1L
0d
1c
b1010110 (
#3480
0!
0+
#3500
1!
1+
b1011000 A
b1010111 M
b1010111 4
b1011000 6
b1010111 2
0L
0K
0J
1I
1d
b1010111 (
#3520
0!
0+
#3540
1!
1+
b1011001 A
b1011000 M
b1011000 4
b1011001 6
b1011000 2
1L
0d
0c
0b
1a
b1011000 (
#3560
0!
0+
#3580
1!
1+
b1011010 A
b1011001 M
b1011001 4
b1011010 6
b1011001 2
0L
1K
1d
b1011001 (
#3600
0!
0+
#3620
1!
1+
b1011011 A
b1011010 M
b1011010 4
b1011011 6
b1011010 2
1L
0d
1c
b1011010 (
#3640
0!
0+
#3660
1!
1+
b1011100 A
b1011011 M
b1011011 4
b1011100 6
b1011011 2
0L
0K
1J
1d
b1011011 (
#3680
0!
0+
#3700
1!
1+
b1011101 A
b1011100 M
b1011100 4
b1011101 6
b1011100 2
1L
0d
0c
1b
b1011100 (
#3720
0!
0+
#3740
1!
1+
b1011110 A
b1011101 M
b1011101 4
b1011110 6
b1011101 2
0L
1K
1d
b1011101 (
#3760
0!
0+
#3780
1!
1+
b1011111 A
b1011110 M
b1011110 4
b1011111 6
b1011110 2
1L
0d
1c
b1011110 (
#3800
0!
0+
#3820
1!
1+
b1100000 A
b1011111 M
b1011111 4
b1100000 6
b1011111 2
0L
0K
0J
0I
0H
1G
1d
b1011111 (
#3840
0!
0+
#3860
1!
1+
b1100001 A
b1100000 M
b1100000 4
b1100001 6
b1100000 2
1L
0d
0c
0b
0a
0`
1_
b1100000 (
#3880
0!
0+
#3900
1!
1+
b1100010 A
b1100001 M
b1100001 4
b1100010 6
b1100001 2
0L
1K
1d
b1100001 (
#3920
0!
0+
#3940
1!
1+
b1100011 A
b1100010 M
b1100010 4
b1100011 6
b1100010 2
1L
0d
1c
b1100010 (
#3960
0!
0+
#3980
1!
1+
b1100100 A
b1100011 M
b1100011 4
b1100100 6
b1100011 2
0L
0K
1J
1d
b1100011 (
#4000
0!
0+
#4020
1!
1+
b1100101 A
b1100100 M
b1100100 4
b1100101 6
b1100100 2
1L
0d
0c
1b
b1100100 (
#4040
0!
0+
#4060
1!
1+
b1100110 A
b1100101 M
b1100101 4
b1100110 6
b1100101 2
0L
1K
1d
b1100101 (
#4080
0!
0+
#4100
1!
1+
b1100111 A
b1100110 M
b1100110 4
b1100111 6
b1100110 2
1L
0d
1c
b1100110 (
#4120
0!
0+
#4140
1!
1+
b1101000 A
b1100111 M
b1100111 4
b1101000 6
b1100111 2
0L
0K
0J
1I
1d
b1100111 (
#4160
0!
0+
#4180
1!
1+
b1101001 A
b1101000 M
b1101000 4
b1101001 6
b1101000 2
1L
0d
0c
0b
1a
b1101000 (
#4200
0!
0+
#4220
1!
1+
b1101010 A
b1101001 M
b1101001 4
b1101010 6
b1101001 2
0L
1K
1d
b1101001 (
#4240
0!
0+
#4260
1!
1+
b1101011 A
b1101010 M
b1101010 4
b1101011 6
b1101010 2
1L
0d
1c
b1101010 (
#4280
0!
0+
#4300
1!
1+
b1101100 A
b1101011 M
b1101011 4
b1101100 6
b1101011 2
0L
0K
1J
1d
b1101011 (
#4320
0!
0+
#4340
1!
1+
b1101101 A
b1101100 M
b1101100 4
b1101101 6
b1101100 2
1L
0d
0c
1b
b1101100 (
#4360
0!
0+
#4380
1!
1+
b1101110 A
b1101101 M
b1101101 4
b1101110 6
b1101101 2
0L
1K
1d
b1101101 (
#4400
0!
0+
#4420
1!
1+
b1101111 A
b1101110 M
b1101110 4
b1101111 6
b1101110 2
1L
0d
1c
b1101110 (
#4440
0!
0+
#4460
1!
1+
b1110000 A
b1101111 M
b1101111 4
b1110000 6
b1101111 2
0L
0K
0J
0I
1H
1d
b1101111 (
#4480
0!
0+
#4500
1!
1+
b1110001 A
b1110000 M
b1110000 4
b1110001 6
b1110000 2
1L
0d
0c
0b
0a
1`
b1110000 (
#4520
0!
0+
#4540
1!
1+
b1110010 A
b1110001 M
b1110001 4
b1110010 6
b1110001 2
0L
1K
1d
b1110001 (
#4560
0!
0+
#4580
1!
1+
b1110011 A
b1110010 M
b1110010 4
b1110011 6
b1110010 2
1L
0d
1c
b1110010 (
#4600
0!
0+
#4620
1!
1+
b1110100 A
b1110011 M
b1110011 4
b1110100 6
b1110011 2
0L
0K
1J
1d
b1110011 (
#4640
0!
0+
#4660
1!
1+
b1110101 A
b1110100 M
b1110100 4
b1110101 6
b1110100 2
1L
0d
0c
1b
b1110100 (
#4680
0!
0+
#4700
1!
1+
b1110110 A
b1110101 M
b1110101 4
b1110110 6
b1110101 2
0L
1K
1d
b1110101 (
#4720
0!
0+
#4740
1!
1+
b1110111 A
b1110110 M
b1110110 4
b1110111 6
b1110110 2
1L
0d
1c
b1110110 (
#4760
0!
0+
#4780
1!
1+
b1111000 A
b1110111 M
b1110111 4
b1111000 6
b1110111 2
0L
0K
0J
1I
1d
b1110111 (
#4800
0!
0+
#4820
1!
1+
b1111001 A
b1111000 M
b1111000 4
b1111001 6
b1111000 2
1L
0d
0c
0b
1a
b1111000 (
#4840
0!
0+
#4860
1!
1+
b1111010 A
b1111001 M
b1111001 4
b1111010 6
b1111001 2
0L
1K
1d
b1111001 (
#4880
0!
0+
#4900
1!
1+
b1111011 A
b1111010 M
b1111010 4
b1111011 6
b1111010 2
1L
0d
1c
b1111010 (
#4920
0!
0+
#4940
1!
1+
b1111100 A
b1111011 M
b1111011 4
b1111100 6
b1111011 2
0L
0K
1J
1d
b1111011 (
#4960
0!
0+
#4980
1!
1+
b1111101 A
b1111100 M
b1111100 4
b1111101 6
b1111100 2
1L
0d
0c
1b
b1111100 (
#5000
0!
0+
#5020
1!
1+
b1111110 A
b1111101 M
b1111101 4
b1111110 6
b1111101 2
0L
1K
1d
b1111101 (
#5040
0!
0+
#5060
1!
1+
b1111111 A
b1111110 M
b1111110 4
b1111111 6
b1111110 2
1L
0d
1c
b1111110 (
#5080
0!
0+
#5100
1!
1+
b10000000 A
b1111111 M
b1111111 4
b10000000 6
b1111111 2
0L
0K
0J
0I
0H
0G
0F
1E
1d
b1111111 (
#5120
0!
0+
#5140
1!
1+
b10000001 A
b10000000 M
b10000000 4
b10000001 6
b10000000 2
1L
0d
0c
0b
0a
0`
0_
0^
1]
b10000000 (
#5160
0!
0+
#5180
1!
1+
b10000010 A
b10000001 M
b10000001 4
b10000010 6
b10000001 2
0L
1K
1d
b10000001 (
#5200
0!
0+
#5220
1!
1+
b10000011 A
b10000010 M
b10000010 4
b10000011 6
b10000010 2
1L
0d
1c
b10000010 (
#5240
0!
0+
#5260
1!
1+
b10000100 A
b10000011 M
b10000011 4
b10000100 6
b10000011 2
0L
0K
1J
1d
b10000011 (
#5280
0!
0+
#5300
1!
1+
b10000101 A
b10000100 M
b10000100 4
b10000101 6
b10000100 2
1L
0d
0c
1b
b10000100 (
#5320
0!
0+
#5340
1!
1+
b10000110 A
b10000101 M
b10000101 4
b10000110 6
b10000101 2
0L
1K
1d
b10000101 (
#5360
0!
0+
#5380
1!
1+
b10000111 A
b10000110 M
b10000110 4
b10000111 6
b10000110 2
1L
0d
1c
b10000110 (
#5400
0!
0+
#5420
1!
1+
b10001000 A
b10000111 M
b10000111 4
b10001000 6
b10000111 2
0L
0K
0J
1I
1d
b10000111 (
#5440
0!
0+
#5460
1!
1+
b10001001 A
b10001000 M
b10001000 4
b10001001 6
b10001000 2
1L
0d
0c
0b
1a
b10001000 (
#5480
0!
0+
#5500
1!
1+
b10001010 A
b10001001 M
b10001001 4
b10001010 6
b10001001 2
0L
1K
1d
b10001001 (
#5520
0!
0+
#5540
1!
1+
b10001011 A
b10001010 M
b10001010 4
b10001011 6
b10001010 2
1L
0d
1c
b10001010 (
#5560
0!
0+
#5580
1!
1+
b10001100 A
b10001011 M
b10001011 4
b10001100 6
b10001011 2
0L
0K
1J
1d
b10001011 (
#5600
0!
0+
#5620
1!
1+
b10001101 A
b10001100 M
b10001100 4
b10001101 6
b10001100 2
1L
0d
0c
1b
b10001100 (
#5640
0!
0+
#5660
1!
1+
b10001110 A
b10001101 M
b10001101 4
b10001110 6
b10001101 2
0L
1K
1d
b10001101 (
#5680
0!
0+
#5700
1!
1+
b10001111 A
b10001110 M
b10001110 4
b10001111 6
b10001110 2
1L
0d
1c
b10001110 (
#5720
0!
0+
#5740
1!
1+
b10010000 A
b10001111 M
b10001111 4
b10010000 6
b10001111 2
0L
0K
0J
0I
1H
1d
b10001111 (
#5760
0!
0+
#5780
1!
1+
b10010001 A
b10010000 M
b10010000 4
b10010001 6
b10010000 2
1L
0d
0c
0b
0a
1`
b10010000 (
#5800
0!
0+
#5820
1!
1+
b10010010 A
b10010001 M
b10010001 4
b10010010 6
b10010001 2
0L
1K
1d
b10010001 (
#5840
0!
0+
#5860
1!
1+
b10010011 A
b10010010 M
b10010010 4
b10010011 6
b10010010 2
1L
0d
1c
b10010010 (
#5880
0!
0+
#5900
1!
1+
b10010100 A
b10010011 M
b10010011 4
b10010100 6
b10010011 2
0L
0K
1J
1d
b10010011 (
#5920
0!
0+
#5940
1!
1+
b10010101 A
b10010100 M
b10010100 4
b10010101 6
b10010100 2
1L
0d
0c
1b
b10010100 (
#5960
0!
0+
#5980
1!
1+
b10010110 A
b10010101 M
b10010101 4
b10010110 6
b10010101 2
0L
1K
1d
b10010101 (
#6000
0!
0+
#6020
1!
1+
b10010111 A
b10010110 M
b10010110 4
b10010111 6
b10010110 2
1L
0d
1c
b10010110 (
#6040
0!
0+
#6060
1!
1+
b10011000 A
b10010111 M
b10010111 4
b10011000 6
b10010111 2
0L
0K
0J
1I
1d
b10010111 (
#6080
0!
0+
#6100
1!
1+
b10011001 A
b10011000 M
b10011000 4
b10011001 6
b10011000 2
1L
0d
0c
0b
1a
b10011000 (
#6120
0!
0+
#6140
1!
1+
b10011010 A
b10011001 M
b10011001 4
b10011010 6
b10011001 2
0L
1K
1d
b10011001 (
#6160
0!
0+
#6180
1!
1+
b10011011 A
b10011010 M
b10011010 4
b10011011 6
b10011010 2
1L
0d
1c
b10011010 (
#6200
0!
0+
#6220
1!
1+
b10011100 A
b10011011 M
b10011011 4
b10011100 6
b10011011 2
0L
0K
1J
1d
b10011011 (
#6240
0!
0+
#6260
1!
1+
b10011101 A
b10011100 M
b10011100 4
b10011101 6
b10011100 2
1L
0d
0c
1b
b10011100 (
#6280
0!
0+
#6300
1!
1+
b10011110 A
b10011101 M
b10011101 4
b10011110 6
b10011101 2
0L
1K
1d
b10011101 (
#6320
0!
0+
#6340
1!
1+
b10011111 A
b10011110 M
b10011110 4
b10011111 6
b10011110 2
1L
0d
1c
b10011110 (
#6360
0!
0+
#6380
1!
1+
b10100000 A
b10011111 M
b10011111 4
b10100000 6
b10011111 2
0L
0K
0J
0I
0H
1G
1d
b10011111 (
#6400
0!
0+
#6420
1!
1+
b10100001 A
b10100000 M
b10100000 4
b10100001 6
b10100000 2
1L
0d
0c
0b
0a
0`
1_
b10100000 (
#6440
0!
0+
#6460
1!
1+
b10100010 A
b10100001 M
b10100001 4
b10100010 6
b10100001 2
0L
1K
1d
b10100001 (
#6480
0!
0+
#6500
1!
1+
b10100011 A
b10100010 M
b10100010 4
b10100011 6
b10100010 2
1L
0d
1c
b10100010 (
#6520
0!
0+
#6540
1!
1+
b10100100 A
b10100011 M
b10100011 4
b10100100 6
b10100011 2
0L
0K
1J
1d
b10100011 (
#6560
0!
0+
#6580
1!
1+
b10100101 A
b10100100 M
b10100100 4
b10100101 6
b10100100 2
1L
0d
0c
1b
b10100100 (
#6600
0!
0+
#6620
1!
1+
b10100110 A
b10100101 M
b10100101 4
b10100110 6
b10100101 2
0L
1K
1d
b10100101 (
#6640
0!
0+
#6660
1!
1+
b10100111 A
b10100110 M
b10100110 4
b10100111 6
b10100110 2
1L
0d
1c
b10100110 (
#6680
0!
0+
#6700
1!
1+
b10101000 A
b10100111 M
b10100111 4
b10101000 6
b10100111 2
0L
0K
0J
1I
1d
b10100111 (
#6720
0!
0+
#6740
1!
1+
b10101001 A
b10101000 M
b10101000 4
b10101001 6
b10101000 2
1L
0d
0c
0b
1a
b10101000 (
#6760
0!
0+
#6780
1!
1+
b10101010 A
b10101001 M
b10101001 4
b10101010 6
b10101001 2
0L
1K
1d
b10101001 (
#6800
0!
0+
#6820
1!
1+
b10101011 A
b10101010 M
b10101010 4
b10101011 6
b10101010 2
1L
0d
1c
b10101010 (
#6840
0!
0+
#6860
1!
1+
b10101100 A
b10101011 M
b10101011 4
b10101100 6
b10101011 2
0L
0K
1J
1d
b10101011 (
#6880
0!
0+
#6900
1!
1+
b10101101 A
b10101100 M
b10101100 4
b10101101 6
b10101100 2
1L
0d
0c
1b
b10101100 (
#6920
0!
0+
#6940
1!
1+
b10101110 A
b10101101 M
b10101101 4
b10101110 6
b10101101 2
0L
1K
1d
b10101101 (
#6960
0!
0+
#6980
1!
1+
b10101111 A
b10101110 M
b10101110 4
b10101111 6
b10101110 2
1L
0d
1c
b10101110 (
#7000
0!
0+
#7020
1!
1+
b10110000 A
b10101111 M
b10101111 4
b10110000 6
b10101111 2
0L
0K
0J
0I
1H
1d
b10101111 (
#7040
0!
0+
#7060
1!
1+
b10110001 A
b10110000 M
b10110000 4
b10110001 6
b10110000 2
1L
0d
0c
0b
0a
1`
b10110000 (
#7080
0!
0+
#7100
1!
1+
b10110010 A
b10110001 M
b10110001 4
b10110010 6
b10110001 2
0L
1K
1d
b10110001 (
#7120
0!
0+
#7140
1!
1+
b10110011 A
b10110010 M
b10110010 4
b10110011 6
b10110010 2
1L
0d
1c
b10110010 (
#7160
0!
0+
#7180
1!
1+
b10110100 A
b10110011 M
b10110011 4
b10110100 6
b10110011 2
0L
0K
1J
1d
b10110011 (
#7200
0!
0+
#7220
1!
1+
b10110101 A
b10110100 M
b10110100 4
b10110101 6
b10110100 2
1L
0d
0c
1b
b10110100 (
#7240
0!
0+
#7260
1!
1+
b10110110 A
b10110101 M
b10110101 4
b10110110 6
b10110101 2
0L
1K
1d
b10110101 (
#7280
0!
0+
#7300
1!
1+
b10110111 A
b10110110 M
b10110110 4
b10110111 6
b10110110 2
1L
0d
1c
b10110110 (
#7320
0!
0+
#7340
1!
1+
b10111000 A
b10110111 M
b10110111 4
b10111000 6
b10110111 2
0L
0K
0J
1I
1d
b10110111 (
#7360
0!
0+
#7380
1!
1+
b10111001 A
b10111000 M
b10111000 4
b10111001 6
b10111000 2
1L
0d
0c
0b
1a
b10111000 (
#7400
0!
0+
#7420
1!
1+
b10111010 A
b10111001 M
b10111001 4
b10111010 6
b10111001 2
0L
1K
1d
b10111001 (
#7440
0!
0+
#7460
1!
1+
b10111011 A
b10111010 M
b10111010 4
b10111011 6
b10111010 2
1L
0d
1c
b10111010 (
#7480
0!
0+
#7500
1!
1+
b10111100 A
b10111011 M
b10111011 4
b10111100 6
b10111011 2
0L
0K
1J
1d
b10111011 (
#7520
0!
0+
#7540
1!
1+
b10111101 A
b10111100 M
b10111100 4
b10111101 6
b10111100 2
1L
0d
0c
1b
b10111100 (
#7560
0!
0+
#7580
1!
1+
b10111110 A
b10111101 M
b10111101 4
b10111110 6
b10111101 2
0L
1K
1d
b10111101 (
#7600
0!
0+
#7620
1!
1+
b10111111 A
b10111110 M
b10111110 4
b10111111 6
b10111110 2
1L
0d
1c
b10111110 (
#7640
0!
0+
#7660
1!
1+
b11000000 A
b10111111 M
b10111111 4
b11000000 6
b10111111 2
0L
0K
0J
0I
0H
0G
1F
1d
b10111111 (
#7680
0!
0+
#7700
1!
1+
b11000001 A
b11000000 M
b11000000 4
b11000001 6
b11000000 2
1L
0d
0c
0b
0a
0`
0_
1^
b11000000 (
#7720
0!
0+
#7740
1!
1+
b11000010 A
b11000001 M
b11000001 4
b11000010 6
b11000001 2
0L
1K
1d
b11000001 (
#7760
0!
0+
#7780
1!
1+
b11000011 A
b11000010 M
b11000010 4
b11000011 6
b11000010 2
1L
0d
1c
b11000010 (
#7800
0!
0+
#7820
1!
1+
b11000100 A
b11000011 M
b11000011 4
b11000100 6
b11000011 2
0L
0K
1J
1d
b11000011 (
#7840
0!
0+
#7860
1!
1+
b11000101 A
b11000100 M
b11000100 4
b11000101 6
b11000100 2
1L
0d
0c
1b
b11000100 (
#7880
0!
0+
#7900
1!
1+
b11000110 A
b11000101 M
b11000101 4
b11000110 6
b11000101 2
0L
1K
1d
b11000101 (
#7920
0!
0+
#7940
1!
1+
b11000111 A
b11000110 M
b11000110 4
b11000111 6
b11000110 2
1L
0d
1c
b11000110 (
#7960
0!
0+
#7980
1!
1+
b11001000 A
b11000111 M
b11000111 4
b11001000 6
b11000111 2
0L
0K
0J
1I
1d
b11000111 (
#8000
0!
0+
#8020
1!
1+
b11001001 A
b11001000 M
b11001000 4
b11001001 6
b11001000 2
1L
0d
0c
0b
1a
b11001000 (
#8040
0!
0+
#8060
1!
1+
b11001010 A
b11001001 M
b11001001 4
b11001010 6
b11001001 2
0L
1K
1d
b11001001 (
#8080
0!
0+
#8100
1!
1+
b11001011 A
b11001010 M
b11001010 4
b11001011 6
b11001010 2
1L
0d
1c
b11001010 (
#8120
0!
0+
#8140
1!
1+
b11001100 A
b11001011 M
b11001011 4
b11001100 6
b11001011 2
0L
0K
1J
1d
b11001011 (
#8160
0!
0+
#8180
1!
1+
b11001101 A
b11001100 M
b11001100 4
b11001101 6
b11001100 2
1L
0d
0c
1b
b11001100 (
#8200
0!
0+
#8220
1!
1+
b11001110 A
b11001101 M
b11001101 4
b11001110 6
b11001101 2
0L
1K
1d
b11001101 (
#8240
0!
0+
#8260
1!
1+
b11001111 A
b11001110 M
b11001110 4
b11001111 6
b11001110 2
1L
0d
1c
b11001110 (
#8280
0!
0+
#8300
1!
1+
b11010000 A
b11001111 M
b11001111 4
b11010000 6
b11001111 2
0L
0K
0J
0I
1H
1d
b11001111 (
#8320
0!
0+
#8340
1!
1+
b11010001 A
b11010000 M
b11010000 4
b11010001 6
b11010000 2
1L
0d
0c
0b
0a
1`
b11010000 (
#8360
0!
0+
#8380
1!
1+
b11010010 A
b11010001 M
b11010001 4
b11010010 6
b11010001 2
0L
1K
1d
b11010001 (
#8400
0!
0+
#8420
1!
1+
b11010011 A
b11010010 M
b11010010 4
b11010011 6
b11010010 2
1L
0d
1c
b11010010 (
#8440
0!
0+
#8460
1!
1+
b11010100 A
b11010011 M
b11010011 4
b11010100 6
b11010011 2
0L
0K
1J
1d
b11010011 (
#8480
0!
0+
#8500
1!
1+
b11010101 A
b11010100 M
b11010100 4
b11010101 6
b11010100 2
1L
0d
0c
1b
b11010100 (
#8520
0!
0+
#8540
1!
1+
b11010110 A
b11010101 M
b11010101 4
b11010110 6
b11010101 2
0L
1K
1d
b11010101 (
#8560
0!
0+
#8580
1!
1+
b11010111 A
b11010110 M
b11010110 4
b11010111 6
b11010110 2
1L
0d
1c
b11010110 (
#8600
0!
0+
#8620
1!
1+
b11011000 A
b11010111 M
b11010111 4
b11011000 6
b11010111 2
0L
0K
0J
1I
1d
b11010111 (
#8640
0!
0+
#8660
1!
1+
b11011001 A
b11011000 M
b11011000 4
b11011001 6
b11011000 2
1L
0d
0c
0b
1a
b11011000 (
#8680
0!
0+
#8700
1!
1+
b11011010 A
b11011001 M
b11011001 4
b11011010 6
b11011001 2
0L
1K
1d
b11011001 (
#8720
0!
0+
#8740
1!
1+
b11011011 A
b11011010 M
b11011010 4
b11011011 6
b11011010 2
1L
0d
1c
b11011010 (
#8760
0!
0+
#8780
1!
1+
b11011100 A
b11011011 M
b11011011 4
b11011100 6
b11011011 2
0L
0K
1J
1d
b11011011 (
#8800
0!
0+
#8820
1!
1+
b11011101 A
b11011100 M
b11011100 4
b11011101 6
b11011100 2
1L
0d
0c
1b
b11011100 (
#8840
0!
0+
#8860
1!
1+
b11011110 A
b11011101 M
b11011101 4
b11011110 6
b11011101 2
0L
1K
1d
b11011101 (
#8880
0!
0+
#8900
1!
1+
b11011111 A
b11011110 M
b11011110 4
b11011111 6
b11011110 2
1L
0d
1c
b11011110 (
#8920
0!
0+
#8940
1!
1+
b11100000 A
b11011111 M
b11011111 4
b11100000 6
b11011111 2
0L
0K
0J
0I
0H
1G
1d
b11011111 (
#8960
0!
0+
#8980
1!
1+
b11100001 A
b11100000 M
b11100000 4
b11100001 6
b11100000 2
1L
0d
0c
0b
0a
0`
1_
b11100000 (
#9000
0!
0+
#9020
1!
1+
b11100010 A
b11100001 M
b11100001 4
b11100010 6
b11100001 2
0L
1K
1d
b11100001 (
#9040
0!
0+
#9060
1!
1+
b11100011 A
b11100010 M
b11100010 4
b11100011 6
b11100010 2
1L
0d
1c
b11100010 (
#9080
0!
0+
#9100
1!
1+
b11100100 A
b11100011 M
b11100011 4
b11100100 6
b11100011 2
0L
0K
1J
1d
b11100011 (
#9120
0!
0+
#9140
1!
1+
b11100101 A
b11100100 M
b11100100 4
b11100101 6
b11100100 2
1L
0d
0c
1b
b11100100 (
#9160
0!
0+
#9180
1!
1+
b11100110 A
b11100101 M
b11100101 4
b11100110 6
b11100101 2
0L
1K
1d
b11100101 (
#9200
0!
0+
#9220
1!
1+
b11100111 A
b11100110 M
b11100110 4
b11100111 6
b11100110 2
1L
0d
1c
b11100110 (
#9240
0!
0+
#9260
1!
1+
b11101000 A
b11100111 M
b11100111 4
b11101000 6
b11100111 2
0L
0K
0J
1I
1d
b11100111 (
#9280
0!
0+
#9300
1!
1+
b11101001 A
b11101000 M
b11101000 4
b11101001 6
b11101000 2
1L
0d
0c
0b
1a
b11101000 (
#9320
0!
0+
#9340
1!
1+
b11101010 A
b11101001 M
b11101001 4
b11101010 6
b11101001 2
0L
1K
1d
b11101001 (
#9360
0!
0+
#9380
1!
1+
b11101011 A
b11101010 M
b11101010 4
b11101011 6
b11101010 2
1L
0d
1c
b11101010 (
#9400
0!
0+
#9420
1!
1+
b11101100 A
b11101011 M
b11101011 4
b11101100 6
b11101011 2
0L
0K
1J
1d
b11101011 (
#9440
0!
0+
#9460
1!
1+
b11101101 A
b11101100 M
b11101100 4
b11101101 6
b11101100 2
1L
0d
0c
1b
b11101100 (
#9480
0!
0+
#9500
1!
1+
b11101110 A
b11101101 M
b11101101 4
b11101110 6
b11101101 2
0L
1K
1d
b11101101 (
#9520
0!
0+
#9540
1!
1+
b11101111 A
b11101110 M
b11101110 4
b11101111 6
b11101110 2
1L
0d
1c
b11101110 (
#9560
0!
0+
#9580
1!
1+
b11110000 A
b11101111 M
b11101111 4
b11110000 6
b11101111 2
0L
0K
0J
0I
1H
1d
b11101111 (
#9600
0!
0+
#9620
1!
1+
b11110001 A
b11110000 M
b11110000 4
b11110001 6
b11110000 2
1L
0d
0c
0b
0a
1`
b11110000 (
#9640
0!
0+
#9660
1!
1+
b11110010 A
b11110001 M
b11110001 4
b11110010 6
b11110001 2
0L
1K
1d
b11110001 (
#9680
0!
0+
#9700
1!
1+
b11110011 A
b11110010 M
b11110010 4
b11110011 6
b11110010 2
1L
0d
1c
b11110010 (
#9720
0!
0+
#9740
1!
1+
b11110100 A
b11110011 M
b11110011 4
b11110100 6
b11110011 2
0L
0K
1J
1d
b11110011 (
#9760
0!
0+
#9780
1!
1+
b11110101 A
b11110100 M
b11110100 4
b11110101 6
b11110100 2
1L
0d
0c
1b
b11110100 (
#9800
0!
0+
#9820
1!
1+
b11110110 A
b11110101 M
b11110101 4
b11110110 6
b11110101 2
0L
1K
1d
b11110101 (
#9840
0!
0+
#9860
1!
1+
b11110111 A
b11110110 M
b11110110 4
b11110111 6
b11110110 2
1L
0d
1c
b11110110 (
#9880
0!
0+
#9900
1!
1+
b11111000 A
b11110111 M
b11110111 4
b11111000 6
b11110111 2
0L
0K
0J
1I
1d
b11110111 (
#9920
0!
0+
#9940
1!
1+
b11111001 A
b11111000 M
b11111000 4
b11111001 6
b11111000 2
1L
0d
0c
0b
1a
b11111000 (
#9960
0!
0+
#9980
1!
1+
b11111010 A
b11111001 M
b11111001 4
b11111010 6
b11111001 2
0L
1K
1d
b11111001 (
#10000
0!
0+
#10020
1!
1+
b11111011 A
b11111010 M
b11111010 4
b11111011 6
b11111010 2
1L
0d
1c
b11111010 (
#10040
0!
0+
#10060
1!
1+
b11111100 A
b11111011 M
b11111011 4
b11111100 6
b11111011 2
0L
0K
1J
1d
b11111011 (
#10080
0!
0+
#10100
1!
1+
b11111101 A
b11111100 M
b11111100 4
b11111101 6
b11111100 2
1L
0d
0c
1b
b11111100 (
#10120
0!
0+
#10140
1!
1+
b11111110 A
b11111101 M
b11111101 4
b11111110 6
b11111101 2
0L
1K
1d
b11111101 (
#10160
0!
0+
#10180
1!
1+
b11111111 A
b11111110 M
b11111110 4
b11111111 6
b11111110 2
1L
0d
1c
b11111110 (
#10200
0!
0+
#10220
1!
1+
b100000000 A
b11111111 M
b11111111 4
b100000000 6
b11111111 2
0L
0K
0J
0I
0H
0G
0F
0E
1D
1d
b11111111 (
#10240
0!
0+
#10260
1!
1+
b100000001 A
b100000000 M
b100000000 4
b100000001 6
b100000000 2
1L
0d
0c
0b
0a
0`
0_
0^
0]
1\
b100000000 (
#10280
0!
0+
#10300
1!
1+
b100000010 A
b100000001 M
b100000001 4
b100000010 6
b100000001 2
0L
1K
1d
b100000001 (
#10320
0!
0+
#10340
1!
1+
b100000011 A
b100000010 M
b100000010 4
b100000011 6
b100000010 2
1L
0d
1c
b100000010 (
#10360
0!
0+
#10380
1!
1+
b100000100 A
b100000011 M
b100000011 4
b100000100 6
b100000011 2
0L
0K
1J
1d
b100000011 (
#10400
0!
0+
#10420
1!
1+
b100000101 A
b100000100 M
b100000100 4
b100000101 6
b100000100 2
1L
0d
0c
1b
b100000100 (
#10440
0!
0+
#10460
1!
1+
b100000110 A
b100000101 M
b100000101 4
b100000110 6
b100000101 2
0L
1K
1d
b100000101 (
#10480
0!
0+
#10500
1!
1+
b100000111 A
b100000110 M
b100000110 4
b100000111 6
b100000110 2
1L
0d
1c
b100000110 (
#10520
0!
0+
#10540
1!
1+
b100001000 A
b100000111 M
b100000111 4
b100001000 6
b100000111 2
0L
0K
0J
1I
1d
b100000111 (
#10560
0!
0+
#10580
1!
1+
b100001001 A
b100001000 M
b100001000 4
b100001001 6
b100001000 2
1L
0d
0c
0b
1a
b100001000 (
#10600
0!
0+
#10620
1!
1+
b100001010 A
b100001001 M
b100001001 4
b100001010 6
b100001001 2
0L
1K
1d
b100001001 (
#10640
0!
0+
#10660
1!
1+
b100001011 A
b100001010 M
b100001010 4
b100001011 6
b100001010 2
1L
0d
1c
b100001010 (
#10680
0!
0+
#10700
1!
1+
b100001100 A
b100001011 M
b100001011 4
b100001100 6
b100001011 2
0L
0K
1J
1d
b100001011 (
#10720
0!
0+
#10740
1!
1+
b100001101 A
b100001100 M
b100001100 4
b100001101 6
b100001100 2
1L
0d
0c
1b
b100001100 (
#10760
0!
0+
#10780
1!
1+
b100001110 A
b100001101 M
b100001101 4
b100001110 6
b100001101 2
0L
1K
1d
b100001101 (
#10800
0!
0+
#10820
1!
1+
b100001111 A
b100001110 M
b100001110 4
b100001111 6
b100001110 2
1L
0d
1c
b100001110 (
#10840
0!
0+
#10860
1!
1+
b100010000 A
b100001111 M
b100001111 4
b100010000 6
b100001111 2
0L
0K
0J
0I
1H
1d
b100001111 (
#10880
0!
0+
#10900
1!
1+
b100010001 A
b100010000 M
b100010000 4
b100010001 6
b100010000 2
1L
0d
0c
0b
0a
1`
b100010000 (
#10920
0!
0+
#10940
1!
1+
b100010010 A
b100010001 M
b100010001 4
b100010010 6
b100010001 2
0L
1K
1d
b100010001 (
#10960
0!
0+
#10980
1!
1+
b100010011 A
b100010010 M
b100010010 4
b100010011 6
b100010010 2
1L
0d
1c
b100010010 (
#11000
0!
0+
#11020
1!
1+
b100010100 A
b100010011 M
b100010011 4
b100010100 6
b100010011 2
0L
0K
1J
1d
b100010011 (
#11040
0!
0+
#11060
1!
1+
b100010101 A
b100010100 M
b100010100 4
b100010101 6
b100010100 2
1L
0d
0c
1b
b100010100 (
#11080
0!
0+
#11100
1!
1+
b100010110 A
b100010101 M
b100010101 4
b100010110 6
b100010101 2
0L
1K
1d
b100010101 (
#11120
0!
0+
#11140
1!
1+
b100010111 A
b100010110 M
b100010110 4
b100010111 6
b100010110 2
1L
0d
1c
b100010110 (
#11160
0!
0+
#11180
1!
1+
b100011000 A
b100010111 M
b100010111 4
b100011000 6
b100010111 2
0L
0K
0J
1I
1d
b100010111 (
#11200
0!
0+
#11220
1!
1+
b100011001 A
b100011000 M
b100011000 4
b100011001 6
b100011000 2
1L
0d
0c
0b
1a
b100011000 (
#11240
0!
0+
#11260
1!
1+
b100011010 A
b100011001 M
b100011001 4
b100011010 6
b100011001 2
0L
1K
1d
b100011001 (
#11280
0!
0+
#11300
1!
1+
b100011011 A
b100011010 M
b100011010 4
b100011011 6
b100011010 2
1L
0d
1c
b100011010 (
#11320
0!
0+
#11340
1!
1+
b100011100 A
b100011011 M
b100011011 4
b100011100 6
b100011011 2
0L
0K
1J
1d
b100011011 (
#11360
0!
0+
#11380
1!
1+
b100011101 A
b100011100 M
b100011100 4
b100011101 6
b100011100 2
1L
0d
0c
1b
b100011100 (
#11400
0!
0+
#11420
1!
1+
b100011110 A
b100011101 M
b100011101 4
b100011110 6
b100011101 2
0L
1K
1d
b100011101 (
#11440
0!
0+
#11460
1!
1+
b100011111 A
b100011110 M
b100011110 4
b100011111 6
b100011110 2
1L
0d
1c
b100011110 (
#11480
0!
0+
#11500
1!
1+
b100100000 A
b100011111 M
b100011111 4
b100100000 6
b100011111 2
0L
0K
0J
0I
0H
1G
1d
b100011111 (
#11520
0!
0+
#11540
1!
1+
b100100001 A
b100100000 M
b100100000 4
b100100001 6
b100100000 2
1L
0d
0c
0b
0a
0`
1_
b100100000 (
#11560
0!
0+
#11580
1!
1+
b100100010 A
b100100001 M
b100100001 4
b100100010 6
b100100001 2
0L
1K
1d
b100100001 (
#11600
0!
0+
#11620
1!
1+
b100100011 A
b100100010 M
b100100010 4
b100100011 6
b100100010 2
1L
0d
1c
b100100010 (
#11640
0!
0+
#11660
1!
1+
b100100100 A
b100100011 M
b100100011 4
b100100100 6
b100100011 2
0L
0K
1J
1d
b100100011 (
#11680
0!
0+
#11700
1!
1+
b100100101 A
b100100100 M
b100100100 4
b100100101 6
b100100100 2
1L
0d
0c
1b
b100100100 (
#11720
0!
0+
#11740
1!
1+
b100100110 A
b100100101 M
b100100101 4
b100100110 6
b100100101 2
0L
1K
1d
b100100101 (
#11760
0!
0+
#11780
1!
1+
b100100111 A
b100100110 M
b100100110 4
b100100111 6
b100100110 2
1L
0d
1c
b100100110 (
#11800
0!
0+
#11820
1!
1+
b100101000 A
b100100111 M
b100100111 4
b100101000 6
b100100111 2
0L
0K
0J
1I
1d
b100100111 (
#11840
0!
0+
#11860
1!
1+
b100101001 A
b100101000 M
b100101000 4
b100101001 6
b100101000 2
1L
0d
0c
0b
1a
b100101000 (
#11880
0!
0+
#11900
1!
1+
b100101010 A
b100101001 M
b100101001 4
b100101010 6
b100101001 2
0L
1K
1d
b100101001 (
#11920
0!
0+
#11940
1!
1+
b100101011 A
b100101010 M
b100101010 4
b100101011 6
b100101010 2
1L
0d
1c
b100101010 (
#11960
0!
0+
#11980
1!
1+
b100101100 A
b100101011 M
b100101011 4
b100101100 6
b100101011 2
0L
0K
1J
1d
b100101011 (
#12000
0!
0+
#12020
1!
1+
b100101101 A
b100101100 M
b100101100 4
b100101101 6
b100101100 2
1L
0d
0c
1b
b100101100 (
#12040
0!
0+
#12060
1!
1+
b100101110 A
b100101101 M
b100101101 4
b100101110 6
b100101101 2
0L
1K
1d
b100101101 (
#12080
0!
0+
#12100
1!
1+
b100101111 A
b100101110 M
b100101110 4
b100101111 6
b100101110 2
1L
0d
1c
b100101110 (
#12120
0!
0+
#12140
1!
1+
b100110000 A
b100101111 M
b100101111 4
b100110000 6
b100101111 2
0L
0K
0J
0I
1H
1d
b100101111 (
#12160
0!
0+
#12180
1!
1+
b100110001 A
b100110000 M
b100110000 4
b100110001 6
b100110000 2
1L
0d
0c
0b
0a
1`
b100110000 (
#12200
0!
0+
#12220
1!
1+
b100110010 A
b100110001 M
b100110001 4
b100110010 6
b100110001 2
0L
1K
1d
b100110001 (
#12240
0!
0+
#12260
1!
1+
b100110011 A
b100110010 M
b100110010 4
b100110011 6
b100110010 2
1L
0d
1c
b100110010 (
#12280
0!
0+
#12300
1!
1+
b100110100 A
b100110011 M
b100110011 4
b100110100 6
b100110011 2
0L
0K
1J
1d
b100110011 (
#12320
0!
0+
#12340
1!
1+
b100110101 A
b100110100 M
b100110100 4
b100110101 6
b100110100 2
1L
0d
0c
1b
b100110100 (
#12360
0!
0+
#12380
1!
1+
b100110110 A
b100110101 M
b100110101 4
b100110110 6
b100110101 2
0L
1K
1d
b100110101 (
#12400
0!
0+
#12420
1!
1+
b100110111 A
b100110110 M
b100110110 4
b100110111 6
b100110110 2
1L
0d
1c
b100110110 (
#12440
0!
0+
#12460
1!
1+
b100111000 A
b100110111 M
b100110111 4
b100111000 6
b100110111 2
0L
0K
0J
1I
1d
b100110111 (
#12480
0!
0+
#12500
1!
1+
b100111001 A
b100111000 M
b100111000 4
b100111001 6
b100111000 2
1L
0d
0c
0b
1a
b100111000 (
#12520
0!
0+
#12540
1!
1+
b100111010 A
b100111001 M
b100111001 4
b100111010 6
b100111001 2
0L
1K
1d
b100111001 (
#12560
0!
0+
#12580
1!
1+
b100111011 A
b100111010 M
b100111010 4
b100111011 6
b100111010 2
1L
0d
1c
b100111010 (
#12600
0!
0+
#12620
1!
1+
b100111100 A
b100111011 M
b100111011 4
b100111100 6
b100111011 2
0L
0K
1J
1d
b100111011 (
#12640
0!
0+
#12660
1!
1+
b100111101 A
b100111100 M
b100111100 4
b100111101 6
b100111100 2
1L
0d
0c
1b
b100111100 (
#12680
0!
0+
#12700
1!
1+
b100111110 A
b100111101 M
b100111101 4
b100111110 6
b100111101 2
0L
1K
1d
b100111101 (
#12720
0!
0+
#12740
1!
1+
b100111111 A
b100111110 M
b100111110 4
b100111111 6
b100111110 2
1L
0d
1c
b100111110 (
#12760
0!
0+
#12780
1!
1+
b101000000 A
b100111111 M
b100111111 4
b101000000 6
b100111111 2
0L
0K
0J
0I
0H
0G
1F
1d
b100111111 (
#12800
0!
0+
#12820
1!
1+
b101000001 A
b101000000 M
b101000000 4
b101000001 6
b101000000 2
1L
0d
0c
0b
0a
0`
0_
1^
b101000000 (
#12840
0!
0+
#12860
1!
1+
b101000010 A
b101000001 M
b101000001 4
b101000010 6
b101000001 2
0L
1K
1d
b101000001 (
#12880
0!
0+
#12900
1!
1+
b101000011 A
b101000010 M
b101000010 4
b101000011 6
b101000010 2
1L
0d
1c
b101000010 (
#12920
0!
0+
#12940
1!
1+
b101000100 A
b101000011 M
b101000011 4
b101000100 6
b101000011 2
0L
0K
1J
1d
b101000011 (
#12960
0!
0+
#12980
1!
1+
b101000101 A
b101000100 M
b101000100 4
b101000101 6
b101000100 2
1L
0d
0c
1b
b101000100 (
#13000
0!
0+
#13020
1!
1+
b101000110 A
b101000101 M
b101000101 4
b101000110 6
b101000101 2
0L
1K
1d
b101000101 (
#13040
0!
0+
#13060
1!
1+
b101000111 A
b101000110 M
b101000110 4
b101000111 6
b101000110 2
1L
0d
1c
b101000110 (
#13080
0!
0+
#13100
1!
1+
b101001000 A
b101000111 M
b101000111 4
b101001000 6
b101000111 2
0L
0K
0J
1I
1d
b101000111 (
#13120
0!
0+
#13140
1!
1+
b101001001 A
b101001000 M
b101001000 4
b101001001 6
b101001000 2
1L
0d
0c
0b
1a
b101001000 (
#13160
0!
0+
#13180
1!
1+
b101001010 A
b101001001 M
b101001001 4
b101001010 6
b101001001 2
0L
1K
1d
b101001001 (
#13200
0!
0+
#13220
1!
1+
b101001011 A
b101001010 M
b101001010 4
b101001011 6
b101001010 2
1L
0d
1c
b101001010 (
#13240
0!
0+
#13260
1!
1+
b101001100 A
b101001011 M
b101001011 4
b101001100 6
b101001011 2
0L
0K
1J
1d
b101001011 (
#13280
0!
0+
#13300
1!
1+
b101001101 A
b101001100 M
b101001100 4
b101001101 6
b101001100 2
1L
0d
0c
1b
b101001100 (
#13320
0!
0+
#13340
1!
1+
b101001110 A
b101001101 M
b101001101 4
b101001110 6
b101001101 2
0L
1K
1d
b101001101 (
#13360
0!
0+
#13380
1!
1+
b101001111 A
b101001110 M
b101001110 4
b101001111 6
b101001110 2
1L
0d
1c
b101001110 (
#13400
0!
0+
#13420
1!
1+
b101010000 A
b101001111 M
b101001111 4
b101010000 6
b101001111 2
0L
0K
0J
0I
1H
1d
b101001111 (
#13440
0!
0+
#13460
1!
1+
b101010001 A
b101010000 M
b101010000 4
b101010001 6
b101010000 2
1L
0d
0c
0b
0a
1`
b101010000 (
#13480
0!
0+
#13500
1!
1+
b101010010 A
b101010001 M
b101010001 4
b101010010 6
b101010001 2
0L
1K
1d
b101010001 (
#13520
0!
0+
#13540
1!
1+
b101010011 A
b101010010 M
b101010010 4
b101010011 6
b101010010 2
1L
0d
1c
b101010010 (
#13560
0!
0+
#13580
1!
1+
b101010100 A
b101010011 M
b101010011 4
b101010100 6
b101010011 2
0L
0K
1J
1d
b101010011 (
#13600
0!
0+
#13620
1!
1+
b101010101 A
b101010100 M
b101010100 4
b101010101 6
b101010100 2
1L
0d
0c
1b
b101010100 (
#13640
0!
0+
#13660
1!
1+
b101010110 A
b101010101 M
b101010101 4
b101010110 6
b101010101 2
0L
1K
1d
b101010101 (
#13680
0!
0+
#13700
1!
1+
b101010111 A
b101010110 M
b101010110 4
b101010111 6
b101010110 2
1L
0d
1c
b101010110 (
#13720
0!
0+
#13740
1!
1+
b101011000 A
b101010111 M
b101010111 4
b101011000 6
b101010111 2
0L
0K
0J
1I
1d
b101010111 (
#13760
0!
0+
#13780
1!
1+
b101011001 A
b101011000 M
b101011000 4
b101011001 6
b101011000 2
1L
0d
0c
0b
1a
b101011000 (
#13800
0!
0+
#13820
1!
1+
b101011010 A
b101011001 M
b101011001 4
b101011010 6
b101011001 2
0L
1K
1d
b101011001 (
#13840
0!
0+
#13860
1!
1+
b101011011 A
b101011010 M
b101011010 4
b101011011 6
b101011010 2
1L
0d
1c
b101011010 (
#13880
0!
0+
#13900
1!
1+
b101011100 A
b101011011 M
b101011011 4
b101011100 6
b101011011 2
0L
0K
1J
1d
b101011011 (
#13920
0!
0+
#13940
1!
1+
b101011101 A
b101011100 M
b101011100 4
b101011101 6
b101011100 2
1L
0d
0c
1b
b101011100 (
#13960
0!
0+
#13980
1!
1+
b101011110 A
b101011101 M
b101011101 4
b101011110 6
b101011101 2
0L
1K
1d
b101011101 (
#14000
0!
0+
#14020
1!
1+
b101011111 A
b101011110 M
b101011110 4
b101011111 6
b101011110 2
1L
0d
1c
b101011110 (
#14040
0!
0+
#14060
1!
1+
b101100000 A
b101011111 M
b101011111 4
b101100000 6
b101011111 2
0L
0K
0J
0I
0H
1G
1d
b101011111 (
#14080
0!
0+
#14100
1!
1+
b101100001 A
b101100000 M
b101100000 4
b101100001 6
b101100000 2
1L
0d
0c
0b
0a
0`
1_
b101100000 (
#14120
0!
0+
#14140
1!
1+
b101100010 A
b101100001 M
b101100001 4
b101100010 6
b101100001 2
0L
1K
1d
b101100001 (
#14160
0!
0+
#14180
1!
1+
b101100011 A
b101100010 M
b101100010 4
b101100011 6
b101100010 2
1L
0d
1c
b101100010 (
#14200
0!
0+
#14220
1!
1+
b101100100 A
b101100011 M
b101100011 4
b101100100 6
b101100011 2
0L
0K
1J
1d
b101100011 (
#14240
0!
0+
#14260
1!
1+
b101100101 A
b101100100 M
b101100100 4
b101100101 6
b101100100 2
1L
0d
0c
1b
b101100100 (
#14280
0!
0+
#14300
1!
1+
b101100110 A
b101100101 M
b101100101 4
b101100110 6
b101100101 2
0L
1K
1d
b101100101 (
#14320
0!
0+
#14340
1!
1+
b101100111 A
b101100110 M
b101100110 4
b101100111 6
b101100110 2
1L
0d
1c
b101100110 (
#14360
0!
0+
#14380
1!
1+
b101101000 A
b101100111 M
b101100111 4
b101101000 6
b101100111 2
0L
0K
0J
1I
1d
b101100111 (
#14400
0!
0+
#14420
1!
1+
b101101001 A
b101101000 M
b101101000 4
b101101001 6
b101101000 2
1L
0d
0c
0b
1a
b101101000 (
#14440
0!
0+
#14460
1!
1+
b101101010 A
b101101001 M
b101101001 4
b101101010 6
b101101001 2
0L
1K
1d
b101101001 (
#14480
0!
0+
#14500
1!
1+
b101101011 A
b101101010 M
b101101010 4
b101101011 6
b101101010 2
1L
0d
1c
b101101010 (
#14520
0!
0+
#14540
1!
1+
b101101100 A
b101101011 M
b101101011 4
b101101100 6
b101101011 2
0L
0K
1J
1d
b101101011 (
#14560
0!
0+
#14580
1!
1+
b101101101 A
b101101100 M
b101101100 4
b101101101 6
b101101100 2
1L
0d
0c
1b
b101101100 (
#14600
0!
0+
#14620
1!
1+
b101101110 A
b101101101 M
b101101101 4
b101101110 6
b101101101 2
0L
1K
1d
b101101101 (
#14640
0!
0+
#14660
1!
1+
b101101111 A
b101101110 M
b101101110 4
b101101111 6
b101101110 2
1L
0d
1c
b101101110 (
#14680
0!
0+
#14700
1!
1+
b101110000 A
b101101111 M
b101101111 4
b101110000 6
b101101111 2
0L
0K
0J
0I
1H
1d
b101101111 (
#14720
0!
0+
#14740
1!
1+
b101110001 A
b101110000 M
b101110000 4
b101110001 6
b101110000 2
1L
0d
0c
0b
0a
1`
b101110000 (
#14760
0!
0+
#14780
1!
1+
b101110010 A
b101110001 M
b101110001 4
b101110010 6
b101110001 2
0L
1K
1d
b101110001 (
#14800
0!
0+
#14820
1!
1+
b101110011 A
b101110010 M
b101110010 4
b101110011 6
b101110010 2
1L
0d
1c
b101110010 (
#14840
0!
0+
#14860
1!
1+
b101110100 A
b101110011 M
b101110011 4
b101110100 6
b101110011 2
0L
0K
1J
1d
b101110011 (
#14880
0!
0+
#14900
1!
1+
b101110101 A
b101110100 M
b101110100 4
b101110101 6
b101110100 2
1L
0d
0c
1b
b101110100 (
#14920
0!
0+
#14940
1!
1+
b101110110 A
b101110101 M
b101110101 4
b101110110 6
b101110101 2
0L
1K
1d
b101110101 (
#14960
0!
0+
#14980
1!
1+
b101110111 A
b101110110 M
b101110110 4
b101110111 6
b101110110 2
1L
0d
1c
b101110110 (
#15000
0!
0+
#15020
1!
1+
b101111000 A
b101110111 M
b101110111 4
b101111000 6
b101110111 2
0L
0K
0J
1I
1d
b101110111 (
#15040
0!
0+
#15060
1!
1+
b101111001 A
b101111000 M
b101111000 4
b101111001 6
b101111000 2
1L
0d
0c
0b
1a
b101111000 (
#15080
0!
0+
#15100
1!
1+
b101111010 A
b101111001 M
b101111001 4
b101111010 6
b101111001 2
0L
1K
1d
b101111001 (
#15120
0!
0+
#15140
1!
1+
b101111011 A
b101111010 M
b101111010 4
b101111011 6
b101111010 2
1L
0d
1c
b101111010 (
#15160
0!
0+
#15180
1!
1+
b101111100 A
b101111011 M
b101111011 4
b101111100 6
b101111011 2
0L
0K
1J
1d
b101111011 (
#15200
0!
0+
#15220
1!
1+
b101111101 A
b101111100 M
b101111100 4
b101111101 6
b101111100 2
1L
0d
0c
1b
b101111100 (
#15240
0!
0+
#15260
1!
1+
b101111110 A
b101111101 M
b101111101 4
b101111110 6
b101111101 2
0L
1K
1d
b101111101 (
#15280
0!
0+
#15300
1!
1+
b101111111 A
b101111110 M
b101111110 4
b101111111 6
b101111110 2
1L
0d
1c
b101111110 (
#15320
0!
0+
#15340
1!
1+
b110000000 A
b101111111 M
b101111111 4
b110000000 6
b101111111 2
0L
0K
0J
0I
0H
0G
0F
1E
1d
b101111111 (
#15360
0!
0+
#15380
1!
1+
b110000001 A
b110000000 M
b110000000 4
b110000001 6
b110000000 2
1L
0d
0c
0b
0a
0`
0_
0^
1]
b110000000 (
#15400
0!
0+
#15420
1!
1+
b110000010 A
b110000001 M
b110000001 4
b110000010 6
b110000001 2
0L
1K
1d
b110000001 (
#15440
0!
0+
#15460
1!
1+
b110000011 A
b110000010 M
b110000010 4
b110000011 6
b110000010 2
1L
0d
1c
b110000010 (
#15480
0!
0+
#15500
1!
1+
b110000100 A
b110000011 M
b110000011 4
b110000100 6
b110000011 2
0L
0K
1J
1d
b110000011 (
#15520
0!
0+
#15540
1!
1+
b110000101 A
b110000100 M
b110000100 4
b110000101 6
b110000100 2
1L
0d
0c
1b
b110000100 (
#15560
0!
0+
#15580
1!
1+
b110000110 A
b110000101 M
b110000101 4
b110000110 6
b110000101 2
0L
1K
1d
b110000101 (
#15600
0!
0+
#15620
1!
1+
b110000111 A
b110000110 M
b110000110 4
b110000111 6
b110000110 2
1L
0d
1c
b110000110 (
#15640
0!
0+
#15660
1!
1+
b110001000 A
b110000111 M
b110000111 4
b110001000 6
b110000111 2
0L
0K
0J
1I
1d
b110000111 (
#15680
0!
0+
#15700
1!
1+
b110001001 A
b110001000 M
b110001000 4
b110001001 6
b110001000 2
1L
0d
0c
0b
1a
b110001000 (
#15720
0!
0+
#15740
1!
1+
b110001010 A
b110001001 M
b110001001 4
b110001010 6
b110001001 2
0L
1K
1d
b110001001 (
#15760
0!
0+
#15780
1!
1+
b110001011 A
b110001010 M
b110001010 4
b110001011 6
b110001010 2
1L
0d
1c
b110001010 (
#15800
0!
0+
#15820
1!
1+
b110001100 A
b110001011 M
b110001011 4
b110001100 6
b110001011 2
0L
0K
1J
1d
b110001011 (
#15840
0!
0+
#15860
1!
1+
b110001101 A
b110001100 M
b110001100 4
b110001101 6
b110001100 2
1L
0d
0c
1b
b110001100 (
#15880
0!
0+
#15900
1!
1+
b110001110 A
b110001101 M
b110001101 4
b110001110 6
b110001101 2
0L
1K
1d
b110001101 (
#15920
0!
0+
#15940
1!
1+
b110001111 A
b110001110 M
b110001110 4
b110001111 6
b110001110 2
1L
0d
1c
b110001110 (
#15960
0!
0+
#15980
1!
1+
b110010000 A
b110001111 M
b110001111 4
b110010000 6
b110001111 2
0L
0K
0J
0I
1H
1d
b110001111 (
#16000
0!
0+
#16020
1!
1+
b110010001 A
b110010000 M
b110010000 4
b110010001 6
b110010000 2
1L
0d
0c
0b
0a
1`
b110010000 (
#16040
0!
0+
#16060
1!
1+
b110010010 A
b110010001 M
b110010001 4
b110010010 6
b110010001 2
0L
1K
1d
b110010001 (
#16080
0!
0+
#16100
1!
1+
b110010011 A
b110010010 M
b110010010 4
b110010011 6
b110010010 2
1L
0d
1c
b110010010 (
#16120
0!
0+
#16140
1!
1+
b110010100 A
b110010011 M
b110010011 4
b110010100 6
b110010011 2
0L
0K
1J
1d
b110010011 (
#16160
0!
0+
#16180
1!
1+
b110010101 A
b110010100 M
b110010100 4
b110010101 6
b110010100 2
1L
0d
0c
1b
b110010100 (
#16200
0!
0+
#16220
1!
1+
b110010110 A
b110010101 M
b110010101 4
b110010110 6
b110010101 2
0L
1K
1d
b110010101 (
#16240
0!
0+
#16260
1!
1+
b110010111 A
b110010110 M
b110010110 4
b110010111 6
b110010110 2
1L
0d
1c
b110010110 (
#16280
0!
0+
#16300
1!
1+
b110011000 A
b110010111 M
b110010111 4
b110011000 6
b110010111 2
0L
0K
0J
1I
1d
b110010111 (
#16320
0!
0+
#16340
1!
1+
b110011001 A
b110011000 M
b110011000 4
b110011001 6
b110011000 2
1L
0d
0c
0b
1a
b110011000 (
#16360
0!
0+
#16380
1!
1+
b110011010 A
b110011001 M
b110011001 4
b110011010 6
b110011001 2
0L
1K
1d
b110011001 (
#16400
0!
0+
#16420
1!
1+
b110011011 A
b110011010 M
b110011010 4
b110011011 6
b110011010 2
1L
0d
1c
b110011010 (
#16440
0!
0+
#16460
1!
1+
b110011100 A
b110011011 M
b110011011 4
b110011100 6
b110011011 2
0L
0K
1J
1d
b110011011 (
#16480
0!
0+
#16500
1!
1+
b110011101 A
b110011100 M
b110011100 4
b110011101 6
b110011100 2
1L
0d
0c
1b
b110011100 (
#16520
0!
0+
#16540
1!
1+
b110011110 A
b110011101 M
b110011101 4
b110011110 6
b110011101 2
0L
1K
1d
b110011101 (
#16560
0!
0+
#16580
1!
1+
b110011111 A
b110011110 M
b110011110 4
b110011111 6
b110011110 2
1L
0d
1c
b110011110 (
#16600
0!
0+
#16620
1!
1+
b110100000 A
b110011111 M
b110011111 4
b110100000 6
b110011111 2
0L
0K
0J
0I
0H
1G
1d
b110011111 (
#16640
0!
0+
#16660
1!
1+
b110100001 A
b110100000 M
b110100000 4
b110100001 6
b110100000 2
1L
0d
0c
0b
0a
0`
1_
b110100000 (
#16680
0!
0+
#16700
1!
1+
b110100010 A
b110100001 M
b110100001 4
b110100010 6
b110100001 2
0L
1K
1d
b110100001 (
#16720
0!
0+
#16740
1!
1+
b110100011 A
b110100010 M
b110100010 4
b110100011 6
b110100010 2
1L
0d
1c
b110100010 (
#16760
0!
0+
#16780
1!
1+
b110100100 A
b110100011 M
b110100011 4
b110100100 6
b110100011 2
0L
0K
1J
1d
b110100011 (
#16800
0!
0+
#16820
1!
1+
b110100101 A
b110100100 M
b110100100 4
b110100101 6
b110100100 2
1L
0d
0c
1b
b110100100 (
#16840
0!
0+
#16860
1!
1+
b110100110 A
b110100101 M
b110100101 4
b110100110 6
b110100101 2
0L
1K
1d
b110100101 (
#16880
0!
0+
#16900
1!
1+
b110100111 A
b110100110 M
b110100110 4
b110100111 6
b110100110 2
1L
0d
1c
b110100110 (
#16920
0!
0+
#16940
1!
1+
b110101000 A
b110100111 M
b110100111 4
b110101000 6
b110100111 2
0L
0K
0J
1I
1d
b110100111 (
#16960
0!
0+
#16980
1!
1+
b110101001 A
b110101000 M
b110101000 4
b110101001 6
b110101000 2
1L
0d
0c
0b
1a
b110101000 (
#17000
0!
0+
#17020
1!
1+
b110101010 A
b110101001 M
b110101001 4
b110101010 6
b110101001 2
0L
1K
1d
b110101001 (
#17040
0!
0+
#17060
1!
1+
b110101011 A
b110101010 M
b110101010 4
b110101011 6
b110101010 2
1L
0d
1c
b110101010 (
#17080
0!
0+
#17100
1!
1+
b110101100 A
b110101011 M
b110101011 4
b110101100 6
b110101011 2
0L
0K
1J
1d
b110101011 (
#17120
0!
0+
#17140
1!
1+
b110101101 A
b110101100 M
b110101100 4
b110101101 6
b110101100 2
1L
0d
0c
1b
b110101100 (
#17160
0!
0+
#17180
1!
1+
b110101110 A
b110101101 M
b110101101 4
b110101110 6
b110101101 2
0L
1K
1d
b110101101 (
#17200
0!
0+
#17220
1!
1+
b110101111 A
b110101110 M
b110101110 4
b110101111 6
b110101110 2
1L
0d
1c
b110101110 (
#17240
0!
0+
#17260
1!
1+
b110110000 A
b110101111 M
b110101111 4
b110110000 6
b110101111 2
0L
0K
0J
0I
1H
1d
b110101111 (
#17280
0!
0+
#17300
1!
1+
b110110001 A
b110110000 M
b110110000 4
b110110001 6
b110110000 2
1L
0d
0c
0b
0a
1`
b110110000 (
#17320
0!
0+
#17340
1!
1+
b110110010 A
b110110001 M
b110110001 4
b110110010 6
b110110001 2
0L
1K
1d
b110110001 (
#17360
0!
0+
#17380
1!
1+
b110110011 A
b110110010 M
b110110010 4
b110110011 6
b110110010 2
1L
0d
1c
b110110010 (
#17400
0!
0+
#17420
1!
1+
b110110100 A
b110110011 M
b110110011 4
b110110100 6
b110110011 2
0L
0K
1J
1d
b110110011 (
#17440
0!
0+
#17460
1!
1+
b110110101 A
b110110100 M
b110110100 4
b110110101 6
b110110100 2
1L
0d
0c
1b
b110110100 (
#17480
0!
0+
#17500
1!
1+
b110110110 A
b110110101 M
b110110101 4
b110110110 6
b110110101 2
0L
1K
1d
b110110101 (
#17520
0!
0+
#17540
1!
1+
b110110111 A
b110110110 M
b110110110 4
b110110111 6
b110110110 2
1L
0d
1c
b110110110 (
#17560
0!
0+
#17580
1!
1+
b110111000 A
b110110111 M
b110110111 4
b110111000 6
b110110111 2
0L
0K
0J
1I
1d
b110110111 (
#17600
0!
0+
#17620
1!
1+
b110111001 A
b110111000 M
b110111000 4
b110111001 6
b110111000 2
1L
0d
0c
0b
1a
b110111000 (
#17640
0!
0+
#17660
1!
1+
b110111010 A
b110111001 M
b110111001 4
b110111010 6
b110111001 2
0L
1K
1d
b110111001 (
#17680
0!
0+
#17700
1!
1+
b110111011 A
b110111010 M
b110111010 4
b110111011 6
b110111010 2
1L
0d
1c
b110111010 (
#17720
0!
0+
#17740
1!
1+
b110111100 A
b110111011 M
b110111011 4
b110111100 6
b110111011 2
0L
0K
1J
1d
b110111011 (
#17760
0!
0+
#17780
1!
1+
b110111101 A
b110111100 M
b110111100 4
b110111101 6
b110111100 2
1L
0d
0c
1b
b110111100 (
#17800
0!
0+
#17820
1!
1+
b110111110 A
b110111101 M
b110111101 4
b110111110 6
b110111101 2
0L
1K
1d
b110111101 (
#17840
0!
0+
#17860
1!
1+
b110111111 A
b110111110 M
b110111110 4
b110111111 6
b110111110 2
1L
0d
1c
b110111110 (
#17880
0!
0+
#17900
1!
1+
b111000000 A
b110111111 M
b110111111 4
b111000000 6
b110111111 2
0L
0K
0J
0I
0H
0G
1F
1d
b110111111 (
#17920
0!
0+
#17940
1!
1+
b111000001 A
b111000000 M
b111000000 4
b111000001 6
b111000000 2
1L
0d
0c
0b
0a
0`
0_
1^
b111000000 (
#17960
0!
0+
#17980
1!
1+
b111000010 A
b111000001 M
b111000001 4
b111000010 6
b111000001 2
0L
1K
1d
b111000001 (
#18000
0!
0+
#18020
1!
1+
b111000011 A
b111000010 M
b111000010 4
b111000011 6
b111000010 2
1L
0d
1c
b111000010 (
#18040
0!
0+
#18060
1!
1+
b111000100 A
b111000011 M
b111000011 4
b111000100 6
b111000011 2
0L
0K
1J
1d
b111000011 (
#18080
0!
0+
#18100
1!
1+
b111000101 A
b111000100 M
b111000100 4
b111000101 6
b111000100 2
1L
0d
0c
1b
b111000100 (
#18120
0!
0+
#18140
1!
1+
b111000110 A
b111000101 M
b111000101 4
b111000110 6
b111000101 2
0L
1K
1d
b111000101 (
#18160
0!
0+
#18180
1!
1+
b111000111 A
b111000110 M
b111000110 4
b111000111 6
b111000110 2
1L
0d
1c
b111000110 (
#18200
0!
0+
#18220
1!
1+
b111001000 A
b111000111 M
b111000111 4
b111001000 6
b111000111 2
0L
0K
0J
1I
1d
b111000111 (
#18240
0!
0+
#18260
1!
1+
b111001001 A
b111001000 M
b111001000 4
b111001001 6
b111001000 2
1L
0d
0c
0b
1a
b111001000 (
#18280
0!
0+
#18300
1!
1+
b111001010 A
b111001001 M
b111001001 4
b111001010 6
b111001001 2
0L
1K
1d
b111001001 (
#18320
0!
0+
#18340
1!
1+
b111001011 A
b111001010 M
b111001010 4
b111001011 6
b111001010 2
1L
0d
1c
b111001010 (
#18360
0!
0+
#18380
1!
1+
b111001100 A
b111001011 M
b111001011 4
b111001100 6
b111001011 2
0L
0K
1J
1d
b111001011 (
#18400
0!
0+
#18420
1!
1+
b111001101 A
b111001100 M
b111001100 4
b111001101 6
b111001100 2
1L
0d
0c
1b
b111001100 (
#18440
0!
0+
#18460
1!
1+
b111001110 A
b111001101 M
b111001101 4
b111001110 6
b111001101 2
0L
1K
1d
b111001101 (
#18480
0!
0+
#18500
1!
1+
b111001111 A
b111001110 M
b111001110 4
b111001111 6
b111001110 2
1L
0d
1c
b111001110 (
#18520
0!
0+
#18540
1!
1+
b111010000 A
b111001111 M
b111001111 4
b111010000 6
b111001111 2
0L
0K
0J
0I
1H
1d
b111001111 (
#18560
0!
0+
#18580
1!
1+
b111010001 A
b111010000 M
b111010000 4
b111010001 6
b111010000 2
1L
0d
0c
0b
0a
1`
b111010000 (
#18600
0!
0+
#18620
1!
1+
b111010010 A
b111010001 M
b111010001 4
b111010010 6
b111010001 2
0L
1K
1d
b111010001 (
#18640
0!
0+
#18660
1!
1+
b111010011 A
b111010010 M
b111010010 4
b111010011 6
b111010010 2
1L
0d
1c
b111010010 (
#18680
0!
0+
#18700
1!
1+
b111010100 A
b111010011 M
b111010011 4
b111010100 6
b111010011 2
0L
0K
1J
1d
b111010011 (
#18720
0!
0+
#18740
1!
1+
b111010101 A
b111010100 M
b111010100 4
b111010101 6
b111010100 2
1L
0d
0c
1b
b111010100 (
#18760
0!
0+
#18780
1!
1+
b111010110 A
b111010101 M
b111010101 4
b111010110 6
b111010101 2
0L
1K
1d
b111010101 (
#18800
0!
0+
#18820
1!
1+
b111010111 A
b111010110 M
b111010110 4
b111010111 6
b111010110 2
1L
0d
1c
b111010110 (
#18840
0!
0+
#18860
1!
1+
b111011000 A
b111010111 M
b111010111 4
b111011000 6
b111010111 2
0L
0K
0J
1I
1d
b111010111 (
#18880
0!
0+
#18900
1!
1+
b111011001 A
b111011000 M
b111011000 4
b111011001 6
b111011000 2
1L
0d
0c
0b
1a
b111011000 (
#18920
0!
0+
#18940
1!
1+
b111011010 A
b111011001 M
b111011001 4
b111011010 6
b111011001 2
0L
1K
1d
b111011001 (
#18960
0!
0+
#18980
1!
1+
b111011011 A
b111011010 M
b111011010 4
b111011011 6
b111011010 2
1L
0d
1c
b111011010 (
#19000
0!
0+
#19020
1!
1+
b111011100 A
b111011011 M
b111011011 4
b111011100 6
b111011011 2
0L
0K
1J
1d
b111011011 (
#19040
0!
0+
#19060
1!
1+
b111011101 A
b111011100 M
b111011100 4
b111011101 6
b111011100 2
1L
0d
0c
1b
b111011100 (
#19080
0!
0+
#19100
1!
1+
b111011110 A
b111011101 M
b111011101 4
b111011110 6
b111011101 2
0L
1K
1d
b111011101 (
#19120
0!
0+
#19140
1!
1+
b111011111 A
b111011110 M
b111011110 4
b111011111 6
b111011110 2
1L
0d
1c
b111011110 (
#19160
0!
0+
#19180
1!
1+
b111100000 A
b111011111 M
b111011111 4
b111100000 6
b111011111 2
0L
0K
0J
0I
0H
1G
1d
b111011111 (
#19200
0!
0+
#19220
1!
1+
b111100001 A
b111100000 M
b111100000 4
b111100001 6
b111100000 2
1L
0d
0c
0b
0a
0`
1_
b111100000 (
#19240
0!
0+
#19260
1!
1+
b111100010 A
b111100001 M
b111100001 4
b111100010 6
b111100001 2
0L
1K
1d
b111100001 (
#19280
0!
0+
#19300
1!
1+
b111100011 A
b111100010 M
b111100010 4
b111100011 6
b111100010 2
1L
0d
1c
b111100010 (
#19320
0!
0+
#19340
1!
1+
b111100100 A
b111100011 M
b111100011 4
b111100100 6
b111100011 2
0L
0K
1J
1d
b111100011 (
#19360
0!
0+
#19380
1!
1+
b111100101 A
b111100100 M
b111100100 4
b111100101 6
b111100100 2
1L
0d
0c
1b
b111100100 (
#19400
0!
0+
#19420
1!
1+
b111100110 A
b111100101 M
b111100101 4
b111100110 6
b111100101 2
0L
1K
1d
b111100101 (
#19440
0!
0+
#19460
1!
1+
b111100111 A
b111100110 M
b111100110 4
b111100111 6
b111100110 2
1L
0d
1c
b111100110 (
#19480
0!
0+
#19500
1!
1+
b111101000 A
b111100111 M
b111100111 4
b111101000 6
b111100111 2
0L
0K
0J
1I
1d
b111100111 (
#19520
0!
0+
#19540
1!
1+
b111101001 A
b111101000 M
b111101000 4
b111101001 6
b111101000 2
1L
0d
0c
0b
1a
b111101000 (
#19560
0!
0+
#19580
1!
1+
b111101010 A
b111101001 M
b111101001 4
b111101010 6
b111101001 2
0L
1K
1d
b111101001 (
#19600
0!
0+
#19620
1!
1+
b111101011 A
b111101010 M
b111101010 4
b111101011 6
b111101010 2
1L
0d
1c
b111101010 (
#19640
0!
0+
#19660
1!
1+
b111101100 A
b111101011 M
b111101011 4
b111101100 6
b111101011 2
0L
0K
1J
1d
b111101011 (
#19680
0!
0+
#19700
1!
1+
b111101101 A
b111101100 M
b111101100 4
b111101101 6
b111101100 2
1L
0d
0c
1b
b111101100 (
#19720
0!
0+
#19740
1!
1+
b111101110 A
b111101101 M
b111101101 4
b111101110 6
b111101101 2
0L
1K
1d
b111101101 (
#19760
0!
0+
#19780
1!
1+
b111101111 A
b111101110 M
b111101110 4
b111101111 6
b111101110 2
1L
0d
1c
b111101110 (
#19800
0!
0+
#19820
1!
1+
b111110000 A
b111101111 M
b111101111 4
b111110000 6
b111101111 2
0L
0K
0J
0I
1H
1d
b111101111 (
#19840
0!
0+
#19860
1!
1+
b111110001 A
b111110000 M
b111110000 4
b111110001 6
b111110000 2
1L
0d
0c
0b
0a
1`
b111110000 (
#19880
0!
0+
#19900
1!
1+
b111110010 A
b111110001 M
b111110001 4
b111110010 6
b111110001 2
0L
1K
1d
b111110001 (
#19920
0!
0+
#19940
1!
1+
b111110011 A
b111110010 M
b111110010 4
b111110011 6
b111110010 2
1L
0d
1c
b111110010 (
#19960
0!
0+
#19980
1!
1+
b111110100 A
b111110011 M
b111110011 4
b111110100 6
b111110011 2
0L
0K
1J
1d
b111110011 (
#20000
0!
0+
#20020
1!
1+
b111110101 A
b111110100 M
b111110100 4
b111110101 6
b111110100 2
1L
0d
0c
1b
b111110100 (
#20040
0!
0+
#20060
1!
1+
b111110110 A
b111110101 M
b111110101 4
b111110110 6
b111110101 2
0L
1K
1d
b111110101 (
#20080
0!
0+
#20100
1!
1+
b111110111 A
b111110110 M
b111110110 4
b111110111 6
b111110110 2
1L
0d
1c
b111110110 (
#20120
0!
0+
#20140
1!
1+
b111111000 A
b111110111 M
b111110111 4
b111111000 6
b111110111 2
0L
0K
0J
1I
1d
b111110111 (
#20160
0!
0+
#20180
1!
1+
b111111001 A
b111111000 M
b111111000 4
b111111001 6
b111111000 2
1L
0d
0c
0b
1a
b111111000 (
#20200
0!
0+
#20220
1!
1+
b111111010 A
b111111001 M
b111111001 4
b111111010 6
b111111001 2
0L
1K
1d
b111111001 (
#20240
0!
0+
#20260
1!
1+
b111111011 A
b111111010 M
b111111010 4
b111111011 6
b111111010 2
1L
0d
1c
b111111010 (
#20280
0!
0+
#20300
1!
1+
b111111100 A
b111111011 M
b111111011 4
b111111100 6
b111111011 2
0L
0K
1J
1d
b111111011 (
#20320
0!
0+
#20340
1!
1+
b111111101 A
b111111100 M
b111111100 4
b111111101 6
b111111100 2
1L
0d
0c
1b
b111111100 (
#20360
0!
0+
#20380
1!
1+
b111111110 A
b111111101 M
b111111101 4
b111111110 6
b111111101 2
0L
1K
1d
b111111101 (
#20400
0!
0+
#20420
1!
1+
b111111111 A
b111111110 M
b111111110 4
b111111111 6
b111111110 2
1L
0d
1c
b111111110 (
#20440
0!
0+
#20460
1!
1+
b1000000000 A
b111111111 M
b111111111 4
b1000000000 6
b111111111 2
0L
0K
0J
0I
0H
0G
0F
0E
0D
1C
1d
b111111111 (
#20480
0!
0+
#20500
1!
1+
b1000000001 A
b1000000000 M
b1000000000 4
b1000000001 6
b1000000000 2
1L
0d
0c
0b
0a
0`
0_
0^
0]
0\
1[
b1000000000 (
#20520
0!
0+
#20540
1!
1+
b1000000010 A
b1000000001 M
b1000000001 4
b1000000010 6
b1000000001 2
0L
1K
1d
b1000000001 (
#20560
0!
0+
#20580
1!
1+
b1000000011 A
b1000000010 M
b1000000010 4
b1000000011 6
b1000000010 2
1L
0d
1c
b1000000010 (
#20600
0!
0+
#20620
1!
1+
b1000000100 A
b1000000011 M
b1000000011 4
b1000000100 6
b1000000011 2
0L
0K
1J
1d
b1000000011 (
#20640
0!
0+
#20660
1!
1+
b1000000101 A
b1000000100 M
b1000000100 4
b1000000101 6
b1000000100 2
1L
0d
0c
1b
b1000000100 (
#20680
0!
0+
#20700
1!
1+
b1000000110 A
b1000000101 M
b1000000101 4
b1000000110 6
b1000000101 2
0L
1K
1d
b1000000101 (
#20720
0!
0+
#20740
1!
1+
b1000000111 A
b1000000110 M
b1000000110 4
b1000000111 6
b1000000110 2
1L
0d
1c
b1000000110 (
#20760
0!
0+
#20780
1!
1+
b1000001000 A
b1000000111 M
b1000000111 4
b1000001000 6
b1000000111 2
0L
0K
0J
1I
1d
b1000000111 (
#20800
0!
0+
#20820
1!
1+
b1000001001 A
b1000001000 M
b1000001000 4
b1000001001 6
b1000001000 2
1L
0d
0c
0b
1a
b1000001000 (
#20840
0!
0+
#20860
1!
1+
b1000001010 A
b1000001001 M
b1000001001 4
b1000001010 6
b1000001001 2
0L
1K
1d
b1000001001 (
#20880
0!
0+
#20900
1!
1+
b1000001011 A
b1000001010 M
b1000001010 4
b1000001011 6
b1000001010 2
1L
0d
1c
b1000001010 (
#20920
0!
0+
#20940
1!
1+
b1000001100 A
b1000001011 M
b1000001011 4
b1000001100 6
b1000001011 2
0L
0K
1J
1d
b1000001011 (
#20960
0!
0+
#20980
1!
1+
b1000001101 A
b1000001100 M
b1000001100 4
b1000001101 6
b1000001100 2
1L
0d
0c
1b
b1000001100 (
#21000
0!
0+
#21020
1!
1+
b1000001110 A
b1000001101 M
b1000001101 4
b1000001110 6
b1000001101 2
0L
1K
1d
b1000001101 (
#21040
0!
0+
#21060
1!
1+
b1000001111 A
b1000001110 M
b1000001110 4
b1000001111 6
b1000001110 2
1L
0d
1c
b1000001110 (
#21080
0!
0+
#21100
1!
1+
b1000010000 A
b1000001111 M
b1000001111 4
b1000010000 6
b1000001111 2
0L
0K
0J
0I
1H
1d
b1000001111 (
#21120
0!
0+
#21140
1!
1+
b1000010001 A
b1000010000 M
b1000010000 4
b1000010001 6
b1000010000 2
1L
0d
0c
0b
0a
1`
b1000010000 (
#21160
0!
0+
#21180
1!
1+
b1000010010 A
b1000010001 M
b1000010001 4
b1000010010 6
b1000010001 2
0L
1K
1d
b1000010001 (
#21200
0!
0+
#21220
1!
1+
b1000010011 A
b1000010010 M
b1000010010 4
b1000010011 6
b1000010010 2
1L
0d
1c
b1000010010 (
#21240
0!
0+
#21260
1!
1+
b1000010100 A
b1000010011 M
b1000010011 4
b1000010100 6
b1000010011 2
0L
0K
1J
1d
b1000010011 (
#21280
0!
0+
#21300
1!
1+
b1000010101 A
b1000010100 M
b1000010100 4
b1000010101 6
b1000010100 2
1L
0d
0c
1b
b1000010100 (
#21320
0!
0+
#21340
1!
1+
b1000010110 A
b1000010101 M
b1000010101 4
b1000010110 6
b1000010101 2
0L
1K
1d
b1000010101 (
#21360
0!
0+
#21380
1!
1+
b1000010111 A
b1000010110 M
b1000010110 4
b1000010111 6
b1000010110 2
1L
0d
1c
b1000010110 (
#21400
0!
0+
#21420
1!
1+
b1000011000 A
b1000010111 M
b1000010111 4
b1000011000 6
b1000010111 2
0L
0K
0J
1I
1d
b1000010111 (
#21440
0!
0+
#21460
1!
1+
b1000011001 A
b1000011000 M
b1000011000 4
b1000011001 6
b1000011000 2
1L
0d
0c
0b
1a
b1000011000 (
#21480
0!
0+
#21500
1!
1+
b1000011010 A
b1000011001 M
b1000011001 4
b1000011010 6
b1000011001 2
0L
1K
1d
b1000011001 (
#21520
0!
0+
#21540
1!
1+
b1000011011 A
b1000011010 M
b1000011010 4
b1000011011 6
b1000011010 2
1L
0d
1c
b1000011010 (
#21560
0!
0+
#21580
1!
1+
b1000011100 A
b1000011011 M
b1000011011 4
b1000011100 6
b1000011011 2
0L
0K
1J
1d
b1000011011 (
#21600
0!
0+
#21620
1!
1+
b1000011101 A
b1000011100 M
b1000011100 4
b1000011101 6
b1000011100 2
1L
0d
0c
1b
b1000011100 (
#21640
0!
0+
#21660
1!
1+
b1000011110 A
b1000011101 M
b1000011101 4
b1000011110 6
b1000011101 2
0L
1K
1d
b1000011101 (
#21680
0!
0+
#21700
1!
1+
b1000011111 A
b1000011110 M
b1000011110 4
b1000011111 6
b1000011110 2
1L
0d
1c
b1000011110 (
#21720
0!
0+
#21740
1!
1+
b1000100000 A
b1000011111 M
b1000011111 4
b1000100000 6
b1000011111 2
0L
0K
0J
0I
0H
1G
1d
b1000011111 (
#21760
0!
0+
#21780
1!
1+
b1000100001 A
b1000100000 M
b1000100000 4
b1000100001 6
b1000100000 2
1L
0d
0c
0b
0a
0`
1_
b1000100000 (
#21800
0!
0+
#21820
1!
1+
b1000100010 A
b1000100001 M
b1000100001 4
b1000100010 6
b1000100001 2
0L
1K
1d
b1000100001 (
#21840
0!
0+
#21860
1!
1+
b1000100011 A
b1000100010 M
b1000100010 4
b1000100011 6
b1000100010 2
1L
0d
1c
b1000100010 (
#21880
0!
0+
#21900
1!
1+
b1000100100 A
b1000100011 M
b1000100011 4
b1000100100 6
b1000100011 2
0L
0K
1J
1d
b1000100011 (
#21920
0!
0+
#21940
1!
1+
b1000100101 A
b1000100100 M
b1000100100 4
b1000100101 6
b1000100100 2
1L
0d
0c
1b
b1000100100 (
#21960
0!
0+
#21980
1!
1+
b1000100110 A
b1000100101 M
b1000100101 4
b1000100110 6
b1000100101 2
0L
1K
1d
b1000100101 (
#22000
0!
0+
#22020
1!
1+
b1000100111 A
b1000100110 M
b1000100110 4
b1000100111 6
b1000100110 2
1L
0d
1c
b1000100110 (
#22040
0!
0+
#22060
1!
1+
b1000101000 A
b1000100111 M
b1000100111 4
b1000101000 6
b1000100111 2
0L
0K
0J
1I
1d
b1000100111 (
#22080
0!
0+
#22100
1!
1+
b1000101001 A
b1000101000 M
b1000101000 4
b1000101001 6
b1000101000 2
1L
0d
0c
0b
1a
b1000101000 (
#22120
0!
0+
#22140
1!
1+
b1000101010 A
b1000101001 M
b1000101001 4
b1000101010 6
b1000101001 2
0L
1K
1d
b1000101001 (
#22160
0!
0+
#22180
1!
1+
b1000101011 A
b1000101010 M
b1000101010 4
b1000101011 6
b1000101010 2
1L
0d
1c
b1000101010 (
#22200
0!
0+
#22220
1!
1+
b1000101100 A
b1000101011 M
b1000101011 4
b1000101100 6
b1000101011 2
0L
0K
1J
1d
b1000101011 (
#22240
0!
0+
#22260
1!
1+
b1000101101 A
b1000101100 M
b1000101100 4
b1000101101 6
b1000101100 2
1L
0d
0c
1b
b1000101100 (
#22280
0!
0+
#22300
1!
1+
b1000101110 A
b1000101101 M
b1000101101 4
b1000101110 6
b1000101101 2
0L
1K
1d
b1000101101 (
#22320
0!
0+
#22340
1!
1+
b1000101111 A
b1000101110 M
b1000101110 4
b1000101111 6
b1000101110 2
1L
0d
1c
b1000101110 (
#22360
0!
0+
#22380
1!
1+
b1000110000 A
b1000101111 M
b1000101111 4
b1000110000 6
b1000101111 2
0L
0K
0J
0I
1H
1d
b1000101111 (
#22400
0!
0+
#22420
1!
1+
b1000110001 A
b1000110000 M
b1000110000 4
b1000110001 6
b1000110000 2
1L
0d
0c
0b
0a
1`
b1000110000 (
#22440
0!
0+
#22460
1!
1+
b1000110010 A
b1000110001 M
b1000110001 4
b1000110010 6
b1000110001 2
0L
1K
1d
b1000110001 (
#22480
0!
0+
#22500
1!
1+
b1000110011 A
b1000110010 M
b1000110010 4
b1000110011 6
b1000110010 2
1L
0d
1c
b1000110010 (
#22520
0!
0+
#22540
1!
1+
b1000110100 A
b1000110011 M
b1000110011 4
b1000110100 6
b1000110011 2
0L
0K
1J
1d
b1000110011 (
#22560
0!
0+
#22580
1!
1+
b1000110101 A
b1000110100 M
b1000110100 4
b1000110101 6
b1000110100 2
1L
0d
0c
1b
b1000110100 (
#22600
0!
0+
#22620
1!
1+
b1000110110 A
b1000110101 M
b1000110101 4
b1000110110 6
b1000110101 2
0L
1K
1d
b1000110101 (
#22640
0!
0+
#22660
1!
1+
b1000110111 A
b1000110110 M
b1000110110 4
b1000110111 6
b1000110110 2
1L
0d
1c
b1000110110 (
#22680
0!
0+
#22700
1!
1+
b1000111000 A
b1000110111 M
b1000110111 4
b1000111000 6
b1000110111 2
0L
0K
0J
1I
1d
b1000110111 (
#22720
0!
0+
#22740
1!
1+
b1000111001 A
b1000111000 M
b1000111000 4
b1000111001 6
b1000111000 2
1L
0d
0c
0b
1a
b1000111000 (
#22760
0!
0+
#22780
1!
1+
b1000111010 A
b1000111001 M
b1000111001 4
b1000111010 6
b1000111001 2
0L
1K
1d
b1000111001 (
#22800
0!
0+
#22820
1!
1+
b1000111011 A
b1000111010 M
b1000111010 4
b1000111011 6
b1000111010 2
1L
0d
1c
b1000111010 (
#22840
0!
0+
#22860
1!
1+
b1000111100 A
b1000111011 M
b1000111011 4
b1000111100 6
b1000111011 2
0L
0K
1J
1d
b1000111011 (
#22880
0!
0+
#22900
1!
1+
b1000111101 A
b1000111100 M
b1000111100 4
b1000111101 6
b1000111100 2
1L
0d
0c
1b
b1000111100 (
#22920
0!
0+
#22940
1!
1+
b1000111110 A
b1000111101 M
b1000111101 4
b1000111110 6
b1000111101 2
0L
1K
1d
b1000111101 (
#22960
0!
0+
#22980
1!
1+
b1000111111 A
b1000111110 M
b1000111110 4
b1000111111 6
b1000111110 2
1L
0d
1c
b1000111110 (
#23000
0!
0+
#23020
1!
1+
b1001000000 A
b1000111111 M
b1000111111 4
b1001000000 6
b1000111111 2
0L
0K
0J
0I
0H
0G
1F
1d
b1000111111 (
#23040
0!
0+
#23060
1!
1+
b1001000001 A
b1001000000 M
b1001000000 4
b1001000001 6
b1001000000 2
1L
0d
0c
0b
0a
0`
0_
1^
b1001000000 (
#23080
0!
0+
#23100
1!
1+
b1001000010 A
b1001000001 M
b1001000001 4
b1001000010 6
b1001000001 2
0L
1K
1d
b1001000001 (
#23120
0!
0+
#23140
1!
1+
b1001000011 A
b1001000010 M
b1001000010 4
b1001000011 6
b1001000010 2
1L
0d
1c
b1001000010 (
#23160
0!
0+
#23180
1!
1+
b1001000100 A
b1001000011 M
b1001000011 4
b1001000100 6
b1001000011 2
0L
0K
1J
1d
b1001000011 (
#23200
0!
0+
#23220
1!
1+
b1001000101 A
b1001000100 M
b1001000100 4
b1001000101 6
b1001000100 2
1L
0d
0c
1b
b1001000100 (
#23240
0!
0+
#23260
1!
1+
b1001000110 A
b1001000101 M
b1001000101 4
b1001000110 6
b1001000101 2
0L
1K
1d
b1001000101 (
#23280
0!
0+
#23300
1!
1+
b1001000111 A
b1001000110 M
b1001000110 4
b1001000111 6
b1001000110 2
1L
0d
1c
b1001000110 (
#23320
0!
0+
#23340
1!
1+
b1001001000 A
b1001000111 M
b1001000111 4
b1001001000 6
b1001000111 2
0L
0K
0J
1I
1d
b1001000111 (
#23360
0!
0+
#23380
1!
1+
b1001001001 A
b1001001000 M
b1001001000 4
b1001001001 6
b1001001000 2
1L
0d
0c
0b
1a
b1001001000 (
#23400
0!
0+
#23420
1!
1+
b1001001010 A
b1001001001 M
b1001001001 4
b1001001010 6
b1001001001 2
0L
1K
1d
b1001001001 (
#23440
0!
0+
#23460
1!
1+
b1001001011 A
b1001001010 M
b1001001010 4
b1001001011 6
b1001001010 2
1L
0d
1c
b1001001010 (
#23480
0!
0+
#23500
1!
1+
b1001001100 A
b1001001011 M
b1001001011 4
b1001001100 6
b1001001011 2
0L
0K
1J
1d
b1001001011 (
#23520
0!
0+
#23540
1!
1+
b1001001101 A
b1001001100 M
b1001001100 4
b1001001101 6
b1001001100 2
1L
0d
0c
1b
b1001001100 (
#23560
0!
0+
#23580
1!
1+
b1001001110 A
b1001001101 M
b1001001101 4
b1001001110 6
b1001001101 2
0L
1K
1d
b1001001101 (
#23600
0!
0+
#23620
1!
1+
b1001001111 A
b1001001110 M
b1001001110 4
b1001001111 6
b1001001110 2
1L
0d
1c
b1001001110 (
#23640
0!
0+
#23660
1!
1+
b1001010000 A
b1001001111 M
b1001001111 4
b1001010000 6
b1001001111 2
0L
0K
0J
0I
1H
1d
b1001001111 (
#23680
0!
0+
#23700
1!
1+
b1001010001 A
b1001010000 M
b1001010000 4
b1001010001 6
b1001010000 2
1L
0d
0c
0b
0a
1`
b1001010000 (
#23720
0!
0+
#23740
1!
1+
b1001010010 A
b1001010001 M
b1001010001 4
b1001010010 6
b1001010001 2
0L
1K
1d
b1001010001 (
#23760
0!
0+
#23780
1!
1+
b1001010011 A
b1001010010 M
b1001010010 4
b1001010011 6
b1001010010 2
1L
0d
1c
b1001010010 (
#23800
0!
0+
#23820
1!
1+
b1001010100 A
b1001010011 M
b1001010011 4
b1001010100 6
b1001010011 2
0L
0K
1J
1d
b1001010011 (
#23840
0!
0+
#23860
1!
1+
b1001010101 A
b1001010100 M
b1001010100 4
b1001010101 6
b1001010100 2
1L
0d
0c
1b
b1001010100 (
#23880
0!
0+
#23900
1!
1+
b1001010110 A
b1001010101 M
b1001010101 4
b1001010110 6
b1001010101 2
0L
1K
1d
b1001010101 (
#23920
0!
0+
#23940
1!
1+
b1001010111 A
b1001010110 M
b1001010110 4
b1001010111 6
b1001010110 2
1L
0d
1c
b1001010110 (
#23960
0!
0+
#23980
1!
1+
b1001011000 A
b1001010111 M
b1001010111 4
b1001011000 6
b1001010111 2
0L
0K
0J
1I
1d
b1001010111 (
#24000
0!
0+
#24020
1!
1+
b1001011001 A
b1001011000 M
b1001011000 4
b1001011001 6
b1001011000 2
1L
0d
0c
0b
1a
b1001011000 (
#24040
0!
0+
#24060
1!
1+
b1001011010 A
b1001011001 M
b1001011001 4
b1001011010 6
b1001011001 2
0L
1K
1d
b1001011001 (
#24080
0!
0+
#24100
1!
1+
b1001011011 A
b1001011010 M
b1001011010 4
b1001011011 6
b1001011010 2
1L
0d
1c
b1001011010 (
#24120
0!
0+
#24140
1!
1+
b1001011100 A
b1001011011 M
b1001011011 4
b1001011100 6
b1001011011 2
0L
0K
1J
1d
b1001011011 (
#24160
0!
0+
#24180
1!
1+
b1001011101 A
b1001011100 M
b1001011100 4
b1001011101 6
b1001011100 2
1L
0d
0c
1b
b1001011100 (
#24200
0!
0+
#24220
1!
1+
b1001011110 A
b1001011101 M
b1001011101 4
b1001011110 6
b1001011101 2
0L
1K
1d
b1001011101 (
#24240
0!
0+
#24260
1!
1+
b1001011111 A
b1001011110 M
b1001011110 4
b1001011111 6
b1001011110 2
1L
0d
1c
b1001011110 (
#24280
0!
0+
#24300
1!
1+
b1001100000 A
b1001011111 M
b1001011111 4
b1001100000 6
b1001011111 2
0L
0K
0J
0I
0H
1G
1d
b1001011111 (
#24320
0!
0+
#24340
1!
1+
b1001100001 A
b1001100000 M
b1001100000 4
b1001100001 6
b1001100000 2
1L
0d
0c
0b
0a
0`
1_
b1001100000 (
#24360
0!
0+
#24380
1!
1+
b1001100010 A
b1001100001 M
b1001100001 4
b1001100010 6
b1001100001 2
0L
1K
1d
b1001100001 (
#24400
0!
0+
#24420
1!
1+
b1001100011 A
b1001100010 M
b1001100010 4
b1001100011 6
b1001100010 2
1L
0d
1c
b1001100010 (
#24440
0!
0+
#24460
1!
1+
b1001100100 A
b1001100011 M
b1001100011 4
b1001100100 6
b1001100011 2
0L
0K
1J
1d
b1001100011 (
#24480
0!
0+
#24500
1!
1+
b1001100101 A
b1001100100 M
b1001100100 4
b1001100101 6
b1001100100 2
1L
0d
0c
1b
b1001100100 (
#24520
0!
0+
#24540
1!
1+
b1001100110 A
b1001100101 M
b1001100101 4
b1001100110 6
b1001100101 2
0L
1K
1d
b1001100101 (
#24560
0!
0+
#24580
1!
1+
b1001100111 A
b1001100110 M
b1001100110 4
b1001100111 6
b1001100110 2
1L
0d
1c
b1001100110 (
#24600
0!
0+
#24620
1!
1+
b1001101000 A
b1001100111 M
b1001100111 4
b1001101000 6
b1001100111 2
0L
0K
0J
1I
1d
b1001100111 (
#24640
0!
0+
#24660
1!
1+
b1001101001 A
b1001101000 M
b1001101000 4
b1001101001 6
b1001101000 2
1L
0d
0c
0b
1a
b1001101000 (
#24680
0!
0+
#24700
1!
1+
b1001101010 A
b1001101001 M
b1001101001 4
b1001101010 6
b1001101001 2
0L
1K
1d
b1001101001 (
#24720
0!
0+
#24740
1!
1+
b1001101011 A
b1001101010 M
b1001101010 4
b1001101011 6
b1001101010 2
1L
0d
1c
b1001101010 (
#24760
0!
0+
#24780
1!
1+
b1001101100 A
b1001101011 M
b1001101011 4
b1001101100 6
b1001101011 2
0L
0K
1J
1d
b1001101011 (
#24800
0!
0+
#24820
1!
1+
b1001101101 A
b1001101100 M
b1001101100 4
b1001101101 6
b1001101100 2
1L
0d
0c
1b
b1001101100 (
#24840
0!
0+
#24860
1!
1+
b1001101110 A
b1001101101 M
b1001101101 4
b1001101110 6
b1001101101 2
0L
1K
1d
b1001101101 (
#24880
0!
0+
#24900
1!
1+
b1001101111 A
b1001101110 M
b1001101110 4
b1001101111 6
b1001101110 2
1L
0d
1c
b1001101110 (
#24920
0!
0+
#24940
1!
1+
b1001110000 A
b1001101111 M
b1001101111 4
b1001110000 6
b1001101111 2
0L
0K
0J
0I
1H
1d
b1001101111 (
#24960
0!
0+
#24980
1!
1+
b1001110001 A
b1001110000 M
b1001110000 4
b1001110001 6
b1001110000 2
1L
0d
0c
0b
0a
1`
b1001110000 (
#25000
0!
0+
#25020
1!
1+
b1001110010 A
b1001110001 M
b1001110001 4
b1001110010 6
b1001110001 2
0L
1K
1d
b1001110001 (
#25040
0!
0+
#25060
1!
1+
b1001110011 A
b1001110010 M
b1001110010 4
b1001110011 6
b1001110010 2
1L
0d
1c
b1001110010 (
#25080
0!
0+
#25100
1!
1+
b1001110100 A
b1001110011 M
b1001110011 4
b1001110100 6
b1001110011 2
0L
0K
1J
1d
b1001110011 (
#25120
0!
0+
#25140
1!
1+
b1001110101 A
b1001110100 M
b1001110100 4
b1001110101 6
b1001110100 2
1L
0d
0c
1b
b1001110100 (
#25160
0!
0+
#25180
1!
1+
b1001110110 A
b1001110101 M
b1001110101 4
b1001110110 6
b1001110101 2
0L
1K
1d
b1001110101 (
#25200
0!
0+
#25220
1!
1+
b1001110111 A
b1001110110 M
b1001110110 4
b1001110111 6
b1001110110 2
1L
0d
1c
b1001110110 (
#25240
0!
0+
#25260
1!
1+
b1001111000 A
b1001110111 M
b1001110111 4
b1001111000 6
b1001110111 2
0L
0K
0J
1I
1d
b1001110111 (
#25280
0!
0+
#25300
1!
1+
b1001111001 A
b1001111000 M
b1001111000 4
b1001111001 6
b1001111000 2
1L
0d
0c
0b
1a
b1001111000 (
#25320
0!
0+
#25340
1!
1+
b1001111010 A
b1001111001 M
b1001111001 4
b1001111010 6
b1001111001 2
0L
1K
1d
b1001111001 (
#25360
0!
0+
#25380
1!
1+
b1001111011 A
b1001111010 M
b1001111010 4
b1001111011 6
b1001111010 2
1L
0d
1c
b1001111010 (
#25400
0!
0+
#25420
1!
1+
b1001111100 A
b1001111011 M
b1001111011 4
b1001111100 6
b1001111011 2
0L
0K
1J
1d
b1001111011 (
#25440
0!
0+
#25460
1!
1+
b1001111101 A
b1001111100 M
b1001111100 4
b1001111101 6
b1001111100 2
1L
0d
0c
1b
b1001111100 (
#25480
0!
0+
#25500
1!
1+
b1001111110 A
b1001111101 M
b1001111101 4
b1001111110 6
b1001111101 2
0L
1K
1d
b1001111101 (
#25520
0!
0+
#25540
1!
1+
b1001111111 A
b1001111110 M
b1001111110 4
b1001111111 6
b1001111110 2
1L
0d
1c
b1001111110 (
#25560
0!
0+
#25580
1!
1+
b1010000000 A
b1001111111 M
b1001111111 4
b1010000000 6
b1001111111 2
0L
0K
0J
0I
0H
0G
0F
1E
1d
b1001111111 (
#25600
0!
0+
#25620
1!
1+
b1010000001 A
b1010000000 M
b1010000000 4
b1010000001 6
b1010000000 2
1L
0d
0c
0b
0a
0`
0_
0^
1]
b1010000000 (
#25640
0!
0+
#25660
1!
1+
b1010000010 A
b1010000001 M
b1010000001 4
b1010000010 6
b1010000001 2
0L
1K
1d
b1010000001 (
#25680
0!
0+
#25700
1!
1+
b1010000011 A
b1010000010 M
b1010000010 4
b1010000011 6
b1010000010 2
1L
0d
1c
b1010000010 (
#25720
0!
0+
#25740
1!
1+
b1010000100 A
b1010000011 M
b1010000011 4
b1010000100 6
b1010000011 2
0L
0K
1J
1d
b1010000011 (
#25760
0!
0+
#25780
1!
1+
b1010000101 A
b1010000100 M
b1010000100 4
b1010000101 6
b1010000100 2
1L
0d
0c
1b
b1010000100 (
#25800
0!
0+
#25820
1!
1+
b1010000110 A
b1010000101 M
b1010000101 4
b1010000110 6
b1010000101 2
0L
1K
1d
b1010000101 (
#25840
0!
0+
#25860
1!
1+
b1010000111 A
b1010000110 M
b1010000110 4
b1010000111 6
b1010000110 2
1L
0d
1c
b1010000110 (
#25880
0!
0+
#25900
1!
1+
b1010001000 A
b1010000111 M
b1010000111 4
b1010001000 6
b1010000111 2
0L
0K
0J
1I
1d
b1010000111 (
#25920
0!
0+
#25940
1!
1+
b1010001001 A
b1010001000 M
b1010001000 4
b1010001001 6
b1010001000 2
1L
0d
0c
0b
1a
b1010001000 (
#25960
0!
0+
#25980
1!
1+
b1010001010 A
b1010001001 M
b1010001001 4
b1010001010 6
b1010001001 2
0L
1K
1d
b1010001001 (
#26000
0!
0+
#26020
1!
1+
b1010001011 A
b1010001010 M
b1010001010 4
b1010001011 6
b1010001010 2
1L
0d
1c
b1010001010 (
#26040
0!
0+
#26060
1!
1+
b1010001100 A
b1010001011 M
b1010001011 4
b1010001100 6
b1010001011 2
0L
0K
1J
1d
b1010001011 (
#26080
0!
0+
#26100
1!
1+
b1010001101 A
b1010001100 M
b1010001100 4
b1010001101 6
b1010001100 2
1L
0d
0c
1b
b1010001100 (
#26120
0!
0+
#26140
1!
1+
b1010001110 A
b1010001101 M
b1010001101 4
b1010001110 6
b1010001101 2
0L
1K
1d
b1010001101 (
#26160
0!
0+
#26180
1!
1+
b1010001111 A
b1010001110 M
b1010001110 4
b1010001111 6
b1010001110 2
1L
0d
1c
b1010001110 (
#26200
0!
0+
#26220
1!
1+
b1010010000 A
b1010001111 M
b1010001111 4
b1010010000 6
b1010001111 2
0L
0K
0J
0I
1H
1d
b1010001111 (
#26240
0!
0+
#26260
1!
1+
b1010010001 A
b1010010000 M
b1010010000 4
b1010010001 6
b1010010000 2
0-
1L
0d
0c
0b
0a
1`
0#
b1010010000 (
#26280
0!
0+
#26300
1!
1+
b1010010010 A
b1010010001 M
b1010010001 4
b1010010010 6
b1010010001 2
0L
1K
1d
b1010010001 (
#26320
0!
0+
#26340
1!
1+
b1010010011 A
b1010010010 M
b1010010010 4
b1010010011 6
b1010010010 2
1L
0d
1c
b1010010010 (
#26360
0!
0+
#26380
1!
1+
b1010010100 A
b1010010011 M
b1010010011 4
b1010010100 6
b1010010011 2
0L
0K
1J
1d
b1010010011 (
#26400
0!
0+
#26420
1!
1+
b1010010101 A
b1010010100 M
b1010010100 4
b1010010101 6
b1010010100 2
1L
0d
0c
1b
b1010010100 (
#26440
0!
0+
#26460
1!
1+
b1010010110 A
b1010010101 M
b1010010101 4
b1010010110 6
b1010010101 2
0L
1K
1d
b1010010101 (
#26480
0!
0+
#26500
1!
1+
b1010010111 A
b1010010110 M
b1010010110 4
b1010010111 6
b1010010110 2
1L
0d
1c
b1010010110 (
#26520
0!
0+
#26540
1!
1+
b1010011000 A
b1010010111 M
b1010010111 4
b1010011000 6
b1010010111 2
0L
0K
0J
1I
1d
b1010010111 (
#26560
0!
0+
#26580
1!
1+
b1010011001 A
b1010011000 M
b1010011000 4
b1010011001 6
b1010011000 2
1L
0d
0c
0b
1a
b1010011000 (
#26600
0!
0+
#26620
1!
1+
b1010011010 A
b1010011001 M
b1010011001 4
b1010011010 6
b1010011001 2
0L
1K
1d
b1010011001 (
#26640
0!
0+
#26660
1!
1+
b1010011011 A
b1010011010 M
b1010011010 4
b1010011011 6
b1010011010 2
1L
0d
1c
b1010011010 (
#26680
0!
0+
#26700
1!
1+
b1010011100 A
b1010011011 M
b1010011011 4
b1010011100 6
b1010011011 2
0L
0K
1J
1d
b1010011011 (
#26720
0!
0+
#26740
1!
1+
b1010011101 A
b1010011100 M
b1010011100 4
b1010011101 6
b1010011100 2
1L
0d
0c
1b
b1010011100 (
#26760
0!
0+
#26780
1!
1+
b1010011110 A
b1010011101 M
b1010011101 4
b1010011110 6
b1010011101 2
0L
1K
1d
b1010011101 (
#26800
0!
0+
#26820
1!
1+
b1010011111 A
b1010011110 M
b1010011110 4
b1010011111 6
b1010011110 2
1L
0d
1c
b1010011110 (
#26840
0!
0+
#26860
1!
1+
b1010100000 A
b1010011111 M
b1010011111 4
b1010100000 6
b1010011111 2
0L
0K
0J
0I
0H
1G
1d
b1010011111 (
#26880
0!
0+
#26900
1!
1+
b1010100001 A
b1010100000 M
b1010100000 4
b1010100001 6
b1010100000 2
1L
0d
0c
0b
0a
0`
1_
b1010100000 (
#26920
0!
0+
#26940
1!
1+
b1010100010 A
b1010100001 M
b1010100001 4
b1010100010 6
b1010100001 2
0L
1K
1d
b1010100001 (
#26960
0!
0+
#26980
1!
1+
b1010100011 A
b1010100010 M
b1010100010 4
b1010100011 6
b1010100010 2
1L
0d
1c
b1010100010 (
#27000
0!
0+
#27020
1!
1+
b1010100100 A
b1010100011 M
b1010100011 4
b1010100100 6
b1010100011 2
0L
0K
1J
1d
b1010100011 (
#27040
0!
0+
#27060
1!
1+
b1010100101 A
b1010100100 M
b1010100100 4
b1010100101 6
b1010100100 2
1L
0d
0c
1b
b1010100100 (
#27080
0!
0+
#27100
1!
1+
b1010100110 A
b1010100101 M
b1010100101 4
b1010100110 6
b1010100101 2
0L
1K
1d
b1010100101 (
#27120
0!
0+
#27140
1!
1+
b1010100111 A
b1010100110 M
b1010100110 4
b1010100111 6
b1010100110 2
1L
0d
1c
b1010100110 (
#27160
0!
0+
#27180
1!
1+
b1010101000 A
b1010100111 M
b1010100111 4
b1010101000 6
b1010100111 2
0L
0K
0J
1I
1d
b1010100111 (
#27200
0!
0+
#27220
1!
1+
b1010101001 A
b1010101000 M
b1010101000 4
b1010101001 6
b1010101000 2
1L
0d
0c
0b
1a
b1010101000 (
#27240
0!
0+
#27260
1!
1+
b1010101010 A
b1010101001 M
b1010101001 4
b1010101010 6
b1010101001 2
0L
1K
1d
b1010101001 (
#27280
0!
0+
#27300
1!
1+
b1010101011 A
b1010101010 M
b1010101010 4
b1010101011 6
b1010101010 2
1L
0d
1c
b1010101010 (
#27320
0!
0+
#27340
1!
1+
b1010101100 A
b1010101011 M
b1010101011 4
b1010101100 6
b1010101011 2
0L
0K
1J
1d
b1010101011 (
#27360
0!
0+
#27380
1!
1+
b1010101101 A
b1010101100 M
b1010101100 4
b1010101101 6
b1010101100 2
1L
0d
0c
1b
b1010101100 (
#27400
0!
0+
#27420
1!
1+
b1010101110 A
b1010101101 M
b1010101101 4
b1010101110 6
b1010101101 2
0L
1K
1d
b1010101101 (
#27440
0!
0+
#27460
1!
1+
b1010101111 A
b1010101110 M
b1010101110 4
b1010101111 6
b1010101110 2
1L
0d
1c
b1010101110 (
#27480
0!
0+
#27500
1!
1+
b1010110000 A
b1010101111 M
b1010101111 4
b1010110000 6
b1010101111 2
0L
0K
0J
0I
1H
1d
b1010101111 (
#27520
0!
0+
#27540
1!
1+
b1010110001 A
b1010110000 M
b1010110000 4
b1010110001 6
b1010110000 2
1L
0d
0c
0b
0a
1`
b1010110000 (
#27560
0!
0+
#27580
1!
1+
b1010110010 A
b1010110001 M
b1010110001 4
b1010110010 6
b1010110001 2
0L
1K
1d
b1010110001 (
#27600
0!
0+
#27620
1!
1+
b1010110011 A
b1010110010 M
b1010110010 4
b1010110011 6
b1010110010 2
1L
0d
1c
b1010110010 (
#27640
0!
0+
#27660
1!
1+
b1010110100 A
b1010110011 M
b1010110011 4
b1010110100 6
b1010110011 2
0L
0K
1J
1d
b1010110011 (
#27680
0!
0+
#27700
1!
1+
b1010110101 A
b1010110100 M
b1010110100 4
b1010110101 6
b1010110100 2
1L
0d
0c
1b
b1010110100 (
#27720
0!
0+
#27740
1!
1+
b1010110110 A
b1010110101 M
b1010110101 4
b1010110110 6
b1010110101 2
0L
1K
1d
b1010110101 (
#27760
0!
0+
#27780
1!
1+
b1010110111 A
b1010110110 M
b1010110110 4
b1010110111 6
b1010110110 2
1L
0d
1c
b1010110110 (
#27800
0!
0+
#27820
1!
1+
b1010111000 A
b1010110111 M
b1010110111 4
b1010111000 6
b1010110111 2
0L
0K
0J
1I
1d
b1010110111 (
#27840
0!
0+
#27860
1!
1+
b1010111001 A
b1010111000 M
b1010111000 4
b1010111001 6
b1010111000 2
1L
0d
0c
0b
1a
b1010111000 (
#27880
0!
0+
#27900
1!
1+
b1010111010 A
b1010111001 M
b1010111001 4
b1010111010 6
b1010111001 2
0L
1K
1d
b1010111001 (
#27920
0!
0+
#27940
1!
1+
b1010111011 A
b1010111010 M
b1010111010 4
b1010111011 6
b1010111010 2
1L
0d
1c
b1010111010 (
#27960
0!
0+
#27980
1!
1+
b1010111100 A
b1010111011 M
b1010111011 4
b1010111100 6
b1010111011 2
0L
0K
1J
1d
b1010111011 (
#28000
0!
0+
#28020
1!
1+
b1010111101 A
b1010111100 M
b1010111100 4
b1010111101 6
b1010111100 2
1L
0d
0c
1b
b1010111100 (
#28040
0!
0+
#28060
1!
1+
b1010111110 A
b1010111101 M
b1010111101 4
b1010111110 6
b1010111101 2
0L
1K
1d
b1010111101 (
#28080
0!
0+
#28100
1!
1+
b1010111111 A
b1010111110 M
b1010111110 4
b1010111111 6
b1010111110 2
1L
0d
1c
b1010111110 (
#28120
0!
0+
#28140
1!
1+
b1011000000 A
b1010111111 M
b1010111111 4
b1011000000 6
b1010111111 2
0L
0K
0J
0I
0H
0G
1F
1d
b1010111111 (
#28160
0!
0+
#28180
1!
1+
b1011000001 A
b1011000000 M
b1011000000 4
b1011000001 6
b1011000000 2
1L
0d
0c
0b
0a
0`
0_
1^
b1011000000 (
#28200
0!
0+
#28220
1!
1+
b1011000010 A
b1011000001 M
b1011000001 4
b1011000010 6
b1011000001 2
0L
1K
1d
b1011000001 (
#28240
0!
0+
#28260
1!
1+
b1011000011 A
b1011000010 M
b1011000010 4
b1011000011 6
b1011000010 2
1L
0d
1c
b1011000010 (
#28280
0!
0+
#28300
1!
1+
b1011000100 A
b1011000011 M
b1011000011 4
b1011000100 6
b1011000011 2
0L
0K
1J
1d
b1011000011 (
#28320
0!
0+
#28340
1!
1+
b1011000101 A
b1011000100 M
b1011000100 4
b1011000101 6
b1011000100 2
1L
0d
0c
1b
b1011000100 (
#28360
0!
0+
#28380
1!
1+
b1011000110 A
b1011000101 M
b1011000101 4
b1011000110 6
b1011000101 2
0L
1K
1d
b1011000101 (
#28400
0!
0+
#28420
1!
1+
b1011000111 A
b1011000110 M
b1011000110 4
b1011000111 6
b1011000110 2
1L
0d
1c
b1011000110 (
#28440
0!
0+
#28460
1!
1+
b1011001000 A
b1011000111 M
b1011000111 4
b1011001000 6
b1011000111 2
0L
0K
0J
1I
1d
b1011000111 (
#28480
0!
0+
#28500
1!
1+
b1011001001 A
b1011001000 M
b1011001000 4
b1011001001 6
b1011001000 2
1L
0d
0c
0b
1a
b1011001000 (
#28520
0!
0+
#28540
1!
1+
b1011001010 A
b1011001001 M
b1011001001 4
b1011001010 6
b1011001001 2
0L
1K
1d
b1011001001 (
#28560
0!
0+
#28580
1!
1+
b1011001011 A
b1011001010 M
b1011001010 4
b1011001011 6
b1011001010 2
1L
0d
1c
b1011001010 (
#28600
0!
0+
#28620
1!
1+
b1011001100 A
b1011001011 M
b1011001011 4
b1011001100 6
b1011001011 2
0L
0K
1J
1d
b1011001011 (
#28640
0!
0+
#28660
1!
1+
b1011001101 A
b1011001100 M
b1011001100 4
b1011001101 6
b1011001100 2
1L
0d
0c
1b
b1011001100 (
#28680
0!
0+
#28700
1!
1+
b1011001110 A
b1011001101 M
b1011001101 4
b1011001110 6
b1011001101 2
0L
1K
1d
b1011001101 (
#28720
0!
0+
#28740
1!
1+
b1011001111 A
b1011001110 M
b1011001110 4
b1011001111 6
b1011001110 2
1L
0d
1c
b1011001110 (
#28760
0!
0+
#28780
1!
1+
b1011010000 A
b1011001111 M
b1011001111 4
b1011010000 6
b1011001111 2
0L
0K
0J
0I
1H
1d
b1011001111 (
#28800
0!
0+
#28820
1!
1+
b1011010001 A
b1011010000 M
b1011010000 4
b1011010001 6
b1011010000 2
1L
0d
0c
0b
0a
1`
b1011010000 (
#28840
0!
0+
#28860
1!
1+
b1011010010 A
b1011010001 M
b1011010001 4
b1011010010 6
b1011010001 2
0L
1K
1d
b1011010001 (
#28880
0!
0+
#28900
1!
1+
b1011010011 A
b1011010010 M
b1011010010 4
b1011010011 6
b1011010010 2
1L
0d
1c
b1011010010 (
#28920
0!
0+
#28940
1!
1+
b1011010100 A
b1011010011 M
b1011010011 4
b1011010100 6
b1011010011 2
0L
0K
1J
1d
b1011010011 (
#28960
0!
0+
#28980
1!
1+
b1011010101 A
b1011010100 M
b1011010100 4
b1011010101 6
b1011010100 2
1L
0d
0c
1b
b1011010100 (
#29000
0!
0+
#29020
1!
1+
b1011010110 A
b1011010101 M
b1011010101 4
b1011010110 6
b1011010101 2
0L
1K
1d
b1011010101 (
#29040
0!
0+
#29060
1!
1+
b1011010111 A
b1011010110 M
b1011010110 4
b1011010111 6
b1011010110 2
1L
0d
1c
b1011010110 (
#29080
0!
0+
#29100
1!
1+
b1011011000 A
b1011010111 M
b1011010111 4
b1011011000 6
b1011010111 2
0L
0K
0J
1I
1d
b1011010111 (
#29120
0!
0+
#29140
1!
1+
b1011011001 A
b1011011000 M
b1011011000 4
b1011011001 6
b1011011000 2
1L
0d
0c
0b
1a
b1011011000 (
#29160
0!
0+
#29180
1!
1+
b1011011010 A
b1011011001 M
b1011011001 4
b1011011010 6
b1011011001 2
0L
1K
1d
b1011011001 (
#29200
0!
0+
#29220
1!
1+
b1011011011 A
b1011011010 M
b1011011010 4
b1011011011 6
b1011011010 2
1L
0d
1c
b1011011010 (
#29240
0!
0+
#29260
1!
1+
b1011011100 A
b1011011011 M
b1011011011 4
b1011011100 6
b1011011011 2
0L
0K
1J
1d
b1011011011 (
#29280
0!
0+
#29300
1!
1+
b1011011101 A
b1011011100 M
b1011011100 4
b1011011101 6
b1011011100 2
1L
0d
0c
1b
b1011011100 (
#29320
0!
0+
#29340
1!
1+
b1011011110 A
b1011011101 M
b1011011101 4
b1011011110 6
b1011011101 2
0L
1K
1d
b1011011101 (
#29360
0!
0+
#29380
1!
1+
b1011011111 A
b1011011110 M
b1011011110 4
b1011011111 6
b1011011110 2
1L
0d
1c
b1011011110 (
#29400
0!
0+
#29420
1!
1+
b1011100000 A
b1011011111 M
b1011011111 4
b1011100000 6
b1011011111 2
0L
0K
0J
0I
0H
1G
1d
b1011011111 (
#29440
0!
0+
#29460
1!
1+
b1011100001 A
b1011100000 M
b1011100000 4
b1011100001 6
b1011100000 2
1L
0d
0c
0b
0a
0`
1_
b1011100000 (
#29480
0!
0+
#29500
1!
1+
b1011100010 A
b1011100001 M
b1011100001 4
b1011100010 6
b1011100001 2
0L
1K
1d
b1011100001 (
#29520
0!
0+
#29540
1!
1+
b1011100011 A
b1011100010 M
b1011100010 4
b1011100011 6
b1011100010 2
1L
0d
1c
b1011100010 (
#29560
0!
0+
#29580
1!
1+
b1011100100 A
b1011100011 M
b1011100011 4
b1011100100 6
b1011100011 2
0L
0K
1J
1d
b1011100011 (
#29600
0!
0+
#29620
1!
1+
b1011100101 A
b1011100100 M
b1011100100 4
b1011100101 6
b1011100100 2
1L
0d
0c
1b
b1011100100 (
#29640
0!
0+
#29660
1!
1+
b1011100110 A
b1011100101 M
b1011100101 4
b1011100110 6
b1011100101 2
0L
1K
1d
b1011100101 (
#29680
0!
0+
#29700
1!
1+
b1011100111 A
b1011100110 M
b1011100110 4
b1011100111 6
b1011100110 2
1L
0d
1c
b1011100110 (
#29720
0!
0+
#29740
1!
1+
b1011101000 A
b1011100111 M
b1011100111 4
b1011101000 6
b1011100111 2
0L
0K
0J
1I
1d
b1011100111 (
#29760
0!
0+
#29780
1!
1+
b1011101001 A
b1011101000 M
b1011101000 4
b1011101001 6
b1011101000 2
1L
0d
0c
0b
1a
b1011101000 (
#29800
0!
0+
#29820
1!
1+
b1011101010 A
b1011101001 M
b1011101001 4
b1011101010 6
b1011101001 2
0L
1K
1d
b1011101001 (
#29840
0!
0+
#29860
1!
1+
b1011101011 A
b1011101010 M
b1011101010 4
b1011101011 6
b1011101010 2
1L
0d
1c
b1011101010 (
#29880
0!
0+
#29900
1!
1+
b1011101100 A
b1011101011 M
b1011101011 4
b1011101100 6
b1011101011 2
0L
0K
1J
1d
b1011101011 (
#29920
0!
0+
#29940
1!
1+
b1011101101 A
b1011101100 M
b1011101100 4
b1011101101 6
b1011101100 2
1L
0d
0c
1b
b1011101100 (
#29960
0!
0+
#29980
1!
1+
b1011101110 A
b1011101101 M
b1011101101 4
b1011101110 6
b1011101101 2
0L
1K
1d
b1011101101 (
#30000
0!
0+
#30020
1!
1+
b1011101111 A
b1011101110 M
b1011101110 4
b1011101111 6
b1011101110 2
1L
0d
1c
b1011101110 (
#30040
0!
0+
#30060
1!
1+
b1011110000 A
b1011101111 M
b1011101111 4
b1011110000 6
b1011101111 2
0L
0K
0J
0I
1H
1d
b1011101111 (
#30080
0!
0+
#30100
1!
1+
b1011110001 A
b1011110000 M
b1011110000 4
b1011110001 6
b1011110000 2
1-
1L
0d
0c
0b
0a
1`
1#
b1011110000 (
#30120
0!
0+
#30140
1!
1+
b1011110010 A
b1011110001 M
b1011110001 4
b1011110010 6
b1011110001 2
0L
1K
1d
b1011110001 (
#30160
0!
0+
#30180
1!
1+
b1011110011 A
b1011110010 M
b1011110010 4
b1011110011 6
b1011110010 2
1L
0d
1c
b1011110010 (
#30200
0!
0+
#30220
1!
1+
b1011110100 A
b1011110011 M
b1011110011 4
b1011110100 6
b1011110011 2
0L
0K
1J
1d
b1011110011 (
#30240
0!
0+
#30260
1!
1+
b1011110101 A
b1011110100 M
b1011110100 4
b1011110101 6
b1011110100 2
1L
0d
0c
1b
b1011110100 (
#30280
0!
0+
#30300
1!
1+
b1011110110 A
b1011110101 M
b1011110101 4
b1011110110 6
b1011110101 2
0L
1K
1d
b1011110101 (
#30320
0!
0+
#30340
1!
1+
b1011110111 A
b1011110110 M
b1011110110 4
b1011110111 6
b1011110110 2
1L
0d
1c
b1011110110 (
#30360
0!
0+
#30380
1!
1+
b1011111000 A
b1011110111 M
b1011110111 4
b1011111000 6
b1011110111 2
0L
0K
0J
1I
1d
b1011110111 (
#30400
0!
0+
#30420
1!
1+
b1011111001 A
b1011111000 M
b1011111000 4
b1011111001 6
b1011111000 2
1L
0d
0c
0b
1a
b1011111000 (
#30440
0!
0+
#30460
1!
1+
b1011111010 A
b1011111001 M
b1011111001 4
b1011111010 6
b1011111001 2
0L
1K
1d
b1011111001 (
#30480
0!
0+
#30500
1!
1+
b1011111011 A
b1011111010 M
b1011111010 4
b1011111011 6
b1011111010 2
1L
0d
1c
b1011111010 (
#30520
0!
0+
#30540
1!
1+
b1011111100 A
b1011111011 M
b1011111011 4
b1011111100 6
b1011111011 2
0L
0K
1J
1d
b1011111011 (
#30560
0!
0+
#30580
1!
1+
b1011111101 A
b1011111100 M
b1011111100 4
b1011111101 6
b1011111100 2
1L
0d
0c
1b
b1011111100 (
#30600
0!
0+
#30620
1!
1+
b1011111110 A
b1011111101 M
b1011111101 4
b1011111110 6
b1011111101 2
0L
1K
1d
b1011111101 (
#30640
0!
0+
#30660
1!
1+
b1011111111 A
b1011111110 M
b1011111110 4
b1011111111 6
b1011111110 2
1L
0d
1c
b1011111110 (
#30680
0!
0+
#30700
1!
1+
b1100000000 A
b1011111111 M
b1011111111 4
b1100000000 6
b1011111111 2
0L
0K
0J
0I
0H
0G
0F
0E
1D
1d
b1011111111 (
#30720
0!
0+
#30740
1!
1+
b1100000001 A
b1100000000 M
b1100000000 4
b1100000001 6
b1100000000 2
1L
0d
0c
0b
0a
0`
0_
0^
0]
1\
b1100000000 (
#30760
0!
0+
#30780
1!
1+
b1100000010 A
b1100000001 M
b1100000001 4
b1100000010 6
b1100000001 2
0L
1K
1d
b1100000001 (
#30800
0!
0+
#30820
1!
1+
b1100000011 A
b1100000010 M
b1100000010 4
b1100000011 6
b1100000010 2
1L
0d
1c
b1100000010 (
#30840
0!
0+
#30860
1!
1+
b1100000100 A
b1100000011 M
b1100000011 4
b1100000100 6
b1100000011 2
0L
0K
1J
1d
b1100000011 (
#30880
0!
0+
#30900
1!
1+
b1100000101 A
b1100000100 M
b1100000100 4
b1100000101 6
b1100000100 2
1L
0d
0c
1b
b1100000100 (
#30920
0!
0+
#30940
1!
1+
b1100000110 A
b1100000101 M
b1100000101 4
b1100000110 6
b1100000101 2
0L
1K
1d
b1100000101 (
#30960
0!
0+
#30980
1!
1+
b1100000111 A
b1100000110 M
b1100000110 4
b1100000111 6
b1100000110 2
1L
0d
1c
b1100000110 (
#31000
0!
0+
#31020
1!
1+
b1100001000 A
b1100000111 M
b1100000111 4
b1100001000 6
b1100000111 2
0L
0K
0J
1I
1d
b1100000111 (
#31040
0!
0+
#31060
1!
1+
b1100001001 A
b1100001000 M
b1100001000 4
b1100001001 6
b1100001000 2
1L
0d
0c
0b
1a
b1100001000 (
#31080
0!
0+
#31100
1!
1+
b1100001010 A
b1100001001 M
b1100001001 4
b1100001010 6
b1100001001 2
0L
1K
1d
b1100001001 (
#31120
0!
0+
#31140
1!
1+
b1100001011 A
b1100001010 M
b1100001010 4
b1100001011 6
b1100001010 2
1L
0d
1c
b1100001010 (
#31160
0!
0+
#31180
1!
1+
b1100001100 A
b1100001011 M
b1100001011 4
b1100001100 6
b1100001011 2
0L
0K
1J
1d
b1100001011 (
#31200
0!
0+
#31220
1!
1+
b1100001101 A
b1100001100 M
b1100001100 4
b1100001101 6
b1100001100 2
1L
0d
0c
1b
b1100001100 (
#31240
0!
0+
#31260
1!
1+
b1100001110 A
b1100001101 M
b1100001101 4
b1100001110 6
b1100001101 2
0L
1K
1d
b1100001101 (
#31280
0!
0+
#31300
1!
1+
b1100001111 A
b1100001110 M
b1100001110 4
b1100001111 6
b1100001110 2
1L
0d
1c
b1100001110 (
#31320
0!
0+
#31340
1!
1+
b1100010000 A
b1100001111 M
b1100001111 4
b1100010000 6
b1100001111 2
0L
0K
0J
0I
1H
1d
b1100001111 (
#31360
0!
0+
#31380
1!
1+
b1100010001 A
b1100010000 M
b1100010000 4
b1100010001 6
b1100010000 2
1L
0d
0c
0b
0a
1`
b1100010000 (
#31400
0!
0+
#31420
1!
1+
b1100010010 A
b1100010001 M
b1100010001 4
b1100010010 6
b1100010001 2
0L
1K
1d
b1100010001 (
#31440
0!
0+
#31460
1!
1+
b1100010011 A
b1100010010 M
b1100010010 4
b1100010011 6
b1100010010 2
1L
0d
1c
b1100010010 (
#31480
0!
0+
#31500
1!
1+
b1100010100 A
b1100010011 M
b1100010011 4
b1100010100 6
b1100010011 2
0L
0K
1J
1d
b1100010011 (
#31520
0!
0+
#31540
1!
1+
b1100010101 A
b1100010100 M
b1100010100 4
b1100010101 6
b1100010100 2
1L
0d
0c
1b
b1100010100 (
#31560
0!
0+
#31580
1!
1+
b1100010110 A
b1100010101 M
b1100010101 4
b1100010110 6
b1100010101 2
0L
1K
1d
b1100010101 (
#31600
0!
0+
#31620
1!
1+
b1100010111 A
b1100010110 M
b1100010110 4
b1100010111 6
b1100010110 2
1L
0d
1c
b1100010110 (
#31640
0!
0+
#31660
1!
1+
b1100011000 A
b1100010111 M
b1100010111 4
b1100011000 6
b1100010111 2
0L
0K
0J
1I
1d
b1100010111 (
#31680
0!
0+
#31700
1!
1+
b1100011001 A
b1100011000 M
b1100011000 4
b1100011001 6
b1100011000 2
1L
0d
0c
0b
1a
b1100011000 (
#31720
0!
0+
#31740
1!
1+
b1100011010 A
b1100011001 M
b1100011001 4
b1100011010 6
b1100011001 2
0L
1K
1d
b1100011001 (
#31760
0!
0+
#31780
1!
1+
b1100011011 A
b1100011010 M
b1100011010 4
b1100011011 6
b1100011010 2
1L
0d
1c
b1100011010 (
#31800
0!
0+
#31820
1!
1+
b1100011100 A
b1100011011 M
b1100011011 4
b1100011100 6
b1100011011 2
0L
0K
1J
1d
b1100011011 (
#31840
0!
0+
#31860
1!
1+
b1100011101 A
b1100011100 M
b1100011100 4
b1100011101 6
b1100011100 2
1L
0d
0c
1b
b1100011100 (
#31880
0!
0+
#31900
1!
1+
b1100011110 A
b1100011101 M
b1100011101 4
b1100011110 6
b1100011101 2
0L
1K
1d
b1100011101 (
#31920
0!
0+
#31940
1!
1+
b1100011111 A
b1100011110 M
b1100011110 4
b1100011111 6
b1100011110 2
1L
0d
1c
b1100011110 (
#31960
0!
0+
#31980
1!
1+
b1100100000 A
b1100011111 M
b1100011111 4
b1100100000 6
b1100011111 2
0L
0K
0J
0I
0H
1G
1d
b1100011111 (
#32000
0!
0+
#32020
1!
1+
b1100100001 A
b1100100000 M
b1100100000 4
b1100100001 6
b1100100000 2
1L
0d
0c
0b
0a
0`
1_
1o
b1100100000 (
18
1<
1?
b0 A
b0 6
0L
0G
0D
0C
#32040
0!
0+
#32060
1!
1+
b1 =
b0 M
b0 4
b1 7
b0 2
1X
0_
0\
0[
0o
b0 (
08
0<
0?
#32080
0!
0+
#32100
1!
1+
b1 A
b1 Y
b1 5
b1 6
b1 3
1L
1z
b1 )
#32120
0!
0+
#32140
1!
1+
b10 A
b1 M
b1 4
b10 6
b1 2
0L
1K
1d
b1 (
#32160
0!
0+
#32180
1!
1+
b11 A
b10 M
b10 4
b11 6
b10 2
1L
0d
1c
b10 (
#32200
0!
0+
#32220
1!
1+
b100 A
b11 M
b11 4
b100 6
b11 2
0L
0K
1J
1d
b11 (
#32240
0!
0+
#32260
1!
1+
b101 A
b100 M
b100 4
b101 6
b100 2
1L
0d
0c
1b
b100 (
#32280
0!
0+
#32300
1!
1+
b110 A
b101 M
b101 4
b110 6
b101 2
0L
1K
1d
b101 (
#32320
0!
0+
#32340
1!
1+
b111 A
b110 M
b110 4
b111 6
b110 2
1L
0d
1c
b110 (
#32360
0!
0+
#32380
1!
1+
b1000 A
b111 M
b111 4
b1000 6
b111 2
0L
0K
0J
1I
1d
b111 (
#32400
0!
0+
#32420
1!
1+
b1001 A
b1000 M
b1000 4
b1001 6
b1000 2
1L
0d
0c
0b
1a
b1000 (
#32440
0!
0+
#32460
1!
1+
b1010 A
b1001 M
b1001 4
b1010 6
b1001 2
0L
1K
1d
b1001 (
#32480
0!
0+
#32500
1!
1+
b1011 A
b1010 M
b1010 4
b1011 6
b1010 2
1L
0d
1c
b1010 (
#32520
0!
0+
#32540
1!
1+
b1100 A
b1011 M
b1011 4
b1100 6
b1011 2
0L
0K
1J
1d
b1011 (
#32560
0!
0+
#32580
1!
1+
b1101 A
b1100 M
b1100 4
b1101 6
b1100 2
1L
0d
0c
1b
b1100 (
#32600
0!
0+
#32620
1!
1+
b1110 A
b1101 M
b1101 4
b1110 6
b1101 2
0L
1K
1d
b1101 (
#32640
0!
0+
#32660
1!
1+
b1111 A
b1110 M
b1110 4
b1111 6
b1110 2
1L
0d
1c
b1110 (
#32680
0!
0+
#32700
1!
1+
b10000 A
b1111 M
b1111 4
b10000 6
b1111 2
0L
0K
0J
0I
1H
1d
b1111 (
#32720
0!
0+
#32740
1!
1+
b10001 A
b10000 M
b10000 4
b10001 6
b10000 2
1L
0d
0c
0b
0a
1`
b10000 (
#32760
0!
0+
#32780
1!
1+
b10010 A
b10001 M
b10001 4
b10010 6
b10001 2
0L
1K
1d
b10001 (
#32800
0!
0+
#32820
1!
1+
b10011 A
b10010 M
b10010 4
b10011 6
b10010 2
1L
0d
1c
b10010 (
#32840
0!
0+
#32860
1!
1+
b10100 A
b10011 M
b10011 4
b10100 6
b10011 2
0L
0K
1J
1d
b10011 (
#32880
0!
0+
#32900
1!
1+
b10101 A
b10100 M
b10100 4
b10101 6
b10100 2
1L
0d
0c
1b
b10100 (
#32920
0!
0+
#32940
1!
1+
b10110 A
b10101 M
b10101 4
b10110 6
b10101 2
0L
1K
1d
b10101 (
#32960
0!
0+
#32980
1!
1+
b10111 A
b10110 M
b10110 4
b10111 6
b10110 2
1L
0d
1c
b10110 (
#33000
0!
0+
#33020
1!
1+
b11000 A
b10111 M
b10111 4
b11000 6
b10111 2
0L
0K
0J
1I
1d
b10111 (
#33040
0!
0+
#33060
1!
1+
b11001 A
b11000 M
b11000 4
b11001 6
b11000 2
1L
0d
0c
0b
1a
b11000 (
#33080
0!
0+
#33100
1!
1+
b11010 A
b11001 M
b11001 4
b11010 6
b11001 2
0L
1K
1d
b11001 (
#33120
0!
0+
#33140
1!
1+
b11011 A
b11010 M
b11010 4
b11011 6
b11010 2
1L
0d
1c
b11010 (
#33160
0!
0+
#33180
1!
1+
b11100 A
b11011 M
b11011 4
b11100 6
b11011 2
0L
0K
1J
1d
b11011 (
#33200
0!
0+
#33220
1!
1+
b11101 A
b11100 M
b11100 4
b11101 6
b11100 2
1L
0d
0c
1b
b11100 (
#33240
0!
0+
#33260
1!
1+
b11110 A
b11101 M
b11101 4
b11110 6
b11101 2
0L
1K
1d
b11101 (
#33280
0!
0+
#33300
1!
1+
b11111 A
b11110 M
b11110 4
b11111 6
b11110 2
1L
0d
1c
b11110 (
#33320
0!
0+
#33340
1!
1+
b100000 A
b11111 M
b11111 4
b100000 6
b11111 2
0L
0K
0J
0I
0H
1G
1d
b11111 (
#33360
0!
0+
#33380
1!
1+
b100001 A
b100000 M
b100000 4
b100001 6
b100000 2
1L
0d
0c
0b
0a
0`
1_
b100000 (
#33400
0!
0+
#33420
1!
1+
b100010 A
b100001 M
b100001 4
b100010 6
b100001 2
0L
1K
1d
b100001 (
#33440
0!
0+
#33460
1!
1+
b100011 A
b100010 M
b100010 4
b100011 6
b100010 2
1L
0d
1c
b100010 (
#33480
0!
0+
#33500
1!
1+
b100100 A
b100011 M
b100011 4
b100100 6
b100011 2
0L
0K
1J
1d
b100011 (
#33520
0!
0+
#33540
1!
1+
b100101 A
b100100 M
b100100 4
b100101 6
b100100 2
1L
0d
0c
1b
b100100 (
#33560
0!
0+
#33580
1!
1+
b100110 A
b100101 M
b100101 4
b100110 6
b100101 2
0L
1K
1d
b100101 (
#33600
0!
0+
#33620
1!
1+
b100111 A
b100110 M
b100110 4
b100111 6
b100110 2
1L
0d
1c
b100110 (
#33640
0!
0+
#33660
1!
1+
b101000 A
b100111 M
b100111 4
b101000 6
b100111 2
0L
0K
0J
1I
1d
b100111 (
#33680
0!
0+
#33700
1!
1+
b101001 A
b101000 M
b101000 4
b101001 6
b101000 2
1L
0d
0c
0b
1a
b101000 (
#33720
0!
0+
#33740
1!
1+
b101010 A
b101001 M
b101001 4
b101010 6
b101001 2
0L
1K
1d
b101001 (
#33760
0!
0+
#33780
1!
1+
b101011 A
b101010 M
b101010 4
b101011 6
b101010 2
1L
0d
1c
b101010 (
#33800
0!
0+
#33820
1!
1+
b101100 A
b101011 M
b101011 4
b101100 6
b101011 2
0L
0K
1J
1d
b101011 (
#33840
0!
0+
#33860
1!
1+
b101101 A
b101100 M
b101100 4
b101101 6
b101100 2
1L
0d
0c
1b
b101100 (
#33880
0!
0+
#33900
1!
1+
b101110 A
b101101 M
b101101 4
b101110 6
b101101 2
0L
1K
1d
b101101 (
#33920
0!
0+
#33940
1!
1+
b101111 A
b101110 M
b101110 4
b101111 6
b101110 2
1L
0d
1c
b101110 (
#33960
0!
0+
#33980
1!
1+
b110000 A
b101111 M
b101111 4
b110000 6
b101111 2
0L
0K
0J
0I
1H
1d
b101111 (
#34000
0!
0+
#34020
1!
1+
b110001 A
b110000 M
b110000 4
b110001 6
b110000 2
1L
0d
0c
0b
0a
1`
b110000 (
#34040
0!
0+
#34060
1!
1+
b110010 A
b110001 M
b110001 4
b110010 6
b110001 2
0L
1K
1d
b110001 (
#34080
0!
0+
#34100
1!
1+
b110011 A
b110010 M
b110010 4
b110011 6
b110010 2
1L
0d
1c
b110010 (
#34120
0!
0+
#34140
1!
1+
b110100 A
b110011 M
b110011 4
b110100 6
b110011 2
0L
0K
1J
1d
b110011 (
#34160
0!
0+
#34180
1!
1+
b110101 A
b110100 M
b110100 4
b110101 6
b110100 2
1L
0d
0c
1b
b110100 (
#34200
0!
0+
#34220
1!
1+
b110110 A
b110101 M
b110101 4
b110110 6
b110101 2
0L
1K
1d
b110101 (
#34240
0!
0+
#34260
1!
1+
b110111 A
b110110 M
b110110 4
b110111 6
b110110 2
1L
0d
1c
b110110 (
#34280
0!
0+
#34300
1!
1+
b111000 A
b110111 M
b110111 4
b111000 6
b110111 2
0L
0K
0J
1I
1d
b110111 (
#34320
0!
0+
#34340
1!
1+
b111001 A
b111000 M
b111000 4
b111001 6
b111000 2
1L
0d
0c
0b
1a
b111000 (
#34360
0!
0+
#34380
1!
1+
b111010 A
b111001 M
b111001 4
b111010 6
b111001 2
0L
1K
1d
b111001 (
#34400
0!
0+
#34420
1!
1+
b111011 A
b111010 M
b111010 4
b111011 6
b111010 2
1L
0d
1c
b111010 (
#34440
0!
0+
#34460
1!
1+
b111100 A
b111011 M
b111011 4
b111100 6
b111011 2
0L
0K
1J
1d
b111011 (
#34480
0!
0+
#34500
1!
1+
b111101 A
b111100 M
b111100 4
b111101 6
b111100 2
1L
0d
0c
1b
b111100 (
#34520
0!
0+
#34540
1!
1+
b111110 A
b111101 M
b111101 4
b111110 6
b111101 2
0L
1K
1d
b111101 (
#34560
0!
0+
#34580
1!
1+
b111111 A
b111110 M
b111110 4
b111111 6
b111110 2
1L
0d
1c
b111110 (
#34600
0!
0+
#34620
1!
1+
b1000000 A
b111111 M
b111111 4
b1000000 6
b111111 2
0L
0K
0J
0I
0H
0G
1F
1d
b111111 (
#34640
0!
0+
#34660
1!
1+
b1000001 A
b1000000 M
b1000000 4
b1000001 6
b1000000 2
1L
0d
0c
0b
0a
0`
0_
1^
b1000000 (
#34680
0!
0+
#34700
1!
1+
b1000010 A
b1000001 M
b1000001 4
b1000010 6
b1000001 2
0L
1K
1d
b1000001 (
#34720
0!
0+
#34740
1!
1+
b1000011 A
b1000010 M
b1000010 4
b1000011 6
b1000010 2
1L
0d
1c
b1000010 (
#34760
0!
0+
#34780
1!
1+
b1000100 A
b1000011 M
b1000011 4
b1000100 6
b1000011 2
0L
0K
1J
1d
b1000011 (
#34800
0!
0+
#34820
1!
1+
b1000101 A
b1000100 M
b1000100 4
b1000101 6
b1000100 2
1L
0d
0c
1b
b1000100 (
#34840
0!
0+
#34860
1!
1+
b1000110 A
b1000101 M
b1000101 4
b1000110 6
b1000101 2
0L
1K
1d
b1000101 (
#34880
0!
0+
#34900
1!
1+
b1000111 A
b1000110 M
b1000110 4
b1000111 6
b1000110 2
1L
0d
1c
b1000110 (
#34920
0!
0+
#34940
1!
1+
b1001000 A
b1000111 M
b1000111 4
b1001000 6
b1000111 2
0L
0K
0J
1I
1d
b1000111 (
#34960
0!
0+
#34980
1!
1+
b1001001 A
b1001000 M
b1001000 4
b1001001 6
b1001000 2
1L
0d
0c
0b
1a
b1001000 (
#35000
0!
0+
#35020
1!
1+
b1001010 A
b1001001 M
b1001001 4
b1001010 6
b1001001 2
0L
1K
1d
b1001001 (
#35040
0!
0+
#35060
1!
1+
b1001011 A
b1001010 M
b1001010 4
b1001011 6
b1001010 2
1L
0d
1c
b1001010 (
#35080
0!
0+
#35100
1!
1+
b1001100 A
b1001011 M
b1001011 4
b1001100 6
b1001011 2
0L
0K
1J
1d
b1001011 (
#35120
0!
0+
#35140
1!
1+
b1001101 A
b1001100 M
b1001100 4
b1001101 6
b1001100 2
1L
0d
0c
1b
b1001100 (
#35160
0!
0+
#35180
1!
1+
b1001110 A
b1001101 M
b1001101 4
b1001110 6
b1001101 2
0L
1K
1d
b1001101 (
#35200
0!
0+
#35220
1!
1+
b1001111 A
b1001110 M
b1001110 4
b1001111 6
b1001110 2
1L
0d
1c
b1001110 (
#35240
0!
0+
#35260
1!
1+
b1010000 A
b1001111 M
b1001111 4
b1010000 6
b1001111 2
0L
0K
0J
0I
1H
1d
b1001111 (
#35280
0!
0+
#35300
1!
1+
b1010001 A
b1010000 M
b1010000 4
b1010001 6
b1010000 2
1L
0d
0c
0b
0a
1`
b1010000 (
#35320
0!
0+
#35340
1!
1+
b1010010 A
b1010001 M
b1010001 4
b1010010 6
b1010001 2
0L
1K
1d
b1010001 (
#35360
0!
0+
#35380
1!
1+
b1010011 A
b1010010 M
b1010010 4
b1010011 6
b1010010 2
1L
0d
1c
b1010010 (
#35400
0!
0+
#35420
1!
1+
b1010100 A
b1010011 M
b1010011 4
b1010100 6
b1010011 2
0L
0K
1J
1d
b1010011 (
#35440
0!
0+
#35460
1!
1+
b1010101 A
b1010100 M
b1010100 4
b1010101 6
b1010100 2
1L
0d
0c
1b
b1010100 (
#35480
0!
0+
#35500
1!
1+
b1010110 A
b1010101 M
b1010101 4
b1010110 6
b1010101 2
0L
1K
1d
b1010101 (
#35520
0!
0+
#35540
1!
1+
b1010111 A
b1010110 M
b1010110 4
b1010111 6
b1010110 2
1L
0d
1c
b1010110 (
#35560
0!
0+
#35580
1!
1+
b1011000 A
b1010111 M
b1010111 4
b1011000 6
b1010111 2
0L
0K
0J
1I
1d
b1010111 (
#35600
0!
0+
#35620
1!
1+
b1011001 A
b1011000 M
b1011000 4
b1011001 6
b1011000 2
1L
0d
0c
0b
1a
b1011000 (
#35640
0!
0+
#35660
1!
1+
b1011010 A
b1011001 M
b1011001 4
b1011010 6
b1011001 2
0L
1K
1d
b1011001 (
#35680
0!
0+
#35700
1!
1+
b1011011 A
b1011010 M
b1011010 4
b1011011 6
b1011010 2
1L
0d
1c
b1011010 (
#35720
0!
0+
#35740
1!
1+
b1011100 A
b1011011 M
b1011011 4
b1011100 6
b1011011 2
0L
0K
1J
1d
b1011011 (
#35760
0!
0+
#35780
1!
1+
b1011101 A
b1011100 M
b1011100 4
b1011101 6
b1011100 2
1L
0d
0c
1b
b1011100 (
#35800
0!
0+
#35820
1!
1+
b1011110 A
b1011101 M
b1011101 4
b1011110 6
b1011101 2
0L
1K
1d
b1011101 (
#35840
0!
0+
#35860
1!
1+
b1011111 A
b1011110 M
b1011110 4
b1011111 6
b1011110 2
1L
0d
1c
b1011110 (
#35880
0!
0+
#35900
1!
1+
b1100000 A
b1011111 M
b1011111 4
b1100000 6
b1011111 2
0L
0K
0J
0I
0H
1G
1d
b1011111 (
#35920
0!
0+
#35940
1!
1+
b1100001 A
b1100000 M
b1100000 4
b1100001 6
b1100000 2
1L
0d
0c
0b
0a
0`
1_
b1100000 (
#35960
0!
0+
#35980
1!
1+
b1100010 A
b1100001 M
b1100001 4
b1100010 6
b1100001 2
0L
1K
1d
b1100001 (
#36000
0!
0+
#36020
1!
1+
b1100011 A
b1100010 M
b1100010 4
b1100011 6
b1100010 2
1L
0d
1c
b1100010 (
#36040
0!
0+
#36060
1!
1+
b1100100 A
b1100011 M
b1100011 4
b1100100 6
b1100011 2
0L
0K
1J
1d
b1100011 (
#36080
0!
0+
#36100
1!
1+
b1100101 A
b1100100 M
b1100100 4
b1100101 6
b1100100 2
1L
0d
0c
1b
b1100100 (
#36120
0!
0+
#36140
1!
1+
b1100110 A
b1100101 M
b1100101 4
b1100110 6
b1100101 2
0L
1K
1d
b1100101 (
#36160
0!
0+
#36180
1!
1+
b1100111 A
b1100110 M
b1100110 4
b1100111 6
b1100110 2
1L
0d
1c
b1100110 (
#36200
0!
0+
#36220
1!
1+
b1101000 A
b1100111 M
b1100111 4
b1101000 6
b1100111 2
0L
0K
0J
1I
1d
b1100111 (
#36240
0!
0+
#36260
1!
1+
b1101001 A
b1101000 M
b1101000 4
b1101001 6
b1101000 2
1L
0d
0c
0b
1a
b1101000 (
#36280
0!
0+
#36300
1!
1+
b1101010 A
b1101001 M
b1101001 4
b1101010 6
b1101001 2
0L
1K
1d
b1101001 (
#36320
0!
0+
#36340
1!
1+
b1101011 A
b1101010 M
b1101010 4
b1101011 6
b1101010 2
1L
0d
1c
b1101010 (
#36360
0!
0+
#36380
1!
1+
b1101100 A
b1101011 M
b1101011 4
b1101100 6
b1101011 2
0L
0K
1J
1d
b1101011 (
#36400
0!
0+
#36420
1!
1+
b1101101 A
b1101100 M
b1101100 4
b1101101 6
b1101100 2
1L
0d
0c
1b
b1101100 (
#36440
0!
0+
#36460
1!
1+
b1101110 A
b1101101 M
b1101101 4
b1101110 6
b1101101 2
0L
1K
1d
b1101101 (
#36480
0!
0+
#36500
1!
1+
b1101111 A
b1101110 M
b1101110 4
b1101111 6
b1101110 2
1L
0d
1c
b1101110 (
#36520
0!
0+
#36540
1!
1+
b1110000 A
b1101111 M
b1101111 4
b1110000 6
b1101111 2
0L
0K
0J
0I
1H
1d
b1101111 (
#36560
0!
0+
#36580
1!
1+
b1110001 A
b1110000 M
b1110000 4
b1110001 6
b1110000 2
1L
0d
0c
0b
0a
1`
b1110000 (
#36600
0!
0+
#36620
1!
1+
b1110010 A
b1110001 M
b1110001 4
b1110010 6
b1110001 2
0L
1K
1d
b1110001 (
#36640
0!
0+
#36660
1!
1+
b1110011 A
b1110010 M
b1110010 4
b1110011 6
b1110010 2
1L
0d
1c
b1110010 (
#36680
0!
0+
#36700
1!
1+
b1110100 A
b1110011 M
b1110011 4
b1110100 6
b1110011 2
0L
0K
1J
1d
b1110011 (
#36720
0!
0+
#36740
1!
1+
b1110101 A
b1110100 M
b1110100 4
b1110101 6
b1110100 2
1L
0d
0c
1b
b1110100 (
#36760
0!
0+
#36780
1!
1+
b1110110 A
b1110101 M
b1110101 4
b1110110 6
b1110101 2
0L
1K
1d
b1110101 (
#36800
0!
0+
#36820
1!
1+
b1110111 A
b1110110 M
b1110110 4
b1110111 6
b1110110 2
1L
0d
1c
b1110110 (
#36840
0!
0+
#36860
1!
1+
b1111000 A
b1110111 M
b1110111 4
b1111000 6
b1110111 2
0L
0K
0J
1I
1d
b1110111 (
#36880
0!
0+
#36900
1!
1+
b1111001 A
b1111000 M
b1111000 4
b1111001 6
b1111000 2
1L
0d
0c
0b
1a
b1111000 (
#36920
0!
0+
#36940
1!
1+
b1111010 A
b1111001 M
b1111001 4
b1111010 6
b1111001 2
0L
1K
1d
b1111001 (
#36960
0!
0+
#36980
1!
1+
b1111011 A
b1111010 M
b1111010 4
b1111011 6
b1111010 2
1L
0d
1c
b1111010 (
#37000
0!
0+
#37020
1!
1+
b1111100 A
b1111011 M
b1111011 4
b1111100 6
b1111011 2
0L
0K
1J
1d
b1111011 (
#37040
0!
0+
#37060
1!
1+
b1111101 A
b1111100 M
b1111100 4
b1111101 6
b1111100 2
1L
0d
0c
1b
b1111100 (
#37080
0!
0+
#37100
1!
1+
b1111110 A
b1111101 M
b1111101 4
b1111110 6
b1111101 2
0L
1K
1d
b1111101 (
#37120
0!
0+
#37140
1!
1+
b1111111 A
b1111110 M
b1111110 4
b1111111 6
b1111110 2
1L
0d
1c
b1111110 (
#37160
0!
0+
#37180
1!
1+
b10000000 A
b1111111 M
b1111111 4
b10000000 6
b1111111 2
0L
0K
0J
0I
0H
0G
0F
1E
1d
b1111111 (
#37200
0!
0+
#37220
1!
1+
b10000001 A
b10000000 M
b10000000 4
b10000001 6
b10000000 2
1L
0d
0c
0b
0a
0`
0_
0^
1]
b10000000 (
#37240
0!
0+
#37260
1!
1+
b10000010 A
b10000001 M
b10000001 4
b10000010 6
b10000001 2
0L
1K
1d
b10000001 (
#37280
0!
0+
#37300
1!
1+
b10000011 A
b10000010 M
b10000010 4
b10000011 6
b10000010 2
1L
0d
1c
b10000010 (
#37320
0!
0+
#37340
1!
1+
b10000100 A
b10000011 M
b10000011 4
b10000100 6
b10000011 2
0L
0K
1J
1d
b10000011 (
#37360
0!
0+
#37380
1!
1+
b10000101 A
b10000100 M
b10000100 4
b10000101 6
b10000100 2
1L
0d
0c
1b
b10000100 (
#37400
0!
0+
#37420
1!
1+
b10000110 A
b10000101 M
b10000101 4
b10000110 6
b10000101 2
0L
1K
1d
b10000101 (
#37440
0!
0+
#37460
1!
1+
b10000111 A
b10000110 M
b10000110 4
b10000111 6
b10000110 2
1L
0d
1c
b10000110 (
#37480
0!
0+
#37500
1!
1+
b10001000 A
b10000111 M
b10000111 4
b10001000 6
b10000111 2
0L
0K
0J
1I
1d
b10000111 (
#37520
0!
0+
#37540
1!
1+
b10001001 A
b10001000 M
b10001000 4
b10001001 6
b10001000 2
1L
0d
0c
0b
1a
b10001000 (
#37560
0!
0+
#37580
1!
1+
b10001010 A
b10001001 M
b10001001 4
b10001010 6
b10001001 2
0L
1K
1d
b10001001 (
#37600
0!
0+
#37620
1!
1+
b10001011 A
b10001010 M
b10001010 4
b10001011 6
b10001010 2
1L
0d
1c
b10001010 (
#37640
0!
0+
#37660
1!
1+
b10001100 A
b10001011 M
b10001011 4
b10001100 6
b10001011 2
0L
0K
1J
1d
b10001011 (
#37680
0!
0+
#37700
1!
1+
b10001101 A
b10001100 M
b10001100 4
b10001101 6
b10001100 2
1L
0d
0c
1b
b10001100 (
#37720
0!
0+
#37740
1!
1+
b10001110 A
b10001101 M
b10001101 4
b10001110 6
b10001101 2
0L
1K
1d
b10001101 (
#37760
0!
0+
#37780
1!
1+
b10001111 A
b10001110 M
b10001110 4
b10001111 6
b10001110 2
1L
0d
1c
b10001110 (
#37800
0!
0+
#37820
1!
1+
b10010000 A
b10001111 M
b10001111 4
b10010000 6
b10001111 2
0L
0K
0J
0I
1H
1d
b10001111 (
#37840
0!
0+
#37860
1!
1+
b10010001 A
b10010000 M
b10010000 4
b10010001 6
b10010000 2
1L
0d
0c
0b
0a
1`
b10010000 (
#37880
0!
0+
#37900
1!
1+
b10010010 A
b10010001 M
b10010001 4
b10010010 6
b10010001 2
0L
1K
1d
b10010001 (
#37920
0!
0+
#37940
1!
1+
b10010011 A
b10010010 M
b10010010 4
b10010011 6
b10010010 2
1L
0d
1c
b10010010 (
#37960
0!
0+
#37980
1!
1+
b10010100 A
b10010011 M
b10010011 4
b10010100 6
b10010011 2
0L
0K
1J
1d
b10010011 (
#38000
0!
0+
#38020
1!
1+
b10010101 A
b10010100 M
b10010100 4
b10010101 6
b10010100 2
1L
0d
0c
1b
b10010100 (
#38040
0!
0+
#38060
1!
1+
b10010110 A
b10010101 M
b10010101 4
b10010110 6
b10010101 2
0L
1K
1d
b10010101 (
#38080
0!
0+
#38100
1!
1+
b10010111 A
b10010110 M
b10010110 4
b10010111 6
b10010110 2
1L
0d
1c
b10010110 (
#38120
0!
0+
#38140
1!
1+
b10011000 A
b10010111 M
b10010111 4
b10011000 6
b10010111 2
0L
0K
0J
1I
1d
b10010111 (
#38160
0!
0+
#38180
1!
1+
b10011001 A
b10011000 M
b10011000 4
b10011001 6
b10011000 2
1L
0d
0c
0b
1a
b10011000 (
#38200
0!
0+
#38220
1!
1+
b10011010 A
b10011001 M
b10011001 4
b10011010 6
b10011001 2
0L
1K
1d
b10011001 (
#38240
0!
0+
#38260
1!
1+
b10011011 A
b10011010 M
b10011010 4
b10011011 6
b10011010 2
1L
0d
1c
b10011010 (
#38280
0!
0+
#38300
1!
1+
b10011100 A
b10011011 M
b10011011 4
b10011100 6
b10011011 2
0L
0K
1J
1d
b10011011 (
#38320
0!
0+
#38340
1!
1+
b10011101 A
b10011100 M
b10011100 4
b10011101 6
b10011100 2
1L
0d
0c
1b
b10011100 (
#38360
0!
0+
#38380
1!
1+
b10011110 A
b10011101 M
b10011101 4
b10011110 6
b10011101 2
0L
1K
1d
b10011101 (
#38400
0!
0+
#38420
1!
1+
b10011111 A
b10011110 M
b10011110 4
b10011111 6
b10011110 2
1L
0d
1c
b10011110 (
#38440
0!
0+
#38460
1!
1+
b10100000 A
b10011111 M
b10011111 4
b10100000 6
b10011111 2
0L
0K
0J
0I
0H
1G
1d
b10011111 (
#38480
0!
0+
#38500
1!
1+
b10100001 A
b10100000 M
b10100000 4
b10100001 6
b10100000 2
1L
0d
0c
0b
0a
0`
1_
b10100000 (
#38520
0!
0+
#38540
1!
1+
b10100010 A
b10100001 M
b10100001 4
b10100010 6
b10100001 2
0L
1K
1d
b10100001 (
#38560
0!
0+
#38580
1!
1+
b10100011 A
b10100010 M
b10100010 4
b10100011 6
b10100010 2
1L
0d
1c
b10100010 (
#38600
0!
0+
#38620
1!
1+
b10100100 A
b10100011 M
b10100011 4
b10100100 6
b10100011 2
0L
0K
1J
1d
b10100011 (
#38640
0!
0+
#38660
1!
1+
b10100101 A
b10100100 M
b10100100 4
b10100101 6
b10100100 2
1L
0d
0c
1b
b10100100 (
#38680
0!
0+
#38700
1!
1+
b10100110 A
b10100101 M
b10100101 4
b10100110 6
b10100101 2
0L
1K
1d
b10100101 (
#38720
0!
0+
#38740
1!
1+
b10100111 A
b10100110 M
b10100110 4
b10100111 6
b10100110 2
1L
0d
1c
b10100110 (
#38760
0!
0+
#38780
1!
1+
b10101000 A
b10100111 M
b10100111 4
b10101000 6
b10100111 2
0L
0K
0J
1I
1d
b10100111 (
#38800
0!
0+
#38820
1!
1+
b10101001 A
b10101000 M
b10101000 4
b10101001 6
b10101000 2
1L
0d
0c
0b
1a
b10101000 (
#38840
0!
0+
#38860
1!
1+
b10101010 A
b10101001 M
b10101001 4
b10101010 6
b10101001 2
0L
1K
1d
b10101001 (
#38880
0!
0+
#38900
1!
1+
b10101011 A
b10101010 M
b10101010 4
b10101011 6
b10101010 2
1L
0d
1c
b10101010 (
#38920
0!
0+
#38940
1!
1+
b10101100 A
b10101011 M
b10101011 4
b10101100 6
b10101011 2
0L
0K
1J
1d
b10101011 (
#38960
0!
0+
#38980
1!
1+
b10101101 A
b10101100 M
b10101100 4
b10101101 6
b10101100 2
1L
0d
0c
1b
b10101100 (
#39000
0!
0+
#39020
1!
1+
b10101110 A
b10101101 M
b10101101 4
b10101110 6
b10101101 2
0L
1K
1d
b10101101 (
#39040
0!
0+
#39060
1!
1+
b10101111 A
b10101110 M
b10101110 4
b10101111 6
b10101110 2
1L
0d
1c
b10101110 (
#39080
0!
0+
#39100
1!
1+
b10110000 A
b10101111 M
b10101111 4
b10110000 6
b10101111 2
0L
0K
0J
0I
1H
1d
b10101111 (
#39120
0!
0+
#39140
1!
1+
b10110001 A
b10110000 M
b10110000 4
b10110001 6
b10110000 2
1L
0d
0c
0b
0a
1`
b10110000 (
#39160
0!
0+
#39180
1!
1+
b10110010 A
b10110001 M
b10110001 4
b10110010 6
b10110001 2
0L
1K
1d
b10110001 (
#39200
0!
0+
#39220
1!
1+
b10110011 A
b10110010 M
b10110010 4
b10110011 6
b10110010 2
1L
0d
1c
b10110010 (
#39240
0!
0+
#39260
1!
1+
b10110100 A
b10110011 M
b10110011 4
b10110100 6
b10110011 2
0L
0K
1J
1d
b10110011 (
#39280
0!
0+
#39300
1!
1+
b10110101 A
b10110100 M
b10110100 4
b10110101 6
b10110100 2
1L
0d
0c
1b
b10110100 (
#39320
0!
0+
#39340
1!
1+
b10110110 A
b10110101 M
b10110101 4
b10110110 6
b10110101 2
0L
1K
1d
b10110101 (
#39360
0!
0+
#39380
1!
1+
b10110111 A
b10110110 M
b10110110 4
b10110111 6
b10110110 2
1L
0d
1c
b10110110 (
#39400
0!
0+
#39420
1!
1+
b10111000 A
b10110111 M
b10110111 4
b10111000 6
b10110111 2
0L
0K
0J
1I
1d
b10110111 (
#39440
0!
0+
#39460
1!
1+
b10111001 A
b10111000 M
b10111000 4
b10111001 6
b10111000 2
1L
0d
0c
0b
1a
b10111000 (
#39480
0!
0+
#39500
1!
1+
b10111010 A
b10111001 M
b10111001 4
b10111010 6
b10111001 2
0L
1K
1d
b10111001 (
#39520
0!
0+
#39540
1!
1+
b10111011 A
b10111010 M
b10111010 4
b10111011 6
b10111010 2
1L
0d
1c
b10111010 (
#39560
0!
0+
#39580
1!
1+
b10111100 A
b10111011 M
b10111011 4
b10111100 6
b10111011 2
0L
0K
1J
1d
b10111011 (
#39600
0!
0+
#39620
1!
1+
b10111101 A
b10111100 M
b10111100 4
b10111101 6
b10111100 2
1L
0d
0c
1b
b10111100 (
#39640
0!
0+
#39660
1!
1+
b10111110 A
b10111101 M
b10111101 4
b10111110 6
b10111101 2
0L
1K
1d
b10111101 (
#39680
0!
0+
#39700
1!
1+
b10111111 A
b10111110 M
b10111110 4
b10111111 6
b10111110 2
1L
0d
1c
b10111110 (
#39720
0!
0+
#39740
1!
1+
b11000000 A
b10111111 M
b10111111 4
b11000000 6
b10111111 2
0L
0K
0J
0I
0H
0G
1F
1d
b10111111 (
#39760
0!
0+
#39780
1!
1+
b11000001 A
b11000000 M
b11000000 4
b11000001 6
b11000000 2
1L
0d
0c
0b
0a
0`
0_
1^
b11000000 (
#39800
0!
0+
#39820
1!
1+
b11000010 A
b11000001 M
b11000001 4
b11000010 6
b11000001 2
0L
1K
1d
b11000001 (
#39840
0!
0+
#39860
1!
1+
b11000011 A
b11000010 M
b11000010 4
b11000011 6
b11000010 2
1L
0d
1c
b11000010 (
#39880
0!
0+
#39900
1!
1+
b11000100 A
b11000011 M
b11000011 4
b11000100 6
b11000011 2
0L
0K
1J
1d
b11000011 (
#39920
0!
0+
#39940
1!
1+
b11000101 A
b11000100 M
b11000100 4
b11000101 6
b11000100 2
1L
0d
0c
1b
b11000100 (
#39960
0!
0+
#39980
1!
1+
b11000110 A
b11000101 M
b11000101 4
b11000110 6
b11000101 2
0L
1K
1d
b11000101 (
#40000
0!
0+
#40020
1!
1+
b11000111 A
b11000110 M
b11000110 4
b11000111 6
b11000110 2
1L
0d
1c
b11000110 (
#40040
0!
0+
#40060
1!
1+
b11001000 A
b11000111 M
b11000111 4
b11001000 6
b11000111 2
0L
0K
0J
1I
1d
b11000111 (
#40080
0!
0+
#40100
1!
1+
b11001001 A
b11001000 M
b11001000 4
b11001001 6
b11001000 2
1L
0d
0c
0b
1a
b11001000 (
#40120
0!
0+
#40140
1!
1+
b11001010 A
b11001001 M
b11001001 4
b11001010 6
b11001001 2
0L
1K
1d
b11001001 (
#40160
0!
0+
#40180
1!
1+
b11001011 A
b11001010 M
b11001010 4
b11001011 6
b11001010 2
1L
0d
1c
b11001010 (
#40200
0!
0+
#40220
1!
1+
b11001100 A
b11001011 M
b11001011 4
b11001100 6
b11001011 2
0L
0K
1J
1d
b11001011 (
#40240
0!
0+
#40260
1!
1+
b11001101 A
b11001100 M
b11001100 4
b11001101 6
b11001100 2
1L
0d
0c
1b
b11001100 (
#40280
0!
0+
#40300
1!
1+
b11001110 A
b11001101 M
b11001101 4
b11001110 6
b11001101 2
0L
1K
1d
b11001101 (
#40320
0!
0+
#40340
1!
1+
b11001111 A
b11001110 M
b11001110 4
b11001111 6
b11001110 2
1L
0d
1c
b11001110 (
#40360
0!
0+
#40380
1!
1+
b11010000 A
b11001111 M
b11001111 4
b11010000 6
b11001111 2
0L
0K
0J
0I
1H
1d
b11001111 (
#40400
0!
0+
#40420
1!
1+
b11010001 A
b11010000 M
b11010000 4
b11010001 6
b11010000 2
1L
0d
0c
0b
0a
1`
b11010000 (
#40440
0!
0+
#40460
1!
1+
b11010010 A
b11010001 M
b11010001 4
b11010010 6
b11010001 2
0L
1K
1d
b11010001 (
#40480
0!
0+
#40500
1!
1+
b11010011 A
b11010010 M
b11010010 4
b11010011 6
b11010010 2
1L
0d
1c
b11010010 (
#40520
0!
0+
#40540
1!
1+
b11010100 A
b11010011 M
b11010011 4
b11010100 6
b11010011 2
0L
0K
1J
1d
b11010011 (
#40560
0!
0+
#40580
1!
1+
b11010101 A
b11010100 M
b11010100 4
b11010101 6
b11010100 2
1L
0d
0c
1b
b11010100 (
#40600
0!
0+
#40620
1!
1+
b11010110 A
b11010101 M
b11010101 4
b11010110 6
b11010101 2
0L
1K
1d
b11010101 (
#40640
0!
0+
#40660
1!
1+
b11010111 A
b11010110 M
b11010110 4
b11010111 6
b11010110 2
1L
0d
1c
b11010110 (
#40680
0!
0+
#40700
1!
1+
b11011000 A
b11010111 M
b11010111 4
b11011000 6
b11010111 2
0L
0K
0J
1I
1d
b11010111 (
#40720
0!
0+
#40740
1!
1+
b11011001 A
b11011000 M
b11011000 4
b11011001 6
b11011000 2
1L
0d
0c
0b
1a
b11011000 (
#40760
0!
0+
#40780
1!
1+
b11011010 A
b11011001 M
b11011001 4
b11011010 6
b11011001 2
0L
1K
1d
b11011001 (
#40800
0!
0+
#40820
1!
1+
b11011011 A
b11011010 M
b11011010 4
b11011011 6
b11011010 2
1L
0d
1c
b11011010 (
#40840
0!
0+
#40860
1!
1+
b11011100 A
b11011011 M
b11011011 4
b11011100 6
b11011011 2
0L
0K
1J
1d
b11011011 (
#40880
0!
0+
#40900
1!
1+
b11011101 A
b11011100 M
b11011100 4
b11011101 6
b11011100 2
1L
0d
0c
1b
b11011100 (
#40920
0!
0+
#40940
1!
1+
b11011110 A
b11011101 M
b11011101 4
b11011110 6
b11011101 2
0L
1K
1d
b11011101 (
#40960
0!
0+
#40980
1!
1+
b11011111 A
b11011110 M
b11011110 4
b11011111 6
b11011110 2
1L
0d
1c
b11011110 (
#41000
0!
0+
#41020
1!
1+
b11100000 A
b11011111 M
b11011111 4
b11100000 6
b11011111 2
0L
0K
0J
0I
0H
1G
1d
b11011111 (
#41040
0!
0+
#41060
1!
1+
b11100001 A
b11100000 M
b11100000 4
b11100001 6
b11100000 2
1L
0d
0c
0b
0a
0`
1_
b11100000 (
#41080
0!
0+
#41100
1!
1+
b11100010 A
b11100001 M
b11100001 4
b11100010 6
b11100001 2
0L
1K
1d
b11100001 (
#41120
0!
0+
#41140
1!
1+
b11100011 A
b11100010 M
b11100010 4
b11100011 6
b11100010 2
1L
0d
1c
b11100010 (
#41160
0!
0+
#41180
1!
1+
b11100100 A
b11100011 M
b11100011 4
b11100100 6
b11100011 2
0L
0K
1J
1d
b11100011 (
#41200
0!
0+
#41220
1!
1+
b11100101 A
b11100100 M
b11100100 4
b11100101 6
b11100100 2
1L
0d
0c
1b
b11100100 (
#41240
0!
0+
#41260
1!
1+
b11100110 A
b11100101 M
b11100101 4
b11100110 6
b11100101 2
0L
1K
1d
b11100101 (
#41280
0!
0+
#41300
1!
1+
b11100111 A
b11100110 M
b11100110 4
b11100111 6
b11100110 2
1L
0d
1c
b11100110 (
#41320
0!
0+
#41340
1!
1+
b11101000 A
b11100111 M
b11100111 4
b11101000 6
b11100111 2
0L
0K
0J
1I
1d
b11100111 (
#41360
0!
0+
#41380
1!
1+
b11101001 A
b11101000 M
b11101000 4
b11101001 6
b11101000 2
1L
0d
0c
0b
1a
b11101000 (
#41400
0!
0+
#41420
1!
1+
b11101010 A
b11101001 M
b11101001 4
b11101010 6
b11101001 2
0L
1K
1d
b11101001 (
#41440
0!
0+
#41460
1!
1+
b11101011 A
b11101010 M
b11101010 4
b11101011 6
b11101010 2
1L
0d
1c
b11101010 (
#41480
0!
0+
#41500
1!
1+
b11101100 A
b11101011 M
b11101011 4
b11101100 6
b11101011 2
0L
0K
1J
1d
b11101011 (
#41520
0!
0+
#41540
1!
1+
b11101101 A
b11101100 M
b11101100 4
b11101101 6
b11101100 2
1L
0d
0c
1b
b11101100 (
#41560
0!
0+
#41580
1!
1+
b11101110 A
b11101101 M
b11101101 4
b11101110 6
b11101101 2
0L
1K
1d
b11101101 (
#41600
0!
0+
#41620
1!
1+
b11101111 A
b11101110 M
b11101110 4
b11101111 6
b11101110 2
1L
0d
1c
b11101110 (
#41640
0!
0+
#41660
1!
1+
b11110000 A
b11101111 M
b11101111 4
b11110000 6
b11101111 2
0L
0K
0J
0I
1H
1d
b11101111 (
#41680
0!
0+
#41700
1!
1+
b11110001 A
b11110000 M
b11110000 4
b11110001 6
b11110000 2
1L
0d
0c
0b
0a
1`
b11110000 (
#41720
0!
0+
#41740
1!
1+
b11110010 A
b11110001 M
b11110001 4
b11110010 6
b11110001 2
0L
1K
1d
b11110001 (
#41760
0!
0+
#41780
1!
1+
b11110011 A
b11110010 M
b11110010 4
b11110011 6
b11110010 2
1L
0d
1c
b11110010 (
#41800
0!
0+
#41820
1!
1+
b11110100 A
b11110011 M
b11110011 4
b11110100 6
b11110011 2
0L
0K
1J
1d
b11110011 (
#41840
0!
0+
#41860
1!
1+
b11110101 A
b11110100 M
b11110100 4
b11110101 6
b11110100 2
1L
0d
0c
1b
b11110100 (
#41880
0!
0+
#41900
1!
1+
b11110110 A
b11110101 M
b11110101 4
b11110110 6
b11110101 2
0L
1K
1d
b11110101 (
#41920
0!
0+
#41940
1!
1+
b11110111 A
b11110110 M
b11110110 4
b11110111 6
b11110110 2
1L
0d
1c
b11110110 (
#41960
0!
0+
#41980
1!
1+
b11111000 A
b11110111 M
b11110111 4
b11111000 6
b11110111 2
0L
0K
0J
1I
1d
b11110111 (
#42000
0!
0+
#42020
1!
1+
b11111001 A
b11111000 M
b11111000 4
b11111001 6
b11111000 2
1L
0d
0c
0b
1a
b11111000 (
#42040
0!
0+
#42060
1!
1+
b11111010 A
b11111001 M
b11111001 4
b11111010 6
b11111001 2
0L
1K
1d
b11111001 (
#42080
0!
0+
#42100
1!
1+
b11111011 A
b11111010 M
b11111010 4
b11111011 6
b11111010 2
1L
0d
1c
b11111010 (
#42120
0!
0+
#42140
1!
1+
b11111100 A
b11111011 M
b11111011 4
b11111100 6
b11111011 2
0L
0K
1J
1d
b11111011 (
#42160
0!
0+
#42180
1!
1+
b11111101 A
b11111100 M
b11111100 4
b11111101 6
b11111100 2
1L
0d
0c
1b
b11111100 (
#42200
0!
0+
#42220
1!
1+
b11111110 A
b11111101 M
b11111101 4
b11111110 6
b11111101 2
0L
1K
1d
b11111101 (
#42240
0!
0+
#42260
1!
1+
b11111111 A
b11111110 M
b11111110 4
b11111111 6
b11111110 2
1L
0d
1c
b11111110 (
#42280
0!
0+
#42300
1!
1+
b100000000 A
b11111111 M
b11111111 4
b100000000 6
b11111111 2
0L
0K
0J
0I
0H
0G
0F
0E
1D
1d
b11111111 (
#42320
0!
0+
#42340
1!
1+
b100000001 A
b100000000 M
b100000000 4
b100000001 6
b100000000 2
1L
0d
0c
0b
0a
0`
0_
0^
0]
1\
b100000000 (
#42360
0!
0+
#42380
1!
1+
b100000010 A
b100000001 M
b100000001 4
b100000010 6
b100000001 2
0L
1K
1d
b100000001 (
#42400
0!
0+
#42420
1!
1+
b100000011 A
b100000010 M
b100000010 4
b100000011 6
b100000010 2
1L
0d
1c
b100000010 (
#42440
0!
0+
#42460
1!
1+
b100000100 A
b100000011 M
b100000011 4
b100000100 6
b100000011 2
0L
0K
1J
1d
b100000011 (
#42480
0!
0+
#42500
1!
1+
b100000101 A
b100000100 M
b100000100 4
b100000101 6
b100000100 2
1L
0d
0c
1b
b100000100 (
#42520
0!
0+
#42540
1!
1+
b100000110 A
b100000101 M
b100000101 4
b100000110 6
b100000101 2
0L
1K
1d
b100000101 (
#42560
0!
0+
#42580
1!
1+
b100000111 A
b100000110 M
b100000110 4
b100000111 6
b100000110 2
1L
0d
1c
b100000110 (
#42600
0!
0+
#42620
1!
1+
b100001000 A
b100000111 M
b100000111 4
b100001000 6
b100000111 2
0L
0K
0J
1I
1d
b100000111 (
#42640
0!
0+
#42660
1!
1+
b100001001 A
b100001000 M
b100001000 4
b100001001 6
b100001000 2
1L
0d
0c
0b
1a
b100001000 (
#42680
0!
0+
#42700
1!
1+
b100001010 A
b100001001 M
b100001001 4
b100001010 6
b100001001 2
0L
1K
1d
b100001001 (
#42720
0!
0+
#42740
1!
1+
b100001011 A
b100001010 M
b100001010 4
b100001011 6
b100001010 2
1L
0d
1c
b100001010 (
#42760
0!
0+
#42780
1!
1+
b100001100 A
b100001011 M
b100001011 4
b100001100 6
b100001011 2
0L
0K
1J
1d
b100001011 (
#42800
0!
0+
#42820
1!
1+
b100001101 A
b100001100 M
b100001100 4
b100001101 6
b100001100 2
1L
0d
0c
1b
b100001100 (
#42840
0!
0+
#42860
1!
1+
b100001110 A
b100001101 M
b100001101 4
b100001110 6
b100001101 2
0L
1K
1d
b100001101 (
#42880
0!
0+
#42900
1!
1+
b100001111 A
b100001110 M
b100001110 4
b100001111 6
b100001110 2
1L
0d
1c
b100001110 (
#42920
0!
0+
#42940
1!
1+
b100010000 A
b100001111 M
b100001111 4
b100010000 6
b100001111 2
0L
0K
0J
0I
1H
1d
b100001111 (
#42960
0!
0+
#42980
1!
1+
b100010001 A
b100010000 M
b100010000 4
b100010001 6
b100010000 2
1L
0d
0c
0b
0a
1`
b100010000 (
#43000
0!
0+
#43020
1!
1+
b100010010 A
b100010001 M
b100010001 4
b100010010 6
b100010001 2
0L
1K
1d
b100010001 (
#43040
0!
0+
#43060
1!
1+
b100010011 A
b100010010 M
b100010010 4
b100010011 6
b100010010 2
1L
0d
1c
b100010010 (
#43080
0!
0+
#43100
1!
1+
b100010100 A
b100010011 M
b100010011 4
b100010100 6
b100010011 2
0L
0K
1J
1d
b100010011 (
#43120
0!
0+
#43140
1!
1+
b100010101 A
b100010100 M
b100010100 4
b100010101 6
b100010100 2
1L
0d
0c
1b
b100010100 (
#43160
0!
0+
#43180
1!
1+
b100010110 A
b100010101 M
b100010101 4
b100010110 6
b100010101 2
0L
1K
1d
b100010101 (
#43200
0!
0+
#43220
1!
1+
b100010111 A
b100010110 M
b100010110 4
b100010111 6
b100010110 2
1L
0d
1c
b100010110 (
#43240
0!
0+
#43260
1!
1+
b100011000 A
b100010111 M
b100010111 4
b100011000 6
b100010111 2
0L
0K
0J
1I
1d
b100010111 (
#43280
0!
0+
#43300
1!
1+
b100011001 A
b100011000 M
b100011000 4
b100011001 6
b100011000 2
1L
0d
0c
0b
1a
b100011000 (
#43320
0!
0+
#43340
1!
1+
b100011010 A
b100011001 M
b100011001 4
b100011010 6
b100011001 2
0L
1K
1d
b100011001 (
#43360
0!
0+
#43380
1!
1+
b100011011 A
b100011010 M
b100011010 4
b100011011 6
b100011010 2
1L
0d
1c
b100011010 (
#43400
0!
0+
#43420
1!
1+
b100011100 A
b100011011 M
b100011011 4
b100011100 6
b100011011 2
0L
0K
1J
1d
b100011011 (
#43440
0!
0+
#43460
1!
1+
b100011101 A
b100011100 M
b100011100 4
b100011101 6
b100011100 2
1L
0d
0c
1b
b100011100 (
#43480
0!
0+
#43500
1!
1+
b100011110 A
b100011101 M
b100011101 4
b100011110 6
b100011101 2
0L
1K
1d
b100011101 (
#43520
0!
0+
#43540
1!
1+
b100011111 A
b100011110 M
b100011110 4
b100011111 6
b100011110 2
1L
0d
1c
b100011110 (
#43560
0!
0+
#43580
1!
1+
b100100000 A
b100011111 M
b100011111 4
b100100000 6
b100011111 2
0L
0K
0J
0I
0H
1G
1d
b100011111 (
#43600
0!
0+
#43620
1!
1+
b100100001 A
b100100000 M
b100100000 4
b100100001 6
b100100000 2
1L
0d
0c
0b
0a
0`
1_
b100100000 (
#43640
0!
0+
#43660
1!
1+
b100100010 A
b100100001 M
b100100001 4
b100100010 6
b100100001 2
0L
1K
1d
b100100001 (
#43680
0!
0+
#43700
1!
1+
b100100011 A
b100100010 M
b100100010 4
b100100011 6
b100100010 2
1L
0d
1c
b100100010 (
#43720
0!
0+
#43740
1!
1+
b100100100 A
b100100011 M
b100100011 4
b100100100 6
b100100011 2
0L
0K
1J
1d
b100100011 (
#43760
0!
0+
#43780
1!
1+
b100100101 A
b100100100 M
b100100100 4
b100100101 6
b100100100 2
1L
0d
0c
1b
b100100100 (
#43800
0!
0+
#43820
1!
1+
b100100110 A
b100100101 M
b100100101 4
b100100110 6
b100100101 2
0L
1K
1d
b100100101 (
#43840
0!
0+
#43860
1!
1+
b100100111 A
b100100110 M
b100100110 4
b100100111 6
b100100110 2
1L
0d
1c
b100100110 (
#43880
0!
0+
#43900
1!
1+
b100101000 A
b100100111 M
b100100111 4
b100101000 6
b100100111 2
0L
0K
0J
1I
1d
b100100111 (
#43920
0!
0+
#43940
1!
1+
b100101001 A
b100101000 M
b100101000 4
b100101001 6
b100101000 2
1L
0d
0c
0b
1a
b100101000 (
#43960
0!
0+
#43980
1!
1+
b100101010 A
b100101001 M
b100101001 4
b100101010 6
b100101001 2
0L
1K
1d
b100101001 (
#44000
0!
0+
#44020
1!
1+
b100101011 A
b100101010 M
b100101010 4
b100101011 6
b100101010 2
1L
0d
1c
b100101010 (
#44040
0!
0+
#44060
1!
1+
b100101100 A
b100101011 M
b100101011 4
b100101100 6
b100101011 2
0L
0K
1J
1d
b100101011 (
#44080
0!
0+
#44100
1!
1+
b100101101 A
b100101100 M
b100101100 4
b100101101 6
b100101100 2
1L
0d
0c
1b
b100101100 (
#44120
0!
0+
#44140
1!
1+
b100101110 A
b100101101 M
b100101101 4
b100101110 6
b100101101 2
0L
1K
1d
b100101101 (
#44160
0!
0+
#44180
1!
1+
b100101111 A
b100101110 M
b100101110 4
b100101111 6
b100101110 2
1L
0d
1c
b100101110 (
#44200
0!
0+
#44220
1!
1+
b100110000 A
b100101111 M
b100101111 4
b100110000 6
b100101111 2
0L
0K
0J
0I
1H
1d
b100101111 (
#44240
0!
0+
#44260
1!
1+
b100110001 A
b100110000 M
b100110000 4
b100110001 6
b100110000 2
1L
0d
0c
0b
0a
1`
b100110000 (
#44280
0!
0+
#44300
1!
1+
b100110010 A
b100110001 M
b100110001 4
b100110010 6
b100110001 2
0L
1K
1d
b100110001 (
#44320
0!
0+
#44340
1!
1+
b100110011 A
b100110010 M
b100110010 4
b100110011 6
b100110010 2
1L
0d
1c
b100110010 (
#44360
0!
0+
#44380
1!
1+
b100110100 A
b100110011 M
b100110011 4
b100110100 6
b100110011 2
0L
0K
1J
1d
b100110011 (
#44400
0!
0+
#44420
1!
1+
b100110101 A
b100110100 M
b100110100 4
b100110101 6
b100110100 2
1L
0d
0c
1b
b100110100 (
#44440
0!
0+
#44460
1!
1+
b100110110 A
b100110101 M
b100110101 4
b100110110 6
b100110101 2
0L
1K
1d
b100110101 (
#44480
0!
0+
#44500
1!
1+
b100110111 A
b100110110 M
b100110110 4
b100110111 6
b100110110 2
1L
0d
1c
b100110110 (
#44520
0!
0+
#44540
1!
1+
b100111000 A
b100110111 M
b100110111 4
b100111000 6
b100110111 2
0L
0K
0J
1I
1d
b100110111 (
#44560
0!
0+
#44580
1!
1+
b100111001 A
b100111000 M
b100111000 4
b100111001 6
b100111000 2
1L
0d
0c
0b
1a
b100111000 (
#44600
0!
0+
#44620
1!
1+
b100111010 A
b100111001 M
b100111001 4
b100111010 6
b100111001 2
0L
1K
1d
b100111001 (
#44640
0!
0+
#44660
1!
1+
b100111011 A
b100111010 M
b100111010 4
b100111011 6
b100111010 2
1L
0d
1c
b100111010 (
#44680
0!
0+
#44700
1!
1+
b100111100 A
b100111011 M
b100111011 4
b100111100 6
b100111011 2
0L
0K
1J
1d
b100111011 (
#44720
0!
0+
#44740
1!
1+
b100111101 A
b100111100 M
b100111100 4
b100111101 6
b100111100 2
1L
0d
0c
1b
b100111100 (
#44760
0!
0+
#44780
1!
1+
b100111110 A
b100111101 M
b100111101 4
b100111110 6
b100111101 2
0L
1K
1d
b100111101 (
#44800
0!
0+
#44820
1!
1+
b100111111 A
b100111110 M
b100111110 4
b100111111 6
b100111110 2
1L
0d
1c
b100111110 (
#44840
0!
0+
#44860
1!
1+
b101000000 A
b100111111 M
b100111111 4
b101000000 6
b100111111 2
0L
0K
0J
0I
0H
0G
1F
1d
b100111111 (
#44880
0!
0+
#44900
1!
1+
b101000001 A
b101000000 M
b101000000 4
b101000001 6
b101000000 2
1L
0d
0c
0b
0a
0`
0_
1^
b101000000 (
#44920
0!
0+
#44940
1!
1+
b101000010 A
b101000001 M
b101000001 4
b101000010 6
b101000001 2
0L
1K
1d
b101000001 (
#44960
0!
0+
#44980
1!
1+
b101000011 A
b101000010 M
b101000010 4
b101000011 6
b101000010 2
1L
0d
1c
b101000010 (
#45000
0!
0+
#45020
1!
1+
b101000100 A
b101000011 M
b101000011 4
b101000100 6
b101000011 2
0L
0K
1J
1d
b101000011 (
#45040
0!
0+
#45060
1!
1+
b101000101 A
b101000100 M
b101000100 4
b101000101 6
b101000100 2
1L
0d
0c
1b
b101000100 (
#45080
0!
0+
#45100
1!
1+
b101000110 A
b101000101 M
b101000101 4
b101000110 6
b101000101 2
0L
1K
1d
b101000101 (
#45120
0!
0+
#45140
1!
1+
b101000111 A
b101000110 M
b101000110 4
b101000111 6
b101000110 2
1L
0d
1c
b101000110 (
#45160
0!
0+
#45180
1!
1+
b101001000 A
b101000111 M
b101000111 4
b101001000 6
b101000111 2
0L
0K
0J
1I
1d
b101000111 (
#45200
0!
0+
#45220
1!
1+
b101001001 A
b101001000 M
b101001000 4
b101001001 6
b101001000 2
1L
0d
0c
0b
1a
b101001000 (
#45240
0!
0+
#45260
1!
1+
b101001010 A
b101001001 M
b101001001 4
b101001010 6
b101001001 2
0L
1K
1d
b101001001 (
#45280
0!
0+
#45300
1!
1+
b101001011 A
b101001010 M
b101001010 4
b101001011 6
b101001010 2
1L
0d
1c
b101001010 (
#45320
0!
0+
#45340
1!
1+
b101001100 A
b101001011 M
b101001011 4
b101001100 6
b101001011 2
0L
0K
1J
1d
b101001011 (
#45360
0!
0+
#45380
1!
1+
b101001101 A
b101001100 M
b101001100 4
b101001101 6
b101001100 2
1L
0d
0c
1b
b101001100 (
#45400
0!
0+
#45420
1!
1+
b101001110 A
b101001101 M
b101001101 4
b101001110 6
b101001101 2
0L
1K
1d
b101001101 (
#45440
0!
0+
#45460
1!
1+
b101001111 A
b101001110 M
b101001110 4
b101001111 6
b101001110 2
1L
0d
1c
b101001110 (
#45480
0!
0+
#45500
1!
1+
b101010000 A
b101001111 M
b101001111 4
b101010000 6
b101001111 2
0L
0K
0J
0I
1H
1d
b101001111 (
#45520
0!
0+
#45540
1!
1+
b101010001 A
b101010000 M
b101010000 4
b101010001 6
b101010000 2
1L
0d
0c
0b
0a
1`
b101010000 (
#45560
0!
0+
#45580
1!
1+
b101010010 A
b101010001 M
b101010001 4
b101010010 6
b101010001 2
0L
1K
1d
b101010001 (
#45600
0!
0+
#45620
1!
1+
b101010011 A
b101010010 M
b101010010 4
b101010011 6
b101010010 2
1L
0d
1c
b101010010 (
#45640
0!
0+
#45660
1!
1+
b101010100 A
b101010011 M
b101010011 4
b101010100 6
b101010011 2
0L
0K
1J
1d
b101010011 (
#45680
0!
0+
#45700
1!
1+
b101010101 A
b101010100 M
b101010100 4
b101010101 6
b101010100 2
1L
0d
0c
1b
b101010100 (
#45720
0!
0+
#45740
1!
1+
b101010110 A
b101010101 M
b101010101 4
b101010110 6
b101010101 2
0L
1K
1d
b101010101 (
#45760
0!
0+
#45780
1!
1+
b101010111 A
b101010110 M
b101010110 4
b101010111 6
b101010110 2
1L
0d
1c
b101010110 (
#45800
0!
0+
#45820
1!
1+
b101011000 A
b101010111 M
b101010111 4
b101011000 6
b101010111 2
0L
0K
0J
1I
1d
b101010111 (
#45840
0!
0+
#45860
1!
1+
b101011001 A
b101011000 M
b101011000 4
b101011001 6
b101011000 2
1L
0d
0c
0b
1a
b101011000 (
#45880
0!
0+
#45900
1!
1+
b101011010 A
b101011001 M
b101011001 4
b101011010 6
b101011001 2
0L
1K
1d
b101011001 (
#45920
0!
0+
#45940
1!
1+
b101011011 A
b101011010 M
b101011010 4
b101011011 6
b101011010 2
1L
0d
1c
b101011010 (
#45960
0!
0+
#45980
1!
1+
b101011100 A
b101011011 M
b101011011 4
b101011100 6
b101011011 2
0L
0K
1J
1d
b101011011 (
#46000
0!
0+
#46020
1!
1+
b101011101 A
b101011100 M
b101011100 4
b101011101 6
b101011100 2
1L
0d
0c
1b
b101011100 (
#46040
0!
0+
#46060
1!
1+
b101011110 A
b101011101 M
b101011101 4
b101011110 6
b101011101 2
0L
1K
1d
b101011101 (
#46080
0!
0+
#46100
1!
1+
b101011111 A
b101011110 M
b101011110 4
b101011111 6
b101011110 2
1L
0d
1c
b101011110 (
#46120
0!
0+
#46140
1!
1+
b101100000 A
b101011111 M
b101011111 4
b101100000 6
b101011111 2
0L
0K
0J
0I
0H
1G
1d
b101011111 (
#46160
0!
0+
#46180
1!
1+
b101100001 A
b101100000 M
b101100000 4
b101100001 6
b101100000 2
1L
0d
0c
0b
0a
0`
1_
b101100000 (
#46200
0!
0+
#46220
1!
1+
b101100010 A
b101100001 M
b101100001 4
b101100010 6
b101100001 2
0L
1K
1d
b101100001 (
#46240
0!
0+
#46260
1!
1+
b101100011 A
b101100010 M
b101100010 4
b101100011 6
b101100010 2
1L
0d
1c
b101100010 (
#46280
0!
0+
#46300
1!
1+
b101100100 A
b101100011 M
b101100011 4
b101100100 6
b101100011 2
0L
0K
1J
1d
b101100011 (
#46320
0!
0+
#46340
1!
1+
b101100101 A
b101100100 M
b101100100 4
b101100101 6
b101100100 2
1L
0d
0c
1b
b101100100 (
#46360
0!
0+
#46380
1!
1+
b101100110 A
b101100101 M
b101100101 4
b101100110 6
b101100101 2
0L
1K
1d
b101100101 (
#46400
0!
0+
#46420
1!
1+
b101100111 A
b101100110 M
b101100110 4
b101100111 6
b101100110 2
1L
0d
1c
b101100110 (
#46440
0!
0+
#46460
1!
1+
b101101000 A
b101100111 M
b101100111 4
b101101000 6
b101100111 2
0L
0K
0J
1I
1d
b101100111 (
#46480
0!
0+
#46500
1!
1+
b101101001 A
b101101000 M
b101101000 4
b101101001 6
b101101000 2
1L
0d
0c
0b
1a
b101101000 (
#46520
0!
0+
#46540
1!
1+
b101101010 A
b101101001 M
b101101001 4
b101101010 6
b101101001 2
0L
1K
1d
b101101001 (
#46560
0!
0+
#46580
1!
1+
b101101011 A
b101101010 M
b101101010 4
b101101011 6
b101101010 2
1L
0d
1c
b101101010 (
#46600
0!
0+
#46620
1!
1+
b101101100 A
b101101011 M
b101101011 4
b101101100 6
b101101011 2
0L
0K
1J
1d
b101101011 (
#46640
0!
0+
#46660
1!
1+
b101101101 A
b101101100 M
b101101100 4
b101101101 6
b101101100 2
1L
0d
0c
1b
b101101100 (
#46680
0!
0+
#46700
1!
1+
b101101110 A
b101101101 M
b101101101 4
b101101110 6
b101101101 2
0L
1K
1d
b101101101 (
#46720
0!
0+
#46740
1!
1+
b101101111 A
b101101110 M
b101101110 4
b101101111 6
b101101110 2
1L
0d
1c
b101101110 (
#46760
0!
0+
#46780
1!
1+
b101110000 A
b101101111 M
b101101111 4
b101110000 6
b101101111 2
0L
0K
0J
0I
1H
1d
b101101111 (
#46800
0!
0+
#46820
1!
1+
b101110001 A
b101110000 M
b101110000 4
b101110001 6
b101110000 2
1L
0d
0c
0b
0a
1`
b101110000 (
#46840
0!
0+
#46860
1!
1+
b101110010 A
b101110001 M
b101110001 4
b101110010 6
b101110001 2
0L
1K
1d
b101110001 (
#46880
0!
0+
#46900
1!
1+
b101110011 A
b101110010 M
b101110010 4
b101110011 6
b101110010 2
1L
0d
1c
b101110010 (
#46920
0!
0+
#46940
1!
1+
b101110100 A
b101110011 M
b101110011 4
b101110100 6
b101110011 2
0L
0K
1J
1d
b101110011 (
#46960
0!
0+
#46980
1!
1+
b101110101 A
b101110100 M
b101110100 4
b101110101 6
b101110100 2
1L
0d
0c
1b
b101110100 (
#47000
0!
0+
#47020
1!
1+
b101110110 A
b101110101 M
b101110101 4
b101110110 6
b101110101 2
0L
1K
1d
b101110101 (
#47040
0!
0+
#47060
1!
1+
b101110111 A
b101110110 M
b101110110 4
b101110111 6
b101110110 2
1L
0d
1c
b101110110 (
#47080
0!
0+
#47100
1!
1+
b101111000 A
b101110111 M
b101110111 4
b101111000 6
b101110111 2
0L
0K
0J
1I
1d
b101110111 (
#47120
0!
0+
#47140
1!
1+
b101111001 A
b101111000 M
b101111000 4
b101111001 6
b101111000 2
1L
0d
0c
0b
1a
b101111000 (
#47160
0!
0+
#47180
1!
1+
b101111010 A
b101111001 M
b101111001 4
b101111010 6
b101111001 2
0L
1K
1d
b101111001 (
#47200
0!
0+
#47220
1!
1+
b101111011 A
b101111010 M
b101111010 4
b101111011 6
b101111010 2
1L
0d
1c
b101111010 (
#47240
0!
0+
#47260
1!
1+
b101111100 A
b101111011 M
b101111011 4
b101111100 6
b101111011 2
0L
0K
1J
1d
b101111011 (
#47280
0!
0+
#47300
1!
1+
b101111101 A
b101111100 M
b101111100 4
b101111101 6
b101111100 2
1L
0d
0c
1b
b101111100 (
#47320
0!
0+
#47340
1!
1+
b101111110 A
b101111101 M
b101111101 4
b101111110 6
b101111101 2
0L
1K
1d
b101111101 (
#47360
0!
0+
#47380
1!
1+
b101111111 A
b101111110 M
b101111110 4
b101111111 6
b101111110 2
1L
0d
1c
b101111110 (
#47400
0!
0+
#47420
1!
1+
b110000000 A
b101111111 M
b101111111 4
b110000000 6
b101111111 2
0L
0K
0J
0I
0H
0G
0F
1E
1d
b101111111 (
#47440
0!
0+
#47460
1!
1+
b110000001 A
b110000000 M
b110000000 4
b110000001 6
b110000000 2
1L
0d
0c
0b
0a
0`
0_
0^
1]
b110000000 (
#47480
0!
0+
#47500
1!
1+
b110000010 A
b110000001 M
b110000001 4
b110000010 6
b110000001 2
0L
1K
1d
b110000001 (
#47520
0!
0+
#47540
1!
1+
b110000011 A
b110000010 M
b110000010 4
b110000011 6
b110000010 2
1L
0d
1c
b110000010 (
#47560
0!
0+
#47580
1!
1+
b110000100 A
b110000011 M
b110000011 4
b110000100 6
b110000011 2
0L
0K
1J
1d
b110000011 (
#47600
0!
0+
#47620
1!
1+
b110000101 A
b110000100 M
b110000100 4
b110000101 6
b110000100 2
1L
0d
0c
1b
b110000100 (
#47640
0!
0+
#47660
1!
1+
b110000110 A
b110000101 M
b110000101 4
b110000110 6
b110000101 2
0L
1K
1d
b110000101 (
#47680
0!
0+
#47700
1!
1+
b110000111 A
b110000110 M
b110000110 4
b110000111 6
b110000110 2
1L
0d
1c
b110000110 (
#47720
0!
0+
#47740
1!
1+
b110001000 A
b110000111 M
b110000111 4
b110001000 6
b110000111 2
0L
0K
0J
1I
1d
b110000111 (
#47760
0!
0+
#47780
1!
1+
b110001001 A
b110001000 M
b110001000 4
b110001001 6
b110001000 2
1L
0d
0c
0b
1a
b110001000 (
#47800
0!
0+
#47820
1!
1+
b110001010 A
b110001001 M
b110001001 4
b110001010 6
b110001001 2
0L
1K
1d
b110001001 (
#47840
0!
0+
#47860
1!
1+
b110001011 A
b110001010 M
b110001010 4
b110001011 6
b110001010 2
1L
0d
1c
b110001010 (
#47880
0!
0+
#47900
1!
1+
b110001100 A
b110001011 M
b110001011 4
b110001100 6
b110001011 2
0L
0K
1J
1d
b110001011 (
#47920
0!
0+
#47940
1!
1+
b110001101 A
b110001100 M
b110001100 4
b110001101 6
b110001100 2
1L
0d
0c
1b
b110001100 (
#47960
0!
0+
#47980
1!
1+
b110001110 A
b110001101 M
b110001101 4
b110001110 6
b110001101 2
0L
1K
1d
b110001101 (
#48000
0!
0+
#48020
1!
1+
b110001111 A
b110001110 M
b110001110 4
b110001111 6
b110001110 2
1L
0d
1c
b110001110 (
#48040
0!
0+
#48060
1!
1+
b110010000 A
b110001111 M
b110001111 4
b110010000 6
b110001111 2
0L
0K
0J
0I
1H
1d
b110001111 (
#48080
0!
0+
#48100
1!
1+
b110010001 A
b110010000 M
b110010000 4
b110010001 6
b110010000 2
1L
0d
0c
0b
0a
1`
b110010000 (
#48120
0!
0+
#48140
1!
1+
b110010010 A
b110010001 M
b110010001 4
b110010010 6
b110010001 2
0L
1K
1d
b110010001 (
#48160
0!
0+
#48180
1!
1+
b110010011 A
b110010010 M
b110010010 4
b110010011 6
b110010010 2
1L
0d
1c
b110010010 (
#48200
0!
0+
#48220
1!
1+
b110010100 A
b110010011 M
b110010011 4
b110010100 6
b110010011 2
0L
0K
1J
1d
b110010011 (
#48240
0!
0+
#48260
1!
1+
b110010101 A
b110010100 M
b110010100 4
b110010101 6
b110010100 2
1L
0d
0c
1b
b110010100 (
#48280
0!
0+
#48300
1!
1+
b110010110 A
b110010101 M
b110010101 4
b110010110 6
b110010101 2
0L
1K
1d
b110010101 (
#48320
0!
0+
#48340
1!
1+
b110010111 A
b110010110 M
b110010110 4
b110010111 6
b110010110 2
1L
0d
1c
b110010110 (
#48360
0!
0+
#48380
1!
1+
b110011000 A
b110010111 M
b110010111 4
b110011000 6
b110010111 2
0L
0K
0J
1I
1d
b110010111 (
#48400
0!
0+
#48420
1!
1+
b110011001 A
b110011000 M
b110011000 4
b110011001 6
b110011000 2
1L
0d
0c
0b
1a
b110011000 (
#48440
0!
0+
#48460
1!
1+
b110011010 A
b110011001 M
b110011001 4
b110011010 6
b110011001 2
0L
1K
1d
b110011001 (
#48480
0!
0+
#48500
1!
1+
b110011011 A
b110011010 M
b110011010 4
b110011011 6
b110011010 2
1L
0d
1c
b110011010 (
#48520
0!
0+
#48540
1!
1+
b110011100 A
b110011011 M
b110011011 4
b110011100 6
b110011011 2
0L
0K
1J
1d
b110011011 (
#48560
0!
0+
#48580
1!
1+
b110011101 A
b110011100 M
b110011100 4
b110011101 6
b110011100 2
1L
0d
0c
1b
b110011100 (
#48600
0!
0+
#48620
1!
1+
b110011110 A
b110011101 M
b110011101 4
b110011110 6
b110011101 2
0L
1K
1d
b110011101 (
#48640
0!
0+
#48660
1!
1+
b110011111 A
b110011110 M
b110011110 4
b110011111 6
b110011110 2
1L
0d
1c
b110011110 (
#48680
0!
0+
#48700
1!
1+
b110100000 A
b110011111 M
b110011111 4
b110100000 6
b110011111 2
0L
0K
0J
0I
0H
1G
1d
b110011111 (
#48720
0!
0+
#48740
1!
1+
b110100001 A
b110100000 M
b110100000 4
b110100001 6
b110100000 2
1L
0d
0c
0b
0a
0`
1_
b110100000 (
#48760
0!
0+
#48780
1!
1+
b110100010 A
b110100001 M
b110100001 4
b110100010 6
b110100001 2
0L
1K
1d
b110100001 (
#48800
0!
0+
#48820
1!
1+
b110100011 A
b110100010 M
b110100010 4
b110100011 6
b110100010 2
1L
0d
1c
b110100010 (
#48840
0!
0+
#48860
1!
1+
b110100100 A
b110100011 M
b110100011 4
b110100100 6
b110100011 2
0L
0K
1J
1d
b110100011 (
#48880
0!
0+
#48900
1!
1+
b110100101 A
b110100100 M
b110100100 4
b110100101 6
b110100100 2
1L
0d
0c
1b
b110100100 (
#48920
0!
0+
#48940
1!
1+
b110100110 A
b110100101 M
b110100101 4
b110100110 6
b110100101 2
0L
1K
1d
b110100101 (
#48960
0!
0+
#48980
1!
1+
b110100111 A
b110100110 M
b110100110 4
b110100111 6
b110100110 2
1L
0d
1c
b110100110 (
#49000
0!
0+
#49020
1!
1+
b110101000 A
b110100111 M
b110100111 4
b110101000 6
b110100111 2
0L
0K
0J
1I
1d
b110100111 (
#49040
0!
0+
#49060
1!
1+
b110101001 A
b110101000 M
b110101000 4
b110101001 6
b110101000 2
1L
0d
0c
0b
1a
b110101000 (
#49080
0!
0+
#49100
1!
1+
b110101010 A
b110101001 M
b110101001 4
b110101010 6
b110101001 2
0L
1K
1d
b110101001 (
#49120
0!
0+
#49140
1!
1+
b110101011 A
b110101010 M
b110101010 4
b110101011 6
b110101010 2
1L
0d
1c
b110101010 (
#49160
0!
0+
#49180
1!
1+
b110101100 A
b110101011 M
b110101011 4
b110101100 6
b110101011 2
0L
0K
1J
1d
b110101011 (
#49200
0!
0+
#49220
1!
1+
b110101101 A
b110101100 M
b110101100 4
b110101101 6
b110101100 2
1L
0d
0c
1b
b110101100 (
#49240
0!
0+
#49260
1!
1+
b110101110 A
b110101101 M
b110101101 4
b110101110 6
b110101101 2
0L
1K
1d
b110101101 (
#49280
0!
0+
#49300
1!
1+
b110101111 A
b110101110 M
b110101110 4
b110101111 6
b110101110 2
1L
0d
1c
b110101110 (
#49320
0!
0+
#49340
1!
1+
b110110000 A
b110101111 M
b110101111 4
b110110000 6
b110101111 2
0L
0K
0J
0I
1H
1d
b110101111 (
#49360
0!
0+
#49380
1!
1+
b110110001 A
b110110000 M
b110110000 4
b110110001 6
b110110000 2
1L
0d
0c
0b
0a
1`
b110110000 (
#49400
0!
0+
#49420
1!
1+
b110110010 A
b110110001 M
b110110001 4
b110110010 6
b110110001 2
0L
1K
1d
b110110001 (
#49440
0!
0+
#49460
1!
1+
b110110011 A
b110110010 M
b110110010 4
b110110011 6
b110110010 2
1L
0d
1c
b110110010 (
#49480
0!
0+
#49500
1!
1+
b110110100 A
b110110011 M
b110110011 4
b110110100 6
b110110011 2
0L
0K
1J
1d
b110110011 (
#49520
0!
0+
#49540
1!
1+
b110110101 A
b110110100 M
b110110100 4
b110110101 6
b110110100 2
1L
0d
0c
1b
b110110100 (
#49560
0!
0+
#49580
1!
1+
b110110110 A
b110110101 M
b110110101 4
b110110110 6
b110110101 2
0L
1K
1d
b110110101 (
#49600
0!
0+
#49620
1!
1+
b110110111 A
b110110110 M
b110110110 4
b110110111 6
b110110110 2
1L
0d
1c
b110110110 (
#49640
0!
0+
#49660
1!
1+
b110111000 A
b110110111 M
b110110111 4
b110111000 6
b110110111 2
0L
0K
0J
1I
1d
b110110111 (
#49680
0!
0+
#49700
1!
1+
b110111001 A
b110111000 M
b110111000 4
b110111001 6
b110111000 2
1L
0d
0c
0b
1a
b110111000 (
#49720
0!
0+
#49740
1!
1+
b110111010 A
b110111001 M
b110111001 4
b110111010 6
b110111001 2
0L
1K
1d
b110111001 (
#49760
0!
0+
#49780
1!
1+
b110111011 A
b110111010 M
b110111010 4
b110111011 6
b110111010 2
1L
0d
1c
b110111010 (
#49800
0!
0+
#49820
1!
1+
b110111100 A
b110111011 M
b110111011 4
b110111100 6
b110111011 2
0L
0K
1J
1d
b110111011 (
#49840
0!
0+
#49860
1!
1+
b110111101 A
b110111100 M
b110111100 4
b110111101 6
b110111100 2
1L
0d
0c
1b
b110111100 (
#49880
0!
0+
#49900
1!
1+
b110111110 A
b110111101 M
b110111101 4
b110111110 6
b110111101 2
0L
1K
1d
b110111101 (
#49920
0!
0+
#49940
1!
1+
b110111111 A
b110111110 M
b110111110 4
b110111111 6
b110111110 2
1L
0d
1c
b110111110 (
#49960
0!
0+
#49980
1!
1+
b111000000 A
b110111111 M
b110111111 4
b111000000 6
b110111111 2
0L
0K
0J
0I
0H
0G
1F
1d
b110111111 (
#50000
0!
0+
#50020
1!
1+
b111000001 A
b111000000 M
b111000000 4
b111000001 6
b111000000 2
1L
0d
0c
0b
0a
0`
0_
1^
b111000000 (
#50040
0!
0+
#50060
1!
1+
b111000010 A
b111000001 M
b111000001 4
b111000010 6
b111000001 2
0L
1K
1d
b111000001 (
#50080
0!
0+
#50100
1!
1+
b111000011 A
b111000010 M
b111000010 4
b111000011 6
b111000010 2
1L
0d
1c
b111000010 (
#50120
0!
0+
#50140
1!
1+
b111000100 A
b111000011 M
b111000011 4
b111000100 6
b111000011 2
0L
0K
1J
1d
b111000011 (
#50160
0!
0+
#50180
1!
1+
b111000101 A
b111000100 M
b111000100 4
b111000101 6
b111000100 2
1L
0d
0c
1b
b111000100 (
#50200
0!
0+
#50220
1!
1+
b111000110 A
b111000101 M
b111000101 4
b111000110 6
b111000101 2
0L
1K
1d
b111000101 (
#50240
0!
0+
#50260
1!
1+
b111000111 A
b111000110 M
b111000110 4
b111000111 6
b111000110 2
1L
0d
1c
b111000110 (
#50280
0!
0+
#50300
1!
1+
b111001000 A
b111000111 M
b111000111 4
b111001000 6
b111000111 2
0L
0K
0J
1I
1d
b111000111 (
#50320
0!
0+
#50340
1!
1+
b111001001 A
b111001000 M
b111001000 4
b111001001 6
b111001000 2
1L
0d
0c
0b
1a
b111001000 (
#50360
0!
0+
#50380
1!
1+
b111001010 A
b111001001 M
b111001001 4
b111001010 6
b111001001 2
0L
1K
1d
b111001001 (
#50400
0!
0+
#50420
1!
1+
b111001011 A
b111001010 M
b111001010 4
b111001011 6
b111001010 2
1L
0d
1c
b111001010 (
#50440
0!
0+
#50460
1!
1+
b111001100 A
b111001011 M
b111001011 4
b111001100 6
b111001011 2
0L
0K
1J
1d
b111001011 (
#50480
0!
0+
#50500
1!
1+
b111001101 A
b111001100 M
b111001100 4
b111001101 6
b111001100 2
1L
0d
0c
1b
b111001100 (
#50520
0!
0+
#50540
1!
1+
b111001110 A
b111001101 M
b111001101 4
b111001110 6
b111001101 2
0L
1K
1d
b111001101 (
#50560
0!
0+
#50580
1!
1+
b111001111 A
b111001110 M
b111001110 4
b111001111 6
b111001110 2
1L
0d
1c
b111001110 (
#50600
0!
0+
#50620
1!
1+
b111010000 A
b111001111 M
b111001111 4
b111010000 6
b111001111 2
0L
0K
0J
0I
1H
1d
b111001111 (
#50640
0!
0+
#50660
1!
1+
b111010001 A
b111010000 M
b111010000 4
b111010001 6
b111010000 2
1L
0d
0c
0b
0a
1`
b111010000 (
#50680
0!
0+
#50700
1!
1+
b111010010 A
b111010001 M
b111010001 4
b111010010 6
b111010001 2
0L
1K
1d
b111010001 (
#50720
0!
0+
#50740
1!
1+
b111010011 A
b111010010 M
b111010010 4
b111010011 6
b111010010 2
1L
0d
1c
b111010010 (
#50760
0!
0+
#50780
1!
1+
b111010100 A
b111010011 M
b111010011 4
b111010100 6
b111010011 2
0L
0K
1J
1d
b111010011 (
#50800
0!
0+
#50820
1!
1+
b111010101 A
b111010100 M
b111010100 4
b111010101 6
b111010100 2
1L
0d
0c
1b
b111010100 (
#50840
0!
0+
#50860
1!
1+
b111010110 A
b111010101 M
b111010101 4
b111010110 6
b111010101 2
0L
1K
1d
b111010101 (
#50880
0!
0+
#50900
1!
1+
b111010111 A
b111010110 M
b111010110 4
b111010111 6
b111010110 2
1L
0d
1c
b111010110 (
#50920
0!
0+
#50940
1!
1+
b111011000 A
b111010111 M
b111010111 4
b111011000 6
b111010111 2
0L
0K
0J
1I
1d
b111010111 (
#50960
0!
0+
#50980
1!
1+
b111011001 A
b111011000 M
b111011000 4
b111011001 6
b111011000 2
1L
0d
0c
0b
1a
b111011000 (
#51000
0!
0+
#51020
1!
1+
b111011010 A
b111011001 M
b111011001 4
b111011010 6
b111011001 2
0L
1K
1d
b111011001 (
#51040
0!
0+
#51060
1!
1+
b111011011 A
b111011010 M
b111011010 4
b111011011 6
b111011010 2
1L
0d
1c
b111011010 (
#51080
0!
0+
#51100
1!
1+
b111011100 A
b111011011 M
b111011011 4
b111011100 6
b111011011 2
0L
0K
1J
1d
b111011011 (
#51120
0!
0+
#51140
1!
1+
b111011101 A
b111011100 M
b111011100 4
b111011101 6
b111011100 2
1L
0d
0c
1b
b111011100 (
#51160
0!
0+
#51180
1!
1+
b111011110 A
b111011101 M
b111011101 4
b111011110 6
b111011101 2
0L
1K
1d
b111011101 (
#51200
0!
0+
#51220
1!
1+
b111011111 A
b111011110 M
b111011110 4
b111011111 6
b111011110 2
1L
0d
1c
b111011110 (
#51240
0!
0+
#51260
1!
1+
b111100000 A
b111011111 M
b111011111 4
b111100000 6
b111011111 2
0L
0K
0J
0I
0H
1G
1d
b111011111 (
#51280
0!
0+
#51300
1!
1+
b111100001 A
b111100000 M
b111100000 4
b111100001 6
b111100000 2
1L
0d
0c
0b
0a
0`
1_
b111100000 (
#51320
0!
0+
#51340
1!
1+
b111100010 A
b111100001 M
b111100001 4
b111100010 6
b111100001 2
0L
1K
1d
b111100001 (
#51360
0!
0+
#51380
1!
1+
b111100011 A
b111100010 M
b111100010 4
b111100011 6
b111100010 2
1L
0d
1c
b111100010 (
#51400
0!
0+
#51420
1!
1+
b111100100 A
b111100011 M
b111100011 4
b111100100 6
b111100011 2
0L
0K
1J
1d
b111100011 (
#51440
0!
0+
#51460
1!
1+
b111100101 A
b111100100 M
b111100100 4
b111100101 6
b111100100 2
1L
0d
0c
1b
b111100100 (
#51480
0!
0+
#51500
1!
1+
b111100110 A
b111100101 M
b111100101 4
b111100110 6
b111100101 2
0L
1K
1d
b111100101 (
#51520
0!
0+
#51540
1!
1+
b111100111 A
b111100110 M
b111100110 4
b111100111 6
b111100110 2
1L
0d
1c
b111100110 (
#51560
0!
0+
#51580
1!
1+
b111101000 A
b111100111 M
b111100111 4
b111101000 6
b111100111 2
0L
0K
0J
1I
1d
b111100111 (
#51600
0!
0+
#51620
1!
1+
b111101001 A
b111101000 M
b111101000 4
b111101001 6
b111101000 2
1L
0d
0c
0b
1a
b111101000 (
#51640
0!
0+
#51660
1!
1+
b111101010 A
b111101001 M
b111101001 4
b111101010 6
b111101001 2
0L
1K
1d
b111101001 (
#51680
0!
0+
#51700
1!
1+
b111101011 A
b111101010 M
b111101010 4
b111101011 6
b111101010 2
1L
0d
1c
b111101010 (
#51720
0!
0+
#51740
1!
1+
b111101100 A
b111101011 M
b111101011 4
b111101100 6
b111101011 2
0L
0K
1J
1d
b111101011 (
#51760
0!
0+
#51780
1!
1+
b111101101 A
b111101100 M
b111101100 4
b111101101 6
b111101100 2
1L
0d
0c
1b
b111101100 (
#51800
0!
0+
#51820
1!
1+
b111101110 A
b111101101 M
b111101101 4
b111101110 6
b111101101 2
0L
1K
1d
b111101101 (
#51840
0!
0+
#51860
1!
1+
b111101111 A
b111101110 M
b111101110 4
b111101111 6
b111101110 2
1L
0d
1c
b111101110 (
#51880
0!
0+
#51900
1!
1+
b111110000 A
b111101111 M
b111101111 4
b111110000 6
b111101111 2
0L
0K
0J
0I
1H
1d
b111101111 (
#51920
0!
0+
#51940
1!
1+
b111110001 A
b111110000 M
b111110000 4
b111110001 6
b111110000 2
1L
0d
0c
0b
0a
1`
b111110000 (
#51960
0!
0+
#51980
1!
1+
b111110010 A
b111110001 M
b111110001 4
b111110010 6
b111110001 2
0L
1K
1d
b111110001 (
#52000
0!
0+
#52020
1!
1+
b111110011 A
b111110010 M
b111110010 4
b111110011 6
b111110010 2
1L
0d
1c
b111110010 (
#52040
0!
0+
#52060
1!
1+
b111110100 A
b111110011 M
b111110011 4
b111110100 6
b111110011 2
0L
0K
1J
1d
b111110011 (
#52080
0!
0+
#52100
1!
1+
b111110101 A
b111110100 M
b111110100 4
b111110101 6
b111110100 2
1L
0d
0c
1b
b111110100 (
#52120
0!
0+
#52140
1!
1+
b111110110 A
b111110101 M
b111110101 4
b111110110 6
b111110101 2
0L
1K
1d
b111110101 (
#52160
0!
0+
#52180
1!
1+
b111110111 A
b111110110 M
b111110110 4
b111110111 6
b111110110 2
1L
0d
1c
b111110110 (
#52200
0!
0+
#52220
1!
1+
b111111000 A
b111110111 M
b111110111 4
b111111000 6
b111110111 2
0L
0K
0J
1I
1d
b111110111 (
#52240
0!
0+
#52260
1!
1+
b111111001 A
b111111000 M
b111111000 4
b111111001 6
b111111000 2
1L
0d
0c
0b
1a
b111111000 (
#52280
0!
0+
#52300
1!
1+
b111111010 A
b111111001 M
b111111001 4
b111111010 6
b111111001 2
0L
1K
1d
b111111001 (
#52320
0!
0+
#52340
1!
1+
b111111011 A
b111111010 M
b111111010 4
b111111011 6
b111111010 2
1L
0d
1c
b111111010 (
#52360
0!
0+
#52380
1!
1+
b111111100 A
b111111011 M
b111111011 4
b111111100 6
b111111011 2
0L
0K
1J
1d
b111111011 (
#52400
0!
0+
#52420
1!
1+
b111111101 A
b111111100 M
b111111100 4
b111111101 6
b111111100 2
1L
0d
0c
1b
b111111100 (
#52440
0!
0+
#52460
1!
1+
b111111110 A
b111111101 M
b111111101 4
b111111110 6
b111111101 2
0L
1K
1d
b111111101 (
#52480
0!
0+
#52500
1!
1+
b111111111 A
b111111110 M
b111111110 4
b111111111 6
b111111110 2
1L
0d
1c
b111111110 (
#52520
0!
0+
#52540
1!
1+
b1000000000 A
b111111111 M
b111111111 4
b1000000000 6
b111111111 2
0L
0K
0J
0I
0H
0G
0F
0E
0D
1C
1d
b111111111 (
#52560
0!
0+
#52580
1!
1+
b1000000001 A
b1000000000 M
b1000000000 4
b1000000001 6
b1000000000 2
1L
0d
0c
0b
0a
0`
0_
0^
0]
0\
1[
b1000000000 (
#52600
0!
0+
#52620
1!
1+
b1000000010 A
b1000000001 M
b1000000001 4
b1000000010 6
b1000000001 2
0L
1K
1d
b1000000001 (
#52640
0!
0+
#52660
1!
1+
b1000000011 A
b1000000010 M
b1000000010 4
b1000000011 6
b1000000010 2
1L
0d
1c
b1000000010 (
#52680
0!
0+
#52700
1!
1+
b1000000100 A
b1000000011 M
b1000000011 4
b1000000100 6
b1000000011 2
0L
0K
1J
1d
b1000000011 (
#52720
0!
0+
#52740
1!
1+
b1000000101 A
b1000000100 M
b1000000100 4
b1000000101 6
b1000000100 2
1L
0d
0c
1b
b1000000100 (
#52760
0!
0+
#52780
1!
1+
b1000000110 A
b1000000101 M
b1000000101 4
b1000000110 6
b1000000101 2
0L
1K
1d
b1000000101 (
#52800
0!
0+
#52820
1!
1+
b1000000111 A
b1000000110 M
b1000000110 4
b1000000111 6
b1000000110 2
1L
0d
1c
b1000000110 (
#52840
0!
0+
#52860
1!
1+
b1000001000 A
b1000000111 M
b1000000111 4
b1000001000 6
b1000000111 2
0L
0K
0J
1I
1d
b1000000111 (
#52880
0!
0+
#52900
1!
1+
b1000001001 A
b1000001000 M
b1000001000 4
b1000001001 6
b1000001000 2
1L
0d
0c
0b
1a
b1000001000 (
#52920
0!
0+
#52940
1!
1+
b1000001010 A
b1000001001 M
b1000001001 4
b1000001010 6
b1000001001 2
0L
1K
1d
b1000001001 (
#52960
0!
0+
#52980
1!
1+
b1000001011 A
b1000001010 M
b1000001010 4
b1000001011 6
b1000001010 2
1L
0d
1c
b1000001010 (
#53000
0!
0+
#53020
1!
1+
b1000001100 A
b1000001011 M
b1000001011 4
b1000001100 6
b1000001011 2
0L
0K
1J
1d
b1000001011 (
#53040
0!
0+
#53060
1!
1+
b1000001101 A
b1000001100 M
b1000001100 4
b1000001101 6
b1000001100 2
1L
0d
0c
1b
b1000001100 (
#53080
0!
0+
#53100
1!
1+
b1000001110 A
b1000001101 M
b1000001101 4
b1000001110 6
b1000001101 2
0L
1K
1d
b1000001101 (
#53120
0!
0+
#53140
1!
1+
b1000001111 A
b1000001110 M
b1000001110 4
b1000001111 6
b1000001110 2
1L
0d
1c
b1000001110 (
#53160
0!
0+
#53180
1!
1+
b1000010000 A
b1000001111 M
b1000001111 4
b1000010000 6
b1000001111 2
0L
0K
0J
0I
1H
1d
b1000001111 (
#53200
0!
0+
#53220
1!
1+
b1000010001 A
b1000010000 M
b1000010000 4
b1000010001 6
b1000010000 2
1L
0d
0c
0b
0a
1`
b1000010000 (
#53240
0!
0+
#53260
1!
1+
b1000010010 A
b1000010001 M
b1000010001 4
b1000010010 6
b1000010001 2
0L
1K
1d
b1000010001 (
#53280
0!
0+
#53300
1!
1+
b1000010011 A
b1000010010 M
b1000010010 4
b1000010011 6
b1000010010 2
1L
0d
1c
b1000010010 (
#53320
0!
0+
#53340
1!
1+
b1000010100 A
b1000010011 M
b1000010011 4
b1000010100 6
b1000010011 2
0L
0K
1J
1d
b1000010011 (
#53360
0!
0+
#53380
1!
1+
b1000010101 A
b1000010100 M
b1000010100 4
b1000010101 6
b1000010100 2
1L
0d
0c
1b
b1000010100 (
#53400
0!
0+
#53420
1!
1+
b1000010110 A
b1000010101 M
b1000010101 4
b1000010110 6
b1000010101 2
0L
1K
1d
b1000010101 (
#53440
0!
0+
#53460
1!
1+
b1000010111 A
b1000010110 M
b1000010110 4
b1000010111 6
b1000010110 2
1L
0d
1c
b1000010110 (
#53480
0!
0+
#53500
1!
1+
b1000011000 A
b1000010111 M
b1000010111 4
b1000011000 6
b1000010111 2
0L
0K
0J
1I
1d
b1000010111 (
#53520
0!
0+
#53540
1!
1+
b1000011001 A
b1000011000 M
b1000011000 4
b1000011001 6
b1000011000 2
1L
0d
0c
0b
1a
b1000011000 (
#53560
0!
0+
#53580
1!
1+
b1000011010 A
b1000011001 M
b1000011001 4
b1000011010 6
b1000011001 2
0L
1K
1d
b1000011001 (
#53600
0!
0+
#53620
1!
1+
b1000011011 A
b1000011010 M
b1000011010 4
b1000011011 6
b1000011010 2
1L
0d
1c
b1000011010 (
#53640
0!
0+
#53660
1!
1+
b1000011100 A
b1000011011 M
b1000011011 4
b1000011100 6
b1000011011 2
0L
0K
1J
1d
b1000011011 (
#53680
0!
0+
#53700
1!
1+
b1000011101 A
b1000011100 M
b1000011100 4
b1000011101 6
b1000011100 2
1L
0d
0c
1b
b1000011100 (
#53720
0!
0+
#53740
1!
1+
b1000011110 A
b1000011101 M
b1000011101 4
b1000011110 6
b1000011101 2
0L
1K
1d
b1000011101 (
#53760
0!
0+
#53780
1!
1+
b1000011111 A
b1000011110 M
b1000011110 4
b1000011111 6
b1000011110 2
1L
0d
1c
b1000011110 (
#53800
0!
0+
#53820
1!
1+
b1000100000 A
b1000011111 M
b1000011111 4
b1000100000 6
b1000011111 2
0L
0K
0J
0I
0H
1G
1d
b1000011111 (
#53840
0!
0+
#53860
1!
1+
b1000100001 A
b1000100000 M
b1000100000 4
b1000100001 6
b1000100000 2
1L
0d
0c
0b
0a
0`
1_
b1000100000 (
#53880
0!
0+
#53900
1!
1+
b1000100010 A
b1000100001 M
b1000100001 4
b1000100010 6
b1000100001 2
0L
1K
1d
b1000100001 (
#53920
0!
0+
#53940
1!
1+
b1000100011 A
b1000100010 M
b1000100010 4
b1000100011 6
b1000100010 2
1L
0d
1c
b1000100010 (
#53960
0!
0+
#53980
1!
1+
b1000100100 A
b1000100011 M
b1000100011 4
b1000100100 6
b1000100011 2
0L
0K
1J
1d
b1000100011 (
#54000
0!
0+
#54020
1!
1+
b1000100101 A
b1000100100 M
b1000100100 4
b1000100101 6
b1000100100 2
1L
0d
0c
1b
b1000100100 (
#54040
0!
0+
#54060
1!
1+
b1000100110 A
b1000100101 M
b1000100101 4
b1000100110 6
b1000100101 2
0L
1K
1d
b1000100101 (
#54080
0!
0+
#54100
1!
1+
b1000100111 A
b1000100110 M
b1000100110 4
b1000100111 6
b1000100110 2
1L
0d
1c
b1000100110 (
#54120
0!
0+
#54140
1!
1+
b1000101000 A
b1000100111 M
b1000100111 4
b1000101000 6
b1000100111 2
0L
0K
0J
1I
1d
b1000100111 (
#54160
0!
0+
#54180
1!
1+
b1000101001 A
b1000101000 M
b1000101000 4
b1000101001 6
b1000101000 2
1L
0d
0c
0b
1a
b1000101000 (
#54200
0!
0+
#54220
1!
1+
b1000101010 A
b1000101001 M
b1000101001 4
b1000101010 6
b1000101001 2
0L
1K
1d
b1000101001 (
#54240
0!
0+
#54260
1!
1+
b1000101011 A
b1000101010 M
b1000101010 4
b1000101011 6
b1000101010 2
1L
0d
1c
b1000101010 (
#54280
0!
0+
#54300
1!
1+
b1000101100 A
b1000101011 M
b1000101011 4
b1000101100 6
b1000101011 2
0L
0K
1J
1d
b1000101011 (
#54320
0!
0+
#54340
1!
1+
b1000101101 A
b1000101100 M
b1000101100 4
b1000101101 6
b1000101100 2
1L
0d
0c
1b
b1000101100 (
#54360
0!
0+
#54380
1!
1+
b1000101110 A
b1000101101 M
b1000101101 4
b1000101110 6
b1000101101 2
0L
1K
1d
b1000101101 (
#54400
0!
0+
#54420
1!
1+
b1000101111 A
b1000101110 M
b1000101110 4
b1000101111 6
b1000101110 2
1L
0d
1c
b1000101110 (
#54440
0!
0+
#54460
1!
1+
b1000110000 A
b1000101111 M
b1000101111 4
b1000110000 6
b1000101111 2
0L
0K
0J
0I
1H
1d
b1000101111 (
#54480
0!
0+
#54500
1!
1+
b1000110001 A
b1000110000 M
b1000110000 4
b1000110001 6
b1000110000 2
1L
0d
0c
0b
0a
1`
b1000110000 (
#54520
0!
0+
#54540
1!
1+
b1000110010 A
b1000110001 M
b1000110001 4
b1000110010 6
b1000110001 2
0L
1K
1d
b1000110001 (
#54560
0!
0+
#54580
1!
1+
b1000110011 A
b1000110010 M
b1000110010 4
b1000110011 6
b1000110010 2
1L
0d
1c
b1000110010 (
#54600
0!
0+
#54620
1!
1+
b1000110100 A
b1000110011 M
b1000110011 4
b1000110100 6
b1000110011 2
0L
0K
1J
1d
b1000110011 (
#54640
0!
0+
#54660
1!
1+
b1000110101 A
b1000110100 M
b1000110100 4
b1000110101 6
b1000110100 2
1L
0d
0c
1b
b1000110100 (
#54680
0!
0+
#54700
1!
1+
b1000110110 A
b1000110101 M
b1000110101 4
b1000110110 6
b1000110101 2
0L
1K
1d
b1000110101 (
#54720
0!
0+
#54740
1!
1+
b1000110111 A
b1000110110 M
b1000110110 4
b1000110111 6
b1000110110 2
1L
0d
1c
b1000110110 (
#54760
0!
0+
#54780
1!
1+
b1000111000 A
b1000110111 M
b1000110111 4
b1000111000 6
b1000110111 2
0L
0K
0J
1I
1d
b1000110111 (
#54800
0!
0+
#54820
1!
1+
b1000111001 A
b1000111000 M
b1000111000 4
b1000111001 6
b1000111000 2
1L
0d
0c
0b
1a
b1000111000 (
#54840
0!
0+
#54860
1!
1+
b1000111010 A
b1000111001 M
b1000111001 4
b1000111010 6
b1000111001 2
0L
1K
1d
b1000111001 (
#54880
0!
0+
#54900
1!
1+
b1000111011 A
b1000111010 M
b1000111010 4
b1000111011 6
b1000111010 2
1L
0d
1c
b1000111010 (
#54920
0!
0+
#54940
1!
1+
b1000111100 A
b1000111011 M
b1000111011 4
b1000111100 6
b1000111011 2
0L
0K
1J
1d
b1000111011 (
#54960
0!
0+
#54980
1!
1+
b1000111101 A
b1000111100 M
b1000111100 4
b1000111101 6
b1000111100 2
1L
0d
0c
1b
b1000111100 (
#55000
0!
0+
#55020
1!
1+
b1000111110 A
b1000111101 M
b1000111101 4
b1000111110 6
b1000111101 2
0L
1K
1d
b1000111101 (
#55040
0!
0+
#55060
1!
1+
b1000111111 A
b1000111110 M
b1000111110 4
b1000111111 6
b1000111110 2
1L
0d
1c
b1000111110 (
#55080
0!
0+
#55100
1!
1+
b1001000000 A
b1000111111 M
b1000111111 4
b1001000000 6
b1000111111 2
0L
0K
0J
0I
0H
0G
1F
1d
b1000111111 (
#55120
0!
0+
#55140
1!
1+
b1001000001 A
b1001000000 M
b1001000000 4
b1001000001 6
b1001000000 2
1L
0d
0c
0b
0a
0`
0_
1^
b1001000000 (
#55160
0!
0+
#55180
1!
1+
b1001000010 A
b1001000001 M
b1001000001 4
b1001000010 6
b1001000001 2
0L
1K
1d
b1001000001 (
#55200
0!
0+
#55220
1!
1+
b1001000011 A
b1001000010 M
b1001000010 4
b1001000011 6
b1001000010 2
1L
0d
1c
b1001000010 (
#55240
0!
0+
#55260
1!
1+
b1001000100 A
b1001000011 M
b1001000011 4
b1001000100 6
b1001000011 2
0L
0K
1J
1d
b1001000011 (
#55280
0!
0+
#55300
1!
1+
b1001000101 A
b1001000100 M
b1001000100 4
b1001000101 6
b1001000100 2
1L
0d
0c
1b
b1001000100 (
#55320
0!
0+
#55340
1!
1+
b1001000110 A
b1001000101 M
b1001000101 4
b1001000110 6
b1001000101 2
0L
1K
1d
b1001000101 (
#55360
0!
0+
#55380
1!
1+
b1001000111 A
b1001000110 M
b1001000110 4
b1001000111 6
b1001000110 2
1L
0d
1c
b1001000110 (
#55400
0!
0+
#55420
1!
1+
b1001001000 A
b1001000111 M
b1001000111 4
b1001001000 6
b1001000111 2
0L
0K
0J
1I
1d
b1001000111 (
#55440
0!
0+
#55460
1!
1+
b1001001001 A
b1001001000 M
b1001001000 4
b1001001001 6
b1001001000 2
1L
0d
0c
0b
1a
b1001001000 (
#55480
0!
0+
#55500
1!
1+
b1001001010 A
b1001001001 M
b1001001001 4
b1001001010 6
b1001001001 2
0L
1K
1d
b1001001001 (
#55520
0!
0+
#55540
1!
1+
b1001001011 A
b1001001010 M
b1001001010 4
b1001001011 6
b1001001010 2
1L
0d
1c
b1001001010 (
#55560
0!
0+
#55580
1!
1+
b1001001100 A
b1001001011 M
b1001001011 4
b1001001100 6
b1001001011 2
0L
0K
1J
1d
b1001001011 (
#55600
0!
0+
#55620
1!
1+
b1001001101 A
b1001001100 M
b1001001100 4
b1001001101 6
b1001001100 2
1L
0d
0c
1b
b1001001100 (
#55640
0!
0+
#55660
1!
1+
b1001001110 A
b1001001101 M
b1001001101 4
b1001001110 6
b1001001101 2
0L
1K
1d
b1001001101 (
#55680
0!
0+
#55700
1!
1+
b1001001111 A
b1001001110 M
b1001001110 4
b1001001111 6
b1001001110 2
1L
0d
1c
b1001001110 (
#55720
0!
0+
#55740
1!
1+
b1001010000 A
b1001001111 M
b1001001111 4
b1001010000 6
b1001001111 2
0L
0K
0J
0I
1H
1d
b1001001111 (
#55760
0!
0+
#55780
1!
1+
b1001010001 A
b1001010000 M
b1001010000 4
b1001010001 6
b1001010000 2
1L
0d
0c
0b
0a
1`
b1001010000 (
#55800
0!
0+
#55820
1!
1+
b1001010010 A
b1001010001 M
b1001010001 4
b1001010010 6
b1001010001 2
0L
1K
1d
b1001010001 (
#55840
0!
0+
#55860
1!
1+
b1001010011 A
b1001010010 M
b1001010010 4
b1001010011 6
b1001010010 2
1L
0d
1c
b1001010010 (
#55880
0!
0+
#55900
1!
1+
b1001010100 A
b1001010011 M
b1001010011 4
b1001010100 6
b1001010011 2
0L
0K
1J
1d
b1001010011 (
#55920
0!
0+
#55940
1!
1+
b1001010101 A
b1001010100 M
b1001010100 4
b1001010101 6
b1001010100 2
1L
0d
0c
1b
b1001010100 (
#55960
0!
0+
#55980
1!
1+
b1001010110 A
b1001010101 M
b1001010101 4
b1001010110 6
b1001010101 2
0L
1K
1d
b1001010101 (
#56000
0!
0+
#56020
1!
1+
b1001010111 A
b1001010110 M
b1001010110 4
b1001010111 6
b1001010110 2
1L
0d
1c
b1001010110 (
#56040
0!
0+
#56060
1!
1+
b1001011000 A
b1001010111 M
b1001010111 4
b1001011000 6
b1001010111 2
0L
0K
0J
1I
1d
b1001010111 (
#56080
0!
0+
#56100
1!
1+
b1001011001 A
b1001011000 M
b1001011000 4
b1001011001 6
b1001011000 2
1L
0d
0c
0b
1a
b1001011000 (
#56120
0!
0+
#56140
1!
1+
b1001011010 A
b1001011001 M
b1001011001 4
b1001011010 6
b1001011001 2
0L
1K
1d
b1001011001 (
#56160
0!
0+
#56180
1!
1+
b1001011011 A
b1001011010 M
b1001011010 4
b1001011011 6
b1001011010 2
1L
0d
1c
b1001011010 (
#56200
0!
0+
#56220
1!
1+
b1001011100 A
b1001011011 M
b1001011011 4
b1001011100 6
b1001011011 2
0L
0K
1J
1d
b1001011011 (
#56240
0!
0+
#56260
1!
1+
b1001011101 A
b1001011100 M
b1001011100 4
b1001011101 6
b1001011100 2
1L
0d
0c
1b
b1001011100 (
#56280
0!
0+
#56300
1!
1+
b1001011110 A
b1001011101 M
b1001011101 4
b1001011110 6
b1001011101 2
0L
1K
1d
b1001011101 (
#56320
0!
0+
#56340
1!
1+
b1001011111 A
b1001011110 M
b1001011110 4
b1001011111 6
b1001011110 2
1L
0d
1c
b1001011110 (
#56360
0!
0+
#56380
1!
1+
b1001100000 A
b1001011111 M
b1001011111 4
b1001100000 6
b1001011111 2
0L
0K
0J
0I
0H
1G
1d
b1001011111 (
#56400
0!
0+
#56420
1!
1+
b1001100001 A
b1001100000 M
b1001100000 4
b1001100001 6
b1001100000 2
1L
0d
0c
0b
0a
0`
1_
b1001100000 (
#56440
0!
0+
#56460
1!
1+
b1001100010 A
b1001100001 M
b1001100001 4
b1001100010 6
b1001100001 2
0L
1K
1d
b1001100001 (
#56480
0!
0+
#56500
1!
1+
b1001100011 A
b1001100010 M
b1001100010 4
b1001100011 6
b1001100010 2
1L
0d
1c
b1001100010 (
#56520
0!
0+
#56540
1!
1+
b1001100100 A
b1001100011 M
b1001100011 4
b1001100100 6
b1001100011 2
0L
0K
1J
1d
b1001100011 (
#56560
0!
0+
#56580
1!
1+
b1001100101 A
b1001100100 M
b1001100100 4
b1001100101 6
b1001100100 2
1L
0d
0c
1b
b1001100100 (
#56600
0!
0+
#56620
1!
1+
b1001100110 A
b1001100101 M
b1001100101 4
b1001100110 6
b1001100101 2
0L
1K
1d
b1001100101 (
#56640
0!
0+
#56660
1!
1+
b1001100111 A
b1001100110 M
b1001100110 4
b1001100111 6
b1001100110 2
1L
0d
1c
b1001100110 (
#56680
0!
0+
#56700
1!
1+
b1001101000 A
b1001100111 M
b1001100111 4
b1001101000 6
b1001100111 2
0L
0K
0J
1I
1d
b1001100111 (
#56720
0!
0+
#56740
1!
1+
b1001101001 A
b1001101000 M
b1001101000 4
b1001101001 6
b1001101000 2
1L
0d
0c
0b
1a
b1001101000 (
#56760
0!
0+
#56780
1!
1+
b1001101010 A
b1001101001 M
b1001101001 4
b1001101010 6
b1001101001 2
0L
1K
1d
b1001101001 (
#56800
0!
0+
#56820
1!
1+
b1001101011 A
b1001101010 M
b1001101010 4
b1001101011 6
b1001101010 2
1L
0d
1c
b1001101010 (
#56840
0!
0+
#56860
1!
1+
b1001101100 A
b1001101011 M
b1001101011 4
b1001101100 6
b1001101011 2
0L
0K
1J
1d
b1001101011 (
#56880
0!
0+
#56900
1!
1+
b1001101101 A
b1001101100 M
b1001101100 4
b1001101101 6
b1001101100 2
1L
0d
0c
1b
b1001101100 (
#56920
0!
0+
#56940
1!
1+
b1001101110 A
b1001101101 M
b1001101101 4
b1001101110 6
b1001101101 2
0L
1K
1d
b1001101101 (
#56960
0!
0+
#56980
1!
1+
b1001101111 A
b1001101110 M
b1001101110 4
b1001101111 6
b1001101110 2
1L
0d
1c
b1001101110 (
#57000
0!
0+
#57020
1!
1+
b1001110000 A
b1001101111 M
b1001101111 4
b1001110000 6
b1001101111 2
0L
0K
0J
0I
1H
1d
b1001101111 (
#57040
0!
0+
#57060
1!
1+
b1001110001 A
b1001110000 M
b1001110000 4
b1001110001 6
b1001110000 2
1L
0d
0c
0b
0a
1`
b1001110000 (
#57080
0!
0+
#57100
1!
1+
b1001110010 A
b1001110001 M
b1001110001 4
b1001110010 6
b1001110001 2
0L
1K
1d
b1001110001 (
#57120
0!
0+
#57140
1!
1+
b1001110011 A
b1001110010 M
b1001110010 4
b1001110011 6
b1001110010 2
1L
0d
1c
b1001110010 (
#57160
0!
0+
#57180
1!
1+
b1001110100 A
b1001110011 M
b1001110011 4
b1001110100 6
b1001110011 2
0L
0K
1J
1d
b1001110011 (
#57200
0!
0+
#57220
1!
1+
b1001110101 A
b1001110100 M
b1001110100 4
b1001110101 6
b1001110100 2
1L
0d
0c
1b
b1001110100 (
#57240
0!
0+
#57260
1!
1+
b1001110110 A
b1001110101 M
b1001110101 4
b1001110110 6
b1001110101 2
0L
1K
1d
b1001110101 (
#57280
0!
0+
#57300
1!
1+
b1001110111 A
b1001110110 M
b1001110110 4
b1001110111 6
b1001110110 2
1L
0d
1c
b1001110110 (
#57320
0!
0+
#57340
1!
1+
b1001111000 A
b1001110111 M
b1001110111 4
b1001111000 6
b1001110111 2
0L
0K
0J
1I
1d
b1001110111 (
#57360
0!
0+
#57380
1!
1+
b1001111001 A
b1001111000 M
b1001111000 4
b1001111001 6
b1001111000 2
1L
0d
0c
0b
1a
b1001111000 (
#57400
0!
0+
#57420
1!
1+
b1001111010 A
b1001111001 M
b1001111001 4
b1001111010 6
b1001111001 2
0L
1K
1d
b1001111001 (
#57440
0!
0+
#57460
1!
1+
b1001111011 A
b1001111010 M
b1001111010 4
b1001111011 6
b1001111010 2
1L
0d
1c
b1001111010 (
#57480
0!
0+
#57500
1!
1+
b1001111100 A
b1001111011 M
b1001111011 4
b1001111100 6
b1001111011 2
0L
0K
1J
1d
b1001111011 (
#57520
0!
0+
#57540
1!
1+
b1001111101 A
b1001111100 M
b1001111100 4
b1001111101 6
b1001111100 2
1L
0d
0c
1b
b1001111100 (
#57560
0!
0+
#57580
1!
1+
b1001111110 A
b1001111101 M
b1001111101 4
b1001111110 6
b1001111101 2
0L
1K
1d
b1001111101 (
#57600
0!
0+
#57620
1!
1+
b1001111111 A
b1001111110 M
b1001111110 4
b1001111111 6
b1001111110 2
1L
0d
1c
b1001111110 (
#57640
0!
0+
#57660
1!
1+
b1010000000 A
b1001111111 M
b1001111111 4
b1010000000 6
b1001111111 2
0L
0K
0J
0I
0H
0G
0F
1E
1d
b1001111111 (
#57680
0!
0+
#57700
1!
1+
b1010000001 A
b1010000000 M
b1010000000 4
b1010000001 6
b1010000000 2
1L
0d
0c
0b
0a
0`
0_
0^
1]
b1010000000 (
#57720
0!
0+
#57740
1!
1+
b1010000010 A
b1010000001 M
b1010000001 4
b1010000010 6
b1010000001 2
0L
1K
1d
b1010000001 (
#57760
0!
0+
#57780
1!
1+
b1010000011 A
b1010000010 M
b1010000010 4
b1010000011 6
b1010000010 2
1L
0d
1c
b1010000010 (
#57800
0!
0+
#57820
1!
1+
b1010000100 A
b1010000011 M
b1010000011 4
b1010000100 6
b1010000011 2
0L
0K
1J
1d
b1010000011 (
#57840
0!
0+
#57860
1!
1+
b1010000101 A
b1010000100 M
b1010000100 4
b1010000101 6
b1010000100 2
1L
0d
0c
1b
b1010000100 (
#57880
0!
0+
#57900
1!
1+
b1010000110 A
b1010000101 M
b1010000101 4
b1010000110 6
b1010000101 2
0L
1K
1d
b1010000101 (
#57920
0!
0+
#57940
1!
1+
b1010000111 A
b1010000110 M
b1010000110 4
b1010000111 6
b1010000110 2
1L
0d
1c
b1010000110 (
#57960
0!
0+
#57980
1!
1+
b1010001000 A
b1010000111 M
b1010000111 4
b1010001000 6
b1010000111 2
0L
0K
0J
1I
1d
b1010000111 (
#58000
0!
0+
#58020
1!
1+
b1010001001 A
b1010001000 M
b1010001000 4
b1010001001 6
b1010001000 2
1L
0d
0c
0b
1a
b1010001000 (
#58040
0!
0+
#58060
1!
1+
b1010001010 A
b1010001001 M
b1010001001 4
b1010001010 6
b1010001001 2
0L
1K
1d
b1010001001 (
#58080
0!
0+
#58100
1!
1+
b1010001011 A
b1010001010 M
b1010001010 4
b1010001011 6
b1010001010 2
1L
0d
1c
b1010001010 (
#58120
0!
0+
#58140
1!
1+
b1010001100 A
b1010001011 M
b1010001011 4
b1010001100 6
b1010001011 2
0L
0K
1J
1d
b1010001011 (
#58160
0!
0+
#58180
1!
1+
b1010001101 A
b1010001100 M
b1010001100 4
b1010001101 6
b1010001100 2
1L
0d
0c
1b
b1010001100 (
#58200
0!
0+
#58220
1!
1+
b1010001110 A
b1010001101 M
b1010001101 4
b1010001110 6
b1010001101 2
0L
1K
1d
b1010001101 (
#58240
0!
0+
#58260
1!
1+
b1010001111 A
b1010001110 M
b1010001110 4
b1010001111 6
b1010001110 2
1L
0d
1c
b1010001110 (
#58280
0!
0+
#58300
1!
1+
b1010010000 A
b1010001111 M
b1010001111 4
b1010010000 6
b1010001111 2
0L
0K
0J
0I
1H
1d
b1010001111 (
#58320
0!
0+
#58340
1!
1+
b1010010001 A
b1010010000 M
b1010010000 4
b1010010001 6
b1010010000 2
0-
1L
0d
0c
0b
0a
1`
0#
b1010010000 (
#58360
0!
0+
#58380
1!
1+
b1010010010 A
b1010010001 M
b1010010001 4
b1010010010 6
b1010010001 2
0L
1K
1d
b1010010001 (
#58400
0!
0+
#58420
1!
1+
b1010010011 A
b1010010010 M
b1010010010 4
b1010010011 6
b1010010010 2
1L
0d
1c
b1010010010 (
#58440
0!
0+
#58460
1!
1+
b1010010100 A
b1010010011 M
b1010010011 4
b1010010100 6
b1010010011 2
0L
0K
1J
1d
b1010010011 (
#58480
0!
0+
#58500
1!
1+
b1010010101 A
b1010010100 M
b1010010100 4
b1010010101 6
b1010010100 2
1L
0d
0c
1b
b1010010100 (
#58520
0!
0+
#58540
1!
1+
b1010010110 A
b1010010101 M
b1010010101 4
b1010010110 6
b1010010101 2
0L
1K
1d
b1010010101 (
#58560
0!
0+
#58580
1!
1+
b1010010111 A
b1010010110 M
b1010010110 4
b1010010111 6
b1010010110 2
1L
0d
1c
b1010010110 (
#58600
0!
0+
#58620
1!
1+
b1010011000 A
b1010010111 M
b1010010111 4
b1010011000 6
b1010010111 2
0L
0K
0J
1I
1d
b1010010111 (
#58640
0!
0+
#58660
1!
1+
b1010011001 A
b1010011000 M
b1010011000 4
b1010011001 6
b1010011000 2
1L
0d
0c
0b
1a
b1010011000 (
#58680
0!
0+
#58700
1!
1+
b1010011010 A
b1010011001 M
b1010011001 4
b1010011010 6
b1010011001 2
0L
1K
1d
b1010011001 (
#58720
0!
0+
#58740
1!
1+
b1010011011 A
b1010011010 M
b1010011010 4
b1010011011 6
b1010011010 2
1L
0d
1c
b1010011010 (
#58760
0!
0+
#58780
1!
1+
b1010011100 A
b1010011011 M
b1010011011 4
b1010011100 6
b1010011011 2
0L
0K
1J
1d
b1010011011 (
#58800
0!
0+
#58820
1!
1+
b1010011101 A
b1010011100 M
b1010011100 4
b1010011101 6
b1010011100 2
1L
0d
0c
1b
b1010011100 (
#58840
0!
0+
#58860
1!
1+
b1010011110 A
b1010011101 M
b1010011101 4
b1010011110 6
b1010011101 2
0L
1K
1d
b1010011101 (
#58880
0!
0+
#58900
1!
1+
b1010011111 A
b1010011110 M
b1010011110 4
b1010011111 6
b1010011110 2
1L
0d
1c
b1010011110 (
#58920
0!
0+
#58940
1!
1+
b1010100000 A
b1010011111 M
b1010011111 4
b1010100000 6
b1010011111 2
0L
0K
0J
0I
0H
1G
1d
b1010011111 (
#58960
0!
0+
#58980
1!
1+
b1010100001 A
b1010100000 M
b1010100000 4
b1010100001 6
b1010100000 2
1L
0d
0c
0b
0a
0`
1_
b1010100000 (
#59000
0!
0+
#59020
1!
1+
b1010100010 A
b1010100001 M
b1010100001 4
b1010100010 6
b1010100001 2
0L
1K
1d
b1010100001 (
#59040
0!
0+
#59060
1!
1+
b1010100011 A
b1010100010 M
b1010100010 4
b1010100011 6
b1010100010 2
1L
0d
1c
b1010100010 (
#59080
0!
0+
#59100
1!
1+
b1010100100 A
b1010100011 M
b1010100011 4
b1010100100 6
b1010100011 2
0L
0K
1J
1d
b1010100011 (
#59120
0!
0+
#59140
1!
1+
b1010100101 A
b1010100100 M
b1010100100 4
b1010100101 6
b1010100100 2
1L
0d
0c
1b
b1010100100 (
#59160
0!
0+
#59180
1!
1+
b1010100110 A
b1010100101 M
b1010100101 4
b1010100110 6
b1010100101 2
0L
1K
1d
b1010100101 (
#59200
0!
0+
#59220
1!
1+
b1010100111 A
b1010100110 M
b1010100110 4
b1010100111 6
b1010100110 2
1L
0d
1c
b1010100110 (
#59240
0!
0+
#59260
1!
1+
b1010101000 A
b1010100111 M
b1010100111 4
b1010101000 6
b1010100111 2
0L
0K
0J
1I
1d
b1010100111 (
#59280
0!
0+
#59300
1!
1+
b1010101001 A
b1010101000 M
b1010101000 4
b1010101001 6
b1010101000 2
1L
0d
0c
0b
1a
b1010101000 (
#59320
0!
0+
#59340
1!
1+
b1010101010 A
b1010101001 M
b1010101001 4
b1010101010 6
b1010101001 2
0L
1K
1d
b1010101001 (
#59360
0!
0+
#59380
1!
1+
b1010101011 A
b1010101010 M
b1010101010 4
b1010101011 6
b1010101010 2
1L
0d
1c
b1010101010 (
#59400
0!
0+
#59420
1!
1+
b1010101100 A
b1010101011 M
b1010101011 4
b1010101100 6
b1010101011 2
0L
0K
1J
1d
b1010101011 (
#59440
0!
0+
#59460
1!
1+
b1010101101 A
b1010101100 M
b1010101100 4
b1010101101 6
b1010101100 2
1L
0d
0c
1b
b1010101100 (
#59480
0!
0+
#59500
1!
1+
b1010101110 A
b1010101101 M
b1010101101 4
b1010101110 6
b1010101101 2
0L
1K
1d
b1010101101 (
#59520
0!
0+
#59540
1!
1+
b1010101111 A
b1010101110 M
b1010101110 4
b1010101111 6
b1010101110 2
1L
0d
1c
b1010101110 (
#59560
0!
0+
#59580
1!
1+
b1010110000 A
b1010101111 M
b1010101111 4
b1010110000 6
b1010101111 2
0L
0K
0J
0I
1H
1d
b1010101111 (
#59600
0!
0+
#59620
1!
1+
b1010110001 A
b1010110000 M
b1010110000 4
b1010110001 6
b1010110000 2
1L
0d
0c
0b
0a
1`
b1010110000 (
#59640
0!
0+
#59660
1!
1+
b1010110010 A
b1010110001 M
b1010110001 4
b1010110010 6
b1010110001 2
0L
1K
1d
b1010110001 (
#59680
0!
0+
#59700
1!
1+
b1010110011 A
b1010110010 M
b1010110010 4
b1010110011 6
b1010110010 2
1L
0d
1c
b1010110010 (
#59720
0!
0+
#59740
1!
1+
b1010110100 A
b1010110011 M
b1010110011 4
b1010110100 6
b1010110011 2
0L
0K
1J
1d
b1010110011 (
#59760
0!
0+
#59780
1!
1+
b1010110101 A
b1010110100 M
b1010110100 4
b1010110101 6
b1010110100 2
1L
0d
0c
1b
b1010110100 (
#59800
0!
0+
#59820
1!
1+
b1010110110 A
b1010110101 M
b1010110101 4
b1010110110 6
b1010110101 2
0L
1K
1d
b1010110101 (
#59840
0!
0+
#59860
1!
1+
b1010110111 A
b1010110110 M
b1010110110 4
b1010110111 6
b1010110110 2
1L
0d
1c
b1010110110 (
#59880
0!
0+
#59900
1!
1+
b1010111000 A
b1010110111 M
b1010110111 4
b1010111000 6
b1010110111 2
0L
0K
0J
1I
1d
b1010110111 (
#59920
0!
0+
#59940
1!
1+
b1010111001 A
b1010111000 M
b1010111000 4
b1010111001 6
b1010111000 2
1L
0d
0c
0b
1a
b1010111000 (
#59960
0!
0+
#59980
1!
1+
b1010111010 A
b1010111001 M
b1010111001 4
b1010111010 6
b1010111001 2
0L
1K
1d
b1010111001 (
#60000
0!
0+
#60020
1!
1+
b1010111011 A
b1010111010 M
b1010111010 4
b1010111011 6
b1010111010 2
1L
0d
1c
b1010111010 (
#60040
0!
0+
#60060
1!
1+
b1010111100 A
b1010111011 M
b1010111011 4
b1010111100 6
b1010111011 2
0L
0K
1J
1d
b1010111011 (
#60080
0!
0+
#60100
1!
1+
b1010111101 A
b1010111100 M
b1010111100 4
b1010111101 6
b1010111100 2
1L
0d
0c
1b
b1010111100 (
#60120
0!
0+
#60140
1!
1+
b1010111110 A
b1010111101 M
b1010111101 4
b1010111110 6
b1010111101 2
0L
1K
1d
b1010111101 (
#60160
0!
0+
#60180
1!
1+
b1010111111 A
b1010111110 M
b1010111110 4
b1010111111 6
b1010111110 2
1L
0d
1c
b1010111110 (
#60200
0!
0+
#60220
1!
1+
b1011000000 A
b1010111111 M
b1010111111 4
b1011000000 6
b1010111111 2
0L
0K
0J
0I
0H
0G
1F
1d
b1010111111 (
#60240
0!
0+
#60260
1!
1+
b1011000001 A
b1011000000 M
b1011000000 4
b1011000001 6
b1011000000 2
1L
0d
0c
0b
0a
0`
0_
1^
b1011000000 (
#60280
0!
0+
#60300
1!
1+
b1011000010 A
b1011000001 M
b1011000001 4
b1011000010 6
b1011000001 2
0L
1K
1d
b1011000001 (
#60320
0!
0+
#60340
1!
1+
b1011000011 A
b1011000010 M
b1011000010 4
b1011000011 6
b1011000010 2
1L
0d
1c
b1011000010 (
#60360
0!
0+
#60380
1!
1+
b1011000100 A
b1011000011 M
b1011000011 4
b1011000100 6
b1011000011 2
0L
0K
1J
1d
b1011000011 (
#60400
0!
0+
#60420
1!
1+
b1011000101 A
b1011000100 M
b1011000100 4
b1011000101 6
b1011000100 2
1L
0d
0c
1b
b1011000100 (
#60440
0!
0+
#60460
1!
1+
b1011000110 A
b1011000101 M
b1011000101 4
b1011000110 6
b1011000101 2
0L
1K
1d
b1011000101 (
#60480
0!
0+
#60500
1!
1+
b1011000111 A
b1011000110 M
b1011000110 4
b1011000111 6
b1011000110 2
1L
0d
1c
b1011000110 (
#60520
0!
0+
#60540
1!
1+
b1011001000 A
b1011000111 M
b1011000111 4
b1011001000 6
b1011000111 2
0L
0K
0J
1I
1d
b1011000111 (
#60560
0!
0+
#60580
1!
1+
b1011001001 A
b1011001000 M
b1011001000 4
b1011001001 6
b1011001000 2
1L
0d
0c
0b
1a
b1011001000 (
#60600
0!
0+
#60620
1!
1+
b1011001010 A
b1011001001 M
b1011001001 4
b1011001010 6
b1011001001 2
0L
1K
1d
b1011001001 (
#60640
0!
0+
#60660
1!
1+
b1011001011 A
b1011001010 M
b1011001010 4
b1011001011 6
b1011001010 2
1L
0d
1c
b1011001010 (
#60680
0!
0+
#60700
1!
1+
b1011001100 A
b1011001011 M
b1011001011 4
b1011001100 6
b1011001011 2
0L
0K
1J
1d
b1011001011 (
#60720
0!
0+
#60740
1!
1+
b1011001101 A
b1011001100 M
b1011001100 4
b1011001101 6
b1011001100 2
1L
0d
0c
1b
b1011001100 (
#60760
0!
0+
#60780
1!
1+
b1011001110 A
b1011001101 M
b1011001101 4
b1011001110 6
b1011001101 2
0L
1K
1d
b1011001101 (
#60800
0!
0+
#60820
1!
1+
b1011001111 A
b1011001110 M
b1011001110 4
b1011001111 6
b1011001110 2
1L
0d
1c
b1011001110 (
#60840
0!
0+
#60860
1!
1+
b1011010000 A
b1011001111 M
b1011001111 4
b1011010000 6
b1011001111 2
0L
0K
0J
0I
1H
1d
b1011001111 (
#60880
0!
0+
#60900
1!
1+
b1011010001 A
b1011010000 M
b1011010000 4
b1011010001 6
b1011010000 2
1L
0d
0c
0b
0a
1`
b1011010000 (
#60920
0!
0+
#60940
1!
1+
b1011010010 A
b1011010001 M
b1011010001 4
b1011010010 6
b1011010001 2
0L
1K
1d
b1011010001 (
#60960
0!
0+
#60980
1!
1+
b1011010011 A
b1011010010 M
b1011010010 4
b1011010011 6
b1011010010 2
1L
0d
1c
b1011010010 (
#61000
0!
0+
#61020
1!
1+
b1011010100 A
b1011010011 M
b1011010011 4
b1011010100 6
b1011010011 2
0L
0K
1J
1d
b1011010011 (
#61040
0!
0+
#61060
1!
1+
b1011010101 A
b1011010100 M
b1011010100 4
b1011010101 6
b1011010100 2
1L
0d
0c
1b
b1011010100 (
#61080
0!
0+
#61100
1!
1+
b1011010110 A
b1011010101 M
b1011010101 4
b1011010110 6
b1011010101 2
0L
1K
1d
b1011010101 (
#61120
0!
0+
#61140
1!
1+
b1011010111 A
b1011010110 M
b1011010110 4
b1011010111 6
b1011010110 2
1L
0d
1c
b1011010110 (
#61160
0!
0+
#61180
1!
1+
b1011011000 A
b1011010111 M
b1011010111 4
b1011011000 6
b1011010111 2
0L
0K
0J
1I
1d
b1011010111 (
#61200
0!
0+
#61220
1!
1+
b1011011001 A
b1011011000 M
b1011011000 4
b1011011001 6
b1011011000 2
1L
0d
0c
0b
1a
b1011011000 (
#61240
0!
0+
#61260
1!
1+
b1011011010 A
b1011011001 M
b1011011001 4
b1011011010 6
b1011011001 2
0L
1K
1d
b1011011001 (
#61280
0!
0+
#61300
1!
1+
b1011011011 A
b1011011010 M
b1011011010 4
b1011011011 6
b1011011010 2
1L
0d
1c
b1011011010 (
#61320
0!
0+
#61340
1!
1+
b1011011100 A
b1011011011 M
b1011011011 4
b1011011100 6
b1011011011 2
0L
0K
1J
1d
b1011011011 (
#61360
0!
0+
#61380
1!
1+
b1011011101 A
b1011011100 M
b1011011100 4
b1011011101 6
b1011011100 2
1L
0d
0c
1b
b1011011100 (
#61400
0!
0+
#61420
1!
1+
b1011011110 A
b1011011101 M
b1011011101 4
b1011011110 6
b1011011101 2
0L
1K
1d
b1011011101 (
#61440
0!
0+
#61460
1!
1+
b1011011111 A
b1011011110 M
b1011011110 4
b1011011111 6
b1011011110 2
1L
0d
1c
b1011011110 (
#61480
0!
0+
#61500
1!
1+
b1011100000 A
b1011011111 M
b1011011111 4
b1011100000 6
b1011011111 2
0L
0K
0J
0I
0H
1G
1d
b1011011111 (
#61520
0!
0+
#61540
1!
1+
b1011100001 A
b1011100000 M
b1011100000 4
b1011100001 6
b1011100000 2
1L
0d
0c
0b
0a
0`
1_
b1011100000 (
#61560
0!
0+
#61580
1!
1+
b1011100010 A
b1011100001 M
b1011100001 4
b1011100010 6
b1011100001 2
0L
1K
1d
b1011100001 (
#61600
0!
0+
#61620
1!
1+
b1011100011 A
b1011100010 M
b1011100010 4
b1011100011 6
b1011100010 2
1L
0d
1c
b1011100010 (
#61640
0!
0+
#61660
1!
1+
b1011100100 A
b1011100011 M
b1011100011 4
b1011100100 6
b1011100011 2
0L
0K
1J
1d
b1011100011 (
#61680
0!
0+
#61700
1!
1+
b1011100101 A
b1011100100 M
b1011100100 4
b1011100101 6
b1011100100 2
1L
0d
0c
1b
b1011100100 (
#61720
0!
0+
#61740
1!
1+
b1011100110 A
b1011100101 M
b1011100101 4
b1011100110 6
b1011100101 2
0L
1K
1d
b1011100101 (
#61760
0!
0+
#61780
1!
1+
b1011100111 A
b1011100110 M
b1011100110 4
b1011100111 6
b1011100110 2
1L
0d
1c
b1011100110 (
#61800
0!
0+
#61820
1!
1+
b1011101000 A
b1011100111 M
b1011100111 4
b1011101000 6
b1011100111 2
0L
0K
0J
1I
1d
b1011100111 (
#61840
0!
0+
#61860
1!
1+
b1011101001 A
b1011101000 M
b1011101000 4
b1011101001 6
b1011101000 2
1L
0d
0c
0b
1a
b1011101000 (
#61880
0!
0+
#61900
1!
1+
b1011101010 A
b1011101001 M
b1011101001 4
b1011101010 6
b1011101001 2
0L
1K
1d
b1011101001 (
#61920
0!
0+
#61940
1!
1+
b1011101011 A
b1011101010 M
b1011101010 4
b1011101011 6
b1011101010 2
1L
0d
1c
b1011101010 (
#61960
0!
0+
#61980
1!
1+
b1011101100 A
b1011101011 M
b1011101011 4
b1011101100 6
b1011101011 2
0L
0K
1J
1d
b1011101011 (
#62000
0!
0+
#62020
1!
1+
b1011101101 A
b1011101100 M
b1011101100 4
b1011101101 6
b1011101100 2
1L
0d
0c
1b
b1011101100 (
#62040
0!
0+
#62060
1!
1+
b1011101110 A
b1011101101 M
b1011101101 4
b1011101110 6
b1011101101 2
0L
1K
1d
b1011101101 (
#62080
0!
0+
#62100
1!
1+
b1011101111 A
b1011101110 M
b1011101110 4
b1011101111 6
b1011101110 2
1L
0d
1c
b1011101110 (
#62120
0!
0+
#62140
1!
1+
b1011110000 A
b1011101111 M
b1011101111 4
b1011110000 6
b1011101111 2
0L
0K
0J
0I
1H
1d
b1011101111 (
#62160
0!
0+
#62180
1!
1+
b1011110001 A
b1011110000 M
b1011110000 4
b1011110001 6
b1011110000 2
1-
1L
0d
0c
0b
0a
1`
1#
b1011110000 (
#62200
0!
0+
#62220
1!
1+
b1011110010 A
b1011110001 M
b1011110001 4
b1011110010 6
b1011110001 2
0L
1K
1d
b1011110001 (
#62240
0!
0+
#62260
1!
1+
b1011110011 A
b1011110010 M
b1011110010 4
b1011110011 6
b1011110010 2
1L
0d
1c
b1011110010 (
#62280
0!
0+
#62300
1!
1+
b1011110100 A
b1011110011 M
b1011110011 4
b1011110100 6
b1011110011 2
0L
0K
1J
1d
b1011110011 (
#62320
0!
0+
#62340
1!
1+
b1011110101 A
b1011110100 M
b1011110100 4
b1011110101 6
b1011110100 2
1L
0d
0c
1b
b1011110100 (
#62360
0!
0+
#62380
1!
1+
b1011110110 A
b1011110101 M
b1011110101 4
b1011110110 6
b1011110101 2
0L
1K
1d
b1011110101 (
#62400
0!
0+
#62420
1!
1+
b1011110111 A
b1011110110 M
b1011110110 4
b1011110111 6
b1011110110 2
1L
0d
1c
b1011110110 (
#62440
0!
0+
#62460
1!
1+
b1011111000 A
b1011110111 M
b1011110111 4
b1011111000 6
b1011110111 2
0L
0K
0J
1I
1d
b1011110111 (
#62480
0!
0+
#62500
1!
1+
b1011111001 A
b1011111000 M
b1011111000 4
b1011111001 6
b1011111000 2
1L
0d
0c
0b
1a
b1011111000 (
#62520
0!
0+
#62540
1!
1+
b1011111010 A
b1011111001 M
b1011111001 4
b1011111010 6
b1011111001 2
0L
1K
1d
b1011111001 (
#62560
0!
0+
#62580
1!
1+
b1011111011 A
b1011111010 M
b1011111010 4
b1011111011 6
b1011111010 2
1L
0d
1c
b1011111010 (
#62600
0!
0+
#62620
1!
1+
b1011111100 A
b1011111011 M
b1011111011 4
b1011111100 6
b1011111011 2
0L
0K
1J
1d
b1011111011 (
#62640
0!
0+
#62660
1!
1+
b1011111101 A
b1011111100 M
b1011111100 4
b1011111101 6
b1011111100 2
1L
0d
0c
1b
b1011111100 (
#62680
0!
0+
#62700
1!
1+
b1011111110 A
b1011111101 M
b1011111101 4
b1011111110 6
b1011111101 2
0L
1K
1d
b1011111101 (
#62720
0!
0+
#62740
1!
1+
b1011111111 A
b1011111110 M
b1011111110 4
b1011111111 6
b1011111110 2
1L
0d
1c
b1011111110 (
#62760
0!
0+
#62780
1!
1+
b1100000000 A
b1011111111 M
b1011111111 4
b1100000000 6
b1011111111 2
0L
0K
0J
0I
0H
0G
0F
0E
1D
1d
b1011111111 (
#62800
0!
0+
#62820
1!
1+
b1100000001 A
b1100000000 M
b1100000000 4
b1100000001 6
b1100000000 2
1L
0d
0c
0b
0a
0`
0_
0^
0]
1\
b1100000000 (
#62840
0!
0+
#62860
1!
1+
b1100000010 A
b1100000001 M
b1100000001 4
b1100000010 6
b1100000001 2
0L
1K
1d
b1100000001 (
#62880
0!
0+
#62900
1!
1+
b1100000011 A
b1100000010 M
b1100000010 4
b1100000011 6
b1100000010 2
1L
0d
1c
b1100000010 (
#62920
0!
0+
#62940
1!
1+
b1100000100 A
b1100000011 M
b1100000011 4
b1100000100 6
b1100000011 2
0L
0K
1J
1d
b1100000011 (
#62960
0!
0+
#62980
1!
1+
b1100000101 A
b1100000100 M
b1100000100 4
b1100000101 6
b1100000100 2
1L
0d
0c
1b
b1100000100 (
#63000
0!
0+
#63020
1!
1+
b1100000110 A
b1100000101 M
b1100000101 4
b1100000110 6
b1100000101 2
0L
1K
1d
b1100000101 (
#63040
0!
0+
#63060
1!
1+
b1100000111 A
b1100000110 M
b1100000110 4
b1100000111 6
b1100000110 2
1L
0d
1c
b1100000110 (
#63080
0!
0+
#63100
1!
1+
b1100001000 A
b1100000111 M
b1100000111 4
b1100001000 6
b1100000111 2
0L
0K
0J
1I
1d
b1100000111 (
#63120
0!
0+
#63140
1!
1+
b1100001001 A
b1100001000 M
b1100001000 4
b1100001001 6
b1100001000 2
1L
0d
0c
0b
1a
b1100001000 (
#63160
0!
0+
#63180
1!
1+
b1100001010 A
b1100001001 M
b1100001001 4
b1100001010 6
b1100001001 2
0L
1K
1d
b1100001001 (
#63200
0!
0+
#63220
1!
1+
b1100001011 A
b1100001010 M
b1100001010 4
b1100001011 6
b1100001010 2
1L
0d
1c
b1100001010 (
#63240
0!
0+
#63260
1!
1+
b1100001100 A
b1100001011 M
b1100001011 4
b1100001100 6
b1100001011 2
0L
0K
1J
1d
b1100001011 (
#63280
0!
0+
#63300
1!
1+
b1100001101 A
b1100001100 M
b1100001100 4
b1100001101 6
b1100001100 2
1L
0d
0c
1b
b1100001100 (
#63320
0!
0+
#63340
1!
1+
b1100001110 A
b1100001101 M
b1100001101 4
b1100001110 6
b1100001101 2
0L
1K
1d
b1100001101 (
#63360
0!
0+
#63380
1!
1+
b1100001111 A
b1100001110 M
b1100001110 4
b1100001111 6
b1100001110 2
1L
0d
1c
b1100001110 (
#63400
0!
0+
#63420
1!
1+
b1100010000 A
b1100001111 M
b1100001111 4
b1100010000 6
b1100001111 2
0L
0K
0J
0I
1H
1d
b1100001111 (
#63440
0!
0+
#63460
1!
1+
b1100010001 A
b1100010000 M
b1100010000 4
b1100010001 6
b1100010000 2
1L
0d
0c
0b
0a
1`
b1100010000 (
#63480
0!
0+
#63500
1!
1+
b1100010010 A
b1100010001 M
b1100010001 4
b1100010010 6
b1100010001 2
0L
1K
1d
b1100010001 (
#63520
0!
0+
#63540
1!
1+
b1100010011 A
b1100010010 M
b1100010010 4
b1100010011 6
b1100010010 2
1L
0d
1c
b1100010010 (
#63560
0!
0+
#63580
1!
1+
b1100010100 A
b1100010011 M
b1100010011 4
b1100010100 6
b1100010011 2
0L
0K
1J
1d
b1100010011 (
#63600
0!
0+
#63620
1!
1+
b1100010101 A
b1100010100 M
b1100010100 4
b1100010101 6
b1100010100 2
1L
0d
0c
1b
b1100010100 (
#63640
0!
0+
#63660
1!
1+
b1100010110 A
b1100010101 M
b1100010101 4
b1100010110 6
b1100010101 2
0L
1K
1d
b1100010101 (
#63680
0!
0+
#63700
1!
1+
b1100010111 A
b1100010110 M
b1100010110 4
b1100010111 6
b1100010110 2
1L
0d
1c
b1100010110 (
#63720
0!
0+
#63740
1!
1+
b1100011000 A
b1100010111 M
b1100010111 4
b1100011000 6
b1100010111 2
0L
0K
0J
1I
1d
b1100010111 (
#63760
0!
0+
#63780
1!
1+
b1100011001 A
b1100011000 M
b1100011000 4
b1100011001 6
b1100011000 2
1L
0d
0c
0b
1a
b1100011000 (
#63800
0!
0+
#63820
1!
1+
b1100011010 A
b1100011001 M
b1100011001 4
b1100011010 6
b1100011001 2
0L
1K
1d
b1100011001 (
#63840
0!
0+
#63860
1!
1+
b1100011011 A
b1100011010 M
b1100011010 4
b1100011011 6
b1100011010 2
1L
0d
1c
b1100011010 (
#63880
0!
0+
#63900
1!
1+
b1100011100 A
b1100011011 M
b1100011011 4
b1100011100 6
b1100011011 2
0L
0K
1J
1d
b1100011011 (
#63920
0!
0+
#63940
1!
1+
b1100011101 A
b1100011100 M
b1100011100 4
b1100011101 6
b1100011100 2
1L
0d
0c
1b
b1100011100 (
#63960
0!
0+
#63980
1!
1+
b1100011110 A
b1100011101 M
b1100011101 4
b1100011110 6
b1100011101 2
0L
1K
1d
b1100011101 (
#64000
0!
0+
#64020
1!
1+
b1100011111 A
b1100011110 M
b1100011110 4
b1100011111 6
b1100011110 2
1L
0d
1c
b1100011110 (
#64040
0!
0+
#64060
1!
1+
b1100100000 A
b1100011111 M
b1100011111 4
b1100100000 6
b1100011111 2
0L
0K
0J
0I
0H
1G
1d
b1100011111 (
#64080
0!
0+
#64100
1!
1+
b1100100001 A
b1100100000 M
b1100100000 4
b1100100001 6
b1100100000 2
1L
0d
0c
0b
0a
0`
1_
1o
b1100100000 (
18
1<
1?
b0 A
b0 6
0L
0G
0D
0C
#64120
0!
0+
#64140
1!
1+
b10 =
b0 M
b0 4
b10 7
b0 2
0X
1W
0_
0\
0[
0o
b0 (
08
0<
0?
#64160
0!
0+
#64180
1!
1+
b1 A
b10 Y
b10 5
b1 6
b10 3
1L
0z
1y
b10 )
#64200
0!
0+
#64220
1!
1+
b10 A
b1 M
b1 4
b10 6
b1 2
0L
1K
1d
b1 (
#64240
0!
0+
#64260
1!
1+
b11 A
b10 M
b10 4
b11 6
b10 2
1L
0d
1c
b10 (
#64280
0!
0+
#64300
1!
1+
b100 A
b11 M
b11 4
b100 6
b11 2
0L
0K
1J
1d
b11 (
#64320
0!
0+
#64340
1!
1+
b101 A
b100 M
b100 4
b101 6
b100 2
1L
0d
0c
1b
b100 (
#64360
0!
0+
#64380
1!
1+
b110 A
b101 M
b101 4
b110 6
b101 2
0L
1K
1d
b101 (
#64400
0!
0+
#64420
1!
1+
b111 A
b110 M
b110 4
b111 6
b110 2
1L
0d
1c
b110 (
#64440
0!
0+
#64460
1!
1+
b1000 A
b111 M
b111 4
b1000 6
b111 2
0L
0K
0J
1I
1d
b111 (
#64480
0!
0+
#64500
1!
1+
b1001 A
b1000 M
b1000 4
b1001 6
b1000 2
1L
0d
0c
0b
1a
b1000 (
#64520
0!
0+
#64540
1!
1+
b1010 A
b1001 M
b1001 4
b1010 6
b1001 2
0L
1K
1d
b1001 (
#64560
0!
0+
#64580
1!
1+
b1011 A
b1010 M
b1010 4
b1011 6
b1010 2
1L
0d
1c
b1010 (
#64600
0!
0+
#64620
1!
1+
b1100 A
b1011 M
b1011 4
b1100 6
b1011 2
0L
0K
1J
1d
b1011 (
#64640
0!
0+
#64660
1!
1+
b1101 A
b1100 M
b1100 4
b1101 6
b1100 2
1L
0d
0c
1b
b1100 (
#64680
0!
0+
#64700
1!
1+
b1110 A
b1101 M
b1101 4
b1110 6
b1101 2
0L
1K
1d
b1101 (
#64720
0!
0+
#64740
1!
1+
b1111 A
b1110 M
b1110 4
b1111 6
b1110 2
1L
0d
1c
b1110 (
#64760
0!
0+
#64780
1!
1+
b10000 A
b1111 M
b1111 4
b10000 6
b1111 2
0L
0K
0J
0I
1H
1d
b1111 (
#64800
0!
0+
#64820
1!
1+
b10001 A
b10000 M
b10000 4
b10001 6
b10000 2
1L
0d
0c
0b
0a
1`
b10000 (
#64840
0!
0+
#64860
1!
1+
b10010 A
b10001 M
b10001 4
b10010 6
b10001 2
0L
1K
1d
b10001 (
#64880
0!
0+
#64900
1!
1+
b10011 A
b10010 M
b10010 4
b10011 6
b10010 2
1L
0d
1c
b10010 (
#64920
0!
0+
#64940
1!
1+
b10100 A
b10011 M
b10011 4
b10100 6
b10011 2
0L
0K
1J
1d
b10011 (
#64960
0!
0+
#64980
1!
1+
b10101 A
b10100 M
b10100 4
b10101 6
b10100 2
1L
0d
0c
1b
b10100 (
#65000
0!
0+
#65020
1!
1+
b10110 A
b10101 M
b10101 4
b10110 6
b10101 2
0L
1K
1d
b10101 (
#65040
0!
0+
#65060
1!
1+
b10111 A
b10110 M
b10110 4
b10111 6
b10110 2
1L
0d
1c
b10110 (
#65080
0!
0+
#65100
1!
1+
b11000 A
b10111 M
b10111 4
b11000 6
b10111 2
0L
0K
0J
1I
1d
b10111 (
#65120
0!
0+
#65140
1!
1+
b11001 A
b11000 M
b11000 4
b11001 6
b11000 2
1L
0d
0c
0b
1a
b11000 (
#65160
0!
0+
#65180
1!
1+
b11010 A
b11001 M
b11001 4
b11010 6
b11001 2
0L
1K
1d
b11001 (
#65200
0!
0+
#65220
1!
1+
b11011 A
b11010 M
b11010 4
b11011 6
b11010 2
1L
0d
1c
b11010 (
#65240
0!
0+
#65260
1!
1+
b11100 A
b11011 M
b11011 4
b11100 6
b11011 2
0L
0K
1J
1d
b11011 (
#65280
0!
0+
#65300
1!
1+
b11101 A
b11100 M
b11100 4
b11101 6
b11100 2
1L
0d
0c
1b
b11100 (
#65320
0!
0+
#65340
1!
1+
b11110 A
b11101 M
b11101 4
b11110 6
b11101 2
0L
1K
1d
b11101 (
#65360
0!
0+
#65380
1!
1+
b11111 A
b11110 M
b11110 4
b11111 6
b11110 2
1L
0d
1c
b11110 (
#65400
0!
0+
#65420
1!
1+
b100000 A
b11111 M
b11111 4
b100000 6
b11111 2
0L
0K
0J
0I
0H
1G
1d
b11111 (
#65440
0!
0+
#65460
1!
1+
b100001 A
b100000 M
b100000 4
b100001 6
b100000 2
1L
0d
0c
0b
0a
0`
1_
b100000 (
#65480
0!
0+
#65500
1!
1+
b100010 A
b100001 M
b100001 4
b100010 6
b100001 2
0L
1K
1d
b100001 (
#65520
0!
0+
#65540
1!
1+
b100011 A
b100010 M
b100010 4
b100011 6
b100010 2
1L
0d
1c
b100010 (
#65560
0!
0+
#65580
1!
1+
b100100 A
b100011 M
b100011 4
b100100 6
b100011 2
0L
0K
1J
1d
b100011 (
#65600
0!
0+
#65620
1!
1+
b100101 A
b100100 M
b100100 4
b100101 6
b100100 2
1L
0d
0c
1b
b100100 (
#65640
0!
0+
#65660
1!
1+
b100110 A
b100101 M
b100101 4
b100110 6
b100101 2
0L
1K
1d
b100101 (
#65680
0!
0+
#65700
1!
1+
b100111 A
b100110 M
b100110 4
b100111 6
b100110 2
1L
0d
1c
b100110 (
#65720
0!
0+
#65740
1!
1+
b101000 A
b100111 M
b100111 4
b101000 6
b100111 2
0L
0K
0J
1I
1d
b100111 (
#65760
0!
0+
#65780
1!
1+
b101001 A
b101000 M
b101000 4
b101001 6
b101000 2
1L
0d
0c
0b
1a
b101000 (
#65800
0!
0+
#65820
1!
1+
b101010 A
b101001 M
b101001 4
b101010 6
b101001 2
0L
1K
1d
b101001 (
#65840
0!
0+
#65860
1!
1+
b101011 A
b101010 M
b101010 4
b101011 6
b101010 2
1L
0d
1c
b101010 (
#65880
0!
0+
#65900
1!
1+
b101100 A
b101011 M
b101011 4
b101100 6
b101011 2
0L
0K
1J
1d
b101011 (
#65920
0!
0+
#65940
1!
1+
b101101 A
b101100 M
b101100 4
b101101 6
b101100 2
1L
0d
0c
1b
b101100 (
#65960
0!
0+
#65980
1!
1+
b101110 A
b101101 M
b101101 4
b101110 6
b101101 2
0L
1K
1d
b101101 (
#66000
0!
0+
#66020
1!
1+
b101111 A
b101110 M
b101110 4
b101111 6
b101110 2
1L
0d
1c
b101110 (
#66040
0!
0+
#66060
1!
1+
b110000 A
b101111 M
b101111 4
b110000 6
b101111 2
0L
0K
0J
0I
1H
1d
b101111 (
#66080
0!
0+
#66100
1!
1+
b110001 A
b110000 M
b110000 4
b110001 6
b110000 2
1L
0d
0c
0b
0a
1`
b110000 (
#66120
0!
0+
#66140
1!
1+
b110010 A
b110001 M
b110001 4
b110010 6
b110001 2
0L
1K
1d
b110001 (
#66160
0!
0+
#66180
1!
1+
b110011 A
b110010 M
b110010 4
b110011 6
b110010 2
1L
0d
1c
b110010 (
#66200
0!
0+
#66220
1!
1+
b110100 A
b110011 M
b110011 4
b110100 6
b110011 2
0L
0K
1J
1d
b110011 (
#66240
0!
0+
#66260
1!
1+
b110101 A
b110100 M
b110100 4
b110101 6
b110100 2
1L
0d
0c
1b
b110100 (
#66280
0!
0+
#66300
1!
1+
b110110 A
b110101 M
b110101 4
b110110 6
b110101 2
0L
1K
1d
b110101 (
#66320
0!
0+
#66340
1!
1+
b110111 A
b110110 M
b110110 4
b110111 6
b110110 2
1L
0d
1c
b110110 (
#66360
0!
0+
#66380
1!
1+
b111000 A
b110111 M
b110111 4
b111000 6
b110111 2
0L
0K
0J
1I
1d
b110111 (
#66400
0!
0+
#66420
1!
1+
b111001 A
b111000 M
b111000 4
b111001 6
b111000 2
1L
0d
0c
0b
1a
b111000 (
#66440
0!
0+
#66460
1!
1+
b111010 A
b111001 M
b111001 4
b111010 6
b111001 2
0L
1K
1d
b111001 (
#66480
0!
0+
#66500
1!
1+
b111011 A
b111010 M
b111010 4
b111011 6
b111010 2
1L
0d
1c
b111010 (
#66520
0!
0+
#66540
1!
1+
b111100 A
b111011 M
b111011 4
b111100 6
b111011 2
0L
0K
1J
1d
b111011 (
#66560
0!
0+
#66580
1!
1+
b111101 A
b111100 M
b111100 4
b111101 6
b111100 2
1L
0d
0c
1b
b111100 (
#66600
0!
0+
#66620
1!
1+
b111110 A
b111101 M
b111101 4
b111110 6
b111101 2
0L
1K
1d
b111101 (
#66640
0!
0+
#66660
1!
1+
b111111 A
b111110 M
b111110 4
b111111 6
b111110 2
1L
0d
1c
b111110 (
#66680
0!
0+
#66700
1!
1+
b1000000 A
b111111 M
b111111 4
b1000000 6
b111111 2
0L
0K
0J
0I
0H
0G
1F
1d
b111111 (
#66720
0!
0+
#66740
1!
1+
b1000001 A
b1000000 M
b1000000 4
b1000001 6
b1000000 2
1L
0d
0c
0b
0a
0`
0_
1^
b1000000 (
#66760
0!
0+
#66780
1!
1+
b1000010 A
b1000001 M
b1000001 4
b1000010 6
b1000001 2
0L
1K
1d
b1000001 (
#66800
0!
0+
#66820
1!
1+
b1000011 A
b1000010 M
b1000010 4
b1000011 6
b1000010 2
1L
0d
1c
b1000010 (
#66840
0!
0+
#66860
1!
1+
b1000100 A
b1000011 M
b1000011 4
b1000100 6
b1000011 2
0L
0K
1J
1d
b1000011 (
#66880
0!
0+
#66900
1!
1+
b1000101 A
b1000100 M
b1000100 4
b1000101 6
b1000100 2
1L
0d
0c
1b
b1000100 (
#66920
0!
0+
#66940
1!
1+
b1000110 A
b1000101 M
b1000101 4
b1000110 6
b1000101 2
0L
1K
1d
b1000101 (
#66960
0!
0+
#66980
1!
1+
b1000111 A
b1000110 M
b1000110 4
b1000111 6
b1000110 2
1L
0d
1c
b1000110 (
#67000
0!
0+
#67020
1!
1+
b1001000 A
b1000111 M
b1000111 4
b1001000 6
b1000111 2
0L
0K
0J
1I
1d
b1000111 (
#67040
0!
0+
#67060
1!
1+
b1001001 A
b1001000 M
b1001000 4
b1001001 6
b1001000 2
1L
0d
0c
0b
1a
b1001000 (
#67080
0!
0+
#67100
1!
1+
b1001010 A
b1001001 M
b1001001 4
b1001010 6
b1001001 2
0L
1K
1d
b1001001 (
#67120
0!
0+
#67140
1!
1+
b1001011 A
b1001010 M
b1001010 4
b1001011 6
b1001010 2
1L
0d
1c
b1001010 (
#67160
0!
0+
#67180
1!
1+
b1001100 A
b1001011 M
b1001011 4
b1001100 6
b1001011 2
0L
0K
1J
1d
b1001011 (
#67200
0!
0+
#67220
1!
1+
b1001101 A
b1001100 M
b1001100 4
b1001101 6
b1001100 2
1L
0d
0c
1b
b1001100 (
#67240
0!
0+
#67260
1!
1+
b1001110 A
b1001101 M
b1001101 4
b1001110 6
b1001101 2
0L
1K
1d
b1001101 (
#67280
0!
0+
#67300
1!
1+
b1001111 A
b1001110 M
b1001110 4
b1001111 6
b1001110 2
1L
0d
1c
b1001110 (
#67320
0!
0+
#67340
1!
1+
b1010000 A
b1001111 M
b1001111 4
b1010000 6
b1001111 2
0L
0K
0J
0I
1H
1d
b1001111 (
#67360
0!
0+
#67380
1!
1+
b1010001 A
b1010000 M
b1010000 4
b1010001 6
b1010000 2
1L
0d
0c
0b
0a
1`
b1010000 (
#67400
0!
0+
#67420
1!
1+
b1010010 A
b1010001 M
b1010001 4
b1010010 6
b1010001 2
0L
1K
1d
b1010001 (
#67440
0!
0+
#67460
1!
1+
b1010011 A
b1010010 M
b1010010 4
b1010011 6
b1010010 2
1L
0d
1c
b1010010 (
#67480
0!
0+
#67500
1!
1+
b1010100 A
b1010011 M
b1010011 4
b1010100 6
b1010011 2
0L
0K
1J
1d
b1010011 (
#67520
0!
0+
#67540
1!
1+
b1010101 A
b1010100 M
b1010100 4
b1010101 6
b1010100 2
1L
0d
0c
1b
b1010100 (
#67560
0!
0+
#67580
1!
1+
b1010110 A
b1010101 M
b1010101 4
b1010110 6
b1010101 2
0L
1K
1d
b1010101 (
#67600
0!
0+
#67620
1!
1+
b1010111 A
b1010110 M
b1010110 4
b1010111 6
b1010110 2
1L
0d
1c
b1010110 (
#67640
0!
0+
#67660
1!
1+
b1011000 A
b1010111 M
b1010111 4
b1011000 6
b1010111 2
0L
0K
0J
1I
1d
b1010111 (
#67680
0!
0+
#67700
1!
1+
b1011001 A
b1011000 M
b1011000 4
b1011001 6
b1011000 2
1L
0d
0c
0b
1a
b1011000 (
#67720
0!
0+
#67740
1!
1+
b1011010 A
b1011001 M
b1011001 4
b1011010 6
b1011001 2
0L
1K
1d
b1011001 (
#67760
0!
0+
#67780
1!
1+
b1011011 A
b1011010 M
b1011010 4
b1011011 6
b1011010 2
1L
0d
1c
b1011010 (
#67800
0!
0+
#67820
1!
1+
b1011100 A
b1011011 M
b1011011 4
b1011100 6
b1011011 2
0L
0K
1J
1d
b1011011 (
#67840
0!
0+
#67860
1!
1+
b1011101 A
b1011100 M
b1011100 4
b1011101 6
b1011100 2
1L
0d
0c
1b
b1011100 (
#67880
0!
0+
#67900
1!
1+
b1011110 A
b1011101 M
b1011101 4
b1011110 6
b1011101 2
0L
1K
1d
b1011101 (
#67920
0!
0+
#67940
1!
1+
b1011111 A
b1011110 M
b1011110 4
b1011111 6
b1011110 2
1L
0d
1c
b1011110 (
#67960
0!
0+
#67980
1!
1+
b1100000 A
b1011111 M
b1011111 4
b1100000 6
b1011111 2
0L
0K
0J
0I
0H
1G
1d
b1011111 (
#68000
0!
0+
#68020
1!
1+
b1100001 A
b1100000 M
b1100000 4
b1100001 6
b1100000 2
1L
0d
0c
0b
0a
0`
1_
b1100000 (
#68040
0!
0+
#68060
1!
1+
b1100010 A
b1100001 M
b1100001 4
b1100010 6
b1100001 2
0L
1K
1d
b1100001 (
#68080
0!
0+
#68100
1!
1+
b1100011 A
b1100010 M
b1100010 4
b1100011 6
b1100010 2
1L
0d
1c
b1100010 (
#68120
0!
0+
#68140
1!
1+
b1100100 A
b1100011 M
b1100011 4
b1100100 6
b1100011 2
0L
0K
1J
1d
b1100011 (
#68160
0!
0+
#68180
1!
1+
b1100101 A
b1100100 M
b1100100 4
b1100101 6
b1100100 2
1L
0d
0c
1b
b1100100 (
#68200
0!
0+
#68220
1!
1+
b1100110 A
b1100101 M
b1100101 4
b1100110 6
b1100101 2
0L
1K
1d
b1100101 (
#68240
0!
0+
#68260
1!
1+
b1100111 A
b1100110 M
b1100110 4
b1100111 6
b1100110 2
1L
0d
1c
b1100110 (
#68280
0!
0+
#68300
1!
1+
b1101000 A
b1100111 M
b1100111 4
b1101000 6
b1100111 2
0L
0K
0J
1I
1d
b1100111 (
#68320
0!
0+
#68340
1!
1+
b1101001 A
b1101000 M
b1101000 4
b1101001 6
b1101000 2
1L
0d
0c
0b
1a
b1101000 (
#68360
0!
0+
#68380
1!
1+
b1101010 A
b1101001 M
b1101001 4
b1101010 6
b1101001 2
0L
1K
1d
b1101001 (
#68400
0!
0+
#68420
1!
1+
b1101011 A
b1101010 M
b1101010 4
b1101011 6
b1101010 2
1L
0d
1c
b1101010 (
#68440
0!
0+
#68460
1!
1+
b1101100 A
b1101011 M
b1101011 4
b1101100 6
b1101011 2
0L
0K
1J
1d
b1101011 (
#68480
0!
0+
#68500
1!
1+
b1101101 A
b1101100 M
b1101100 4
b1101101 6
b1101100 2
1L
0d
0c
1b
b1101100 (
#68520
0!
0+
#68540
1!
1+
b1101110 A
b1101101 M
b1101101 4
b1101110 6
b1101101 2
0L
1K
1d
b1101101 (
#68560
0!
0+
#68580
1!
1+
b1101111 A
b1101110 M
b1101110 4
b1101111 6
b1101110 2
1L
0d
1c
b1101110 (
#68600
0!
0+
#68620
1!
1+
b1110000 A
b1101111 M
b1101111 4
b1110000 6
b1101111 2
0L
0K
0J
0I
1H
1d
b1101111 (
#68640
0!
0+
#68660
1!
1+
b1110001 A
b1110000 M
b1110000 4
b1110001 6
b1110000 2
1L
0d
0c
0b
0a
1`
b1110000 (
#68680
0!
0+
#68700
1!
1+
b1110010 A
b1110001 M
b1110001 4
b1110010 6
b1110001 2
0L
1K
1d
b1110001 (
#68720
0!
0+
#68740
1!
1+
b1110011 A
b1110010 M
b1110010 4
b1110011 6
b1110010 2
1L
0d
1c
b1110010 (
#68760
0!
0+
#68780
1!
1+
b1110100 A
b1110011 M
b1110011 4
b1110100 6
b1110011 2
0L
0K
1J
1d
b1110011 (
#68800
0!
0+
#68820
1!
1+
b1110101 A
b1110100 M
b1110100 4
b1110101 6
b1110100 2
1L
0d
0c
1b
b1110100 (
#68840
0!
0+
#68860
1!
1+
b1110110 A
b1110101 M
b1110101 4
b1110110 6
b1110101 2
0L
1K
1d
b1110101 (
#68880
0!
0+
#68900
1!
1+
b1110111 A
b1110110 M
b1110110 4
b1110111 6
b1110110 2
1L
0d
1c
b1110110 (
#68920
0!
0+
#68940
1!
1+
b1111000 A
b1110111 M
b1110111 4
b1111000 6
b1110111 2
0L
0K
0J
1I
1d
b1110111 (
#68960
0!
0+
#68980
1!
1+
b1111001 A
b1111000 M
b1111000 4
b1111001 6
b1111000 2
1L
0d
0c
0b
1a
b1111000 (
#69000
0!
0+
#69020
1!
1+
b1111010 A
b1111001 M
b1111001 4
b1111010 6
b1111001 2
0L
1K
1d
b1111001 (
#69040
0!
0+
#69060
1!
1+
b1111011 A
b1111010 M
b1111010 4
b1111011 6
b1111010 2
1L
0d
1c
b1111010 (
#69080
0!
0+
#69100
1!
1+
b1111100 A
b1111011 M
b1111011 4
b1111100 6
b1111011 2
0L
0K
1J
1d
b1111011 (
#69120
0!
0+
#69140
1!
1+
b1111101 A
b1111100 M
b1111100 4
b1111101 6
b1111100 2
1L
0d
0c
1b
b1111100 (
#69160
0!
0+
#69180
1!
1+
b1111110 A
b1111101 M
b1111101 4
b1111110 6
b1111101 2
0L
1K
1d
b1111101 (
#69200
0!
0+
#69220
1!
1+
b1111111 A
b1111110 M
b1111110 4
b1111111 6
b1111110 2
1L
0d
1c
b1111110 (
#69240
0!
0+
#69260
1!
1+
b10000000 A
b1111111 M
b1111111 4
b10000000 6
b1111111 2
0L
0K
0J
0I
0H
0G
0F
1E
1d
b1111111 (
#69280
0!
0+
#69300
1!
1+
b10000001 A
b10000000 M
b10000000 4
b10000001 6
b10000000 2
1L
0d
0c
0b
0a
0`
0_
0^
1]
b10000000 (
#69320
0!
0+
#69340
1!
1+
b10000010 A
b10000001 M
b10000001 4
b10000010 6
b10000001 2
0L
1K
1d
b10000001 (
#69360
0!
0+
#69380
1!
1+
b10000011 A
b10000010 M
b10000010 4
b10000011 6
b10000010 2
1L
0d
1c
b10000010 (
#69400
0!
0+
#69420
1!
1+
b10000100 A
b10000011 M
b10000011 4
b10000100 6
b10000011 2
0L
0K
1J
1d
b10000011 (
#69440
0!
0+
#69460
1!
1+
b10000101 A
b10000100 M
b10000100 4
b10000101 6
b10000100 2
1L
0d
0c
1b
b10000100 (
#69480
0!
0+
#69500
1!
1+
b10000110 A
b10000101 M
b10000101 4
b10000110 6
b10000101 2
0L
1K
1d
b10000101 (
#69520
0!
0+
#69540
1!
1+
b10000111 A
b10000110 M
b10000110 4
b10000111 6
b10000110 2
1L
0d
1c
b10000110 (
#69560
0!
0+
#69580
1!
1+
b10001000 A
b10000111 M
b10000111 4
b10001000 6
b10000111 2
0L
0K
0J
1I
1d
b10000111 (
#69600
0!
0+
#69620
1!
1+
b10001001 A
b10001000 M
b10001000 4
b10001001 6
b10001000 2
1L
0d
0c
0b
1a
b10001000 (
#69640
0!
0+
#69660
1!
1+
b10001010 A
b10001001 M
b10001001 4
b10001010 6
b10001001 2
0L
1K
1d
b10001001 (
#69680
0!
0+
#69700
1!
1+
b10001011 A
b10001010 M
b10001010 4
b10001011 6
b10001010 2
1L
0d
1c
b10001010 (
#69720
0!
0+
#69740
1!
1+
b10001100 A
b10001011 M
b10001011 4
b10001100 6
b10001011 2
0L
0K
1J
1d
b10001011 (
#69760
0!
0+
#69780
1!
1+
b10001101 A
b10001100 M
b10001100 4
b10001101 6
b10001100 2
1L
0d
0c
1b
b10001100 (
#69800
0!
0+
#69820
1!
1+
b10001110 A
b10001101 M
b10001101 4
b10001110 6
b10001101 2
0L
1K
1d
b10001101 (
#69840
0!
0+
#69860
1!
1+
b10001111 A
b10001110 M
b10001110 4
b10001111 6
b10001110 2
1L
0d
1c
b10001110 (
#69880
0!
0+
#69900
1!
1+
b10010000 A
b10001111 M
b10001111 4
b10010000 6
b10001111 2
0L
0K
0J
0I
1H
1d
b10001111 (
#69920
0!
0+
#69940
1!
1+
b10010001 A
b10010000 M
b10010000 4
b10010001 6
b10010000 2
1L
0d
0c
0b
0a
1`
b10010000 (
#69960
0!
0+
#69980
1!
1+
b10010010 A
b10010001 M
b10010001 4
b10010010 6
b10010001 2
0L
1K
1d
b10010001 (
#70000
0!
0+
#70020
1!
1+
b10010011 A
b10010010 M
b10010010 4
b10010011 6
b10010010 2
1L
0d
1c
b10010010 (
#70040
0!
0+
#70060
1!
1+
b10010100 A
b10010011 M
b10010011 4
b10010100 6
b10010011 2
0L
0K
1J
1d
b10010011 (
#70080
0!
0+
#70100
1!
1+
b10010101 A
b10010100 M
b10010100 4
b10010101 6
b10010100 2
1L
0d
0c
1b
b10010100 (
#70120
0!
0+
#70140
1!
1+
b10010110 A
b10010101 M
b10010101 4
b10010110 6
b10010101 2
0L
1K
1d
b10010101 (
#70160
0!
0+
#70180
1!
1+
b10010111 A
b10010110 M
b10010110 4
b10010111 6
b10010110 2
1L
0d
1c
b10010110 (
#70200
0!
0+
#70220
1!
1+
b10011000 A
b10010111 M
b10010111 4
b10011000 6
b10010111 2
0L
0K
0J
1I
1d
b10010111 (
#70240
0!
0+
#70260
1!
1+
b10011001 A
b10011000 M
b10011000 4
b10011001 6
b10011000 2
1L
0d
0c
0b
1a
b10011000 (
#70280
0!
0+
#70300
1!
1+
b10011010 A
b10011001 M
b10011001 4
b10011010 6
b10011001 2
0L
1K
1d
b10011001 (
#70320
0!
0+
#70340
1!
1+
b10011011 A
b10011010 M
b10011010 4
b10011011 6
b10011010 2
1L
0d
1c
b10011010 (
#70360
0!
0+
#70380
1!
1+
b10011100 A
b10011011 M
b10011011 4
b10011100 6
b10011011 2
0L
0K
1J
1d
b10011011 (
#70400
0!
0+
#70420
1!
1+
b10011101 A
b10011100 M
b10011100 4
b10011101 6
b10011100 2
1L
0d
0c
1b
b10011100 (
#70440
0!
0+
#70460
1!
1+
b10011110 A
b10011101 M
b10011101 4
b10011110 6
b10011101 2
0L
1K
1d
b10011101 (
#70480
0!
0+
#70500
1!
1+
b10011111 A
b10011110 M
b10011110 4
b10011111 6
b10011110 2
1L
0d
1c
b10011110 (
#70520
0!
0+
#70540
1!
1+
b10100000 A
b10011111 M
b10011111 4
b10100000 6
b10011111 2
0L
0K
0J
0I
0H
1G
1d
b10011111 (
#70560
0!
0+
#70580
1!
1+
b10100001 A
b10100000 M
b10100000 4
b10100001 6
b10100000 2
1L
0d
0c
0b
0a
0`
1_
b10100000 (
#70600
0!
0+
#70620
1!
1+
b10100010 A
b10100001 M
b10100001 4
b10100010 6
b10100001 2
0L
1K
1d
b10100001 (
#70640
0!
0+
#70660
1!
1+
b10100011 A
b10100010 M
b10100010 4
b10100011 6
b10100010 2
1L
0d
1c
b10100010 (
#70680
0!
0+
#70700
1!
1+
b10100100 A
b10100011 M
b10100011 4
b10100100 6
b10100011 2
0L
0K
1J
1d
b10100011 (
#70720
0!
0+
#70740
1!
1+
b10100101 A
b10100100 M
b10100100 4
b10100101 6
b10100100 2
1L
0d
0c
1b
b10100100 (
#70760
0!
0+
#70780
1!
1+
b10100110 A
b10100101 M
b10100101 4
b10100110 6
b10100101 2
0L
1K
1d
b10100101 (
#70800
0!
0+
#70820
1!
1+
b10100111 A
b10100110 M
b10100110 4
b10100111 6
b10100110 2
1L
0d
1c
b10100110 (
#70840
0!
0+
#70860
1!
1+
b10101000 A
b10100111 M
b10100111 4
b10101000 6
b10100111 2
0L
0K
0J
1I
1d
b10100111 (
#70880
0!
0+
#70900
1!
1+
b10101001 A
b10101000 M
b10101000 4
b10101001 6
b10101000 2
1L
0d
0c
0b
1a
b10101000 (
#70920
0!
0+
#70940
1!
1+
b10101010 A
b10101001 M
b10101001 4
b10101010 6
b10101001 2
0L
1K
1d
b10101001 (
#70960
0!
0+
#70980
1!
1+
b10101011 A
b10101010 M
b10101010 4
b10101011 6
b10101010 2
1L
0d
1c
b10101010 (
#71000
0!
0+
#71020
1!
1+
b10101100 A
b10101011 M
b10101011 4
b10101100 6
b10101011 2
0L
0K
1J
1d
b10101011 (
#71040
0!
0+
#71060
1!
1+
b10101101 A
b10101100 M
b10101100 4
b10101101 6
b10101100 2
1L
0d
0c
1b
b10101100 (
#71080
0!
0+
#71100
1!
1+
b10101110 A
b10101101 M
b10101101 4
b10101110 6
b10101101 2
0L
1K
1d
b10101101 (
#71120
0!
0+
#71140
1!
1+
b10101111 A
b10101110 M
b10101110 4
b10101111 6
b10101110 2
1L
0d
1c
b10101110 (
#71160
0!
0+
#71180
1!
1+
b10110000 A
b10101111 M
b10101111 4
b10110000 6
b10101111 2
0L
0K
0J
0I
1H
1d
b10101111 (
#71200
0!
0+
#71220
1!
1+
b10110001 A
b10110000 M
b10110000 4
b10110001 6
b10110000 2
1L
0d
0c
0b
0a
1`
b10110000 (
#71240
0!
0+
#71260
1!
1+
b10110010 A
b10110001 M
b10110001 4
b10110010 6
b10110001 2
0L
1K
1d
b10110001 (
#71280
0!
0+
#71300
1!
1+
b10110011 A
b10110010 M
b10110010 4
b10110011 6
b10110010 2
1L
0d
1c
b10110010 (
#71320
0!
0+
#71340
1!
1+
b10110100 A
b10110011 M
b10110011 4
b10110100 6
b10110011 2
0L
0K
1J
1d
b10110011 (
#71360
0!
0+
#71380
1!
1+
b10110101 A
b10110100 M
b10110100 4
b10110101 6
b10110100 2
1L
0d
0c
1b
b10110100 (
#71400
0!
0+
#71420
1!
1+
b10110110 A
b10110101 M
b10110101 4
b10110110 6
b10110101 2
0L
1K
1d
b10110101 (
#71440
0!
0+
#71460
1!
1+
b10110111 A
b10110110 M
b10110110 4
b10110111 6
b10110110 2
1L
0d
1c
b10110110 (
#71480
0!
0+
#71500
1!
1+
b10111000 A
b10110111 M
b10110111 4
b10111000 6
b10110111 2
0L
0K
0J
1I
1d
b10110111 (
#71520
0!
0+
#71540
1!
1+
b10111001 A
b10111000 M
b10111000 4
b10111001 6
b10111000 2
1L
0d
0c
0b
1a
b10111000 (
#71560
0!
0+
#71580
1!
1+
b10111010 A
b10111001 M
b10111001 4
b10111010 6
b10111001 2
0L
1K
1d
b10111001 (
#71600
0!
0+
#71620
1!
1+
b10111011 A
b10111010 M
b10111010 4
b10111011 6
b10111010 2
1L
0d
1c
b10111010 (
#71640
0!
0+
#71660
1!
1+
b10111100 A
b10111011 M
b10111011 4
b10111100 6
b10111011 2
0L
0K
1J
1d
b10111011 (
#71680
0!
0+
#71700
1!
1+
b10111101 A
b10111100 M
b10111100 4
b10111101 6
b10111100 2
1L
0d
0c
1b
b10111100 (
#71720
0!
0+
#71740
1!
1+
b10111110 A
b10111101 M
b10111101 4
b10111110 6
b10111101 2
0L
1K
1d
b10111101 (
#71760
0!
0+
#71780
1!
1+
b10111111 A
b10111110 M
b10111110 4
b10111111 6
b10111110 2
1L
0d
1c
b10111110 (
#71800
0!
0+
#71820
1!
1+
b11000000 A
b10111111 M
b10111111 4
b11000000 6
b10111111 2
0L
0K
0J
0I
0H
0G
1F
1d
b10111111 (
#71840
0!
0+
#71860
1!
1+
b11000001 A
b11000000 M
b11000000 4
b11000001 6
b11000000 2
1L
0d
0c
0b
0a
0`
0_
1^
b11000000 (
#71880
0!
0+
#71900
1!
1+
b11000010 A
b11000001 M
b11000001 4
b11000010 6
b11000001 2
0L
1K
1d
b11000001 (
#71920
0!
0+
#71940
1!
1+
b11000011 A
b11000010 M
b11000010 4
b11000011 6
b11000010 2
1L
0d
1c
b11000010 (
#71960
0!
0+
#71980
1!
1+
b11000100 A
b11000011 M
b11000011 4
b11000100 6
b11000011 2
0L
0K
1J
1d
b11000011 (
#72000
0!
0+
#72020
1!
1+
b11000101 A
b11000100 M
b11000100 4
b11000101 6
b11000100 2
1L
0d
0c
1b
b11000100 (
#72040
0!
0+
#72060
1!
1+
b11000110 A
b11000101 M
b11000101 4
b11000110 6
b11000101 2
0L
1K
1d
b11000101 (
#72080
0!
0+
#72100
1!
1+
b11000111 A
b11000110 M
b11000110 4
b11000111 6
b11000110 2
1L
0d
1c
b11000110 (
#72120
0!
0+
#72140
1!
1+
b11001000 A
b11000111 M
b11000111 4
b11001000 6
b11000111 2
0L
0K
0J
1I
1d
b11000111 (
#72160
0!
0+
#72180
1!
1+
b11001001 A
b11001000 M
b11001000 4
b11001001 6
b11001000 2
1L
0d
0c
0b
1a
b11001000 (
#72200
0!
0+
#72220
1!
1+
b11001010 A
b11001001 M
b11001001 4
b11001010 6
b11001001 2
0L
1K
1d
b11001001 (
#72240
0!
0+
#72260
1!
1+
b11001011 A
b11001010 M
b11001010 4
b11001011 6
b11001010 2
1L
0d
1c
b11001010 (
#72280
0!
0+
#72300
1!
1+
b11001100 A
b11001011 M
b11001011 4
b11001100 6
b11001011 2
0L
0K
1J
1d
b11001011 (
#72320
0!
0+
#72340
1!
1+
b11001101 A
b11001100 M
b11001100 4
b11001101 6
b11001100 2
1L
0d
0c
1b
b11001100 (
#72360
0!
0+
#72380
1!
1+
b11001110 A
b11001101 M
b11001101 4
b11001110 6
b11001101 2
0L
1K
1d
b11001101 (
#72400
0!
0+
#72420
1!
1+
b11001111 A
b11001110 M
b11001110 4
b11001111 6
b11001110 2
1L
0d
1c
b11001110 (
#72440
0!
0+
#72460
1!
1+
b11010000 A
b11001111 M
b11001111 4
b11010000 6
b11001111 2
0L
0K
0J
0I
1H
1d
b11001111 (
#72480
0!
0+
#72500
1!
1+
b11010001 A
b11010000 M
b11010000 4
b11010001 6
b11010000 2
1L
0d
0c
0b
0a
1`
b11010000 (
#72520
0!
0+
#72540
1!
1+
b11010010 A
b11010001 M
b11010001 4
b11010010 6
b11010001 2
0L
1K
1d
b11010001 (
#72560
0!
0+
#72580
1!
1+
b11010011 A
b11010010 M
b11010010 4
b11010011 6
b11010010 2
1L
0d
1c
b11010010 (
#72600
0!
0+
#72620
1!
1+
b11010100 A
b11010011 M
b11010011 4
b11010100 6
b11010011 2
0L
0K
1J
1d
b11010011 (
#72640
0!
0+
#72660
1!
1+
b11010101 A
b11010100 M
b11010100 4
b11010101 6
b11010100 2
1L
0d
0c
1b
b11010100 (
#72680
0!
0+
#72700
1!
1+
b11010110 A
b11010101 M
b11010101 4
b11010110 6
b11010101 2
0L
1K
1d
b11010101 (
#72720
0!
0+
#72740
1!
1+
b11010111 A
b11010110 M
b11010110 4
b11010111 6
b11010110 2
1L
0d
1c
b11010110 (
#72760
0!
0+
#72780
1!
1+
b11011000 A
b11010111 M
b11010111 4
b11011000 6
b11010111 2
0L
0K
0J
1I
1d
b11010111 (
#72800
0!
0+
#72820
1!
1+
b11011001 A
b11011000 M
b11011000 4
b11011001 6
b11011000 2
1L
0d
0c
0b
1a
b11011000 (
#72840
0!
0+
#72860
1!
1+
b11011010 A
b11011001 M
b11011001 4
b11011010 6
b11011001 2
0L
1K
1d
b11011001 (
#72880
0!
0+
#72900
1!
1+
b11011011 A
b11011010 M
b11011010 4
b11011011 6
b11011010 2
1L
0d
1c
b11011010 (
#72920
0!
0+
#72940
1!
1+
b11011100 A
b11011011 M
b11011011 4
b11011100 6
b11011011 2
0L
0K
1J
1d
b11011011 (
#72960
0!
0+
#72980
1!
1+
b11011101 A
b11011100 M
b11011100 4
b11011101 6
b11011100 2
1L
0d
0c
1b
b11011100 (
#73000
0!
0+
#73020
1!
1+
b11011110 A
b11011101 M
b11011101 4
b11011110 6
b11011101 2
0L
1K
1d
b11011101 (
#73040
0!
0+
#73060
1!
1+
b11011111 A
b11011110 M
b11011110 4
b11011111 6
b11011110 2
1L
0d
1c
b11011110 (
#73080
0!
0+
#73100
1!
1+
b11100000 A
b11011111 M
b11011111 4
b11100000 6
b11011111 2
0L
0K
0J
0I
0H
1G
1d
b11011111 (
#73120
0!
0+
#73140
1!
1+
b11100001 A
b11100000 M
b11100000 4
b11100001 6
b11100000 2
1L
0d
0c
0b
0a
0`
1_
b11100000 (
#73160
0!
0+
#73180
1!
1+
b11100010 A
b11100001 M
b11100001 4
b11100010 6
b11100001 2
0L
1K
1d
b11100001 (
#73200
0!
0+
#73220
1!
1+
b11100011 A
b11100010 M
b11100010 4
b11100011 6
b11100010 2
1L
0d
1c
b11100010 (
#73240
0!
0+
#73260
1!
1+
b11100100 A
b11100011 M
b11100011 4
b11100100 6
b11100011 2
0L
0K
1J
1d
b11100011 (
#73280
0!
0+
#73300
1!
1+
b11100101 A
b11100100 M
b11100100 4
b11100101 6
b11100100 2
1L
0d
0c
1b
b11100100 (
#73320
0!
0+
#73340
1!
1+
b11100110 A
b11100101 M
b11100101 4
b11100110 6
b11100101 2
0L
1K
1d
b11100101 (
#73360
0!
0+
#73380
1!
1+
b11100111 A
b11100110 M
b11100110 4
b11100111 6
b11100110 2
1L
0d
1c
b11100110 (
#73400
0!
0+
#73420
1!
1+
b11101000 A
b11100111 M
b11100111 4
b11101000 6
b11100111 2
0L
0K
0J
1I
1d
b11100111 (
#73440
0!
0+
#73460
1!
1+
b11101001 A
b11101000 M
b11101000 4
b11101001 6
b11101000 2
1L
0d
0c
0b
1a
b11101000 (
#73480
0!
0+
#73500
1!
1+
b11101010 A
b11101001 M
b11101001 4
b11101010 6
b11101001 2
0L
1K
1d
b11101001 (
#73520
0!
0+
#73540
1!
1+
b11101011 A
b11101010 M
b11101010 4
b11101011 6
b11101010 2
1L
0d
1c
b11101010 (
#73560
0!
0+
#73580
1!
1+
b11101100 A
b11101011 M
b11101011 4
b11101100 6
b11101011 2
0L
0K
1J
1d
b11101011 (
#73600
0!
0+
#73620
1!
1+
b11101101 A
b11101100 M
b11101100 4
b11101101 6
b11101100 2
1L
0d
0c
1b
b11101100 (
#73640
0!
0+
#73660
1!
1+
b11101110 A
b11101101 M
b11101101 4
b11101110 6
b11101101 2
0L
1K
1d
b11101101 (
#73680
0!
0+
#73700
1!
1+
b11101111 A
b11101110 M
b11101110 4
b11101111 6
b11101110 2
1L
0d
1c
b11101110 (
#73720
0!
0+
#73740
1!
1+
b11110000 A
b11101111 M
b11101111 4
b11110000 6
b11101111 2
0L
0K
0J
0I
1H
1d
b11101111 (
#73760
0!
0+
#73780
1!
1+
b11110001 A
b11110000 M
b11110000 4
b11110001 6
b11110000 2
1L
0d
0c
0b
0a
1`
b11110000 (
#73800
0!
0+
#73820
1!
1+
b11110010 A
b11110001 M
b11110001 4
b11110010 6
b11110001 2
0L
1K
1d
b11110001 (
#73840
0!
0+
#73860
1!
1+
b11110011 A
b11110010 M
b11110010 4
b11110011 6
b11110010 2
1L
0d
1c
b11110010 (
#73880
0!
0+
#73900
1!
1+
b11110100 A
b11110011 M
b11110011 4
b11110100 6
b11110011 2
0L
0K
1J
1d
b11110011 (
#73920
0!
0+
#73940
1!
1+
b11110101 A
b11110100 M
b11110100 4
b11110101 6
b11110100 2
1L
0d
0c
1b
b11110100 (
#73960
0!
0+
#73980
1!
1+
b11110110 A
b11110101 M
b11110101 4
b11110110 6
b11110101 2
0L
1K
1d
b11110101 (
#74000
0!
0+
#74020
1!
1+
b11110111 A
b11110110 M
b11110110 4
b11110111 6
b11110110 2
1L
0d
1c
b11110110 (
#74040
0!
0+
#74060
1!
1+
b11111000 A
b11110111 M
b11110111 4
b11111000 6
b11110111 2
0L
0K
0J
1I
1d
b11110111 (
#74080
0!
0+
#74100
1!
1+
b11111001 A
b11111000 M
b11111000 4
b11111001 6
b11111000 2
1L
0d
0c
0b
1a
b11111000 (
#74120
0!
0+
#74140
1!
1+
b11111010 A
b11111001 M
b11111001 4
b11111010 6
b11111001 2
0L
1K
1d
b11111001 (
#74160
0!
0+
#74180
1!
1+
b11111011 A
b11111010 M
b11111010 4
b11111011 6
b11111010 2
1L
0d
1c
b11111010 (
#74200
0!
0+
#74220
1!
1+
b11111100 A
b11111011 M
b11111011 4
b11111100 6
b11111011 2
0L
0K
1J
1d
b11111011 (
#74240
0!
0+
#74260
1!
1+
b11111101 A
b11111100 M
b11111100 4
b11111101 6
b11111100 2
1L
0d
0c
1b
b11111100 (
#74280
0!
0+
#74300
1!
1+
b11111110 A
b11111101 M
b11111101 4
b11111110 6
b11111101 2
0L
1K
1d
b11111101 (
#74320
0!
0+
#74340
1!
1+
b11111111 A
b11111110 M
b11111110 4
b11111111 6
b11111110 2
1L
0d
1c
b11111110 (
#74360
0!
0+
#74380
1!
1+
b100000000 A
b11111111 M
b11111111 4
b100000000 6
b11111111 2
0L
0K
0J
0I
0H
0G
0F
0E
1D
1d
b11111111 (
#74400
0!
0+
#74420
1!
1+
b100000001 A
b100000000 M
b100000000 4
b100000001 6
b100000000 2
1L
0d
0c
0b
0a
0`
0_
0^
0]
1\
b100000000 (
#74440
0!
0+
#74460
1!
1+
b100000010 A
b100000001 M
b100000001 4
b100000010 6
b100000001 2
0L
1K
1d
b100000001 (
#74480
0!
0+
#74500
1!
1+
b100000011 A
b100000010 M
b100000010 4
b100000011 6
b100000010 2
1L
0d
1c
b100000010 (
#74520
0!
0+
#74540
1!
1+
b100000100 A
b100000011 M
b100000011 4
b100000100 6
b100000011 2
0L
0K
1J
1d
b100000011 (
#74560
0!
0+
#74580
1!
1+
b100000101 A
b100000100 M
b100000100 4
b100000101 6
b100000100 2
1L
0d
0c
1b
b100000100 (
#74600
0!
0+
#74620
1!
1+
b100000110 A
b100000101 M
b100000101 4
b100000110 6
b100000101 2
0L
1K
1d
b100000101 (
#74640
0!
0+
#74660
1!
1+
b100000111 A
b100000110 M
b100000110 4
b100000111 6
b100000110 2
1L
0d
1c
b100000110 (
#74680
0!
0+
#74700
1!
1+
b100001000 A
b100000111 M
b100000111 4
b100001000 6
b100000111 2
0L
0K
0J
1I
1d
b100000111 (
#74720
0!
0+
#74740
1!
1+
b100001001 A
b100001000 M
b100001000 4
b100001001 6
b100001000 2
1L
0d
0c
0b
1a
b100001000 (
#74760
0!
0+
#74780
1!
1+
b100001010 A
b100001001 M
b100001001 4
b100001010 6
b100001001 2
0L
1K
1d
b100001001 (
#74800
0!
0+
#74820
1!
1+
b100001011 A
b100001010 M
b100001010 4
b100001011 6
b100001010 2
1L
0d
1c
b100001010 (
#74840
0!
0+
#74860
1!
1+
b100001100 A
b100001011 M
b100001011 4
b100001100 6
b100001011 2
0L
0K
1J
1d
b100001011 (
#74880
0!
0+
#74900
1!
1+
b100001101 A
b100001100 M
b100001100 4
b100001101 6
b100001100 2
1L
0d
0c
1b
b100001100 (
#74920
0!
0+
#74940
1!
1+
b100001110 A
b100001101 M
b100001101 4
b100001110 6
b100001101 2
0L
1K
1d
b100001101 (
#74960
0!
0+
#74980
1!
1+
b100001111 A
b100001110 M
b100001110 4
b100001111 6
b100001110 2
1L
0d
1c
b100001110 (
#75000
0!
0+
#75020
1!
1+
b100010000 A
b100001111 M
b100001111 4
b100010000 6
b100001111 2
0L
0K
0J
0I
1H
1d
b100001111 (
#75040
0!
0+
#75060
1!
1+
b100010001 A
b100010000 M
b100010000 4
b100010001 6
b100010000 2
1L
0d
0c
0b
0a
1`
b100010000 (
#75080
0!
0+
#75100
1!
1+
b100010010 A
b100010001 M
b100010001 4
b100010010 6
b100010001 2
0L
1K
1d
b100010001 (
#75120
0!
0+
#75140
1!
1+
b100010011 A
b100010010 M
b100010010 4
b100010011 6
b100010010 2
1L
0d
1c
b100010010 (
#75160
0!
0+
#75180
1!
1+
b100010100 A
b100010011 M
b100010011 4
b100010100 6
b100010011 2
0L
0K
1J
1d
b100010011 (
#75200
0!
0+
#75220
1!
1+
b100010101 A
b100010100 M
b100010100 4
b100010101 6
b100010100 2
1L
0d
0c
1b
b100010100 (
#75240
0!
0+
#75260
1!
1+
b100010110 A
b100010101 M
b100010101 4
b100010110 6
b100010101 2
0L
1K
1d
b100010101 (
#75280
0!
0+
#75300
1!
1+
b100010111 A
b100010110 M
b100010110 4
b100010111 6
b100010110 2
1L
0d
1c
b100010110 (
#75320
0!
0+
#75340
1!
1+
b100011000 A
b100010111 M
b100010111 4
b100011000 6
b100010111 2
0L
0K
0J
1I
1d
b100010111 (
#75360
0!
0+
#75380
1!
1+
b100011001 A
b100011000 M
b100011000 4
b100011001 6
b100011000 2
1L
0d
0c
0b
1a
b100011000 (
#75400
0!
0+
#75420
1!
1+
b100011010 A
b100011001 M
b100011001 4
b100011010 6
b100011001 2
0L
1K
1d
b100011001 (
#75440
0!
0+
#75460
1!
1+
b100011011 A
b100011010 M
b100011010 4
b100011011 6
b100011010 2
1L
0d
1c
b100011010 (
#75480
0!
0+
#75500
1!
1+
b100011100 A
b100011011 M
b100011011 4
b100011100 6
b100011011 2
0L
0K
1J
1d
b100011011 (
#75520
0!
0+
#75540
1!
1+
b100011101 A
b100011100 M
b100011100 4
b100011101 6
b100011100 2
1L
0d
0c
1b
b100011100 (
#75560
0!
0+
#75580
1!
1+
b100011110 A
b100011101 M
b100011101 4
b100011110 6
b100011101 2
0L
1K
1d
b100011101 (
#75600
0!
0+
#75620
1!
1+
b100011111 A
b100011110 M
b100011110 4
b100011111 6
b100011110 2
1L
0d
1c
b100011110 (
#75640
0!
0+
#75660
1!
1+
b100100000 A
b100011111 M
b100011111 4
b100100000 6
b100011111 2
0L
0K
0J
0I
0H
1G
1d
b100011111 (
#75680
0!
0+
#75700
1!
1+
b100100001 A
b100100000 M
b100100000 4
b100100001 6
b100100000 2
1L
0d
0c
0b
0a
0`
1_
b100100000 (
#75720
0!
0+
#75740
1!
1+
b100100010 A
b100100001 M
b100100001 4
b100100010 6
b100100001 2
0L
1K
1d
b100100001 (
#75760
0!
0+
#75780
1!
1+
b100100011 A
b100100010 M
b100100010 4
b100100011 6
b100100010 2
1L
0d
1c
b100100010 (
#75800
0!
0+
#75820
1!
1+
b100100100 A
b100100011 M
b100100011 4
b100100100 6
b100100011 2
0L
0K
1J
1d
b100100011 (
#75840
0!
0+
#75860
1!
1+
b100100101 A
b100100100 M
b100100100 4
b100100101 6
b100100100 2
1L
0d
0c
1b
b100100100 (
#75880
0!
0+
#75900
1!
1+
b100100110 A
b100100101 M
b100100101 4
b100100110 6
b100100101 2
0L
1K
1d
b100100101 (
#75920
0!
0+
#75940
1!
1+
b100100111 A
b100100110 M
b100100110 4
b100100111 6
b100100110 2
1L
0d
1c
b100100110 (
#75960
0!
0+
#75980
1!
1+
b100101000 A
b100100111 M
b100100111 4
b100101000 6
b100100111 2
0L
0K
0J
1I
1d
b100100111 (
#76000
0!
0+
#76020
1!
1+
b100101001 A
b100101000 M
b100101000 4
b100101001 6
b100101000 2
1L
0d
0c
0b
1a
b100101000 (
#76040
0!
0+
#76060
1!
1+
b100101010 A
b100101001 M
b100101001 4
b100101010 6
b100101001 2
0L
1K
1d
b100101001 (
#76080
0!
0+
#76100
1!
1+
b100101011 A
b100101010 M
b100101010 4
b100101011 6
b100101010 2
1L
0d
1c
b100101010 (
#76120
0!
0+
#76140
1!
1+
b100101100 A
b100101011 M
b100101011 4
b100101100 6
b100101011 2
0L
0K
1J
1d
b100101011 (
#76160
0!
0+
#76180
1!
1+
b100101101 A
b100101100 M
b100101100 4
b100101101 6
b100101100 2
1L
0d
0c
1b
b100101100 (
#76200
0!
0+
#76220
1!
1+
b100101110 A
b100101101 M
b100101101 4
b100101110 6
b100101101 2
0L
1K
1d
b100101101 (
#76240
0!
0+
#76260
1!
1+
b100101111 A
b100101110 M
b100101110 4
b100101111 6
b100101110 2
1L
0d
1c
b100101110 (
#76280
0!
0+
#76300
1!
1+
b100110000 A
b100101111 M
b100101111 4
b100110000 6
b100101111 2
0L
0K
0J
0I
1H
1d
b100101111 (
#76320
0!
0+
#76340
1!
1+
b100110001 A
b100110000 M
b100110000 4
b100110001 6
b100110000 2
1L
0d
0c
0b
0a
1`
b100110000 (
#76360
0!
0+
#76380
1!
1+
b100110010 A
b100110001 M
b100110001 4
b100110010 6
b100110001 2
0L
1K
1d
b100110001 (
#76400
0!
0+
#76420
1!
1+
b100110011 A
b100110010 M
b100110010 4
b100110011 6
b100110010 2
1L
0d
1c
b100110010 (
#76440
0!
0+
#76460
1!
1+
b100110100 A
b100110011 M
b100110011 4
b100110100 6
b100110011 2
0L
0K
1J
1d
b100110011 (
#76480
0!
0+
#76500
1!
1+
b100110101 A
b100110100 M
b100110100 4
b100110101 6
b100110100 2
1L
0d
0c
1b
b100110100 (
#76520
0!
0+
#76540
1!
1+
b100110110 A
b100110101 M
b100110101 4
b100110110 6
b100110101 2
0L
1K
1d
b100110101 (
#76560
0!
0+
#76580
1!
1+
b100110111 A
b100110110 M
b100110110 4
b100110111 6
b100110110 2
1L
0d
1c
b100110110 (
#76600
0!
0+
#76620
1!
1+
b100111000 A
b100110111 M
b100110111 4
b100111000 6
b100110111 2
0L
0K
0J
1I
1d
b100110111 (
#76640
0!
0+
#76660
1!
1+
b100111001 A
b100111000 M
b100111000 4
b100111001 6
b100111000 2
1L
0d
0c
0b
1a
b100111000 (
#76680
0!
0+
#76700
1!
1+
b100111010 A
b100111001 M
b100111001 4
b100111010 6
b100111001 2
0L
1K
1d
b100111001 (
#76720
0!
0+
#76740
1!
1+
b100111011 A
b100111010 M
b100111010 4
b100111011 6
b100111010 2
1L
0d
1c
b100111010 (
#76760
0!
0+
#76780
1!
1+
b100111100 A
b100111011 M
b100111011 4
b100111100 6
b100111011 2
0L
0K
1J
1d
b100111011 (
#76800
0!
0+
#76820
1!
1+
b100111101 A
b100111100 M
b100111100 4
b100111101 6
b100111100 2
1L
0d
0c
1b
b100111100 (
#76840
0!
0+
#76860
1!
1+
b100111110 A
b100111101 M
b100111101 4
b100111110 6
b100111101 2
0L
1K
1d
b100111101 (
#76880
0!
0+
#76900
1!
1+
b100111111 A
b100111110 M
b100111110 4
b100111111 6
b100111110 2
1L
0d
1c
b100111110 (
#76920
0!
0+
#76940
1!
1+
b101000000 A
b100111111 M
b100111111 4
b101000000 6
b100111111 2
0L
0K
0J
0I
0H
0G
1F
1d
b100111111 (
#76960
0!
0+
#76980
1!
1+
b101000001 A
b101000000 M
b101000000 4
b101000001 6
b101000000 2
1L
0d
0c
0b
0a
0`
0_
1^
b101000000 (
#77000
0!
0+
#77020
1!
1+
b101000010 A
b101000001 M
b101000001 4
b101000010 6
b101000001 2
0L
1K
1d
b101000001 (
#77040
0!
0+
#77060
1!
1+
b101000011 A
b101000010 M
b101000010 4
b101000011 6
b101000010 2
1L
0d
1c
b101000010 (
#77080
0!
0+
#77100
1!
1+
b101000100 A
b101000011 M
b101000011 4
b101000100 6
b101000011 2
0L
0K
1J
1d
b101000011 (
#77120
0!
0+
#77140
1!
1+
b101000101 A
b101000100 M
b101000100 4
b101000101 6
b101000100 2
1L
0d
0c
1b
b101000100 (
#77160
0!
0+
#77180
1!
1+
b101000110 A
b101000101 M
b101000101 4
b101000110 6
b101000101 2
0L
1K
1d
b101000101 (
#77200
0!
0+
#77220
1!
1+
b101000111 A
b101000110 M
b101000110 4
b101000111 6
b101000110 2
1L
0d
1c
b101000110 (
#77240
0!
0+
#77260
1!
1+
b101001000 A
b101000111 M
b101000111 4
b101001000 6
b101000111 2
0L
0K
0J
1I
1d
b101000111 (
#77280
0!
0+
#77300
1!
1+
b101001001 A
b101001000 M
b101001000 4
b101001001 6
b101001000 2
1L
0d
0c
0b
1a
b101001000 (
#77320
0!
0+
#77340
1!
1+
b101001010 A
b101001001 M
b101001001 4
b101001010 6
b101001001 2
0L
1K
1d
b101001001 (
#77360
0!
0+
#77380
1!
1+
b101001011 A
b101001010 M
b101001010 4
b101001011 6
b101001010 2
1L
0d
1c
b101001010 (
#77400
0!
0+
#77420
1!
1+
b101001100 A
b101001011 M
b101001011 4
b101001100 6
b101001011 2
0L
0K
1J
1d
b101001011 (
#77440
0!
0+
#77460
1!
1+
b101001101 A
b101001100 M
b101001100 4
b101001101 6
b101001100 2
1L
0d
0c
1b
b101001100 (
#77480
0!
0+
#77500
1!
1+
b101001110 A
b101001101 M
b101001101 4
b101001110 6
b101001101 2
0L
1K
1d
b101001101 (
#77520
0!
0+
#77540
1!
1+
b101001111 A
b101001110 M
b101001110 4
b101001111 6
b101001110 2
1L
0d
1c
b101001110 (
#77560
0!
0+
#77580
1!
1+
b101010000 A
b101001111 M
b101001111 4
b101010000 6
b101001111 2
0L
0K
0J
0I
1H
1d
b101001111 (
#77600
0!
0+
#77620
1!
1+
b101010001 A
b101010000 M
b101010000 4
b101010001 6
b101010000 2
1L
0d
0c
0b
0a
1`
b101010000 (
#77640
0!
0+
#77660
1!
1+
b101010010 A
b101010001 M
b101010001 4
b101010010 6
b101010001 2
0L
1K
1d
b101010001 (
#77680
0!
0+
#77700
1!
1+
b101010011 A
b101010010 M
b101010010 4
b101010011 6
b101010010 2
1L
0d
1c
b101010010 (
#77720
0!
0+
#77740
1!
1+
b101010100 A
b101010011 M
b101010011 4
b101010100 6
b101010011 2
0L
0K
1J
1d
b101010011 (
#77760
0!
0+
#77780
1!
1+
b101010101 A
b101010100 M
b101010100 4
b101010101 6
b101010100 2
1L
0d
0c
1b
b101010100 (
#77800
0!
0+
#77820
1!
1+
b101010110 A
b101010101 M
b101010101 4
b101010110 6
b101010101 2
0L
1K
1d
b101010101 (
#77840
0!
0+
#77860
1!
1+
b101010111 A
b101010110 M
b101010110 4
b101010111 6
b101010110 2
1L
0d
1c
b101010110 (
#77880
0!
0+
#77900
1!
1+
b101011000 A
b101010111 M
b101010111 4
b101011000 6
b101010111 2
0L
0K
0J
1I
1d
b101010111 (
#77920
0!
0+
#77940
1!
1+
b101011001 A
b101011000 M
b101011000 4
b101011001 6
b101011000 2
1L
0d
0c
0b
1a
b101011000 (
#77960
0!
0+
#77980
1!
1+
b101011010 A
b101011001 M
b101011001 4
b101011010 6
b101011001 2
0L
1K
1d
b101011001 (
#78000
0!
0+
#78020
1!
1+
b101011011 A
b101011010 M
b101011010 4
b101011011 6
b101011010 2
1L
0d
1c
b101011010 (
#78040
0!
0+
#78060
1!
1+
b101011100 A
b101011011 M
b101011011 4
b101011100 6
b101011011 2
0L
0K
1J
1d
b101011011 (
#78080
0!
0+
#78100
1!
1+
b101011101 A
b101011100 M
b101011100 4
b101011101 6
b101011100 2
1L
0d
0c
1b
b101011100 (
#78120
0!
0+
#78140
1!
1+
b101011110 A
b101011101 M
b101011101 4
b101011110 6
b101011101 2
0L
1K
1d
b101011101 (
#78160
0!
0+
#78180
1!
1+
b101011111 A
b101011110 M
b101011110 4
b101011111 6
b101011110 2
1L
0d
1c
b101011110 (
#78200
0!
0+
#78220
1!
1+
b101100000 A
b101011111 M
b101011111 4
b101100000 6
b101011111 2
0L
0K
0J
0I
0H
1G
1d
b101011111 (
#78240
0!
0+
#78260
1!
1+
b101100001 A
b101100000 M
b101100000 4
b101100001 6
b101100000 2
1L
0d
0c
0b
0a
0`
1_
b101100000 (
#78280
0!
0+
#78300
1!
1+
b101100010 A
b101100001 M
b101100001 4
b101100010 6
b101100001 2
0L
1K
1d
b101100001 (
#78320
0!
0+
#78340
1!
1+
b101100011 A
b101100010 M
b101100010 4
b101100011 6
b101100010 2
1L
0d
1c
b101100010 (
#78360
0!
0+
#78380
1!
1+
b101100100 A
b101100011 M
b101100011 4
b101100100 6
b101100011 2
0L
0K
1J
1d
b101100011 (
#78400
0!
0+
#78420
1!
1+
b101100101 A
b101100100 M
b101100100 4
b101100101 6
b101100100 2
1L
0d
0c
1b
b101100100 (
#78440
0!
0+
#78460
1!
1+
b101100110 A
b101100101 M
b101100101 4
b101100110 6
b101100101 2
0L
1K
1d
b101100101 (
#78480
0!
0+
#78500
1!
1+
b101100111 A
b101100110 M
b101100110 4
b101100111 6
b101100110 2
1L
0d
1c
b101100110 (
#78520
0!
0+
#78540
1!
1+
b101101000 A
b101100111 M
b101100111 4
b101101000 6
b101100111 2
0L
0K
0J
1I
1d
b101100111 (
#78560
0!
0+
#78580
1!
1+
b101101001 A
b101101000 M
b101101000 4
b101101001 6
b101101000 2
1L
0d
0c
0b
1a
b101101000 (
#78600
0!
0+
#78620
1!
1+
b101101010 A
b101101001 M
b101101001 4
b101101010 6
b101101001 2
0L
1K
1d
b101101001 (
#78640
0!
0+
#78660
1!
1+
b101101011 A
b101101010 M
b101101010 4
b101101011 6
b101101010 2
1L
0d
1c
b101101010 (
#78680
0!
0+
#78700
1!
1+
b101101100 A
b101101011 M
b101101011 4
b101101100 6
b101101011 2
0L
0K
1J
1d
b101101011 (
#78720
0!
0+
#78740
1!
1+
b101101101 A
b101101100 M
b101101100 4
b101101101 6
b101101100 2
1L
0d
0c
1b
b101101100 (
#78760
0!
0+
#78780
1!
1+
b101101110 A
b101101101 M
b101101101 4
b101101110 6
b101101101 2
0L
1K
1d
b101101101 (
#78800
0!
0+
#78820
1!
1+
b101101111 A
b101101110 M
b101101110 4
b101101111 6
b101101110 2
1L
0d
1c
b101101110 (
#78840
0!
0+
#78860
1!
1+
b101110000 A
b101101111 M
b101101111 4
b101110000 6
b101101111 2
0L
0K
0J
0I
1H
1d
b101101111 (
#78880
0!
0+
#78900
1!
1+
b101110001 A
b101110000 M
b101110000 4
b101110001 6
b101110000 2
1L
0d
0c
0b
0a
1`
b101110000 (
#78920
0!
0+
#78940
1!
1+
b101110010 A
b101110001 M
b101110001 4
b101110010 6
b101110001 2
0L
1K
1d
b101110001 (
#78960
0!
0+
#78980
1!
1+
b101110011 A
b101110010 M
b101110010 4
b101110011 6
b101110010 2
1L
0d
1c
b101110010 (
#79000
0!
0+
#79020
1!
1+
b101110100 A
b101110011 M
b101110011 4
b101110100 6
b101110011 2
0L
0K
1J
1d
b101110011 (
#79040
0!
0+
#79060
1!
1+
b101110101 A
b101110100 M
b101110100 4
b101110101 6
b101110100 2
1L
0d
0c
1b
b101110100 (
#79080
0!
0+
#79100
1!
1+
b101110110 A
b101110101 M
b101110101 4
b101110110 6
b101110101 2
0L
1K
1d
b101110101 (
#79120
0!
0+
#79140
1!
1+
b101110111 A
b101110110 M
b101110110 4
b101110111 6
b101110110 2
1L
0d
1c
b101110110 (
#79160
0!
0+
#79180
1!
1+
b101111000 A
b101110111 M
b101110111 4
b101111000 6
b101110111 2
0L
0K
0J
1I
1d
b101110111 (
#79200
0!
0+
#79220
1!
1+
b101111001 A
b101111000 M
b101111000 4
b101111001 6
b101111000 2
1L
0d
0c
0b
1a
b101111000 (
#79240
0!
0+
#79260
1!
1+
b101111010 A
b101111001 M
b101111001 4
b101111010 6
b101111001 2
0L
1K
1d
b101111001 (
#79280
0!
0+
#79300
1!
1+
b101111011 A
b101111010 M
b101111010 4
b101111011 6
b101111010 2
1L
0d
1c
b101111010 (
#79320
0!
0+
#79340
1!
1+
b101111100 A
b101111011 M
b101111011 4
b101111100 6
b101111011 2
0L
0K
1J
1d
b101111011 (
#79360
0!
0+
#79380
1!
1+
b101111101 A
b101111100 M
b101111100 4
b101111101 6
b101111100 2
1L
0d
0c
1b
b101111100 (
#79400
0!
0+
#79420
1!
1+
b101111110 A
b101111101 M
b101111101 4
b101111110 6
b101111101 2
0L
1K
1d
b101111101 (
#79440
0!
0+
#79460
1!
1+
b101111111 A
b101111110 M
b101111110 4
b101111111 6
b101111110 2
1L
0d
1c
b101111110 (
#79480
0!
0+
#79500
1!
1+
b110000000 A
b101111111 M
b101111111 4
b110000000 6
b101111111 2
0L
0K
0J
0I
0H
0G
0F
1E
1d
b101111111 (
#79520
0!
0+
#79540
1!
1+
b110000001 A
b110000000 M
b110000000 4
b110000001 6
b110000000 2
1L
0d
0c
0b
0a
0`
0_
0^
1]
b110000000 (
#79560
0!
0+
#79580
1!
1+
b110000010 A
b110000001 M
b110000001 4
b110000010 6
b110000001 2
0L
1K
1d
b110000001 (
#79600
0!
0+
#79620
1!
1+
b110000011 A
b110000010 M
b110000010 4
b110000011 6
b110000010 2
1L
0d
1c
b110000010 (
#79640
0!
0+
#79660
1!
1+
b110000100 A
b110000011 M
b110000011 4
b110000100 6
b110000011 2
0L
0K
1J
1d
b110000011 (
#79680
0!
0+
#79700
1!
1+
b110000101 A
b110000100 M
b110000100 4
b110000101 6
b110000100 2
1L
0d
0c
1b
b110000100 (
#79720
0!
0+
#79740
1!
1+
b110000110 A
b110000101 M
b110000101 4
b110000110 6
b110000101 2
0L
1K
1d
b110000101 (
#79760
0!
0+
#79780
1!
1+
b110000111 A
b110000110 M
b110000110 4
b110000111 6
b110000110 2
1L
0d
1c
b110000110 (
#79800
0!
0+
#79820
1!
1+
b110001000 A
b110000111 M
b110000111 4
b110001000 6
b110000111 2
0L
0K
0J
1I
1d
b110000111 (
#79840
0!
0+
#79860
1!
1+
b110001001 A
b110001000 M
b110001000 4
b110001001 6
b110001000 2
1L
0d
0c
0b
1a
b110001000 (
#79880
0!
0+
#79900
1!
1+
b110001010 A
b110001001 M
b110001001 4
b110001010 6
b110001001 2
0L
1K
1d
b110001001 (
#79920
0!
0+
#79940
1!
1+
b110001011 A
b110001010 M
b110001010 4
b110001011 6
b110001010 2
1L
0d
1c
b110001010 (
#79960
0!
0+
#79980
1!
1+
b110001100 A
b110001011 M
b110001011 4
b110001100 6
b110001011 2
0L
0K
1J
1d
b110001011 (
#80000
0!
0+
#80020
1!
1+
b110001101 A
b110001100 M
b110001100 4
b110001101 6
b110001100 2
1L
0d
0c
1b
b110001100 (
#80040
0!
0+
#80060
1!
1+
b110001110 A
b110001101 M
b110001101 4
b110001110 6
b110001101 2
0L
1K
1d
b110001101 (
#80080
0!
0+
#80100
1!
1+
b110001111 A
b110001110 M
b110001110 4
b110001111 6
b110001110 2
1L
0d
1c
b110001110 (
#80120
0!
0+
#80140
1!
1+
b110010000 A
b110001111 M
b110001111 4
b110010000 6
b110001111 2
0L
0K
0J
0I
1H
1d
b110001111 (
#80160
0!
0+
#80180
1!
1+
b110010001 A
b110010000 M
b110010000 4
b110010001 6
b110010000 2
1L
0d
0c
0b
0a
1`
b110010000 (
#80200
0!
0+
#80220
1!
1+
b110010010 A
b110010001 M
b110010001 4
b110010010 6
b110010001 2
0L
1K
1d
b110010001 (
#80240
0!
0+
#80260
1!
1+
b110010011 A
b110010010 M
b110010010 4
b110010011 6
b110010010 2
1L
0d
1c
b110010010 (
#80280
0!
0+
#80300
1!
1+
b110010100 A
b110010011 M
b110010011 4
b110010100 6
b110010011 2
0L
0K
1J
1d
b110010011 (
#80320
0!
0+
#80340
1!
1+
b110010101 A
b110010100 M
b110010100 4
b110010101 6
b110010100 2
1L
0d
0c
1b
b110010100 (
#80360
0!
0+
#80380
1!
1+
b110010110 A
b110010101 M
b110010101 4
b110010110 6
b110010101 2
0L
1K
1d
b110010101 (
#80400
0!
0+
#80420
1!
1+
b110010111 A
b110010110 M
b110010110 4
b110010111 6
b110010110 2
1L
0d
1c
b110010110 (
#80440
0!
0+
#80460
1!
1+
b110011000 A
b110010111 M
b110010111 4
b110011000 6
b110010111 2
0L
0K
0J
1I
1d
b110010111 (
#80480
0!
0+
#80500
1!
1+
b110011001 A
b110011000 M
b110011000 4
b110011001 6
b110011000 2
1L
0d
0c
0b
1a
b110011000 (
#80520
0!
0+
#80540
1!
1+
b110011010 A
b110011001 M
b110011001 4
b110011010 6
b110011001 2
0L
1K
1d
b110011001 (
#80560
0!
0+
#80580
1!
1+
b110011011 A
b110011010 M
b110011010 4
b110011011 6
b110011010 2
1L
0d
1c
b110011010 (
#80600
0!
0+
#80620
1!
1+
b110011100 A
b110011011 M
b110011011 4
b110011100 6
b110011011 2
0L
0K
1J
1d
b110011011 (
#80640
0!
0+
#80660
1!
1+
b110011101 A
b110011100 M
b110011100 4
b110011101 6
b110011100 2
1L
0d
0c
1b
b110011100 (
#80680
0!
0+
#80700
1!
1+
b110011110 A
b110011101 M
b110011101 4
b110011110 6
b110011101 2
0L
1K
1d
b110011101 (
#80720
0!
0+
#80740
1!
1+
b110011111 A
b110011110 M
b110011110 4
b110011111 6
b110011110 2
1L
0d
1c
b110011110 (
#80760
0!
0+
#80780
1!
1+
b110100000 A
b110011111 M
b110011111 4
b110100000 6
b110011111 2
0L
0K
0J
0I
0H
1G
1d
b110011111 (
#80800
0!
0+
#80820
1!
1+
b110100001 A
b110100000 M
b110100000 4
b110100001 6
b110100000 2
1L
0d
0c
0b
0a
0`
1_
b110100000 (
#80840
0!
0+
#80860
1!
1+
b110100010 A
b110100001 M
b110100001 4
b110100010 6
b110100001 2
0L
1K
1d
b110100001 (
#80880
0!
0+
#80900
1!
1+
b110100011 A
b110100010 M
b110100010 4
b110100011 6
b110100010 2
1L
0d
1c
b110100010 (
#80920
0!
0+
#80940
1!
1+
b110100100 A
b110100011 M
b110100011 4
b110100100 6
b110100011 2
0L
0K
1J
1d
b110100011 (
#80960
0!
0+
#80980
1!
1+
b110100101 A
b110100100 M
b110100100 4
b110100101 6
b110100100 2
1L
0d
0c
1b
b110100100 (
#81000
0!
0+
#81020
1!
1+
b110100110 A
b110100101 M
b110100101 4
b110100110 6
b110100101 2
0L
1K
1d
b110100101 (
#81040
0!
0+
#81060
1!
1+
b110100111 A
b110100110 M
b110100110 4
b110100111 6
b110100110 2
1L
0d
1c
b110100110 (
#81080
0!
0+
#81100
1!
1+
b110101000 A
b110100111 M
b110100111 4
b110101000 6
b110100111 2
0L
0K
0J
1I
1d
b110100111 (
#81120
0!
0+
#81140
1!
1+
b110101001 A
b110101000 M
b110101000 4
b110101001 6
b110101000 2
1L
0d
0c
0b
1a
b110101000 (
#81160
0!
0+
#81180
1!
1+
b110101010 A
b110101001 M
b110101001 4
b110101010 6
b110101001 2
0L
1K
1d
b110101001 (
#81200
0!
0+
#81220
1!
1+
b110101011 A
b110101010 M
b110101010 4
b110101011 6
b110101010 2
1L
0d
1c
b110101010 (
#81240
0!
0+
#81260
1!
1+
b110101100 A
b110101011 M
b110101011 4
b110101100 6
b110101011 2
0L
0K
1J
1d
b110101011 (
#81280
0!
0+
#81300
1!
1+
b110101101 A
b110101100 M
b110101100 4
b110101101 6
b110101100 2
1L
0d
0c
1b
b110101100 (
#81320
0!
0+
#81340
1!
1+
b110101110 A
b110101101 M
b110101101 4
b110101110 6
b110101101 2
0L
1K
1d
b110101101 (
#81360
0!
0+
#81380
1!
1+
b110101111 A
b110101110 M
b110101110 4
b110101111 6
b110101110 2
1L
0d
1c
b110101110 (
#81400
0!
0+
#81420
1!
1+
b110110000 A
b110101111 M
b110101111 4
b110110000 6
b110101111 2
0L
0K
0J
0I
1H
1d
b110101111 (
#81440
0!
0+
#81460
1!
1+
b110110001 A
b110110000 M
b110110000 4
b110110001 6
b110110000 2
1L
0d
0c
0b
0a
1`
b110110000 (
#81480
0!
0+
#81500
1!
1+
b110110010 A
b110110001 M
b110110001 4
b110110010 6
b110110001 2
0L
1K
1d
b110110001 (
#81520
0!
0+
#81540
1!
1+
b110110011 A
b110110010 M
b110110010 4
b110110011 6
b110110010 2
1L
0d
1c
b110110010 (
#81560
0!
0+
#81580
1!
1+
b110110100 A
b110110011 M
b110110011 4
b110110100 6
b110110011 2
0L
0K
1J
1d
b110110011 (
#81600
0!
0+
#81620
1!
1+
b110110101 A
b110110100 M
b110110100 4
b110110101 6
b110110100 2
1L
0d
0c
1b
b110110100 (
#81640
0!
0+
#81660
1!
1+
b110110110 A
b110110101 M
b110110101 4
b110110110 6
b110110101 2
0L
1K
1d
b110110101 (
#81680
0!
0+
#81700
1!
1+
b110110111 A
b110110110 M
b110110110 4
b110110111 6
b110110110 2
1L
0d
1c
b110110110 (
#81720
0!
0+
#81740
1!
1+
b110111000 A
b110110111 M
b110110111 4
b110111000 6
b110110111 2
0L
0K
0J
1I
1d
b110110111 (
#81760
0!
0+
#81780
1!
1+
b110111001 A
b110111000 M
b110111000 4
b110111001 6
b110111000 2
1L
0d
0c
0b
1a
b110111000 (
#81800
0!
0+
#81820
1!
1+
b110111010 A
b110111001 M
b110111001 4
b110111010 6
b110111001 2
0L
1K
1d
b110111001 (
#81840
0!
0+
#81860
1!
1+
b110111011 A
b110111010 M
b110111010 4
b110111011 6
b110111010 2
1L
0d
1c
b110111010 (
#81880
0!
0+
#81900
1!
1+
b110111100 A
b110111011 M
b110111011 4
b110111100 6
b110111011 2
0L
0K
1J
1d
b110111011 (
#81920
0!
0+
#81940
1!
1+
b110111101 A
b110111100 M
b110111100 4
b110111101 6
b110111100 2
1L
0d
0c
1b
b110111100 (
#81960
0!
0+
#81980
1!
1+
b110111110 A
b110111101 M
b110111101 4
b110111110 6
b110111101 2
0L
1K
1d
b110111101 (
#82000
0!
0+
#82020
1!
1+
b110111111 A
b110111110 M
b110111110 4
b110111111 6
b110111110 2
1L
0d
1c
b110111110 (
#82040
0!
0+
#82060
1!
1+
b111000000 A
b110111111 M
b110111111 4
b111000000 6
b110111111 2
0L
0K
0J
0I
0H
0G
1F
1d
b110111111 (
#82080
0!
0+
#82100
1!
1+
b111000001 A
b111000000 M
b111000000 4
b111000001 6
b111000000 2
1L
0d
0c
0b
0a
0`
0_
1^
b111000000 (
#82120
0!
0+
#82140
1!
1+
b111000010 A
b111000001 M
b111000001 4
b111000010 6
b111000001 2
0L
1K
1d
b111000001 (
#82160
0!
0+
#82180
1!
1+
b111000011 A
b111000010 M
b111000010 4
b111000011 6
b111000010 2
1L
0d
1c
b111000010 (
#82200
0!
0+
#82220
1!
1+
b111000100 A
b111000011 M
b111000011 4
b111000100 6
b111000011 2
0L
0K
1J
1d
b111000011 (
#82240
0!
0+
#82260
1!
1+
b111000101 A
b111000100 M
b111000100 4
b111000101 6
b111000100 2
1L
0d
0c
1b
b111000100 (
#82280
0!
0+
#82300
1!
1+
b111000110 A
b111000101 M
b111000101 4
b111000110 6
b111000101 2
0L
1K
1d
b111000101 (
#82320
0!
0+
#82340
1!
1+
b111000111 A
b111000110 M
b111000110 4
b111000111 6
b111000110 2
1L
0d
1c
b111000110 (
#82360
0!
0+
#82380
1!
1+
b111001000 A
b111000111 M
b111000111 4
b111001000 6
b111000111 2
0L
0K
0J
1I
1d
b111000111 (
#82400
0!
0+
#82420
1!
1+
b111001001 A
b111001000 M
b111001000 4
b111001001 6
b111001000 2
1L
0d
0c
0b
1a
b111001000 (
#82440
0!
0+
#82460
1!
1+
b111001010 A
b111001001 M
b111001001 4
b111001010 6
b111001001 2
0L
1K
1d
b111001001 (
#82480
0!
0+
#82500
1!
1+
b111001011 A
b111001010 M
b111001010 4
b111001011 6
b111001010 2
1L
0d
1c
b111001010 (
#82520
0!
0+
#82540
1!
1+
b111001100 A
b111001011 M
b111001011 4
b111001100 6
b111001011 2
0L
0K
1J
1d
b111001011 (
#82560
0!
0+
#82580
1!
1+
b111001101 A
b111001100 M
b111001100 4
b111001101 6
b111001100 2
1L
0d
0c
1b
b111001100 (
#82600
0!
0+
#82620
1!
1+
b111001110 A
b111001101 M
b111001101 4
b111001110 6
b111001101 2
0L
1K
1d
b111001101 (
#82640
0!
0+
#82660
1!
1+
b111001111 A
b111001110 M
b111001110 4
b111001111 6
b111001110 2
1L
0d
1c
b111001110 (
#82680
0!
0+
#82700
1!
1+
b111010000 A
b111001111 M
b111001111 4
b111010000 6
b111001111 2
0L
0K
0J
0I
1H
1d
b111001111 (
#82720
0!
0+
#82740
1!
1+
b111010001 A
b111010000 M
b111010000 4
b111010001 6
b111010000 2
1L
0d
0c
0b
0a
1`
b111010000 (
#82760
0!
0+
#82780
1!
1+
b111010010 A
b111010001 M
b111010001 4
b111010010 6
b111010001 2
0L
1K
1d
b111010001 (
#82800
0!
0+
#82820
1!
1+
b111010011 A
b111010010 M
b111010010 4
b111010011 6
b111010010 2
1L
0d
1c
b111010010 (
#82840
0!
0+
#82860
1!
1+
b111010100 A
b111010011 M
b111010011 4
b111010100 6
b111010011 2
0L
0K
1J
1d
b111010011 (
#82880
0!
0+
#82900
1!
1+
b111010101 A
b111010100 M
b111010100 4
b111010101 6
b111010100 2
1L
0d
0c
1b
b111010100 (
#82920
0!
0+
#82940
1!
1+
b111010110 A
b111010101 M
b111010101 4
b111010110 6
b111010101 2
0L
1K
1d
b111010101 (
#82960
0!
0+
#82980
1!
1+
b111010111 A
b111010110 M
b111010110 4
b111010111 6
b111010110 2
1L
0d
1c
b111010110 (
#83000
0!
0+
#83020
1!
1+
b111011000 A
b111010111 M
b111010111 4
b111011000 6
b111010111 2
0L
0K
0J
1I
1d
b111010111 (
#83040
0!
0+
#83060
1!
1+
b111011001 A
b111011000 M
b111011000 4
b111011001 6
b111011000 2
1L
0d
0c
0b
1a
b111011000 (
#83080
0!
0+
#83100
1!
1+
b111011010 A
b111011001 M
b111011001 4
b111011010 6
b111011001 2
0L
1K
1d
b111011001 (
#83120
0!
0+
#83140
1!
1+
b111011011 A
b111011010 M
b111011010 4
b111011011 6
b111011010 2
1L
0d
1c
b111011010 (
#83160
0!
0+
#83180
1!
1+
b111011100 A
b111011011 M
b111011011 4
b111011100 6
b111011011 2
0L
0K
1J
1d
b111011011 (
#83200
0!
0+
#83220
1!
1+
b111011101 A
b111011100 M
b111011100 4
b111011101 6
b111011100 2
1L
0d
0c
1b
b111011100 (
#83240
0!
0+
#83260
1!
1+
b111011110 A
b111011101 M
b111011101 4
b111011110 6
b111011101 2
0L
1K
1d
b111011101 (
#83280
0!
0+
#83300
1!
1+
b111011111 A
b111011110 M
b111011110 4
b111011111 6
b111011110 2
1L
0d
1c
b111011110 (
#83320
0!
0+
#83340
1!
1+
b111100000 A
b111011111 M
b111011111 4
b111100000 6
b111011111 2
0L
0K
0J
0I
0H
1G
1d
b111011111 (
#83360
0!
0+
#83380
1!
1+
b111100001 A
b111100000 M
b111100000 4
b111100001 6
b111100000 2
1L
0d
0c
0b
0a
0`
1_
b111100000 (
#83400
0!
0+
#83420
1!
1+
b111100010 A
b111100001 M
b111100001 4
b111100010 6
b111100001 2
0L
1K
1d
b111100001 (
#83440
0!
0+
#83460
1!
1+
b111100011 A
b111100010 M
b111100010 4
b111100011 6
b111100010 2
1L
0d
1c
b111100010 (
#83480
0!
0+
#83500
1!
1+
b111100100 A
b111100011 M
b111100011 4
b111100100 6
b111100011 2
0L
0K
1J
1d
b111100011 (
#83520
0!
0+
#83540
1!
1+
b111100101 A
b111100100 M
b111100100 4
b111100101 6
b111100100 2
1L
0d
0c
1b
b111100100 (
#83560
0!
0+
#83580
1!
1+
b111100110 A
b111100101 M
b111100101 4
b111100110 6
b111100101 2
0L
1K
1d
b111100101 (
#83600
0!
0+
#83620
1!
1+
b111100111 A
b111100110 M
b111100110 4
b111100111 6
b111100110 2
1L
0d
1c
b111100110 (
#83640
0!
0+
#83660
1!
1+
b111101000 A
b111100111 M
b111100111 4
b111101000 6
b111100111 2
0L
0K
0J
1I
1d
b111100111 (
#83680
0!
0+
#83700
1!
1+
b111101001 A
b111101000 M
b111101000 4
b111101001 6
b111101000 2
1L
0d
0c
0b
1a
b111101000 (
#83720
0!
0+
#83740
1!
1+
b111101010 A
b111101001 M
b111101001 4
b111101010 6
b111101001 2
0L
1K
1d
b111101001 (
#83760
0!
0+
#83780
1!
1+
b111101011 A
b111101010 M
b111101010 4
b111101011 6
b111101010 2
1L
0d
1c
b111101010 (
#83800
0!
0+
#83820
1!
1+
b111101100 A
b111101011 M
b111101011 4
b111101100 6
b111101011 2
0L
0K
1J
1d
b111101011 (
#83840
0!
0+
#83860
1!
1+
b111101101 A
b111101100 M
b111101100 4
b111101101 6
b111101100 2
1L
0d
0c
1b
b111101100 (
#83880
0!
0+
#83900
1!
1+
b111101110 A
b111101101 M
b111101101 4
b111101110 6
b111101101 2
0L
1K
1d
b111101101 (
#83920
0!
0+
#83940
1!
1+
b111101111 A
b111101110 M
b111101110 4
b111101111 6
b111101110 2
1L
0d
1c
b111101110 (
#83960
0!
0+
#83980
1!
1+
b111110000 A
b111101111 M
b111101111 4
b111110000 6
b111101111 2
0L
0K
0J
0I
1H
1d
b111101111 (
#84000
0!
0+
#84020
1!
1+
b111110001 A
b111110000 M
b111110000 4
b111110001 6
b111110000 2
1L
0d
0c
0b
0a
1`
b111110000 (
#84040
0!
0+
#84060
1!
1+
b111110010 A
b111110001 M
b111110001 4
b111110010 6
b111110001 2
0L
1K
1d
b111110001 (
#84080
0!
0+
#84100
1!
1+
b111110011 A
b111110010 M
b111110010 4
b111110011 6
b111110010 2
1L
0d
1c
b111110010 (
#84120
0!
0+
#84140
1!
1+
b111110100 A
b111110011 M
b111110011 4
b111110100 6
b111110011 2
0L
0K
1J
1d
b111110011 (
#84160
0!
0+
#84180
1!
1+
b111110101 A
b111110100 M
b111110100 4
b111110101 6
b111110100 2
1L
0d
0c
1b
b111110100 (
#84200
0!
0+
#84220
1!
1+
b111110110 A
b111110101 M
b111110101 4
b111110110 6
b111110101 2
0L
1K
1d
b111110101 (
#84240
0!
0+
#84260
1!
1+
b111110111 A
b111110110 M
b111110110 4
b111110111 6
b111110110 2
1L
0d
1c
b111110110 (
#84280
0!
0+
#84300
1!
1+
b111111000 A
b111110111 M
b111110111 4
b111111000 6
b111110111 2
0L
0K
0J
1I
1d
b111110111 (
#84320
0!
0+
#84340
1!
1+
b111111001 A
b111111000 M
b111111000 4
b111111001 6
b111111000 2
1L
0d
0c
0b
1a
b111111000 (
#84360
0!
0+
#84380
1!
1+
b111111010 A
b111111001 M
b111111001 4
b111111010 6
b111111001 2
0L
1K
1d
b111111001 (
#84400
0!
0+
#84420
1!
1+
b111111011 A
b111111010 M
b111111010 4
b111111011 6
b111111010 2
1L
0d
1c
b111111010 (
#84440
0!
0+
#84460
1!
1+
b111111100 A
b111111011 M
b111111011 4
b111111100 6
b111111011 2
0L
0K
1J
1d
b111111011 (
#84480
0!
0+
#84500
1!
1+
b111111101 A
b111111100 M
b111111100 4
b111111101 6
b111111100 2
1L
0d
0c
1b
b111111100 (
#84520
0!
0+
#84540
1!
1+
b111111110 A
b111111101 M
b111111101 4
b111111110 6
b111111101 2
0L
1K
1d
b111111101 (
#84560
0!
0+
#84580
1!
1+
b111111111 A
b111111110 M
b111111110 4
b111111111 6
b111111110 2
1L
0d
1c
b111111110 (
#84600
0!
0+
#84620
1!
1+
b1000000000 A
b111111111 M
b111111111 4
b1000000000 6
b111111111 2
0L
0K
0J
0I
0H
0G
0F
0E
0D
1C
1d
b111111111 (
#84640
0!
0+
#84660
1!
1+
b1000000001 A
b1000000000 M
b1000000000 4
b1000000001 6
b1000000000 2
1L
0d
0c
0b
0a
0`
0_
0^
0]
0\
1[
b1000000000 (
#84680
0!
0+
#84700
1!
1+
b1000000010 A
b1000000001 M
b1000000001 4
b1000000010 6
b1000000001 2
0L
1K
1d
b1000000001 (
#84720
0!
0+
#84740
1!
1+
b1000000011 A
b1000000010 M
b1000000010 4
b1000000011 6
b1000000010 2
1L
0d
1c
b1000000010 (
#84760
0!
0+
#84780
1!
1+
b1000000100 A
b1000000011 M
b1000000011 4
b1000000100 6
b1000000011 2
0L
0K
1J
1d
b1000000011 (
#84800
0!
0+
#84820
1!
1+
b1000000101 A
b1000000100 M
b1000000100 4
b1000000101 6
b1000000100 2
1L
0d
0c
1b
b1000000100 (
#84840
0!
0+
#84860
1!
1+
b1000000110 A
b1000000101 M
b1000000101 4
b1000000110 6
b1000000101 2
0L
1K
1d
b1000000101 (
#84880
0!
0+
#84900
1!
1+
b1000000111 A
b1000000110 M
b1000000110 4
b1000000111 6
b1000000110 2
1L
0d
1c
b1000000110 (
#84920
0!
0+
#84940
1!
1+
b1000001000 A
b1000000111 M
b1000000111 4
b1000001000 6
b1000000111 2
0L
0K
0J
1I
1d
b1000000111 (
#84960
0!
0+
#84980
1!
1+
b1000001001 A
b1000001000 M
b1000001000 4
b1000001001 6
b1000001000 2
1L
0d
0c
0b
1a
b1000001000 (
#85000
0!
0+
#85020
1!
1+
b1000001010 A
b1000001001 M
b1000001001 4
b1000001010 6
b1000001001 2
0L
1K
1d
b1000001001 (
#85040
0!
0+
#85060
1!
1+
b1000001011 A
b1000001010 M
b1000001010 4
b1000001011 6
b1000001010 2
1L
0d
1c
b1000001010 (
#85080
0!
0+
#85100
1!
1+
b1000001100 A
b1000001011 M
b1000001011 4
b1000001100 6
b1000001011 2
0L
0K
1J
1d
b1000001011 (
#85120
0!
0+
#85140
1!
1+
b1000001101 A
b1000001100 M
b1000001100 4
b1000001101 6
b1000001100 2
1L
0d
0c
1b
b1000001100 (
#85160
0!
0+
#85180
1!
1+
b1000001110 A
b1000001101 M
b1000001101 4
b1000001110 6
b1000001101 2
0L
1K
1d
b1000001101 (
#85200
0!
0+
#85220
1!
1+
b1000001111 A
b1000001110 M
b1000001110 4
b1000001111 6
b1000001110 2
1L
0d
1c
b1000001110 (
#85240
0!
0+
#85260
1!
1+
b1000010000 A
b1000001111 M
b1000001111 4
b1000010000 6
b1000001111 2
0L
0K
0J
0I
1H
1d
b1000001111 (
#85280
0!
0+
#85300
1!
1+
b1000010001 A
b1000010000 M
b1000010000 4
b1000010001 6
b1000010000 2
1L
0d
0c
0b
0a
1`
b1000010000 (
#85320
0!
0+
#85340
1!
1+
b1000010010 A
b1000010001 M
b1000010001 4
b1000010010 6
b1000010001 2
0L
1K
1d
b1000010001 (
#85360
0!
0+
#85380
1!
1+
b1000010011 A
b1000010010 M
b1000010010 4
b1000010011 6
b1000010010 2
1L
0d
1c
b1000010010 (
#85400
0!
0+
#85420
1!
1+
b1000010100 A
b1000010011 M
b1000010011 4
b1000010100 6
b1000010011 2
0L
0K
1J
1d
b1000010011 (
#85440
0!
0+
#85460
1!
1+
b1000010101 A
b1000010100 M
b1000010100 4
b1000010101 6
b1000010100 2
1L
0d
0c
1b
b1000010100 (
#85480
0!
0+
#85500
1!
1+
b1000010110 A
b1000010101 M
b1000010101 4
b1000010110 6
b1000010101 2
0L
1K
1d
b1000010101 (
#85520
0!
0+
#85540
1!
1+
b1000010111 A
b1000010110 M
b1000010110 4
b1000010111 6
b1000010110 2
1L
0d
1c
b1000010110 (
#85560
0!
0+
#85580
1!
1+
b1000011000 A
b1000010111 M
b1000010111 4
b1000011000 6
b1000010111 2
0L
0K
0J
1I
1d
b1000010111 (
#85600
0!
0+
#85620
1!
1+
b1000011001 A
b1000011000 M
b1000011000 4
b1000011001 6
b1000011000 2
1L
0d
0c
0b
1a
b1000011000 (
#85640
0!
0+
#85660
1!
1+
b1000011010 A
b1000011001 M
b1000011001 4
b1000011010 6
b1000011001 2
0L
1K
1d
b1000011001 (
#85680
0!
0+
#85700
1!
1+
b1000011011 A
b1000011010 M
b1000011010 4
b1000011011 6
b1000011010 2
1L
0d
1c
b1000011010 (
#85720
0!
0+
#85740
1!
1+
b1000011100 A
b1000011011 M
b1000011011 4
b1000011100 6
b1000011011 2
0L
0K
1J
1d
b1000011011 (
#85760
0!
0+
#85780
1!
1+
b1000011101 A
b1000011100 M
b1000011100 4
b1000011101 6
b1000011100 2
1L
0d
0c
1b
b1000011100 (
#85800
0!
0+
#85820
1!
1+
b1000011110 A
b1000011101 M
b1000011101 4
b1000011110 6
b1000011101 2
0L
1K
1d
b1000011101 (
#85840
0!
0+
#85860
1!
1+
b1000011111 A
b1000011110 M
b1000011110 4
b1000011111 6
b1000011110 2
1L
0d
1c
b1000011110 (
#85880
0!
0+
#85900
1!
1+
b1000100000 A
b1000011111 M
b1000011111 4
b1000100000 6
b1000011111 2
0L
0K
0J
0I
0H
1G
1d
b1000011111 (
#85920
0!
0+
#85940
1!
1+
b1000100001 A
b1000100000 M
b1000100000 4
b1000100001 6
b1000100000 2
1L
0d
0c
0b
0a
0`
1_
b1000100000 (
#85960
0!
0+
#85980
1!
1+
b1000100010 A
b1000100001 M
b1000100001 4
b1000100010 6
b1000100001 2
0L
1K
1d
b1000100001 (
#86000
0!
0+
#86020
1!
1+
b1000100011 A
b1000100010 M
b1000100010 4
b1000100011 6
b1000100010 2
1L
0d
1c
b1000100010 (
#86040
0!
0+
#86060
1!
1+
b1000100100 A
b1000100011 M
b1000100011 4
b1000100100 6
b1000100011 2
0L
0K
1J
1d
b1000100011 (
#86080
0!
0+
#86100
1!
1+
b1000100101 A
b1000100100 M
b1000100100 4
b1000100101 6
b1000100100 2
1L
0d
0c
1b
b1000100100 (
#86120
0!
0+
#86140
1!
1+
b1000100110 A
b1000100101 M
b1000100101 4
b1000100110 6
b1000100101 2
0L
1K
1d
b1000100101 (
#86160
0!
0+
#86180
1!
1+
b1000100111 A
b1000100110 M
b1000100110 4
b1000100111 6
b1000100110 2
1L
0d
1c
b1000100110 (
#86200
0!
0+
#86220
1!
1+
b1000101000 A
b1000100111 M
b1000100111 4
b1000101000 6
b1000100111 2
0L
0K
0J
1I
1d
b1000100111 (
#86240
0!
0+
#86260
1!
1+
b1000101001 A
b1000101000 M
b1000101000 4
b1000101001 6
b1000101000 2
1L
0d
0c
0b
1a
b1000101000 (
#86280
0!
0+
#86300
1!
1+
b1000101010 A
b1000101001 M
b1000101001 4
b1000101010 6
b1000101001 2
0L
1K
1d
b1000101001 (
#86320
0!
0+
#86340
1!
1+
b1000101011 A
b1000101010 M
b1000101010 4
b1000101011 6
b1000101010 2
1L
0d
1c
b1000101010 (
#86360
0!
0+
#86380
1!
1+
b1000101100 A
b1000101011 M
b1000101011 4
b1000101100 6
b1000101011 2
0L
0K
1J
1d
b1000101011 (
#86400
0!
0+
#86420
1!
1+
b1000101101 A
b1000101100 M
b1000101100 4
b1000101101 6
b1000101100 2
1L
0d
0c
1b
b1000101100 (
#86440
0!
0+
#86460
1!
1+
b1000101110 A
b1000101101 M
b1000101101 4
b1000101110 6
b1000101101 2
0L
1K
1d
b1000101101 (
#86480
0!
0+
#86500
1!
1+
b1000101111 A
b1000101110 M
b1000101110 4
b1000101111 6
b1000101110 2
1L
0d
1c
b1000101110 (
#86520
0!
0+
#86540
1!
1+
b1000110000 A
b1000101111 M
b1000101111 4
b1000110000 6
b1000101111 2
0L
0K
0J
0I
1H
1d
b1000101111 (
#86560
0!
0+
#86580
1!
1+
b1000110001 A
b1000110000 M
b1000110000 4
b1000110001 6
b1000110000 2
1L
0d
0c
0b
0a
1`
b1000110000 (
#86600
0!
0+
#86620
1!
1+
b1000110010 A
b1000110001 M
b1000110001 4
b1000110010 6
b1000110001 2
0L
1K
1d
b1000110001 (
#86640
0!
0+
#86660
1!
1+
b1000110011 A
b1000110010 M
b1000110010 4
b1000110011 6
b1000110010 2
1L
0d
1c
b1000110010 (
#86680
0!
0+
#86700
1!
1+
b1000110100 A
b1000110011 M
b1000110011 4
b1000110100 6
b1000110011 2
0L
0K
1J
1d
b1000110011 (
#86720
0!
0+
#86740
1!
1+
b1000110101 A
b1000110100 M
b1000110100 4
b1000110101 6
b1000110100 2
1L
0d
0c
1b
b1000110100 (
#86760
0!
0+
#86780
1!
1+
b1000110110 A
b1000110101 M
b1000110101 4
b1000110110 6
b1000110101 2
0L
1K
1d
b1000110101 (
#86800
0!
0+
#86820
1!
1+
b1000110111 A
b1000110110 M
b1000110110 4
b1000110111 6
b1000110110 2
1L
0d
1c
b1000110110 (
#86840
0!
0+
#86860
1!
1+
b1000111000 A
b1000110111 M
b1000110111 4
b1000111000 6
b1000110111 2
0L
0K
0J
1I
1d
b1000110111 (
#86880
0!
0+
#86900
1!
1+
b1000111001 A
b1000111000 M
b1000111000 4
b1000111001 6
b1000111000 2
1L
0d
0c
0b
1a
b1000111000 (
#86920
0!
0+
#86940
1!
1+
b1000111010 A
b1000111001 M
b1000111001 4
b1000111010 6
b1000111001 2
0L
1K
1d
b1000111001 (
#86960
0!
0+
#86980
1!
1+
b1000111011 A
b1000111010 M
b1000111010 4
b1000111011 6
b1000111010 2
1L
0d
1c
b1000111010 (
#87000
0!
0+
#87020
1!
1+
b1000111100 A
b1000111011 M
b1000111011 4
b1000111100 6
b1000111011 2
0L
0K
1J
1d
b1000111011 (
#87040
0!
0+
#87060
1!
1+
b1000111101 A
b1000111100 M
b1000111100 4
b1000111101 6
b1000111100 2
1L
0d
0c
1b
b1000111100 (
#87080
0!
0+
#87100
1!
1+
b1000111110 A
b1000111101 M
b1000111101 4
b1000111110 6
b1000111101 2
0L
1K
1d
b1000111101 (
#87120
0!
0+
#87140
1!
1+
b1000111111 A
b1000111110 M
b1000111110 4
b1000111111 6
b1000111110 2
1L
0d
1c
b1000111110 (
#87160
0!
0+
#87180
1!
1+
b1001000000 A
b1000111111 M
b1000111111 4
b1001000000 6
b1000111111 2
0L
0K
0J
0I
0H
0G
1F
1d
b1000111111 (
#87200
0!
0+
#87220
1!
1+
b1001000001 A
b1001000000 M
b1001000000 4
b1001000001 6
b1001000000 2
1L
0d
0c
0b
0a
0`
0_
1^
b1001000000 (
#87240
0!
0+
#87260
1!
1+
b1001000010 A
b1001000001 M
b1001000001 4
b1001000010 6
b1001000001 2
0L
1K
1d
b1001000001 (
#87280
0!
0+
#87300
1!
1+
b1001000011 A
b1001000010 M
b1001000010 4
b1001000011 6
b1001000010 2
1L
0d
1c
b1001000010 (
#87320
0!
0+
#87340
1!
1+
b1001000100 A
b1001000011 M
b1001000011 4
b1001000100 6
b1001000011 2
0L
0K
1J
1d
b1001000011 (
#87360
0!
0+
#87380
1!
1+
b1001000101 A
b1001000100 M
b1001000100 4
b1001000101 6
b1001000100 2
1L
0d
0c
1b
b1001000100 (
#87400
0!
0+
#87420
1!
1+
b1001000110 A
b1001000101 M
b1001000101 4
b1001000110 6
b1001000101 2
0L
1K
1d
b1001000101 (
#87440
0!
0+
#87460
1!
1+
b1001000111 A
b1001000110 M
b1001000110 4
b1001000111 6
b1001000110 2
1L
0d
1c
b1001000110 (
#87480
0!
0+
#87500
1!
1+
b1001001000 A
b1001000111 M
b1001000111 4
b1001001000 6
b1001000111 2
0L
0K
0J
1I
1d
b1001000111 (
#87520
0!
0+
#87540
1!
1+
b1001001001 A
b1001001000 M
b1001001000 4
b1001001001 6
b1001001000 2
1L
0d
0c
0b
1a
b1001001000 (
#87560
0!
0+
#87580
1!
1+
b1001001010 A
b1001001001 M
b1001001001 4
b1001001010 6
b1001001001 2
0L
1K
1d
b1001001001 (
#87600
0!
0+
#87620
1!
1+
b1001001011 A
b1001001010 M
b1001001010 4
b1001001011 6
b1001001010 2
1L
0d
1c
b1001001010 (
#87640
0!
0+
#87660
1!
1+
b1001001100 A
b1001001011 M
b1001001011 4
b1001001100 6
b1001001011 2
0L
0K
1J
1d
b1001001011 (
#87680
0!
0+
#87700
1!
1+
b1001001101 A
b1001001100 M
b1001001100 4
b1001001101 6
b1001001100 2
1L
0d
0c
1b
b1001001100 (
#87720
0!
0+
#87740
1!
1+
b1001001110 A
b1001001101 M
b1001001101 4
b1001001110 6
b1001001101 2
0L
1K
1d
b1001001101 (
#87760
0!
0+
#87780
1!
1+
b1001001111 A
b1001001110 M
b1001001110 4
b1001001111 6
b1001001110 2
1L
0d
1c
b1001001110 (
#87800
0!
0+
#87820
1!
1+
b1001010000 A
b1001001111 M
b1001001111 4
b1001010000 6
b1001001111 2
0L
0K
0J
0I
1H
1d
b1001001111 (
#87840
0!
0+
#87860
1!
1+
b1001010001 A
b1001010000 M
b1001010000 4
b1001010001 6
b1001010000 2
1L
0d
0c
0b
0a
1`
b1001010000 (
#87880
0!
0+
#87900
1!
1+
b1001010010 A
b1001010001 M
b1001010001 4
b1001010010 6
b1001010001 2
0L
1K
1d
b1001010001 (
#87920
0!
0+
#87940
1!
1+
b1001010011 A
b1001010010 M
b1001010010 4
b1001010011 6
b1001010010 2
1L
0d
1c
b1001010010 (
#87960
0!
0+
#87980
1!
1+
b1001010100 A
b1001010011 M
b1001010011 4
b1001010100 6
b1001010011 2
0L
0K
1J
1d
b1001010011 (
#88000
0!
0+
#88020
1!
1+
b1001010101 A
b1001010100 M
b1001010100 4
b1001010101 6
b1001010100 2
1L
0d
0c
1b
b1001010100 (
#88040
0!
0+
#88060
1!
1+
b1001010110 A
b1001010101 M
b1001010101 4
b1001010110 6
b1001010101 2
0L
1K
1d
b1001010101 (
#88080
0!
0+
#88100
1!
1+
b1001010111 A
b1001010110 M
b1001010110 4
b1001010111 6
b1001010110 2
1L
0d
1c
b1001010110 (
#88120
0!
0+
#88140
1!
1+
b1001011000 A
b1001010111 M
b1001010111 4
b1001011000 6
b1001010111 2
0L
0K
0J
1I
1d
b1001010111 (
#88160
0!
0+
#88180
1!
1+
b1001011001 A
b1001011000 M
b1001011000 4
b1001011001 6
b1001011000 2
1L
0d
0c
0b
1a
b1001011000 (
#88200
0!
0+
#88220
1!
1+
b1001011010 A
b1001011001 M
b1001011001 4
b1001011010 6
b1001011001 2
0L
1K
1d
b1001011001 (
#88240
0!
0+
#88260
1!
1+
b1001011011 A
b1001011010 M
b1001011010 4
b1001011011 6
b1001011010 2
1L
0d
1c
b1001011010 (
#88280
0!
0+
#88300
1!
1+
b1001011100 A
b1001011011 M
b1001011011 4
b1001011100 6
b1001011011 2
0L
0K
1J
1d
b1001011011 (
#88320
0!
0+
#88340
1!
1+
b1001011101 A
b1001011100 M
b1001011100 4
b1001011101 6
b1001011100 2
1L
0d
0c
1b
b1001011100 (
#88360
0!
0+
#88380
1!
1+
b1001011110 A
b1001011101 M
b1001011101 4
b1001011110 6
b1001011101 2
0L
1K
1d
b1001011101 (
#88400
0!
0+
#88420
1!
1+
b1001011111 A
b1001011110 M
b1001011110 4
b1001011111 6
b1001011110 2
1L
0d
1c
b1001011110 (
#88440
0!
0+
#88460
1!
1+
b1001100000 A
b1001011111 M
b1001011111 4
b1001100000 6
b1001011111 2
0L
0K
0J
0I
0H
1G
1d
b1001011111 (
#88480
0!
0+
#88500
1!
1+
b1001100001 A
b1001100000 M
b1001100000 4
b1001100001 6
b1001100000 2
1L
0d
0c
0b
0a
0`
1_
b1001100000 (
#88520
0!
0+
#88540
1!
1+
b1001100010 A
b1001100001 M
b1001100001 4
b1001100010 6
b1001100001 2
0L
1K
1d
b1001100001 (
#88560
0!
0+
#88580
1!
1+
b1001100011 A
b1001100010 M
b1001100010 4
b1001100011 6
b1001100010 2
1L
0d
1c
b1001100010 (
#88600
0!
0+
#88620
1!
1+
b1001100100 A
b1001100011 M
b1001100011 4
b1001100100 6
b1001100011 2
0L
0K
1J
1d
b1001100011 (
#88640
0!
0+
#88660
1!
1+
b1001100101 A
b1001100100 M
b1001100100 4
b1001100101 6
b1001100100 2
1L
0d
0c
1b
b1001100100 (
#88680
0!
0+
#88700
1!
1+
b1001100110 A
b1001100101 M
b1001100101 4
b1001100110 6
b1001100101 2
0L
1K
1d
b1001100101 (
#88720
0!
0+
#88740
1!
1+
b1001100111 A
b1001100110 M
b1001100110 4
b1001100111 6
b1001100110 2
1L
0d
1c
b1001100110 (
#88760
0!
0+
#88780
1!
1+
b1001101000 A
b1001100111 M
b1001100111 4
b1001101000 6
b1001100111 2
0L
0K
0J
1I
1d
b1001100111 (
#88800
0!
0+
#88820
1!
1+
b1001101001 A
b1001101000 M
b1001101000 4
b1001101001 6
b1001101000 2
1L
0d
0c
0b
1a
b1001101000 (
#88840
0!
0+
#88860
1!
1+
b1001101010 A
b1001101001 M
b1001101001 4
b1001101010 6
b1001101001 2
0L
1K
1d
b1001101001 (
#88880
0!
0+
#88900
1!
1+
b1001101011 A
b1001101010 M
b1001101010 4
b1001101011 6
b1001101010 2
1L
0d
1c
b1001101010 (
#88920
0!
0+
#88940
1!
1+
b1001101100 A
b1001101011 M
b1001101011 4
b1001101100 6
b1001101011 2
0L
0K
1J
1d
b1001101011 (
#88960
0!
0+
#88980
1!
1+
b1001101101 A
b1001101100 M
b1001101100 4
b1001101101 6
b1001101100 2
1L
0d
0c
1b
b1001101100 (
#89000
0!
0+
#89020
1!
1+
b1001101110 A
b1001101101 M
b1001101101 4
b1001101110 6
b1001101101 2
0L
1K
1d
b1001101101 (
#89040
0!
0+
#89060
1!
1+
b1001101111 A
b1001101110 M
b1001101110 4
b1001101111 6
b1001101110 2
1L
0d
1c
b1001101110 (
#89080
0!
0+
#89100
1!
1+
b1001110000 A
b1001101111 M
b1001101111 4
b1001110000 6
b1001101111 2
0L
0K
0J
0I
1H
1d
b1001101111 (
#89120
0!
0+
#89140
1!
1+
b1001110001 A
b1001110000 M
b1001110000 4
b1001110001 6
b1001110000 2
1L
0d
0c
0b
0a
1`
b1001110000 (
#89160
0!
0+
#89180
1!
1+
b1001110010 A
b1001110001 M
b1001110001 4
b1001110010 6
b1001110001 2
0L
1K
1d
b1001110001 (
#89200
0!
0+
#89220
1!
1+
b1001110011 A
b1001110010 M
b1001110010 4
b1001110011 6
b1001110010 2
1L
0d
1c
b1001110010 (
#89240
0!
0+
#89260
1!
1+
b1001110100 A
b1001110011 M
b1001110011 4
b1001110100 6
b1001110011 2
0L
0K
1J
1d
b1001110011 (
#89280
0!
0+
#89300
1!
1+
b1001110101 A
b1001110100 M
b1001110100 4
b1001110101 6
b1001110100 2
1L
0d
0c
1b
b1001110100 (
#89320
0!
0+
#89340
1!
1+
b1001110110 A
b1001110101 M
b1001110101 4
b1001110110 6
b1001110101 2
0L
1K
1d
b1001110101 (
#89360
0!
0+
#89380
1!
1+
b1001110111 A
b1001110110 M
b1001110110 4
b1001110111 6
b1001110110 2
1L
0d
1c
b1001110110 (
#89400
0!
0+
#89420
1!
1+
b1001111000 A
b1001110111 M
b1001110111 4
b1001111000 6
b1001110111 2
0L
0K
0J
1I
1d
b1001110111 (
#89440
0!
0+
#89460
1!
1+
b1001111001 A
b1001111000 M
b1001111000 4
b1001111001 6
b1001111000 2
1L
0d
0c
0b
1a
b1001111000 (
#89480
0!
0+
#89500
1!
1+
b1001111010 A
b1001111001 M
b1001111001 4
b1001111010 6
b1001111001 2
0L
1K
1d
b1001111001 (
#89520
0!
0+
#89540
1!
1+
b1001111011 A
b1001111010 M
b1001111010 4
b1001111011 6
b1001111010 2
1L
0d
1c
b1001111010 (
#89560
0!
0+
#89580
1!
1+
b1001111100 A
b1001111011 M
b1001111011 4
b1001111100 6
b1001111011 2
0L
0K
1J
1d
b1001111011 (
#89600
0!
0+
#89620
1!
1+
b1001111101 A
b1001111100 M
b1001111100 4
b1001111101 6
b1001111100 2
1L
0d
0c
1b
b1001111100 (
#89640
0!
0+
#89660
1!
1+
b1001111110 A
b1001111101 M
b1001111101 4
b1001111110 6
b1001111101 2
0L
1K
1d
b1001111101 (
#89680
0!
0+
#89700
1!
1+
b1001111111 A
b1001111110 M
b1001111110 4
b1001111111 6
b1001111110 2
1L
0d
1c
b1001111110 (
#89720
0!
0+
#89740
1!
1+
b1010000000 A
b1001111111 M
b1001111111 4
b1010000000 6
b1001111111 2
0L
0K
0J
0I
0H
0G
0F
1E
1d
b1001111111 (
#89760
0!
0+
#89780
1!
1+
b1010000001 A
b1010000000 M
b1010000000 4
b1010000001 6
b1010000000 2
1L
0d
0c
0b
0a
0`
0_
0^
1]
b1010000000 (
#89800
0!
0+
#89820
1!
1+
b1010000010 A
b1010000001 M
b1010000001 4
b1010000010 6
b1010000001 2
0L
1K
1d
b1010000001 (
#89840
0!
0+
#89860
1!
1+
b1010000011 A
b1010000010 M
b1010000010 4
b1010000011 6
b1010000010 2
1L
0d
1c
b1010000010 (
#89880
0!
0+
#89900
1!
1+
b1010000100 A
b1010000011 M
b1010000011 4
b1010000100 6
b1010000011 2
0L
0K
1J
1d
b1010000011 (
#89920
0!
0+
#89940
1!
1+
b1010000101 A
b1010000100 M
b1010000100 4
b1010000101 6
b1010000100 2
1L
0d
0c
1b
b1010000100 (
#89960
0!
0+
#89980
1!
1+
b1010000110 A
b1010000101 M
b1010000101 4
b1010000110 6
b1010000101 2
0L
1K
1d
b1010000101 (
#90000
0!
0+
#90020
1!
1+
b1010000111 A
b1010000110 M
b1010000110 4
b1010000111 6
b1010000110 2
1L
0d
1c
b1010000110 (
#90040
0!
0+
#90060
1!
1+
b1010001000 A
b1010000111 M
b1010000111 4
b1010001000 6
b1010000111 2
0L
0K
0J
1I
1d
b1010000111 (
#90080
0!
0+
#90100
1!
1+
b1010001001 A
b1010001000 M
b1010001000 4
b1010001001 6
b1010001000 2
1L
0d
0c
0b
1a
b1010001000 (
#90120
0!
0+
#90140
1!
1+
b1010001010 A
b1010001001 M
b1010001001 4
b1010001010 6
b1010001001 2
0L
1K
1d
b1010001001 (
#90160
0!
0+
#90180
1!
1+
b1010001011 A
b1010001010 M
b1010001010 4
b1010001011 6
b1010001010 2
1L
0d
1c
b1010001010 (
#90200
0!
0+
#90220
1!
1+
b1010001100 A
b1010001011 M
b1010001011 4
b1010001100 6
b1010001011 2
0L
0K
1J
1d
b1010001011 (
#90240
0!
0+
#90260
1!
1+
b1010001101 A
b1010001100 M
b1010001100 4
b1010001101 6
b1010001100 2
1L
0d
0c
1b
b1010001100 (
#90280
0!
0+
#90300
1!
1+
b1010001110 A
b1010001101 M
b1010001101 4
b1010001110 6
b1010001101 2
0L
1K
1d
b1010001101 (
#90320
0!
0+
#90340
1!
1+
b1010001111 A
b1010001110 M
b1010001110 4
b1010001111 6
b1010001110 2
1L
0d
1c
b1010001110 (
#90360
0!
0+
#90380
1!
1+
b1010010000 A
b1010001111 M
b1010001111 4
b1010010000 6
b1010001111 2
0L
0K
0J
0I
1H
1d
b1010001111 (
#90400
0!
0+
#90420
1!
1+
b1010010001 A
b1010010000 M
b1010010000 4
b1010010001 6
b1010010000 2
0-
1L
0d
0c
0b
0a
1`
0#
b1010010000 (
#90440
0!
0+
#90460
1!
1+
b1010010010 A
b1010010001 M
b1010010001 4
b1010010010 6
b1010010001 2
0L
1K
1d
b1010010001 (
#90480
0!
0+
#90500
1!
1+
b1010010011 A
b1010010010 M
b1010010010 4
b1010010011 6
b1010010010 2
1L
0d
1c
b1010010010 (
#90520
0!
0+
#90540
1!
1+
b1010010100 A
b1010010011 M
b1010010011 4
b1010010100 6
b1010010011 2
0L
0K
1J
1d
b1010010011 (
#90560
0!
0+
#90580
1!
1+
b1010010101 A
b1010010100 M
b1010010100 4
b1010010101 6
b1010010100 2
1L
0d
0c
1b
b1010010100 (
#90600
0!
0+
#90620
1!
1+
b1010010110 A
b1010010101 M
b1010010101 4
b1010010110 6
b1010010101 2
0L
1K
1d
b1010010101 (
#90640
0!
0+
#90660
1!
1+
b1010010111 A
b1010010110 M
b1010010110 4
b1010010111 6
b1010010110 2
1L
0d
1c
b1010010110 (
#90680
0!
0+
#90700
1!
1+
b1010011000 A
b1010010111 M
b1010010111 4
b1010011000 6
b1010010111 2
0L
0K
0J
1I
1d
b1010010111 (
#90720
0!
0+
#90740
1!
1+
b1010011001 A
b1010011000 M
b1010011000 4
b1010011001 6
b1010011000 2
1L
0d
0c
0b
1a
b1010011000 (
#90760
0!
0+
#90780
1!
1+
b1010011010 A
b1010011001 M
b1010011001 4
b1010011010 6
b1010011001 2
0L
1K
1d
b1010011001 (
#90800
0!
0+
#90820
1!
1+
b1010011011 A
b1010011010 M
b1010011010 4
b1010011011 6
b1010011010 2
1L
0d
1c
b1010011010 (
#90840
0!
0+
#90860
1!
1+
b1010011100 A
b1010011011 M
b1010011011 4
b1010011100 6
b1010011011 2
0L
0K
1J
1d
b1010011011 (
#90880
0!
0+
#90900
1!
1+
b1010011101 A
b1010011100 M
b1010011100 4
b1010011101 6
b1010011100 2
1L
0d
0c
1b
b1010011100 (
#90920
0!
0+
#90940
1!
1+
b1010011110 A
b1010011101 M
b1010011101 4
b1010011110 6
b1010011101 2
0L
1K
1d
b1010011101 (
#90960
0!
0+
#90980
1!
1+
b1010011111 A
b1010011110 M
b1010011110 4
b1010011111 6
b1010011110 2
1L
0d
1c
b1010011110 (
#91000
0!
0+
#91020
1!
1+
b1010100000 A
b1010011111 M
b1010011111 4
b1010100000 6
b1010011111 2
0L
0K
0J
0I
0H
1G
1d
b1010011111 (
#91040
0!
0+
#91060
1!
1+
b1010100001 A
b1010100000 M
b1010100000 4
b1010100001 6
b1010100000 2
1L
0d
0c
0b
0a
0`
1_
b1010100000 (
#91080
0!
0+
#91100
1!
1+
b1010100010 A
b1010100001 M
b1010100001 4
b1010100010 6
b1010100001 2
0L
1K
1d
b1010100001 (
#91120
0!
0+
#91140
1!
1+
b1010100011 A
b1010100010 M
b1010100010 4
b1010100011 6
b1010100010 2
1L
0d
1c
b1010100010 (
#91160
0!
0+
#91180
1!
1+
b1010100100 A
b1010100011 M
b1010100011 4
b1010100100 6
b1010100011 2
0L
0K
1J
1d
b1010100011 (
#91200
0!
0+
#91220
1!
1+
b1010100101 A
b1010100100 M
b1010100100 4
b1010100101 6
b1010100100 2
1L
0d
0c
1b
b1010100100 (
#91240
0!
0+
#91260
1!
1+
b1010100110 A
b1010100101 M
b1010100101 4
b1010100110 6
b1010100101 2
0L
1K
1d
b1010100101 (
#91280
0!
0+
#91300
1!
1+
b1010100111 A
b1010100110 M
b1010100110 4
b1010100111 6
b1010100110 2
1L
0d
1c
b1010100110 (
#91320
0!
0+
#91340
1!
1+
b1010101000 A
b1010100111 M
b1010100111 4
b1010101000 6
b1010100111 2
0L
0K
0J
1I
1d
b1010100111 (
#91360
0!
0+
#91380
1!
1+
b1010101001 A
b1010101000 M
b1010101000 4
b1010101001 6
b1010101000 2
1L
0d
0c
0b
1a
b1010101000 (
#91400
0!
0+
#91420
1!
1+
b1010101010 A
b1010101001 M
b1010101001 4
b1010101010 6
b1010101001 2
0L
1K
1d
b1010101001 (
#91440
0!
0+
#91460
1!
1+
b1010101011 A
b1010101010 M
b1010101010 4
b1010101011 6
b1010101010 2
1L
0d
1c
b1010101010 (
#91480
0!
0+
#91500
1!
1+
b1010101100 A
b1010101011 M
b1010101011 4
b1010101100 6
b1010101011 2
0L
0K
1J
1d
b1010101011 (
#91520
0!
0+
#91540
1!
1+
b1010101101 A
b1010101100 M
b1010101100 4
b1010101101 6
b1010101100 2
1L
0d
0c
1b
b1010101100 (
#91560
0!
0+
#91580
1!
1+
b1010101110 A
b1010101101 M
b1010101101 4
b1010101110 6
b1010101101 2
0L
1K
1d
b1010101101 (
#91600
0!
0+
#91620
1!
1+
b1010101111 A
b1010101110 M
b1010101110 4
b1010101111 6
b1010101110 2
1L
0d
1c
b1010101110 (
#91640
0!
0+
#91660
1!
1+
b1010110000 A
b1010101111 M
b1010101111 4
b1010110000 6
b1010101111 2
0L
0K
0J
0I
1H
1d
b1010101111 (
#91680
0!
0+
#91700
1!
1+
b1010110001 A
b1010110000 M
b1010110000 4
b1010110001 6
b1010110000 2
1L
0d
0c
0b
0a
1`
b1010110000 (
#91720
0!
0+
#91740
1!
1+
b1010110010 A
b1010110001 M
b1010110001 4
b1010110010 6
b1010110001 2
0L
1K
1d
b1010110001 (
#91760
0!
0+
#91780
1!
1+
b1010110011 A
b1010110010 M
b1010110010 4
b1010110011 6
b1010110010 2
1L
0d
1c
b1010110010 (
#91800
0!
0+
#91820
1!
1+
b1010110100 A
b1010110011 M
b1010110011 4
b1010110100 6
b1010110011 2
0L
0K
1J
1d
b1010110011 (
#91840
0!
0+
#91860
1!
1+
b1010110101 A
b1010110100 M
b1010110100 4
b1010110101 6
b1010110100 2
1L
0d
0c
1b
b1010110100 (
#91880
0!
0+
#91900
1!
1+
b1010110110 A
b1010110101 M
b1010110101 4
b1010110110 6
b1010110101 2
0L
1K
1d
b1010110101 (
#91920
0!
0+
#91940
1!
1+
b1010110111 A
b1010110110 M
b1010110110 4
b1010110111 6
b1010110110 2
1L
0d
1c
b1010110110 (
#91960
0!
0+
#91980
1!
1+
b1010111000 A
b1010110111 M
b1010110111 4
b1010111000 6
b1010110111 2
0L
0K
0J
1I
1d
b1010110111 (
#92000
0!
0+
#92020
1!
1+
b1010111001 A
b1010111000 M
b1010111000 4
b1010111001 6
b1010111000 2
1L
0d
0c
0b
1a
b1010111000 (
#92040
0!
0+
#92060
1!
1+
b1010111010 A
b1010111001 M
b1010111001 4
b1010111010 6
b1010111001 2
0L
1K
1d
b1010111001 (
#92080
0!
0+
#92100
1!
1+
b1010111011 A
b1010111010 M
b1010111010 4
b1010111011 6
b1010111010 2
1L
0d
1c
b1010111010 (
#92120
0!
0+
#92140
1!
1+
b1010111100 A
b1010111011 M
b1010111011 4
b1010111100 6
b1010111011 2
0L
0K
1J
1d
b1010111011 (
#92160
0!
0+
#92180
1!
1+
b1010111101 A
b1010111100 M
b1010111100 4
b1010111101 6
b1010111100 2
1L
0d
0c
1b
b1010111100 (
#92200
0!
0+
#92220
1!
1+
b1010111110 A
b1010111101 M
b1010111101 4
b1010111110 6
b1010111101 2
0L
1K
1d
b1010111101 (
#92240
0!
0+
#92260
1!
1+
b1010111111 A
b1010111110 M
b1010111110 4
b1010111111 6
b1010111110 2
1L
0d
1c
b1010111110 (
#92280
0!
0+
#92300
1!
1+
b1011000000 A
b1010111111 M
b1010111111 4
b1011000000 6
b1010111111 2
0L
0K
0J
0I
0H
0G
1F
1d
b1010111111 (
#92320
0!
0+
#92340
1!
1+
b1011000001 A
b1011000000 M
b1011000000 4
b1011000001 6
b1011000000 2
1L
0d
0c
0b
0a
0`
0_
1^
b1011000000 (
#92360
0!
0+
#92380
1!
1+
b1011000010 A
b1011000001 M
b1011000001 4
b1011000010 6
b1011000001 2
0L
1K
1d
b1011000001 (
#92400
0!
0+
#92420
1!
1+
b1011000011 A
b1011000010 M
b1011000010 4
b1011000011 6
b1011000010 2
1L
0d
1c
b1011000010 (
#92440
0!
0+
#92460
1!
1+
b1011000100 A
b1011000011 M
b1011000011 4
b1011000100 6
b1011000011 2
0L
0K
1J
1d
b1011000011 (
#92480
0!
0+
#92500
1!
1+
b1011000101 A
b1011000100 M
b1011000100 4
b1011000101 6
b1011000100 2
1L
0d
0c
1b
b1011000100 (
#92520
0!
0+
#92540
1!
1+
b1011000110 A
b1011000101 M
b1011000101 4
b1011000110 6
b1011000101 2
0L
1K
1d
b1011000101 (
#92560
0!
0+
#92580
1!
1+
b1011000111 A
b1011000110 M
b1011000110 4
b1011000111 6
b1011000110 2
1L
0d
1c
b1011000110 (
#92600
0!
0+
#92620
1!
1+
b1011001000 A
b1011000111 M
b1011000111 4
b1011001000 6
b1011000111 2
0L
0K
0J
1I
1d
b1011000111 (
#92640
0!
0+
#92660
1!
1+
b1011001001 A
b1011001000 M
b1011001000 4
b1011001001 6
b1011001000 2
1L
0d
0c
0b
1a
b1011001000 (
#92680
0!
0+
#92700
1!
1+
b1011001010 A
b1011001001 M
b1011001001 4
b1011001010 6
b1011001001 2
0L
1K
1d
b1011001001 (
#92720
0!
0+
#92740
1!
1+
b1011001011 A
b1011001010 M
b1011001010 4
b1011001011 6
b1011001010 2
1L
0d
1c
b1011001010 (
#92760
0!
0+
#92780
1!
1+
b1011001100 A
b1011001011 M
b1011001011 4
b1011001100 6
b1011001011 2
0L
0K
1J
1d
b1011001011 (
#92800
0!
0+
#92820
1!
1+
b1011001101 A
b1011001100 M
b1011001100 4
b1011001101 6
b1011001100 2
1L
0d
0c
1b
b1011001100 (
#92840
0!
0+
#92860
1!
1+
b1011001110 A
b1011001101 M
b1011001101 4
b1011001110 6
b1011001101 2
0L
1K
1d
b1011001101 (
#92880
0!
0+
#92900
1!
1+
b1011001111 A
b1011001110 M
b1011001110 4
b1011001111 6
b1011001110 2
1L
0d
1c
b1011001110 (
#92920
0!
0+
#92940
1!
1+
b1011010000 A
b1011001111 M
b1011001111 4
b1011010000 6
b1011001111 2
0L
0K
0J
0I
1H
1d
b1011001111 (
#92960
0!
0+
#92980
1!
1+
b1011010001 A
b1011010000 M
b1011010000 4
b1011010001 6
b1011010000 2
1L
0d
0c
0b
0a
1`
b1011010000 (
#93000
0!
0+
#93020
1!
1+
b1011010010 A
b1011010001 M
b1011010001 4
b1011010010 6
b1011010001 2
0L
1K
1d
b1011010001 (
#93040
0!
0+
#93060
1!
1+
b1011010011 A
b1011010010 M
b1011010010 4
b1011010011 6
b1011010010 2
1L
0d
1c
b1011010010 (
#93080
0!
0+
#93100
1!
1+
b1011010100 A
b1011010011 M
b1011010011 4
b1011010100 6
b1011010011 2
0L
0K
1J
1d
b1011010011 (
#93120
0!
0+
#93140
1!
1+
b1011010101 A
b1011010100 M
b1011010100 4
b1011010101 6
b1011010100 2
1L
0d
0c
1b
b1011010100 (
#93160
0!
0+
#93180
1!
1+
b1011010110 A
b1011010101 M
b1011010101 4
b1011010110 6
b1011010101 2
0L
1K
1d
b1011010101 (
#93200
0!
0+
#93220
1!
1+
b1011010111 A
b1011010110 M
b1011010110 4
b1011010111 6
b1011010110 2
1L
0d
1c
b1011010110 (
#93240
0!
0+
#93260
1!
1+
b1011011000 A
b1011010111 M
b1011010111 4
b1011011000 6
b1011010111 2
0L
0K
0J
1I
1d
b1011010111 (
#93280
0!
0+
#93300
1!
1+
b1011011001 A
b1011011000 M
b1011011000 4
b1011011001 6
b1011011000 2
1L
0d
0c
0b
1a
b1011011000 (
#93320
0!
0+
#93340
1!
1+
b1011011010 A
b1011011001 M
b1011011001 4
b1011011010 6
b1011011001 2
0L
1K
1d
b1011011001 (
#93360
0!
0+
#93380
1!
1+
b1011011011 A
b1011011010 M
b1011011010 4
b1011011011 6
b1011011010 2
1L
0d
1c
b1011011010 (
#93400
0!
0+
#93420
1!
1+
b1011011100 A
b1011011011 M
b1011011011 4
b1011011100 6
b1011011011 2
0L
0K
1J
1d
b1011011011 (
#93440
0!
0+
#93460
1!
1+
b1011011101 A
b1011011100 M
b1011011100 4
b1011011101 6
b1011011100 2
1L
0d
0c
1b
b1011011100 (
#93480
0!
0+
#93500
1!
1+
b1011011110 A
b1011011101 M
b1011011101 4
b1011011110 6
b1011011101 2
0L
1K
1d
b1011011101 (
#93520
0!
0+
#93540
1!
1+
b1011011111 A
b1011011110 M
b1011011110 4
b1011011111 6
b1011011110 2
1L
0d
1c
b1011011110 (
#93560
0!
0+
#93580
1!
1+
b1011100000 A
b1011011111 M
b1011011111 4
b1011100000 6
b1011011111 2
0L
0K
0J
0I
0H
1G
1d
b1011011111 (
#93600
0!
0+
#93620
1!
1+
b1011100001 A
b1011100000 M
b1011100000 4
b1011100001 6
b1011100000 2
1L
0d
0c
0b
0a
0`
1_
b1011100000 (
#93640
0!
0+
#93660
1!
1+
b1011100010 A
b1011100001 M
b1011100001 4
b1011100010 6
b1011100001 2
0L
1K
1d
b1011100001 (
#93680
0!
0+
#93700
1!
1+
b1011100011 A
b1011100010 M
b1011100010 4
b1011100011 6
b1011100010 2
1L
0d
1c
b1011100010 (
#93720
0!
0+
#93740
1!
1+
b1011100100 A
b1011100011 M
b1011100011 4
b1011100100 6
b1011100011 2
0L
0K
1J
1d
b1011100011 (
#93760
0!
0+
#93780
1!
1+
b1011100101 A
b1011100100 M
b1011100100 4
b1011100101 6
b1011100100 2
1L
0d
0c
1b
b1011100100 (
#93800
0!
0+
#93820
1!
1+
b1011100110 A
b1011100101 M
b1011100101 4
b1011100110 6
b1011100101 2
0L
1K
1d
b1011100101 (
#93840
0!
0+
#93860
1!
1+
b1011100111 A
b1011100110 M
b1011100110 4
b1011100111 6
b1011100110 2
1L
0d
1c
b1011100110 (
#93880
0!
0+
#93900
1!
1+
b1011101000 A
b1011100111 M
b1011100111 4
b1011101000 6
b1011100111 2
0L
0K
0J
1I
1d
b1011100111 (
#93920
0!
0+
#93940
1!
1+
b1011101001 A
b1011101000 M
b1011101000 4
b1011101001 6
b1011101000 2
1L
0d
0c
0b
1a
b1011101000 (
#93960
0!
0+
#93980
1!
1+
b1011101010 A
b1011101001 M
b1011101001 4
b1011101010 6
b1011101001 2
0L
1K
1d
b1011101001 (
#94000
0!
0+
#94020
1!
1+
b1011101011 A
b1011101010 M
b1011101010 4
b1011101011 6
b1011101010 2
1L
0d
1c
b1011101010 (
#94040
0!
0+
#94060
1!
1+
b1011101100 A
b1011101011 M
b1011101011 4
b1011101100 6
b1011101011 2
0L
0K
1J
1d
b1011101011 (
#94080
0!
0+
#94100
1!
1+
b1011101101 A
b1011101100 M
b1011101100 4
b1011101101 6
b1011101100 2
1L
0d
0c
1b
b1011101100 (
#94120
0!
0+
#94140
1!
1+
b1011101110 A
b1011101101 M
b1011101101 4
b1011101110 6
b1011101101 2
0L
1K
1d
b1011101101 (
#94160
0!
0+
#94180
1!
1+
b1011101111 A
b1011101110 M
b1011101110 4
b1011101111 6
b1011101110 2
1L
0d
1c
b1011101110 (
#94200
0!
0+
#94220
1!
1+
b1011110000 A
b1011101111 M
b1011101111 4
b1011110000 6
b1011101111 2
0L
0K
0J
0I
1H
1d
b1011101111 (
#94240
0!
0+
#94260
1!
1+
b1011110001 A
b1011110000 M
b1011110000 4
b1011110001 6
b1011110000 2
1-
1L
0d
0c
0b
0a
1`
1#
b1011110000 (
#94280
0!
0+
#94300
1!
1+
b1011110010 A
b1011110001 M
b1011110001 4
b1011110010 6
b1011110001 2
0L
1K
1d
b1011110001 (
#94320
0!
0+
#94340
1!
1+
b1011110011 A
b1011110010 M
b1011110010 4
b1011110011 6
b1011110010 2
1L
0d
1c
b1011110010 (
#94360
0!
0+
#94380
1!
1+
b1011110100 A
b1011110011 M
b1011110011 4
b1011110100 6
b1011110011 2
0L
0K
1J
1d
b1011110011 (
#94400
0!
0+
#94420
1!
1+
b1011110101 A
b1011110100 M
b1011110100 4
b1011110101 6
b1011110100 2
1L
0d
0c
1b
b1011110100 (
#94440
0!
0+
#94460
1!
1+
b1011110110 A
b1011110101 M
b1011110101 4
b1011110110 6
b1011110101 2
0L
1K
1d
b1011110101 (
#94480
0!
0+
#94500
1!
1+
b1011110111 A
b1011110110 M
b1011110110 4
b1011110111 6
b1011110110 2
1L
0d
1c
b1011110110 (
#94520
0!
0+
#94540
1!
1+
b1011111000 A
b1011110111 M
b1011110111 4
b1011111000 6
b1011110111 2
0L
0K
0J
1I
1d
b1011110111 (
#94560
0!
0+
#94580
1!
1+
b1011111001 A
b1011111000 M
b1011111000 4
b1011111001 6
b1011111000 2
1L
0d
0c
0b
1a
b1011111000 (
#94600
0!
0+
#94620
1!
1+
b1011111010 A
b1011111001 M
b1011111001 4
b1011111010 6
b1011111001 2
0L
1K
1d
b1011111001 (
#94640
0!
0+
#94660
1!
1+
b1011111011 A
b1011111010 M
b1011111010 4
b1011111011 6
b1011111010 2
1L
0d
1c
b1011111010 (
#94680
0!
0+
#94700
1!
1+
b1011111100 A
b1011111011 M
b1011111011 4
b1011111100 6
b1011111011 2
0L
0K
1J
1d
b1011111011 (
#94720
0!
0+
#94740
1!
1+
b1011111101 A
b1011111100 M
b1011111100 4
b1011111101 6
b1011111100 2
1L
0d
0c
1b
b1011111100 (
#94760
0!
0+
#94780
1!
1+
b1011111110 A
b1011111101 M
b1011111101 4
b1011111110 6
b1011111101 2
0L
1K
1d
b1011111101 (
#94800
0!
0+
#94820
1!
1+
b1011111111 A
b1011111110 M
b1011111110 4
b1011111111 6
b1011111110 2
1L
0d
1c
b1011111110 (
#94840
0!
0+
#94860
1!
1+
b1100000000 A
b1011111111 M
b1011111111 4
b1100000000 6
b1011111111 2
0L
0K
0J
0I
0H
0G
0F
0E
1D
1d
b1011111111 (
#94880
0!
0+
#94900
1!
1+
b1100000001 A
b1100000000 M
b1100000000 4
b1100000001 6
b1100000000 2
1L
0d
0c
0b
0a
0`
0_
0^
0]
1\
b1100000000 (
#94920
0!
0+
#94940
1!
1+
b1100000010 A
b1100000001 M
b1100000001 4
b1100000010 6
b1100000001 2
0L
1K
1d
b1100000001 (
#94960
0!
0+
#94980
1!
1+
b1100000011 A
b1100000010 M
b1100000010 4
b1100000011 6
b1100000010 2
1L
0d
1c
b1100000010 (
#95000
0!
0+
#95020
1!
1+
b1100000100 A
b1100000011 M
b1100000011 4
b1100000100 6
b1100000011 2
0L
0K
1J
1d
b1100000011 (
#95040
0!
0+
#95060
1!
1+
b1100000101 A
b1100000100 M
b1100000100 4
b1100000101 6
b1100000100 2
1L
0d
0c
1b
b1100000100 (
#95080
0!
0+
#95100
1!
1+
b1100000110 A
b1100000101 M
b1100000101 4
b1100000110 6
b1100000101 2
0L
1K
1d
b1100000101 (
#95120
0!
0+
#95140
1!
1+
b1100000111 A
b1100000110 M
b1100000110 4
b1100000111 6
b1100000110 2
1L
0d
1c
b1100000110 (
#95160
0!
0+
#95180
1!
1+
b1100001000 A
b1100000111 M
b1100000111 4
b1100001000 6
b1100000111 2
0L
0K
0J
1I
1d
b1100000111 (
#95200
0!
0+
#95220
1!
1+
b1100001001 A
b1100001000 M
b1100001000 4
b1100001001 6
b1100001000 2
1L
0d
0c
0b
1a
b1100001000 (
#95240
0!
0+
#95260
1!
1+
b1100001010 A
b1100001001 M
b1100001001 4
b1100001010 6
b1100001001 2
0L
1K
1d
b1100001001 (
#95280
0!
0+
#95300
1!
1+
b1100001011 A
b1100001010 M
b1100001010 4
b1100001011 6
b1100001010 2
1L
0d
1c
b1100001010 (
#95320
0!
0+
#95340
1!
1+
b1100001100 A
b1100001011 M
b1100001011 4
b1100001100 6
b1100001011 2
0L
0K
1J
1d
b1100001011 (
#95360
0!
0+
#95380
1!
1+
b1100001101 A
b1100001100 M
b1100001100 4
b1100001101 6
b1100001100 2
1L
0d
0c
1b
b1100001100 (
#95400
0!
0+
#95420
1!
1+
b1100001110 A
b1100001101 M
b1100001101 4
b1100001110 6
b1100001101 2
0L
1K
1d
b1100001101 (
#95440
0!
0+
#95460
1!
1+
b1100001111 A
b1100001110 M
b1100001110 4
b1100001111 6
b1100001110 2
1L
0d
1c
b1100001110 (
#95480
0!
0+
#95500
1!
1+
b1100010000 A
b1100001111 M
b1100001111 4
b1100010000 6
b1100001111 2
0L
0K
0J
0I
1H
1d
b1100001111 (
#95520
0!
0+
#95540
1!
1+
b1100010001 A
b1100010000 M
b1100010000 4
b1100010001 6
b1100010000 2
1L
0d
0c
0b
0a
1`
b1100010000 (
#95560
0!
0+
#95580
1!
1+
b1100010010 A
b1100010001 M
b1100010001 4
b1100010010 6
b1100010001 2
0L
1K
1d
b1100010001 (
#95600
0!
0+
#95620
1!
1+
b1100010011 A
b1100010010 M
b1100010010 4
b1100010011 6
b1100010010 2
1L
0d
1c
b1100010010 (
#95640
0!
0+
#95660
1!
1+
b1100010100 A
b1100010011 M
b1100010011 4
b1100010100 6
b1100010011 2
0L
0K
1J
1d
b1100010011 (
#95680
0!
0+
#95700
1!
1+
b1100010101 A
b1100010100 M
b1100010100 4
b1100010101 6
b1100010100 2
1L
0d
0c
1b
b1100010100 (
#95720
0!
0+
#95740
1!
1+
b1100010110 A
b1100010101 M
b1100010101 4
b1100010110 6
b1100010101 2
0L
1K
1d
b1100010101 (
#95760
0!
0+
#95780
1!
1+
b1100010111 A
b1100010110 M
b1100010110 4
b1100010111 6
b1100010110 2
1L
0d
1c
b1100010110 (
#95800
0!
0+
#95820
1!
1+
b1100011000 A
b1100010111 M
b1100010111 4
b1100011000 6
b1100010111 2
0L
0K
0J
1I
1d
b1100010111 (
#95840
0!
0+
#95860
1!
1+
b1100011001 A
b1100011000 M
b1100011000 4
b1100011001 6
b1100011000 2
1L
0d
0c
0b
1a
b1100011000 (
#95880
0!
0+
#95900
1!
1+
b1100011010 A
b1100011001 M
b1100011001 4
b1100011010 6
b1100011001 2
0L
1K
1d
b1100011001 (
#95920
0!
0+
#95940
1!
1+
b1100011011 A
b1100011010 M
b1100011010 4
b1100011011 6
b1100011010 2
1L
0d
1c
b1100011010 (
#95960
0!
0+
#95980
1!
1+
b1100011100 A
b1100011011 M
b1100011011 4
b1100011100 6
b1100011011 2
0L
0K
1J
1d
b1100011011 (
#96000
0!
0+
#96020
1!
1+
b1100011101 A
b1100011100 M
b1100011100 4
b1100011101 6
b1100011100 2
1L
0d
0c
1b
b1100011100 (
#96040
0!
0+
#96060
1!
1+
b1100011110 A
b1100011101 M
b1100011101 4
b1100011110 6
b1100011101 2
0L
1K
1d
b1100011101 (
#96080
0!
0+
#96100
1!
1+
b1100011111 A
b1100011110 M
b1100011110 4
b1100011111 6
b1100011110 2
1L
0d
1c
b1100011110 (
#96120
0!
0+
#96140
1!
1+
b1100100000 A
b1100011111 M
b1100011111 4
b1100100000 6
b1100011111 2
0L
0K
0J
0I
0H
1G
1d
b1100011111 (
#96160
0!
0+
#96180
1!
1+
b1100100001 A
b1100100000 M
b1100100000 4
b1100100001 6
b1100100000 2
1L
0d
0c
0b
0a
0`
1_
1o
b1100100000 (
18
1<
1?
b0 A
b0 6
0L
0G
0D
0C
#96200
0!
0+
#96220
1!
1+
b11 =
b0 M
b0 4
b11 7
b0 2
1X
0_
0\
0[
0o
b0 (
08
0<
0?
#96240
0!
0+
#96260
1!
1+
b1 A
b11 Y
b11 5
b1 6
b11 3
1L
1z
b11 )
#96280
0!
0+
#96300
1!
1+
b10 A
b1 M
b1 4
b10 6
b1 2
0L
1K
1d
b1 (
#96320
0!
0+
#96340
1!
1+
b11 A
b10 M
b10 4
b11 6
b10 2
1L
0d
1c
b10 (
#96360
0!
0+
#96380
1!
1+
b100 A
b11 M
b11 4
b100 6
b11 2
0L
0K
1J
1d
b11 (
#96400
0!
0+
#96420
1!
1+
b101 A
b100 M
b100 4
b101 6
b100 2
1L
0d
0c
1b
b100 (
#96440
0!
0+
#96460
1!
1+
b110 A
b101 M
b101 4
b110 6
b101 2
0L
1K
1d
b101 (
#96480
0!
0+
#96500
1!
1+
b111 A
b110 M
b110 4
b111 6
b110 2
1L
0d
1c
b110 (
#96520
0!
0+
#96540
1!
1+
b1000 A
b111 M
b111 4
b1000 6
b111 2
0L
0K
0J
1I
1d
b111 (
#96560
0!
0+
#96580
1!
1+
b1001 A
b1000 M
b1000 4
b1001 6
b1000 2
1L
0d
0c
0b
1a
b1000 (
#96600
0!
0+
#96620
1!
1+
b1010 A
b1001 M
b1001 4
b1010 6
b1001 2
0L
1K
1d
b1001 (
#96640
0!
0+
#96660
1!
1+
b1011 A
b1010 M
b1010 4
b1011 6
b1010 2
1L
0d
1c
b1010 (
#96680
0!
0+
#96700
1!
1+
b1100 A
b1011 M
b1011 4
b1100 6
b1011 2
0L
0K
1J
1d
b1011 (
#96720
0!
0+
#96740
1!
1+
b1101 A
b1100 M
b1100 4
b1101 6
b1100 2
1L
0d
0c
1b
b1100 (
#96760
0!
0+
#96780
1!
1+
b1110 A
b1101 M
b1101 4
b1110 6
b1101 2
0L
1K
1d
b1101 (
#96800
0!
0+
#96820
1!
1+
b1111 A
b1110 M
b1110 4
b1111 6
b1110 2
1L
0d
1c
b1110 (
#96840
0!
0+
#96860
1!
1+
b10000 A
b1111 M
b1111 4
b10000 6
b1111 2
0L
0K
0J
0I
1H
1d
b1111 (
#96880
0!
0+
#96900
1!
1+
b10001 A
b10000 M
b10000 4
b10001 6
b10000 2
1L
0d
0c
0b
0a
1`
b10000 (
#96920
0!
0+
#96940
1!
1+
b10010 A
b10001 M
b10001 4
b10010 6
b10001 2
0L
1K
1d
b10001 (
#96960
0!
0+
#96980
1!
1+
b10011 A
b10010 M
b10010 4
b10011 6
b10010 2
1L
0d
1c
b10010 (
#97000
0!
0+
#97020
1!
1+
b10100 A
b10011 M
b10011 4
b10100 6
b10011 2
0L
0K
1J
1d
b10011 (
#97040
0!
0+
#97060
1!
1+
b10101 A
b10100 M
b10100 4
b10101 6
b10100 2
1L
0d
0c
1b
b10100 (
#97080
0!
0+
#97100
1!
1+
b10110 A
b10101 M
b10101 4
b10110 6
b10101 2
0L
1K
1d
b10101 (
#97120
0!
0+
#97140
1!
1+
b10111 A
b10110 M
b10110 4
b10111 6
b10110 2
1L
0d
1c
b10110 (
#97160
0!
0+
#97180
1!
1+
b11000 A
b10111 M
b10111 4
b11000 6
b10111 2
0L
0K
0J
1I
1d
b10111 (
#97200
0!
0+
#97220
1!
1+
b11001 A
b11000 M
b11000 4
b11001 6
b11000 2
1L
0d
0c
0b
1a
b11000 (
#97240
0!
0+
#97260
1!
1+
b11010 A
b11001 M
b11001 4
b11010 6
b11001 2
0L
1K
1d
b11001 (
#97280
0!
0+
#97300
1!
1+
b11011 A
b11010 M
b11010 4
b11011 6
b11010 2
1L
0d
1c
b11010 (
#97320
0!
0+
#97340
1!
1+
b11100 A
b11011 M
b11011 4
b11100 6
b11011 2
0L
0K
1J
1d
b11011 (
#97360
0!
0+
#97380
1!
1+
b11101 A
b11100 M
b11100 4
b11101 6
b11100 2
1L
0d
0c
1b
b11100 (
#97400
0!
0+
#97420
1!
1+
b11110 A
b11101 M
b11101 4
b11110 6
b11101 2
0L
1K
1d
b11101 (
#97440
0!
0+
#97460
1!
1+
b11111 A
b11110 M
b11110 4
b11111 6
b11110 2
1L
0d
1c
b11110 (
#97480
0!
0+
#97500
1!
1+
b100000 A
b11111 M
b11111 4
b100000 6
b11111 2
0L
0K
0J
0I
0H
1G
1d
b11111 (
#97520
0!
0+
#97540
1!
1+
b100001 A
b100000 M
b100000 4
b100001 6
b100000 2
1L
0d
0c
0b
0a
0`
1_
b100000 (
#97560
0!
0+
#97580
1!
1+
b100010 A
b100001 M
b100001 4
b100010 6
b100001 2
0L
1K
1d
b100001 (
#97600
0!
0+
#97620
1!
1+
b100011 A
b100010 M
b100010 4
b100011 6
b100010 2
1L
0d
1c
b100010 (
#97640
0!
0+
#97660
1!
1+
b100100 A
b100011 M
b100011 4
b100100 6
b100011 2
0L
0K
1J
1d
b100011 (
#97680
0!
0+
#97700
1!
1+
b100101 A
b100100 M
b100100 4
b100101 6
b100100 2
1L
0d
0c
1b
b100100 (
#97720
0!
0+
#97740
1!
1+
b100110 A
b100101 M
b100101 4
b100110 6
b100101 2
0L
1K
1d
b100101 (
#97760
0!
0+
#97780
1!
1+
b100111 A
b100110 M
b100110 4
b100111 6
b100110 2
1L
0d
1c
b100110 (
#97800
0!
0+
#97820
1!
1+
b101000 A
b100111 M
b100111 4
b101000 6
b100111 2
0L
0K
0J
1I
1d
b100111 (
#97840
0!
0+
#97860
1!
1+
b101001 A
b101000 M
b101000 4
b101001 6
b101000 2
1L
0d
0c
0b
1a
b101000 (
#97880
0!
0+
#97900
1!
1+
b101010 A
b101001 M
b101001 4
b101010 6
b101001 2
0L
1K
1d
b101001 (
#97920
0!
0+
#97940
1!
1+
b101011 A
b101010 M
b101010 4
b101011 6
b101010 2
1L
0d
1c
b101010 (
#97960
0!
0+
#97980
1!
1+
b101100 A
b101011 M
b101011 4
b101100 6
b101011 2
0L
0K
1J
1d
b101011 (
#98000
0!
0+
#98020
1!
1+
b101101 A
b101100 M
b101100 4
b101101 6
b101100 2
1L
0d
0c
1b
b101100 (
#98040
0!
0+
#98060
1!
1+
b101110 A
b101101 M
b101101 4
b101110 6
b101101 2
0L
1K
1d
b101101 (
#98080
0!
0+
#98100
1!
1+
b101111 A
b101110 M
b101110 4
b101111 6
b101110 2
1L
0d
1c
b101110 (
#98120
0!
0+
#98140
1!
1+
b110000 A
b101111 M
b101111 4
b110000 6
b101111 2
0L
0K
0J
0I
1H
1d
b101111 (
#98160
0!
0+
#98180
1!
1+
b110001 A
b110000 M
b110000 4
b110001 6
b110000 2
1L
0d
0c
0b
0a
1`
b110000 (
#98200
0!
0+
#98220
1!
1+
b110010 A
b110001 M
b110001 4
b110010 6
b110001 2
0L
1K
1d
b110001 (
#98240
0!
0+
#98260
1!
1+
b110011 A
b110010 M
b110010 4
b110011 6
b110010 2
1L
0d
1c
b110010 (
#98280
0!
0+
#98300
1!
1+
b110100 A
b110011 M
b110011 4
b110100 6
b110011 2
0L
0K
1J
1d
b110011 (
#98320
0!
0+
#98340
1!
1+
b110101 A
b110100 M
b110100 4
b110101 6
b110100 2
1L
0d
0c
1b
b110100 (
#98360
0!
0+
#98380
1!
1+
b110110 A
b110101 M
b110101 4
b110110 6
b110101 2
0L
1K
1d
b110101 (
#98400
0!
0+
#98420
1!
1+
b110111 A
b110110 M
b110110 4
b110111 6
b110110 2
1L
0d
1c
b110110 (
#98440
0!
0+
#98460
1!
1+
b111000 A
b110111 M
b110111 4
b111000 6
b110111 2
0L
0K
0J
1I
1d
b110111 (
#98480
0!
0+
#98500
1!
1+
b111001 A
b111000 M
b111000 4
b111001 6
b111000 2
1L
0d
0c
0b
1a
b111000 (
#98520
0!
0+
#98540
1!
1+
b111010 A
b111001 M
b111001 4
b111010 6
b111001 2
0L
1K
1d
b111001 (
#98560
0!
0+
#98580
1!
1+
b111011 A
b111010 M
b111010 4
b111011 6
b111010 2
1L
0d
1c
b111010 (
#98600
0!
0+
#98620
1!
1+
b111100 A
b111011 M
b111011 4
b111100 6
b111011 2
0L
0K
1J
1d
b111011 (
#98640
0!
0+
#98660
1!
1+
b111101 A
b111100 M
b111100 4
b111101 6
b111100 2
1L
0d
0c
1b
b111100 (
#98680
0!
0+
#98700
1!
1+
b111110 A
b111101 M
b111101 4
b111110 6
b111101 2
0L
1K
1d
b111101 (
#98720
0!
0+
#98740
1!
1+
b111111 A
b111110 M
b111110 4
b111111 6
b111110 2
1L
0d
1c
b111110 (
#98760
0!
0+
#98780
1!
1+
b1000000 A
b111111 M
b111111 4
b1000000 6
b111111 2
0L
0K
0J
0I
0H
0G
1F
1d
b111111 (
#98800
0!
0+
#98820
1!
1+
b1000001 A
b1000000 M
b1000000 4
b1000001 6
b1000000 2
1L
0d
0c
0b
0a
0`
0_
1^
b1000000 (
#98840
0!
0+
#98860
1!
1+
b1000010 A
b1000001 M
b1000001 4
b1000010 6
b1000001 2
0L
1K
1d
b1000001 (
#98880
0!
0+
#98900
1!
1+
b1000011 A
b1000010 M
b1000010 4
b1000011 6
b1000010 2
1L
0d
1c
b1000010 (
#98920
0!
0+
#98940
1!
1+
b1000100 A
b1000011 M
b1000011 4
b1000100 6
b1000011 2
0L
0K
1J
1d
b1000011 (
#98960
0!
0+
#98980
1!
1+
b1000101 A
b1000100 M
b1000100 4
b1000101 6
b1000100 2
1L
0d
0c
1b
b1000100 (
#99000
0!
0+
#99020
1!
1+
b1000110 A
b1000101 M
b1000101 4
b1000110 6
b1000101 2
0L
1K
1d
b1000101 (
#99040
0!
0+
#99060
1!
1+
b1000111 A
b1000110 M
b1000110 4
b1000111 6
b1000110 2
1L
0d
1c
b1000110 (
#99080
0!
0+
#99100
1!
1+
b1001000 A
b1000111 M
b1000111 4
b1001000 6
b1000111 2
0L
0K
0J
1I
1d
b1000111 (
#99120
0!
0+
#99140
1!
1+
b1001001 A
b1001000 M
b1001000 4
b1001001 6
b1001000 2
1L
0d
0c
0b
1a
b1001000 (
#99160
0!
0+
#99180
1!
1+
b1001010 A
b1001001 M
b1001001 4
b1001010 6
b1001001 2
0L
1K
1d
b1001001 (
#99200
0!
0+
#99220
1!
1+
b1001011 A
b1001010 M
b1001010 4
b1001011 6
b1001010 2
1L
0d
1c
b1001010 (
#99240
0!
0+
#99260
1!
1+
b1001100 A
b1001011 M
b1001011 4
b1001100 6
b1001011 2
0L
0K
1J
1d
b1001011 (
#99280
0!
0+
#99300
1!
1+
b1001101 A
b1001100 M
b1001100 4
b1001101 6
b1001100 2
1L
0d
0c
1b
b1001100 (
#99320
0!
0+
#99340
1!
1+
b1001110 A
b1001101 M
b1001101 4
b1001110 6
b1001101 2
0L
1K
1d
b1001101 (
#99360
0!
0+
#99380
1!
1+
b1001111 A
b1001110 M
b1001110 4
b1001111 6
b1001110 2
1L
0d
1c
b1001110 (
#99400
0!
0+
#99420
1!
1+
b1010000 A
b1001111 M
b1001111 4
b1010000 6
b1001111 2
0L
0K
0J
0I
1H
1d
b1001111 (
#99440
0!
0+
#99460
1!
1+
b1010001 A
b1010000 M
b1010000 4
b1010001 6
b1010000 2
1L
0d
0c
0b
0a
1`
b1010000 (
#99480
0!
0+
#99500
1!
1+
b1010010 A
b1010001 M
b1010001 4
b1010010 6
b1010001 2
0L
1K
1d
b1010001 (
#99520
0!
0+
#99540
1!
1+
b1010011 A
b1010010 M
b1010010 4
b1010011 6
b1010010 2
1L
0d
1c
b1010010 (
#99560
0!
0+
#99580
1!
1+
b1010100 A
b1010011 M
b1010011 4
b1010100 6
b1010011 2
0L
0K
1J
1d
b1010011 (
#99600
0!
0+
#99620
1!
1+
b1010101 A
b1010100 M
b1010100 4
b1010101 6
b1010100 2
1L
0d
0c
1b
b1010100 (
#99640
0!
0+
#99660
1!
1+
b1010110 A
b1010101 M
b1010101 4
b1010110 6
b1010101 2
0L
1K
1d
b1010101 (
#99680
0!
0+
#99700
1!
1+
b1010111 A
b1010110 M
b1010110 4
b1010111 6
b1010110 2
1L
0d
1c
b1010110 (
#99720
0!
0+
#99740
1!
1+
b1011000 A
b1010111 M
b1010111 4
b1011000 6
b1010111 2
0L
0K
0J
1I
1d
b1010111 (
#99760
0!
0+
#99780
1!
1+
b1011001 A
b1011000 M
b1011000 4
b1011001 6
b1011000 2
1L
0d
0c
0b
1a
b1011000 (
#99800
0!
0+
#99820
1!
1+
b1011010 A
b1011001 M
b1011001 4
b1011010 6
b1011001 2
0L
1K
1d
b1011001 (
#99840
0!
0+
#99860
1!
1+
b1011011 A
b1011010 M
b1011010 4
b1011011 6
b1011010 2
1L
0d
1c
b1011010 (
#99880
0!
0+
#99900
1!
1+
b1011100 A
b1011011 M
b1011011 4
b1011100 6
b1011011 2
0L
0K
1J
1d
b1011011 (
#99920
0!
0+
#99940
1!
1+
b1011101 A
b1011100 M
b1011100 4
b1011101 6
b1011100 2
1L
0d
0c
1b
b1011100 (
#99960
0!
0+
#99980
1!
1+
b1011110 A
b1011101 M
b1011101 4
b1011110 6
b1011101 2
0L
1K
1d
b1011101 (
#100000
0!
0+
#100020
1!
1+
b1011111 A
b1011110 M
b1011110 4
b1011111 6
b1011110 2
1L
0d
1c
b1011110 (
#100040
0!
0+
#100060
1!
1+
b1100000 A
b1011111 M
b1011111 4
b1100000 6
b1011111 2
0L
0K
0J
0I
0H
1G
1d
b1011111 (
#100080
0!
0+
#100100
1!
1+
b1100001 A
b1100000 M
b1100000 4
b1100001 6
b1100000 2
1L
0d
0c
0b
0a
0`
1_
b1100000 (
#100120
0!
0+
#100140
1!
1+
b1100010 A
b1100001 M
b1100001 4
b1100010 6
b1100001 2
0L
1K
1d
b1100001 (
#100160
0!
0+
#100180
1!
1+
b1100011 A
b1100010 M
b1100010 4
b1100011 6
b1100010 2
1L
0d
1c
b1100010 (
#100200
0!
0+
#100220
1!
1+
b1100100 A
b1100011 M
b1100011 4
b1100100 6
b1100011 2
0L
0K
1J
1d
b1100011 (
#100240
0!
0+
#100260
1!
1+
b1100101 A
b1100100 M
b1100100 4
b1100101 6
b1100100 2
1L
0d
0c
1b
b1100100 (
#100280
0!
0+
#100300
1!
1+
b1100110 A
b1100101 M
b1100101 4
b1100110 6
b1100101 2
0L
1K
1d
b1100101 (
#100320
0!
0+
#100340
1!
1+
b1100111 A
b1100110 M
b1100110 4
b1100111 6
b1100110 2
1L
0d
1c
b1100110 (
#100360
0!
0+
#100380
1!
1+
b1101000 A
b1100111 M
b1100111 4
b1101000 6
b1100111 2
0L
0K
0J
1I
1d
b1100111 (
#100400
0!
0+
#100420
1!
1+
b1101001 A
b1101000 M
b1101000 4
b1101001 6
b1101000 2
1L
0d
0c
0b
1a
b1101000 (
#100440
0!
0+
#100460
1!
1+
b1101010 A
b1101001 M
b1101001 4
b1101010 6
b1101001 2
0L
1K
1d
b1101001 (
#100480
0!
0+
#100500
1!
1+
b1101011 A
b1101010 M
b1101010 4
b1101011 6
b1101010 2
1L
0d
1c
b1101010 (
#100520
0!
0+
#100540
1!
1+
b1101100 A
b1101011 M
b1101011 4
b1101100 6
b1101011 2
0L
0K
1J
1d
b1101011 (
#100560
0!
0+
#100580
1!
1+
b1101101 A
b1101100 M
b1101100 4
b1101101 6
b1101100 2
1L
0d
0c
1b
b1101100 (
#100600
0!
0+
#100620
1!
1+
b1101110 A
b1101101 M
b1101101 4
b1101110 6
b1101101 2
0L
1K
1d
b1101101 (
#100640
0!
0+
#100660
1!
1+
b1101111 A
b1101110 M
b1101110 4
b1101111 6
b1101110 2
1L
0d
1c
b1101110 (
#100680
0!
0+
#100700
1!
1+
b1110000 A
b1101111 M
b1101111 4
b1110000 6
b1101111 2
0L
0K
0J
0I
1H
1d
b1101111 (
#100720
0!
0+
#100740
1!
1+
b1110001 A
b1110000 M
b1110000 4
b1110001 6
b1110000 2
1L
0d
0c
0b
0a
1`
b1110000 (
#100760
0!
0+
#100780
1!
1+
b1110010 A
b1110001 M
b1110001 4
b1110010 6
b1110001 2
0L
1K
1d
b1110001 (
#100800
0!
0+
#100820
1!
1+
b1110011 A
b1110010 M
b1110010 4
b1110011 6
b1110010 2
1L
0d
1c
b1110010 (
#100840
0!
0+
#100860
1!
1+
b1110100 A
b1110011 M
b1110011 4
b1110100 6
b1110011 2
0L
0K
1J
1d
b1110011 (
#100880
0!
0+
#100900
1!
1+
b1110101 A
b1110100 M
b1110100 4
b1110101 6
b1110100 2
1L
0d
0c
1b
b1110100 (
#100920
0!
0+
#100940
1!
1+
b1110110 A
b1110101 M
b1110101 4
b1110110 6
b1110101 2
0L
1K
1d
b1110101 (
#100960
0!
0+
#100980
1!
1+
b1110111 A
b1110110 M
b1110110 4
b1110111 6
b1110110 2
1L
0d
1c
b1110110 (
#101000
0!
0+
#101020
1!
1+
b1111000 A
b1110111 M
b1110111 4
b1111000 6
b1110111 2
0L
0K
0J
1I
1d
b1110111 (
#101040
0!
0+
#101060
1!
1+
b1111001 A
b1111000 M
b1111000 4
b1111001 6
b1111000 2
1L
0d
0c
0b
1a
b1111000 (
#101080
0!
0+
#101100
1!
1+
b1111010 A
b1111001 M
b1111001 4
b1111010 6
b1111001 2
0L
1K
1d
b1111001 (
#101120
0!
0+
#101140
1!
1+
b1111011 A
b1111010 M
b1111010 4
b1111011 6
b1111010 2
1L
0d
1c
b1111010 (
#101160
0!
0+
#101180
1!
1+
b1111100 A
b1111011 M
b1111011 4
b1111100 6
b1111011 2
0L
0K
1J
1d
b1111011 (
#101200
0!
0+
#101220
1!
1+
b1111101 A
b1111100 M
b1111100 4
b1111101 6
b1111100 2
1L
0d
0c
1b
b1111100 (
#101240
0!
0+
#101260
1!
1+
b1111110 A
b1111101 M
b1111101 4
b1111110 6
b1111101 2
0L
1K
1d
b1111101 (
#101280
0!
0+
#101300
1!
1+
b1111111 A
b1111110 M
b1111110 4
b1111111 6
b1111110 2
1L
0d
1c
b1111110 (
#101320
0!
0+
#101340
1!
1+
b10000000 A
b1111111 M
b1111111 4
b10000000 6
b1111111 2
0L
0K
0J
0I
0H
0G
0F
1E
1d
b1111111 (
#101360
0!
0+
#101380
1!
1+
b10000001 A
b10000000 M
b10000000 4
b10000001 6
b10000000 2
1L
0d
0c
0b
0a
0`
0_
0^
1]
b10000000 (
#101400
0!
0+
#101420
1!
1+
b10000010 A
b10000001 M
b10000001 4
b10000010 6
b10000001 2
0L
1K
1d
b10000001 (
#101440
0!
0+
#101460
1!
1+
b10000011 A
b10000010 M
b10000010 4
b10000011 6
b10000010 2
1L
0d
1c
b10000010 (
#101480
0!
0+
#101500
1!
1+
b10000100 A
b10000011 M
b10000011 4
b10000100 6
b10000011 2
0L
0K
1J
1d
b10000011 (
#101520
0!
0+
#101540
1!
1+
b10000101 A
b10000100 M
b10000100 4
b10000101 6
b10000100 2
1L
0d
0c
1b
b10000100 (
#101560
0!
0+
#101580
1!
1+
b10000110 A
b10000101 M
b10000101 4
b10000110 6
b10000101 2
0L
1K
1d
b10000101 (
#101600
0!
0+
#101620
1!
1+
b10000111 A
b10000110 M
b10000110 4
b10000111 6
b10000110 2
1L
0d
1c
b10000110 (
#101640
0!
0+
#101660
1!
1+
b10001000 A
b10000111 M
b10000111 4
b10001000 6
b10000111 2
0L
0K
0J
1I
1d
b10000111 (
#101680
0!
0+
#101700
1!
1+
b10001001 A
b10001000 M
b10001000 4
b10001001 6
b10001000 2
1L
0d
0c
0b
1a
b10001000 (
#101720
0!
0+
#101740
1!
1+
b10001010 A
b10001001 M
b10001001 4
b10001010 6
b10001001 2
0L
1K
1d
b10001001 (
#101760
0!
0+
#101780
1!
1+
b10001011 A
b10001010 M
b10001010 4
b10001011 6
b10001010 2
1L
0d
1c
b10001010 (
#101800
0!
0+
#101820
1!
1+
b10001100 A
b10001011 M
b10001011 4
b10001100 6
b10001011 2
0L
0K
1J
1d
b10001011 (
#101840
0!
0+
#101860
1!
1+
b10001101 A
b10001100 M
b10001100 4
b10001101 6
b10001100 2
1L
0d
0c
1b
b10001100 (
#101880
0!
0+
#101900
1!
1+
b10001110 A
b10001101 M
b10001101 4
b10001110 6
b10001101 2
0L
1K
1d
b10001101 (
#101920
0!
0+
#101940
1!
1+
b10001111 A
b10001110 M
b10001110 4
b10001111 6
b10001110 2
1L
0d
1c
b10001110 (
#101960
0!
0+
#101980
1!
1+
b10010000 A
b10001111 M
b10001111 4
b10010000 6
b10001111 2
0L
0K
0J
0I
1H
1d
b10001111 (
#102000
0!
0+
#102020
1!
1+
b10010001 A
b10010000 M
b10010000 4
b10010001 6
b10010000 2
1L
0d
0c
0b
0a
1`
b10010000 (
#102040
0!
0+
#102060
1!
1+
b10010010 A
b10010001 M
b10010001 4
b10010010 6
b10010001 2
0L
1K
1d
b10010001 (
#102080
0!
0+
#102100
1!
1+
b10010011 A
b10010010 M
b10010010 4
b10010011 6
b10010010 2
1L
0d
1c
b10010010 (
#102120
0!
0+
#102140
1!
1+
b10010100 A
b10010011 M
b10010011 4
b10010100 6
b10010011 2
0L
0K
1J
1d
b10010011 (
#102160
0!
0+
#102180
1!
1+
b10010101 A
b10010100 M
b10010100 4
b10010101 6
b10010100 2
1L
0d
0c
1b
b10010100 (
#102200
0!
0+
#102220
1!
1+
b10010110 A
b10010101 M
b10010101 4
b10010110 6
b10010101 2
0L
1K
1d
b10010101 (
#102240
0!
0+
#102260
1!
1+
b10010111 A
b10010110 M
b10010110 4
b10010111 6
b10010110 2
1L
0d
1c
b10010110 (
#102280
0!
0+
#102300
1!
1+
b10011000 A
b10010111 M
b10010111 4
b10011000 6
b10010111 2
0L
0K
0J
1I
1d
b10010111 (
#102320
0!
0+
#102340
1!
1+
b10011001 A
b10011000 M
b10011000 4
b10011001 6
b10011000 2
1L
0d
0c
0b
1a
b10011000 (
#102360
0!
0+
#102380
1!
1+
b10011010 A
b10011001 M
b10011001 4
b10011010 6
b10011001 2
0L
1K
1d
b10011001 (
#102400
0!
0+
#102420
1!
1+
b10011011 A
b10011010 M
b10011010 4
b10011011 6
b10011010 2
1L
0d
1c
b10011010 (
#102440
0!
0+
#102460
1!
1+
b10011100 A
b10011011 M
b10011011 4
b10011100 6
b10011011 2
0L
0K
1J
1d
b10011011 (
#102480
0!
0+
#102500
1!
1+
b10011101 A
b10011100 M
b10011100 4
b10011101 6
b10011100 2
1L
0d
0c
1b
b10011100 (
#102520
0!
0+
#102540
1!
1+
b10011110 A
b10011101 M
b10011101 4
b10011110 6
b10011101 2
0L
1K
1d
b10011101 (
#102560
0!
0+
#102580
1!
1+
b10011111 A
b10011110 M
b10011110 4
b10011111 6
b10011110 2
1L
0d
1c
b10011110 (
#102600
0!
0+
#102620
1!
1+
b10100000 A
b10011111 M
b10011111 4
b10100000 6
b10011111 2
0L
0K
0J
0I
0H
1G
1d
b10011111 (
#102640
0!
0+
#102660
1!
1+
b10100001 A
b10100000 M
b10100000 4
b10100001 6
b10100000 2
1L
0d
0c
0b
0a
0`
1_
b10100000 (
#102680
0!
0+
#102700
1!
1+
b10100010 A
b10100001 M
b10100001 4
b10100010 6
b10100001 2
0L
1K
1d
b10100001 (
#102720
0!
0+
#102740
1!
1+
b10100011 A
b10100010 M
b10100010 4
b10100011 6
b10100010 2
1L
0d
1c
b10100010 (
#102760
0!
0+
#102780
1!
1+
b10100100 A
b10100011 M
b10100011 4
b10100100 6
b10100011 2
0L
0K
1J
1d
b10100011 (
#102800
0!
0+
#102820
1!
1+
b10100101 A
b10100100 M
b10100100 4
b10100101 6
b10100100 2
1L
0d
0c
1b
b10100100 (
#102840
0!
0+
#102860
1!
1+
b10100110 A
b10100101 M
b10100101 4
b10100110 6
b10100101 2
0L
1K
1d
b10100101 (
#102880
0!
0+
#102900
1!
1+
b10100111 A
b10100110 M
b10100110 4
b10100111 6
b10100110 2
1L
0d
1c
b10100110 (
#102920
0!
0+
#102940
1!
1+
b10101000 A
b10100111 M
b10100111 4
b10101000 6
b10100111 2
0L
0K
0J
1I
1d
b10100111 (
#102960
0!
0+
#102980
1!
1+
b10101001 A
b10101000 M
b10101000 4
b10101001 6
b10101000 2
1L
0d
0c
0b
1a
b10101000 (
#103000
0!
0+
#103020
1!
1+
b10101010 A
b10101001 M
b10101001 4
b10101010 6
b10101001 2
0L
1K
1d
b10101001 (
#103040
0!
0+
#103060
1!
1+
b10101011 A
b10101010 M
b10101010 4
b10101011 6
b10101010 2
1L
0d
1c
b10101010 (
#103080
0!
0+
#103100
1!
1+
b10101100 A
b10101011 M
b10101011 4
b10101100 6
b10101011 2
0L
0K
1J
1d
b10101011 (
#103120
0!
0+
#103140
1!
1+
b10101101 A
b10101100 M
b10101100 4
b10101101 6
b10101100 2
1L
0d
0c
1b
b10101100 (
#103160
0!
0+
#103180
1!
1+
b10101110 A
b10101101 M
b10101101 4
b10101110 6
b10101101 2
0L
1K
1d
b10101101 (
#103200
0!
0+
#103220
1!
1+
b10101111 A
b10101110 M
b10101110 4
b10101111 6
b10101110 2
1L
0d
1c
b10101110 (
#103240
0!
0+
#103260
1!
1+
b10110000 A
b10101111 M
b10101111 4
b10110000 6
b10101111 2
0L
0K
0J
0I
1H
1d
b10101111 (
#103280
0!
0+
#103300
1!
1+
b10110001 A
b10110000 M
b10110000 4
b10110001 6
b10110000 2
1L
0d
0c
0b
0a
1`
b10110000 (
#103320
0!
0+
#103340
1!
1+
b10110010 A
b10110001 M
b10110001 4
b10110010 6
b10110001 2
0L
1K
1d
b10110001 (
#103360
0!
0+
#103380
1!
1+
b10110011 A
b10110010 M
b10110010 4
b10110011 6
b10110010 2
1L
0d
1c
b10110010 (
#103400
0!
0+
#103420
1!
1+
b10110100 A
b10110011 M
b10110011 4
b10110100 6
b10110011 2
0L
0K
1J
1d
b10110011 (
#103440
0!
0+
#103460
1!
1+
b10110101 A
b10110100 M
b10110100 4
b10110101 6
b10110100 2
1L
0d
0c
1b
b10110100 (
#103480
0!
0+
#103500
1!
1+
b10110110 A
b10110101 M
b10110101 4
b10110110 6
b10110101 2
0L
1K
1d
b10110101 (
#103520
0!
0+
#103540
1!
1+
b10110111 A
b10110110 M
b10110110 4
b10110111 6
b10110110 2
1L
0d
1c
b10110110 (
#103560
0!
0+
#103580
1!
1+
b10111000 A
b10110111 M
b10110111 4
b10111000 6
b10110111 2
0L
0K
0J
1I
1d
b10110111 (
#103600
0!
0+
#103620
1!
1+
b10111001 A
b10111000 M
b10111000 4
b10111001 6
b10111000 2
1L
0d
0c
0b
1a
b10111000 (
#103640
0!
0+
#103660
1!
1+
b10111010 A
b10111001 M
b10111001 4
b10111010 6
b10111001 2
0L
1K
1d
b10111001 (
#103680
0!
0+
#103700
1!
1+
b10111011 A
b10111010 M
b10111010 4
b10111011 6
b10111010 2
1L
0d
1c
b10111010 (
#103720
0!
0+
#103740
1!
1+
b10111100 A
b10111011 M
b10111011 4
b10111100 6
b10111011 2
0L
0K
1J
1d
b10111011 (
#103760
0!
0+
#103780
1!
1+
b10111101 A
b10111100 M
b10111100 4
b10111101 6
b10111100 2
1L
0d
0c
1b
b10111100 (
#103800
0!
0+
#103820
1!
1+
b10111110 A
b10111101 M
b10111101 4
b10111110 6
b10111101 2
0L
1K
1d
b10111101 (
#103840
0!
0+
#103860
1!
1+
b10111111 A
b10111110 M
b10111110 4
b10111111 6
b10111110 2
1L
0d
1c
b10111110 (
#103880
0!
0+
#103900
1!
1+
b11000000 A
b10111111 M
b10111111 4
b11000000 6
b10111111 2
0L
0K
0J
0I
0H
0G
1F
1d
b10111111 (
#103920
0!
0+
#103940
1!
1+
b11000001 A
b11000000 M
b11000000 4
b11000001 6
b11000000 2
1L
0d
0c
0b
0a
0`
0_
1^
b11000000 (
#103960
0!
0+
#103980
1!
1+
b11000010 A
b11000001 M
b11000001 4
b11000010 6
b11000001 2
0L
1K
1d
b11000001 (
#104000
0!
0+
#104020
1!
1+
b11000011 A
b11000010 M
b11000010 4
b11000011 6
b11000010 2
1L
0d
1c
b11000010 (
#104040
0!
0+
#104060
1!
1+
b11000100 A
b11000011 M
b11000011 4
b11000100 6
b11000011 2
0L
0K
1J
1d
b11000011 (
#104080
0!
0+
#104100
1!
1+
b11000101 A
b11000100 M
b11000100 4
b11000101 6
b11000100 2
1L
0d
0c
1b
b11000100 (
#104120
0!
0+
#104140
1!
1+
b11000110 A
b11000101 M
b11000101 4
b11000110 6
b11000101 2
0L
1K
1d
b11000101 (
#104160
0!
0+
#104180
1!
1+
b11000111 A
b11000110 M
b11000110 4
b11000111 6
b11000110 2
1L
0d
1c
b11000110 (
#104200
0!
0+
#104220
1!
1+
b11001000 A
b11000111 M
b11000111 4
b11001000 6
b11000111 2
0L
0K
0J
1I
1d
b11000111 (
#104240
0!
0+
#104260
1!
1+
b11001001 A
b11001000 M
b11001000 4
b11001001 6
b11001000 2
1L
0d
0c
0b
1a
b11001000 (
#104280
0!
0+
#104300
1!
1+
b11001010 A
b11001001 M
b11001001 4
b11001010 6
b11001001 2
0L
1K
1d
b11001001 (
#104320
0!
0+
#104340
1!
1+
b11001011 A
b11001010 M
b11001010 4
b11001011 6
b11001010 2
1L
0d
1c
b11001010 (
#104360
0!
0+
#104380
1!
1+
b11001100 A
b11001011 M
b11001011 4
b11001100 6
b11001011 2
0L
0K
1J
1d
b11001011 (
#104400
0!
0+
#104420
1!
1+
b11001101 A
b11001100 M
b11001100 4
b11001101 6
b11001100 2
1L
0d
0c
1b
b11001100 (
#104440
0!
0+
#104460
1!
1+
b11001110 A
b11001101 M
b11001101 4
b11001110 6
b11001101 2
0L
1K
1d
b11001101 (
#104480
0!
0+
#104500
1!
1+
b11001111 A
b11001110 M
b11001110 4
b11001111 6
b11001110 2
1L
0d
1c
b11001110 (
#104520
0!
0+
#104540
1!
1+
b11010000 A
b11001111 M
b11001111 4
b11010000 6
b11001111 2
0L
0K
0J
0I
1H
1d
b11001111 (
#104560
0!
0+
#104580
1!
1+
b11010001 A
b11010000 M
b11010000 4
b11010001 6
b11010000 2
1L
0d
0c
0b
0a
1`
b11010000 (
#104600
0!
0+
#104620
1!
1+
b11010010 A
b11010001 M
b11010001 4
b11010010 6
b11010001 2
0L
1K
1d
b11010001 (
#104640
0!
0+
#104660
1!
1+
b11010011 A
b11010010 M
b11010010 4
b11010011 6
b11010010 2
1L
0d
1c
b11010010 (
#104680
0!
0+
#104700
1!
1+
b11010100 A
b11010011 M
b11010011 4
b11010100 6
b11010011 2
0L
0K
1J
1d
b11010011 (
#104720
0!
0+
#104740
1!
1+
b11010101 A
b11010100 M
b11010100 4
b11010101 6
b11010100 2
1L
0d
0c
1b
b11010100 (
#104760
0!
0+
#104780
1!
1+
b11010110 A
b11010101 M
b11010101 4
b11010110 6
b11010101 2
0L
1K
1d
b11010101 (
#104800
0!
0+
#104820
1!
1+
b11010111 A
b11010110 M
b11010110 4
b11010111 6
b11010110 2
1L
0d
1c
b11010110 (
#104840
0!
0+
#104860
1!
1+
b11011000 A
b11010111 M
b11010111 4
b11011000 6
b11010111 2
0L
0K
0J
1I
1d
b11010111 (
#104880
0!
0+
#104900
1!
1+
b11011001 A
b11011000 M
b11011000 4
b11011001 6
b11011000 2
1L
0d
0c
0b
1a
b11011000 (
#104920
0!
0+
#104940
1!
1+
b11011010 A
b11011001 M
b11011001 4
b11011010 6
b11011001 2
0L
1K
1d
b11011001 (
#104960
0!
0+
#104980
1!
1+
b11011011 A
b11011010 M
b11011010 4
b11011011 6
b11011010 2
1L
0d
1c
b11011010 (
#105000
0!
0+
#105020
1!
1+
b11011100 A
b11011011 M
b11011011 4
b11011100 6
b11011011 2
0L
0K
1J
1d
b11011011 (
#105040
0!
0+
#105060
1!
1+
b11011101 A
b11011100 M
b11011100 4
b11011101 6
b11011100 2
1L
0d
0c
1b
b11011100 (
#105080
0!
0+
#105100
1!
1+
b11011110 A
b11011101 M
b11011101 4
b11011110 6
b11011101 2
0L
1K
1d
b11011101 (
#105120
0!
0+
#105140
1!
1+
b11011111 A
b11011110 M
b11011110 4
b11011111 6
b11011110 2
1L
0d
1c
b11011110 (
#105160
0!
0+
#105180
1!
1+
b11100000 A
b11011111 M
b11011111 4
b11100000 6
b11011111 2
0L
0K
0J
0I
0H
1G
1d
b11011111 (
#105200
0!
0+
#105220
1!
1+
b11100001 A
b11100000 M
b11100000 4
b11100001 6
b11100000 2
1L
0d
0c
0b
0a
0`
1_
b11100000 (
#105240
0!
0+
#105260
1!
1+
b11100010 A
b11100001 M
b11100001 4
b11100010 6
b11100001 2
0L
1K
1d
b11100001 (
#105280
0!
0+
#105300
1!
1+
b11100011 A
b11100010 M
b11100010 4
b11100011 6
b11100010 2
1L
0d
1c
b11100010 (
#105320
0!
0+
#105340
1!
1+
b11100100 A
b11100011 M
b11100011 4
b11100100 6
b11100011 2
0L
0K
1J
1d
b11100011 (
#105360
0!
0+
#105380
1!
1+
b11100101 A
b11100100 M
b11100100 4
b11100101 6
b11100100 2
1L
0d
0c
1b
b11100100 (
#105400
0!
0+
#105420
1!
1+
b11100110 A
b11100101 M
b11100101 4
b11100110 6
b11100101 2
0L
1K
1d
b11100101 (
#105440
0!
0+
#105460
1!
1+
b11100111 A
b11100110 M
b11100110 4
b11100111 6
b11100110 2
1L
0d
1c
b11100110 (
#105480
0!
0+
#105500
1!
1+
b11101000 A
b11100111 M
b11100111 4
b11101000 6
b11100111 2
0L
0K
0J
1I
1d
b11100111 (
#105520
0!
0+
#105540
1!
1+
b11101001 A
b11101000 M
b11101000 4
b11101001 6
b11101000 2
1L
0d
0c
0b
1a
b11101000 (
#105560
0!
0+
#105580
1!
1+
b11101010 A
b11101001 M
b11101001 4
b11101010 6
b11101001 2
0L
1K
1d
b11101001 (
#105600
0!
0+
#105620
1!
1+
b11101011 A
b11101010 M
b11101010 4
b11101011 6
b11101010 2
1L
0d
1c
b11101010 (
#105640
0!
0+
#105660
1!
1+
b11101100 A
b11101011 M
b11101011 4
b11101100 6
b11101011 2
0L
0K
1J
1d
b11101011 (
#105680
0!
0+
#105700
1!
1+
b11101101 A
b11101100 M
b11101100 4
b11101101 6
b11101100 2
1L
0d
0c
1b
b11101100 (
#105720
0!
0+
#105740
1!
1+
b11101110 A
b11101101 M
b11101101 4
b11101110 6
b11101101 2
0L
1K
1d
b11101101 (
#105760
0!
0+
#105780
1!
1+
b11101111 A
b11101110 M
b11101110 4
b11101111 6
b11101110 2
1L
0d
1c
b11101110 (
#105800
0!
0+
#105820
1!
1+
b11110000 A
b11101111 M
b11101111 4
b11110000 6
b11101111 2
0L
0K
0J
0I
1H
1d
b11101111 (
#105840
0!
0+
#105860
1!
1+
b11110001 A
b11110000 M
b11110000 4
b11110001 6
b11110000 2
1L
0d
0c
0b
0a
1`
b11110000 (
#105880
0!
0+
#105900
1!
1+
b11110010 A
b11110001 M
b11110001 4
b11110010 6
b11110001 2
0L
1K
1d
b11110001 (
#105920
0!
0+
#105940
1!
1+
b11110011 A
b11110010 M
b11110010 4
b11110011 6
b11110010 2
1L
0d
1c
b11110010 (
#105960
0!
0+
#105980
1!
1+
b11110100 A
b11110011 M
b11110011 4
b11110100 6
b11110011 2
0L
0K
1J
1d
b11110011 (
#106000
0!
0+
#106020
1!
1+
b11110101 A
b11110100 M
b11110100 4
b11110101 6
b11110100 2
1L
0d
0c
1b
b11110100 (
#106040
0!
0+
#106060
1!
1+
b11110110 A
b11110101 M
b11110101 4
b11110110 6
b11110101 2
0L
1K
1d
b11110101 (
#106080
0!
0+
#106100
1!
1+
b11110111 A
b11110110 M
b11110110 4
b11110111 6
b11110110 2
1L
0d
1c
b11110110 (
#106120
0!
0+
#106140
1!
1+
b11111000 A
b11110111 M
b11110111 4
b11111000 6
b11110111 2
0L
0K
0J
1I
1d
b11110111 (
#106160
0!
0+
#106180
1!
1+
b11111001 A
b11111000 M
b11111000 4
b11111001 6
b11111000 2
1L
0d
0c
0b
1a
b11111000 (
#106200
0!
0+
#106220
1!
1+
b11111010 A
b11111001 M
b11111001 4
b11111010 6
b11111001 2
0L
1K
1d
b11111001 (
#106240
0!
0+
#106260
1!
1+
b11111011 A
b11111010 M
b11111010 4
b11111011 6
b11111010 2
1L
0d
1c
b11111010 (
#106280
0!
0+
#106300
1!
1+
b11111100 A
b11111011 M
b11111011 4
b11111100 6
b11111011 2
0L
0K
1J
1d
b11111011 (
#106320
0!
0+
#106340
1!
1+
b11111101 A
b11111100 M
b11111100 4
b11111101 6
b11111100 2
1L
0d
0c
1b
b11111100 (
#106360
0!
0+
#106380
1!
1+
b11111110 A
b11111101 M
b11111101 4
b11111110 6
b11111101 2
0L
1K
1d
b11111101 (
#106400
0!
0+
#106420
1!
1+
b11111111 A
b11111110 M
b11111110 4
b11111111 6
b11111110 2
1L
0d
1c
b11111110 (
#106440
0!
0+
#106460
1!
1+
b100000000 A
b11111111 M
b11111111 4
b100000000 6
b11111111 2
0L
0K
0J
0I
0H
0G
0F
0E
1D
1d
b11111111 (
#106480
0!
0+
#106500
1!
1+
b100000001 A
b100000000 M
b100000000 4
b100000001 6
b100000000 2
1L
0d
0c
0b
0a
0`
0_
0^
0]
1\
b100000000 (
#106520
0!
0+
#106540
1!
1+
b100000010 A
b100000001 M
b100000001 4
b100000010 6
b100000001 2
0L
1K
1d
b100000001 (
#106560
0!
0+
#106580
1!
1+
b100000011 A
b100000010 M
b100000010 4
b100000011 6
b100000010 2
1L
0d
1c
b100000010 (
#106600
0!
0+
#106620
1!
1+
b100000100 A
b100000011 M
b100000011 4
b100000100 6
b100000011 2
0L
0K
1J
1d
b100000011 (
#106640
0!
0+
#106660
1!
1+
b100000101 A
b100000100 M
b100000100 4
b100000101 6
b100000100 2
1L
0d
0c
1b
b100000100 (
#106680
0!
0+
#106700
1!
1+
b100000110 A
b100000101 M
b100000101 4
b100000110 6
b100000101 2
0L
1K
1d
b100000101 (
#106720
0!
0+
#106740
1!
1+
b100000111 A
b100000110 M
b100000110 4
b100000111 6
b100000110 2
1L
0d
1c
b100000110 (
#106760
0!
0+
#106780
1!
1+
b100001000 A
b100000111 M
b100000111 4
b100001000 6
b100000111 2
0L
0K
0J
1I
1d
b100000111 (
#106800
0!
0+
#106820
1!
1+
b100001001 A
b100001000 M
b100001000 4
b100001001 6
b100001000 2
1L
0d
0c
0b
1a
b100001000 (
#106840
0!
0+
#106860
1!
1+
b100001010 A
b100001001 M
b100001001 4
b100001010 6
b100001001 2
0L
1K
1d
b100001001 (
#106880
0!
0+
#106900
1!
1+
b100001011 A
b100001010 M
b100001010 4
b100001011 6
b100001010 2
1L
0d
1c
b100001010 (
#106920
0!
0+
#106940
1!
1+
b100001100 A
b100001011 M
b100001011 4
b100001100 6
b100001011 2
0L
0K
1J
1d
b100001011 (
#106960
0!
0+
#106980
1!
1+
b100001101 A
b100001100 M
b100001100 4
b100001101 6
b100001100 2
1L
0d
0c
1b
b100001100 (
#107000
0!
0+
#107020
1!
1+
b100001110 A
b100001101 M
b100001101 4
b100001110 6
b100001101 2
0L
1K
1d
b100001101 (
#107040
0!
0+
#107060
1!
1+
b100001111 A
b100001110 M
b100001110 4
b100001111 6
b100001110 2
1L
0d
1c
b100001110 (
#107080
0!
0+
#107100
1!
1+
b100010000 A
b100001111 M
b100001111 4
b100010000 6
b100001111 2
0L
0K
0J
0I
1H
1d
b100001111 (
#107120
0!
0+
#107140
1!
1+
b100010001 A
b100010000 M
b100010000 4
b100010001 6
b100010000 2
1L
0d
0c
0b
0a
1`
b100010000 (
#107160
0!
0+
#107180
1!
1+
b100010010 A
b100010001 M
b100010001 4
b100010010 6
b100010001 2
0L
1K
1d
b100010001 (
#107200
0!
0+
#107220
1!
1+
b100010011 A
b100010010 M
b100010010 4
b100010011 6
b100010010 2
1L
0d
1c
b100010010 (
#107240
0!
0+
#107260
1!
1+
b100010100 A
b100010011 M
b100010011 4
b100010100 6
b100010011 2
0L
0K
1J
1d
b100010011 (
#107280
0!
0+
#107300
1!
1+
b100010101 A
b100010100 M
b100010100 4
b100010101 6
b100010100 2
1L
0d
0c
1b
b100010100 (
#107320
0!
0+
#107340
1!
1+
b100010110 A
b100010101 M
b100010101 4
b100010110 6
b100010101 2
0L
1K
1d
b100010101 (
#107360
0!
0+
#107380
1!
1+
b100010111 A
b100010110 M
b100010110 4
b100010111 6
b100010110 2
1L
0d
1c
b100010110 (
#107400
0!
0+
#107420
1!
1+
b100011000 A
b100010111 M
b100010111 4
b100011000 6
b100010111 2
0L
0K
0J
1I
1d
b100010111 (
#107440
0!
0+
#107460
1!
1+
b100011001 A
b100011000 M
b100011000 4
b100011001 6
b100011000 2
1L
0d
0c
0b
1a
b100011000 (
#107480
0!
0+
#107500
1!
1+
b100011010 A
b100011001 M
b100011001 4
b100011010 6
b100011001 2
0L
1K
1d
b100011001 (
#107520
0!
0+
#107540
1!
1+
b100011011 A
b100011010 M
b100011010 4
b100011011 6
b100011010 2
1L
0d
1c
b100011010 (
#107560
0!
0+
#107580
1!
1+
b100011100 A
b100011011 M
b100011011 4
b100011100 6
b100011011 2
0L
0K
1J
1d
b100011011 (
#107600
0!
0+
#107620
1!
1+
b100011101 A
b100011100 M
b100011100 4
b100011101 6
b100011100 2
1L
0d
0c
1b
b100011100 (
#107640
0!
0+
#107660
1!
1+
b100011110 A
b100011101 M
b100011101 4
b100011110 6
b100011101 2
0L
1K
1d
b100011101 (
#107680
0!
0+
#107700
1!
1+
b100011111 A
b100011110 M
b100011110 4
b100011111 6
b100011110 2
1L
0d
1c
b100011110 (
#107720
0!
0+
#107740
1!
1+
b100100000 A
b100011111 M
b100011111 4
b100100000 6
b100011111 2
0L
0K
0J
0I
0H
1G
1d
b100011111 (
#107760
0!
0+
#107780
1!
1+
b100100001 A
b100100000 M
b100100000 4
b100100001 6
b100100000 2
1L
0d
0c
0b
0a
0`
1_
b100100000 (
#107800
0!
0+
#107820
1!
1+
b100100010 A
b100100001 M
b100100001 4
b100100010 6
b100100001 2
0L
1K
1d
b100100001 (
#107840
0!
0+
#107860
1!
1+
b100100011 A
b100100010 M
b100100010 4
b100100011 6
b100100010 2
1L
0d
1c
b100100010 (
#107880
0!
0+
#107900
1!
1+
b100100100 A
b100100011 M
b100100011 4
b100100100 6
b100100011 2
0L
0K
1J
1d
b100100011 (
#107920
0!
0+
#107940
1!
1+
b100100101 A
b100100100 M
b100100100 4
b100100101 6
b100100100 2
1L
0d
0c
1b
b100100100 (
#107960
0!
0+
#107980
1!
1+
b100100110 A
b100100101 M
b100100101 4
b100100110 6
b100100101 2
0L
1K
1d
b100100101 (
#108000
0!
0+
#108020
1!
1+
b100100111 A
b100100110 M
b100100110 4
b100100111 6
b100100110 2
1L
0d
1c
b100100110 (
#108040
0!
0+
#108060
1!
1+
b100101000 A
b100100111 M
b100100111 4
b100101000 6
b100100111 2
0L
0K
0J
1I
1d
b100100111 (
#108080
0!
0+
#108100
1!
1+
b100101001 A
b100101000 M
b100101000 4
b100101001 6
b100101000 2
1L
0d
0c
0b
1a
b100101000 (
#108120
0!
0+
#108140
1!
1+
b100101010 A
b100101001 M
b100101001 4
b100101010 6
b100101001 2
0L
1K
1d
b100101001 (
#108160
0!
0+
#108180
1!
1+
b100101011 A
b100101010 M
b100101010 4
b100101011 6
b100101010 2
1L
0d
1c
b100101010 (
#108200
0!
0+
#108220
1!
1+
b100101100 A
b100101011 M
b100101011 4
b100101100 6
b100101011 2
0L
0K
1J
1d
b100101011 (
#108240
0!
0+
#108260
1!
1+
b100101101 A
b100101100 M
b100101100 4
b100101101 6
b100101100 2
1L
0d
0c
1b
b100101100 (
#108280
0!
0+
#108300
1!
1+
b100101110 A
b100101101 M
b100101101 4
b100101110 6
b100101101 2
0L
1K
1d
b100101101 (
#108320
0!
0+
#108340
1!
1+
b100101111 A
b100101110 M
b100101110 4
b100101111 6
b100101110 2
1L
0d
1c
b100101110 (
#108360
0!
0+
#108380
1!
1+
b100110000 A
b100101111 M
b100101111 4
b100110000 6
b100101111 2
0L
0K
0J
0I
1H
1d
b100101111 (
#108400
0!
0+
#108420
1!
1+
b100110001 A
b100110000 M
b100110000 4
b100110001 6
b100110000 2
1L
0d
0c
0b
0a
1`
b100110000 (
#108440
0!
0+
#108460
1!
1+
b100110010 A
b100110001 M
b100110001 4
b100110010 6
b100110001 2
0L
1K
1d
b100110001 (
#108480
0!
0+
#108500
1!
1+
b100110011 A
b100110010 M
b100110010 4
b100110011 6
b100110010 2
1L
0d
1c
b100110010 (
#108520
0!
0+
#108540
1!
1+
b100110100 A
b100110011 M
b100110011 4
b100110100 6
b100110011 2
0L
0K
1J
1d
b100110011 (
#108560
0!
0+
#108580
1!
1+
b100110101 A
b100110100 M
b100110100 4
b100110101 6
b100110100 2
1L
0d
0c
1b
b100110100 (
#108600
0!
0+
#108620
1!
1+
b100110110 A
b100110101 M
b100110101 4
b100110110 6
b100110101 2
0L
1K
1d
b100110101 (
#108640
0!
0+
#108660
1!
1+
b100110111 A
b100110110 M
b100110110 4
b100110111 6
b100110110 2
1L
0d
1c
b100110110 (
#108680
0!
0+
#108700
1!
1+
b100111000 A
b100110111 M
b100110111 4
b100111000 6
b100110111 2
0L
0K
0J
1I
1d
b100110111 (
#108720
0!
0+
#108740
1!
1+
b100111001 A
b100111000 M
b100111000 4
b100111001 6
b100111000 2
1L
0d
0c
0b
1a
b100111000 (
#108760
0!
0+
#108780
1!
1+
b100111010 A
b100111001 M
b100111001 4
b100111010 6
b100111001 2
0L
1K
1d
b100111001 (
#108800
0!
0+
#108820
1!
1+
b100111011 A
b100111010 M
b100111010 4
b100111011 6
b100111010 2
1L
0d
1c
b100111010 (
#108840
0!
0+
#108860
1!
1+
b100111100 A
b100111011 M
b100111011 4
b100111100 6
b100111011 2
0L
0K
1J
1d
b100111011 (
#108880
0!
0+
#108900
1!
1+
b100111101 A
b100111100 M
b100111100 4
b100111101 6
b100111100 2
1L
0d
0c
1b
b100111100 (
#108920
0!
0+
#108940
1!
1+
b100111110 A
b100111101 M
b100111101 4
b100111110 6
b100111101 2
0L
1K
1d
b100111101 (
#108960
0!
0+
#108980
1!
1+
b100111111 A
b100111110 M
b100111110 4
b100111111 6
b100111110 2
1L
0d
1c
b100111110 (
#109000
0!
0+
#109020
1!
1+
b101000000 A
b100111111 M
b100111111 4
b101000000 6
b100111111 2
0L
0K
0J
0I
0H
0G
1F
1d
b100111111 (
#109040
0!
0+
#109060
1!
1+
b101000001 A
b101000000 M
b101000000 4
b101000001 6
b101000000 2
1L
0d
0c
0b
0a
0`
0_
1^
b101000000 (
#109080
0!
0+
#109100
1!
1+
b101000010 A
b101000001 M
b101000001 4
b101000010 6
b101000001 2
0L
1K
1d
b101000001 (
#109120
0!
0+
#109140
1!
1+
b101000011 A
b101000010 M
b101000010 4
b101000011 6
b101000010 2
1L
0d
1c
b101000010 (
#109160
0!
0+
#109180
1!
1+
b101000100 A
b101000011 M
b101000011 4
b101000100 6
b101000011 2
0L
0K
1J
1d
b101000011 (
#109200
0!
0+
#109220
1!
1+
b101000101 A
b101000100 M
b101000100 4
b101000101 6
b101000100 2
1L
0d
0c
1b
b101000100 (
#109240
0!
0+
#109260
1!
1+
b101000110 A
b101000101 M
b101000101 4
b101000110 6
b101000101 2
0L
1K
1d
b101000101 (
#109280
0!
0+
#109300
1!
1+
b101000111 A
b101000110 M
b101000110 4
b101000111 6
b101000110 2
1L
0d
1c
b101000110 (
#109320
0!
0+
#109340
1!
1+
b101001000 A
b101000111 M
b101000111 4
b101001000 6
b101000111 2
0L
0K
0J
1I
1d
b101000111 (
#109360
0!
0+
#109380
1!
1+
b101001001 A
b101001000 M
b101001000 4
b101001001 6
b101001000 2
1L
0d
0c
0b
1a
b101001000 (
#109400
0!
0+
#109420
1!
1+
b101001010 A
b101001001 M
b101001001 4
b101001010 6
b101001001 2
0L
1K
1d
b101001001 (
#109440
0!
0+
#109460
1!
1+
b101001011 A
b101001010 M
b101001010 4
b101001011 6
b101001010 2
1L
0d
1c
b101001010 (
#109480
0!
0+
#109500
1!
1+
b101001100 A
b101001011 M
b101001011 4
b101001100 6
b101001011 2
0L
0K
1J
1d
b101001011 (
#109520
0!
0+
#109540
1!
1+
b101001101 A
b101001100 M
b101001100 4
b101001101 6
b101001100 2
1L
0d
0c
1b
b101001100 (
#109560
0!
0+
#109580
1!
1+
b101001110 A
b101001101 M
b101001101 4
b101001110 6
b101001101 2
0L
1K
1d
b101001101 (
#109600
0!
0+
#109620
1!
1+
b101001111 A
b101001110 M
b101001110 4
b101001111 6
b101001110 2
1L
0d
1c
b101001110 (
#109640
0!
0+
#109660
1!
1+
b101010000 A
b101001111 M
b101001111 4
b101010000 6
b101001111 2
0L
0K
0J
0I
1H
1d
b101001111 (
#109680
0!
0+
#109700
1!
1+
b101010001 A
b101010000 M
b101010000 4
b101010001 6
b101010000 2
1L
0d
0c
0b
0a
1`
b101010000 (
#109720
0!
0+
#109740
1!
1+
b101010010 A
b101010001 M
b101010001 4
b101010010 6
b101010001 2
0L
1K
1d
b101010001 (
#109760
0!
0+
#109780
1!
1+
b101010011 A
b101010010 M
b101010010 4
b101010011 6
b101010010 2
1L
0d
1c
b101010010 (
#109800
0!
0+
#109820
1!
1+
b101010100 A
b101010011 M
b101010011 4
b101010100 6
b101010011 2
0L
0K
1J
1d
b101010011 (
#109840
0!
0+
#109860
1!
1+
b101010101 A
b101010100 M
b101010100 4
b101010101 6
b101010100 2
1L
0d
0c
1b
b101010100 (
#109880
0!
0+
#109900
1!
1+
b101010110 A
b101010101 M
b101010101 4
b101010110 6
b101010101 2
0L
1K
1d
b101010101 (
#109920
0!
0+
#109940
1!
1+
b101010111 A
b101010110 M
b101010110 4
b101010111 6
b101010110 2
1L
0d
1c
b101010110 (
#109960
0!
0+
#109980
1!
1+
b101011000 A
b101010111 M
b101010111 4
b101011000 6
b101010111 2
0L
0K
0J
1I
1d
b101010111 (
#110000
0!
0+
#110020
1!
1+
b101011001 A
b101011000 M
b101011000 4
b101011001 6
b101011000 2
1L
0d
0c
0b
1a
b101011000 (
#110040
0!
0+
#110060
1!
1+
b101011010 A
b101011001 M
b101011001 4
b101011010 6
b101011001 2
0L
1K
1d
b101011001 (
#110080
0!
0+
#110100
1!
1+
b101011011 A
b101011010 M
b101011010 4
b101011011 6
b101011010 2
1L
0d
1c
b101011010 (
#110120
0!
0+
#110140
1!
1+
b101011100 A
b101011011 M
b101011011 4
b101011100 6
b101011011 2
0L
0K
1J
1d
b101011011 (
#110160
0!
0+
#110180
1!
1+
b101011101 A
b101011100 M
b101011100 4
b101011101 6
b101011100 2
1L
0d
0c
1b
b101011100 (
#110200
0!
0+
#110220
1!
1+
b101011110 A
b101011101 M
b101011101 4
b101011110 6
b101011101 2
0L
1K
1d
b101011101 (
#110240
0!
0+
#110260
1!
1+
b101011111 A
b101011110 M
b101011110 4
b101011111 6
b101011110 2
1L
0d
1c
b101011110 (
#110280
0!
0+
#110300
1!
1+
b101100000 A
b101011111 M
b101011111 4
b101100000 6
b101011111 2
0L
0K
0J
0I
0H
1G
1d
b101011111 (
#110320
0!
0+
#110340
1!
1+
b101100001 A
b101100000 M
b101100000 4
b101100001 6
b101100000 2
1L
0d
0c
0b
0a
0`
1_
b101100000 (
#110360
0!
0+
#110380
1!
1+
b101100010 A
b101100001 M
b101100001 4
b101100010 6
b101100001 2
0L
1K
1d
b101100001 (
#110400
0!
0+
#110420
1!
1+
b101100011 A
b101100010 M
b101100010 4
b101100011 6
b101100010 2
1L
0d
1c
b101100010 (
#110440
0!
0+
#110460
1!
1+
b101100100 A
b101100011 M
b101100011 4
b101100100 6
b101100011 2
0L
0K
1J
1d
b101100011 (
#110480
0!
0+
#110500
1!
1+
b101100101 A
b101100100 M
b101100100 4
b101100101 6
b101100100 2
1L
0d
0c
1b
b101100100 (
#110520
0!
0+
#110540
1!
1+
b101100110 A
b101100101 M
b101100101 4
b101100110 6
b101100101 2
0L
1K
1d
b101100101 (
#110560
0!
0+
#110580
1!
1+
b101100111 A
b101100110 M
b101100110 4
b101100111 6
b101100110 2
1L
0d
1c
b101100110 (
#110600
0!
0+
#110620
1!
1+
b101101000 A
b101100111 M
b101100111 4
b101101000 6
b101100111 2
0L
0K
0J
1I
1d
b101100111 (
#110640
0!
0+
#110660
1!
1+
b101101001 A
b101101000 M
b101101000 4
b101101001 6
b101101000 2
1L
0d
0c
0b
1a
b101101000 (
#110680
0!
0+
#110700
1!
1+
b101101010 A
b101101001 M
b101101001 4
b101101010 6
b101101001 2
0L
1K
1d
b101101001 (
#110720
0!
0+
#110740
1!
1+
b101101011 A
b101101010 M
b101101010 4
b101101011 6
b101101010 2
1L
0d
1c
b101101010 (
#110760
0!
0+
#110780
1!
1+
b101101100 A
b101101011 M
b101101011 4
b101101100 6
b101101011 2
0L
0K
1J
1d
b101101011 (
#110800
0!
0+
#110820
1!
1+
b101101101 A
b101101100 M
b101101100 4
b101101101 6
b101101100 2
1L
0d
0c
1b
b101101100 (
#110840
0!
0+
#110860
1!
1+
b101101110 A
b101101101 M
b101101101 4
b101101110 6
b101101101 2
0L
1K
1d
b101101101 (
#110880
0!
0+
#110900
1!
1+
b101101111 A
b101101110 M
b101101110 4
b101101111 6
b101101110 2
1L
0d
1c
b101101110 (
#110920
0!
0+
#110940
1!
1+
b101110000 A
b101101111 M
b101101111 4
b101110000 6
b101101111 2
0L
0K
0J
0I
1H
1d
b101101111 (
#110960
0!
0+
#110980
1!
1+
b101110001 A
b101110000 M
b101110000 4
b101110001 6
b101110000 2
1L
0d
0c
0b
0a
1`
b101110000 (
#111000
0!
0+
#111020
1!
1+
b101110010 A
b101110001 M
b101110001 4
b101110010 6
b101110001 2
0L
1K
1d
b101110001 (
#111040
0!
0+
#111060
1!
1+
b101110011 A
b101110010 M
b101110010 4
b101110011 6
b101110010 2
1L
0d
1c
b101110010 (
#111080
0!
0+
#111100
1!
1+
b101110100 A
b101110011 M
b101110011 4
b101110100 6
b101110011 2
0L
0K
1J
1d
b101110011 (
#111120
0!
0+
#111140
1!
1+
b101110101 A
b101110100 M
b101110100 4
b101110101 6
b101110100 2
1L
0d
0c
1b
b101110100 (
#111160
0!
0+
#111180
1!
1+
b101110110 A
b101110101 M
b101110101 4
b101110110 6
b101110101 2
0L
1K
1d
b101110101 (
#111200
0!
0+
#111220
1!
1+
b101110111 A
b101110110 M
b101110110 4
b101110111 6
b101110110 2
1L
0d
1c
b101110110 (
#111240
0!
0+
#111260
1!
1+
b101111000 A
b101110111 M
b101110111 4
b101111000 6
b101110111 2
0L
0K
0J
1I
1d
b101110111 (
#111280
0!
0+
#111300
1!
1+
b101111001 A
b101111000 M
b101111000 4
b101111001 6
b101111000 2
1L
0d
0c
0b
1a
b101111000 (
#111320
0!
0+
#111340
1!
1+
b101111010 A
b101111001 M
b101111001 4
b101111010 6
b101111001 2
0L
1K
1d
b101111001 (
#111360
0!
0+
#111380
1!
1+
b101111011 A
b101111010 M
b101111010 4
b101111011 6
b101111010 2
1L
0d
1c
b101111010 (
#111400
0!
0+
#111420
1!
1+
b101111100 A
b101111011 M
b101111011 4
b101111100 6
b101111011 2
0L
0K
1J
1d
b101111011 (
#111440
0!
0+
#111460
1!
1+
b101111101 A
b101111100 M
b101111100 4
b101111101 6
b101111100 2
1L
0d
0c
1b
b101111100 (
#111480
0!
0+
#111500
1!
1+
b101111110 A
b101111101 M
b101111101 4
b101111110 6
b101111101 2
0L
1K
1d
b101111101 (
#111520
0!
0+
#111540
1!
1+
b101111111 A
b101111110 M
b101111110 4
b101111111 6
b101111110 2
1L
0d
1c
b101111110 (
#111560
0!
0+
#111580
1!
1+
b110000000 A
b101111111 M
b101111111 4
b110000000 6
b101111111 2
0L
0K
0J
0I
0H
0G
0F
1E
1d
b101111111 (
#111600
0!
0+
#111620
1!
1+
b110000001 A
b110000000 M
b110000000 4
b110000001 6
b110000000 2
1L
0d
0c
0b
0a
0`
0_
0^
1]
b110000000 (
#111640
0!
0+
#111660
1!
1+
b110000010 A
b110000001 M
b110000001 4
b110000010 6
b110000001 2
0L
1K
1d
b110000001 (
#111680
0!
0+
#111700
1!
1+
b110000011 A
b110000010 M
b110000010 4
b110000011 6
b110000010 2
1L
0d
1c
b110000010 (
#111720
0!
0+
#111740
1!
1+
b110000100 A
b110000011 M
b110000011 4
b110000100 6
b110000011 2
0L
0K
1J
1d
b110000011 (
#111760
0!
0+
#111780
1!
1+
b110000101 A
b110000100 M
b110000100 4
b110000101 6
b110000100 2
1L
0d
0c
1b
b110000100 (
#111800
0!
0+
#111820
1!
1+
b110000110 A
b110000101 M
b110000101 4
b110000110 6
b110000101 2
0L
1K
1d
b110000101 (
#111840
0!
0+
#111860
1!
1+
b110000111 A
b110000110 M
b110000110 4
b110000111 6
b110000110 2
1L
0d
1c
b110000110 (
#111880
0!
0+
#111900
1!
1+
b110001000 A
b110000111 M
b110000111 4
b110001000 6
b110000111 2
0L
0K
0J
1I
1d
b110000111 (
#111920
0!
0+
#111940
1!
1+
b110001001 A
b110001000 M
b110001000 4
b110001001 6
b110001000 2
1L
0d
0c
0b
1a
b110001000 (
#111960
0!
0+
#111980
1!
1+
b110001010 A
b110001001 M
b110001001 4
b110001010 6
b110001001 2
0L
1K
1d
b110001001 (
#112000
0!
0+
#112020
1!
1+
b110001011 A
b110001010 M
b110001010 4
b110001011 6
b110001010 2
1L
0d
1c
b110001010 (
#112040
0!
0+
#112060
1!
1+
b110001100 A
b110001011 M
b110001011 4
b110001100 6
b110001011 2
0L
0K
1J
1d
b110001011 (
#112080
0!
0+
#112100
1!
1+
b110001101 A
b110001100 M
b110001100 4
b110001101 6
b110001100 2
1L
0d
0c
1b
b110001100 (
#112120
0!
0+
#112140
1!
1+
b110001110 A
b110001101 M
b110001101 4
b110001110 6
b110001101 2
0L
1K
1d
b110001101 (
#112160
0!
0+
#112180
1!
1+
b110001111 A
b110001110 M
b110001110 4
b110001111 6
b110001110 2
1L
0d
1c
b110001110 (
#112200
0!
0+
#112220
1!
1+
b110010000 A
b110001111 M
b110001111 4
b110010000 6
b110001111 2
0L
0K
0J
0I
1H
1d
b110001111 (
#112240
0!
0+
#112260
1!
1+
b110010001 A
b110010000 M
b110010000 4
b110010001 6
b110010000 2
1L
0d
0c
0b
0a
1`
b110010000 (
#112280
0!
0+
#112300
1!
1+
b110010010 A
b110010001 M
b110010001 4
b110010010 6
b110010001 2
0L
1K
1d
b110010001 (
#112320
0!
0+
#112340
1!
1+
b110010011 A
b110010010 M
b110010010 4
b110010011 6
b110010010 2
1L
0d
1c
b110010010 (
#112360
0!
0+
#112380
1!
1+
b110010100 A
b110010011 M
b110010011 4
b110010100 6
b110010011 2
0L
0K
1J
1d
b110010011 (
#112400
0!
0+
#112420
1!
1+
b110010101 A
b110010100 M
b110010100 4
b110010101 6
b110010100 2
1L
0d
0c
1b
b110010100 (
#112440
0!
0+
#112460
1!
1+
b110010110 A
b110010101 M
b110010101 4
b110010110 6
b110010101 2
0L
1K
1d
b110010101 (
#112480
0!
0+
#112500
1!
1+
b110010111 A
b110010110 M
b110010110 4
b110010111 6
b110010110 2
1L
0d
1c
b110010110 (
#112520
0!
0+
#112540
1!
1+
b110011000 A
b110010111 M
b110010111 4
b110011000 6
b110010111 2
0L
0K
0J
1I
1d
b110010111 (
#112560
0!
0+
#112580
1!
1+
b110011001 A
b110011000 M
b110011000 4
b110011001 6
b110011000 2
1L
0d
0c
0b
1a
b110011000 (
#112600
0!
0+
#112620
1!
1+
b110011010 A
b110011001 M
b110011001 4
b110011010 6
b110011001 2
0L
1K
1d
b110011001 (
#112640
0!
0+
#112660
1!
1+
b110011011 A
b110011010 M
b110011010 4
b110011011 6
b110011010 2
1L
0d
1c
b110011010 (
#112680
0!
0+
#112700
1!
1+
b110011100 A
b110011011 M
b110011011 4
b110011100 6
b110011011 2
0L
0K
1J
1d
b110011011 (
#112720
0!
0+
#112740
1!
1+
b110011101 A
b110011100 M
b110011100 4
b110011101 6
b110011100 2
1L
0d
0c
1b
b110011100 (
#112760
0!
0+
#112780
1!
1+
b110011110 A
b110011101 M
b110011101 4
b110011110 6
b110011101 2
0L
1K
1d
b110011101 (
#112800
0!
0+
#112820
1!
1+
b110011111 A
b110011110 M
b110011110 4
b110011111 6
b110011110 2
1L
0d
1c
b110011110 (
#112840
0!
0+
#112860
1!
1+
b110100000 A
b110011111 M
b110011111 4
b110100000 6
b110011111 2
0L
0K
0J
0I
0H
1G
1d
b110011111 (
#112880
0!
0+
#112900
1!
1+
b110100001 A
b110100000 M
b110100000 4
b110100001 6
b110100000 2
1L
0d
0c
0b
0a
0`
1_
b110100000 (
#112920
0!
0+
#112940
1!
1+
b110100010 A
b110100001 M
b110100001 4
b110100010 6
b110100001 2
0L
1K
1d
b110100001 (
#112960
0!
0+
#112980
1!
1+
b110100011 A
b110100010 M
b110100010 4
b110100011 6
b110100010 2
1L
0d
1c
b110100010 (
#113000
0!
0+
#113020
1!
1+
b110100100 A
b110100011 M
b110100011 4
b110100100 6
b110100011 2
0L
0K
1J
1d
b110100011 (
#113040
0!
0+
#113060
1!
1+
b110100101 A
b110100100 M
b110100100 4
b110100101 6
b110100100 2
1L
0d
0c
1b
b110100100 (
#113080
0!
0+
#113100
1!
1+
b110100110 A
b110100101 M
b110100101 4
b110100110 6
b110100101 2
0L
1K
1d
b110100101 (
#113120
0!
0+
#113140
1!
1+
b110100111 A
b110100110 M
b110100110 4
b110100111 6
b110100110 2
1L
0d
1c
b110100110 (
#113160
0!
0+
#113180
1!
1+
b110101000 A
b110100111 M
b110100111 4
b110101000 6
b110100111 2
0L
0K
0J
1I
1d
b110100111 (
#113200
0!
0+
#113220
1!
1+
b110101001 A
b110101000 M
b110101000 4
b110101001 6
b110101000 2
1L
0d
0c
0b
1a
b110101000 (
#113240
0!
0+
#113260
1!
1+
b110101010 A
b110101001 M
b110101001 4
b110101010 6
b110101001 2
0L
1K
1d
b110101001 (
#113280
0!
0+
#113300
1!
1+
b110101011 A
b110101010 M
b110101010 4
b110101011 6
b110101010 2
1L
0d
1c
b110101010 (
#113320
0!
0+
#113340
1!
1+
b110101100 A
b110101011 M
b110101011 4
b110101100 6
b110101011 2
0L
0K
1J
1d
b110101011 (
#113360
0!
0+
#113380
1!
1+
b110101101 A
b110101100 M
b110101100 4
b110101101 6
b110101100 2
1L
0d
0c
1b
b110101100 (
#113400
0!
0+
#113420
1!
1+
b110101110 A
b110101101 M
b110101101 4
b110101110 6
b110101101 2
0L
1K
1d
b110101101 (
#113440
0!
0+
#113460
1!
1+
b110101111 A
b110101110 M
b110101110 4
b110101111 6
b110101110 2
1L
0d
1c
b110101110 (
#113480
0!
0+
#113500
1!
1+
b110110000 A
b110101111 M
b110101111 4
b110110000 6
b110101111 2
0L
0K
0J
0I
1H
1d
b110101111 (
#113520
0!
0+
#113540
1!
1+
b110110001 A
b110110000 M
b110110000 4
b110110001 6
b110110000 2
1L
0d
0c
0b
0a
1`
b110110000 (
#113560
0!
0+
#113580
1!
1+
b110110010 A
b110110001 M
b110110001 4
b110110010 6
b110110001 2
0L
1K
1d
b110110001 (
#113600
0!
0+
#113620
1!
1+
b110110011 A
b110110010 M
b110110010 4
b110110011 6
b110110010 2
1L
0d
1c
b110110010 (
#113640
0!
0+
#113660
1!
1+
b110110100 A
b110110011 M
b110110011 4
b110110100 6
b110110011 2
0L
0K
1J
1d
b110110011 (
#113680
0!
0+
#113700
1!
1+
b110110101 A
b110110100 M
b110110100 4
b110110101 6
b110110100 2
1L
0d
0c
1b
b110110100 (
#113720
0!
0+
#113740
1!
1+
b110110110 A
b110110101 M
b110110101 4
b110110110 6
b110110101 2
0L
1K
1d
b110110101 (
#113760
0!
0+
#113780
1!
1+
b110110111 A
b110110110 M
b110110110 4
b110110111 6
b110110110 2
1L
0d
1c
b110110110 (
#113800
0!
0+
#113820
1!
1+
b110111000 A
b110110111 M
b110110111 4
b110111000 6
b110110111 2
0L
0K
0J
1I
1d
b110110111 (
#113840
0!
0+
#113860
1!
1+
b110111001 A
b110111000 M
b110111000 4
b110111001 6
b110111000 2
1L
0d
0c
0b
1a
b110111000 (
#113880
0!
0+
#113900
1!
1+
b110111010 A
b110111001 M
b110111001 4
b110111010 6
b110111001 2
0L
1K
1d
b110111001 (
#113920
0!
0+
#113940
1!
1+
b110111011 A
b110111010 M
b110111010 4
b110111011 6
b110111010 2
1L
0d
1c
b110111010 (
#113960
0!
0+
#113980
1!
1+
b110111100 A
b110111011 M
b110111011 4
b110111100 6
b110111011 2
0L
0K
1J
1d
b110111011 (
#114000
0!
0+
#114020
1!
1+
b110111101 A
b110111100 M
b110111100 4
b110111101 6
b110111100 2
1L
0d
0c
1b
b110111100 (
#114040
0!
0+
#114060
1!
1+
b110111110 A
b110111101 M
b110111101 4
b110111110 6
b110111101 2
0L
1K
1d
b110111101 (
#114080
0!
0+
#114100
1!
1+
b110111111 A
b110111110 M
b110111110 4
b110111111 6
b110111110 2
1L
0d
1c
b110111110 (
#114120
0!
0+
#114140
1!
1+
b111000000 A
b110111111 M
b110111111 4
b111000000 6
b110111111 2
0L
0K
0J
0I
0H
0G
1F
1d
b110111111 (
#114160
0!
0+
#114180
1!
1+
b111000001 A
b111000000 M
b111000000 4
b111000001 6
b111000000 2
1L
0d
0c
0b
0a
0`
0_
1^
b111000000 (
#114200
0!
0+
#114220
1!
1+
b111000010 A
b111000001 M
b111000001 4
b111000010 6
b111000001 2
0L
1K
1d
b111000001 (
#114240
0!
0+
#114260
1!
1+
b111000011 A
b111000010 M
b111000010 4
b111000011 6
b111000010 2
1L
0d
1c
b111000010 (
#114280
0!
0+
#114300
1!
1+
b111000100 A
b111000011 M
b111000011 4
b111000100 6
b111000011 2
0L
0K
1J
1d
b111000011 (
#114320
0!
0+
#114340
1!
1+
b111000101 A
b111000100 M
b111000100 4
b111000101 6
b111000100 2
1L
0d
0c
1b
b111000100 (
#114360
0!
0+
#114380
1!
1+
b111000110 A
b111000101 M
b111000101 4
b111000110 6
b111000101 2
0L
1K
1d
b111000101 (
#114400
0!
0+
#114420
1!
1+
b111000111 A
b111000110 M
b111000110 4
b111000111 6
b111000110 2
1L
0d
1c
b111000110 (
#114440
0!
0+
#114460
1!
1+
b111001000 A
b111000111 M
b111000111 4
b111001000 6
b111000111 2
0L
0K
0J
1I
1d
b111000111 (
#114480
0!
0+
#114500
1!
1+
b111001001 A
b111001000 M
b111001000 4
b111001001 6
b111001000 2
1L
0d
0c
0b
1a
b111001000 (
#114520
0!
0+
#114540
1!
1+
b111001010 A
b111001001 M
b111001001 4
b111001010 6
b111001001 2
0L
1K
1d
b111001001 (
#114560
0!
0+
#114580
1!
1+
b111001011 A
b111001010 M
b111001010 4
b111001011 6
b111001010 2
1L
0d
1c
b111001010 (
#114600
0!
0+
#114620
1!
1+
b111001100 A
b111001011 M
b111001011 4
b111001100 6
b111001011 2
0L
0K
1J
1d
b111001011 (
#114640
0!
0+
#114660
1!
1+
b111001101 A
b111001100 M
b111001100 4
b111001101 6
b111001100 2
1L
0d
0c
1b
b111001100 (
#114680
0!
0+
#114700
1!
1+
b111001110 A
b111001101 M
b111001101 4
b111001110 6
b111001101 2
0L
1K
1d
b111001101 (
#114720
0!
0+
#114740
1!
1+
b111001111 A
b111001110 M
b111001110 4
b111001111 6
b111001110 2
1L
0d
1c
b111001110 (
#114760
0!
0+
#114780
1!
1+
b111010000 A
b111001111 M
b111001111 4
b111010000 6
b111001111 2
0L
0K
0J
0I
1H
1d
b111001111 (
#114800
0!
0+
#114820
1!
1+
b111010001 A
b111010000 M
b111010000 4
b111010001 6
b111010000 2
1L
0d
0c
0b
0a
1`
b111010000 (
#114840
0!
0+
#114860
1!
1+
b111010010 A
b111010001 M
b111010001 4
b111010010 6
b111010001 2
0L
1K
1d
b111010001 (
#114880
0!
0+
#114900
1!
1+
b111010011 A
b111010010 M
b111010010 4
b111010011 6
b111010010 2
1L
0d
1c
b111010010 (
#114920
0!
0+
#114940
1!
1+
b111010100 A
b111010011 M
b111010011 4
b111010100 6
b111010011 2
0L
0K
1J
1d
b111010011 (
#114960
0!
0+
#114980
1!
1+
b111010101 A
b111010100 M
b111010100 4
b111010101 6
b111010100 2
1L
0d
0c
1b
b111010100 (
#115000
0!
0+
#115020
1!
1+
b111010110 A
b111010101 M
b111010101 4
b111010110 6
b111010101 2
0L
1K
1d
b111010101 (
#115040
0!
0+
#115060
1!
1+
b111010111 A
b111010110 M
b111010110 4
b111010111 6
b111010110 2
1L
0d
1c
b111010110 (
#115080
0!
0+
#115100
1!
1+
b111011000 A
b111010111 M
b111010111 4
b111011000 6
b111010111 2
0L
0K
0J
1I
1d
b111010111 (
#115120
0!
0+
#115140
1!
1+
b111011001 A
b111011000 M
b111011000 4
b111011001 6
b111011000 2
1L
0d
0c
0b
1a
b111011000 (
#115160
0!
0+
#115180
1!
1+
b111011010 A
b111011001 M
b111011001 4
b111011010 6
b111011001 2
0L
1K
1d
b111011001 (
#115200
0!
0+
#115220
1!
1+
b111011011 A
b111011010 M
b111011010 4
b111011011 6
b111011010 2
1L
0d
1c
b111011010 (
#115240
0!
0+
#115260
1!
1+
b111011100 A
b111011011 M
b111011011 4
b111011100 6
b111011011 2
0L
0K
1J
1d
b111011011 (
#115280
0!
0+
#115300
1!
1+
b111011101 A
b111011100 M
b111011100 4
b111011101 6
b111011100 2
1L
0d
0c
1b
b111011100 (
#115320
0!
0+
#115340
1!
1+
b111011110 A
b111011101 M
b111011101 4
b111011110 6
b111011101 2
0L
1K
1d
b111011101 (
#115360
0!
0+
#115380
1!
1+
b111011111 A
b111011110 M
b111011110 4
b111011111 6
b111011110 2
1L
0d
1c
b111011110 (
#115400
0!
0+
#115420
1!
1+
b111100000 A
b111011111 M
b111011111 4
b111100000 6
b111011111 2
0L
0K
0J
0I
0H
1G
1d
b111011111 (
#115440
0!
0+
#115460
1!
1+
b111100001 A
b111100000 M
b111100000 4
b111100001 6
b111100000 2
1L
0d
0c
0b
0a
0`
1_
b111100000 (
#115480
0!
0+
#115500
1!
1+
b111100010 A
b111100001 M
b111100001 4
b111100010 6
b111100001 2
0L
1K
1d
b111100001 (
#115520
0!
0+
#115540
1!
1+
b111100011 A
b111100010 M
b111100010 4
b111100011 6
b111100010 2
1L
0d
1c
b111100010 (
#115560
0!
0+
#115580
1!
1+
b111100100 A
b111100011 M
b111100011 4
b111100100 6
b111100011 2
0L
0K
1J
1d
b111100011 (
#115600
0!
0+
#115620
1!
1+
b111100101 A
b111100100 M
b111100100 4
b111100101 6
b111100100 2
1L
0d
0c
1b
b111100100 (
#115640
0!
0+
#115660
1!
1+
b111100110 A
b111100101 M
b111100101 4
b111100110 6
b111100101 2
0L
1K
1d
b111100101 (
#115680
0!
0+
#115700
1!
1+
b111100111 A
b111100110 M
b111100110 4
b111100111 6
b111100110 2
1L
0d
1c
b111100110 (
#115720
0!
0+
#115740
1!
1+
b111101000 A
b111100111 M
b111100111 4
b111101000 6
b111100111 2
0L
0K
0J
1I
1d
b111100111 (
#115760
0!
0+
#115780
1!
1+
b111101001 A
b111101000 M
b111101000 4
b111101001 6
b111101000 2
1L
0d
0c
0b
1a
b111101000 (
#115800
0!
0+
#115820
1!
1+
b111101010 A
b111101001 M
b111101001 4
b111101010 6
b111101001 2
0L
1K
1d
b111101001 (
#115840
0!
0+
#115860
1!
1+
b111101011 A
b111101010 M
b111101010 4
b111101011 6
b111101010 2
1L
0d
1c
b111101010 (
#115880
0!
0+
#115900
1!
1+
b111101100 A
b111101011 M
b111101011 4
b111101100 6
b111101011 2
0L
0K
1J
1d
b111101011 (
#115920
0!
0+
#115940
1!
1+
b111101101 A
b111101100 M
b111101100 4
b111101101 6
b111101100 2
1L
0d
0c
1b
b111101100 (
#115960
0!
0+
#115980
1!
1+
b111101110 A
b111101101 M
b111101101 4
b111101110 6
b111101101 2
0L
1K
1d
b111101101 (
#116000
0!
0+
#116020
1!
1+
b111101111 A
b111101110 M
b111101110 4
b111101111 6
b111101110 2
1L
0d
1c
b111101110 (
#116040
0!
0+
#116060
1!
1+
b111110000 A
b111101111 M
b111101111 4
b111110000 6
b111101111 2
0L
0K
0J
0I
1H
1d
b111101111 (
#116080
0!
0+
#116100
1!
1+
b111110001 A
b111110000 M
b111110000 4
b111110001 6
b111110000 2
1L
0d
0c
0b
0a
1`
b111110000 (
#116120
0!
0+
#116140
1!
1+
b111110010 A
b111110001 M
b111110001 4
b111110010 6
b111110001 2
0L
1K
1d
b111110001 (
#116160
0!
0+
#116180
1!
1+
b111110011 A
b111110010 M
b111110010 4
b111110011 6
b111110010 2
1L
0d
1c
b111110010 (
#116200
0!
0+
#116220
1!
1+
b111110100 A
b111110011 M
b111110011 4
b111110100 6
b111110011 2
0L
0K
1J
1d
b111110011 (
#116240
0!
0+
#116260
1!
1+
b111110101 A
b111110100 M
b111110100 4
b111110101 6
b111110100 2
1L
0d
0c
1b
b111110100 (
#116280
0!
0+
#116300
1!
1+
b111110110 A
b111110101 M
b111110101 4
b111110110 6
b111110101 2
0L
1K
1d
b111110101 (
#116320
0!
0+
#116340
1!
1+
b111110111 A
b111110110 M
b111110110 4
b111110111 6
b111110110 2
1L
0d
1c
b111110110 (
#116360
0!
0+
#116380
1!
1+
b111111000 A
b111110111 M
b111110111 4
b111111000 6
b111110111 2
0L
0K
0J
1I
1d
b111110111 (
#116400
0!
0+
#116420
1!
1+
b111111001 A
b111111000 M
b111111000 4
b111111001 6
b111111000 2
1L
0d
0c
0b
1a
b111111000 (
#116440
0!
0+
#116460
1!
1+
b111111010 A
b111111001 M
b111111001 4
b111111010 6
b111111001 2
0L
1K
1d
b111111001 (
#116480
0!
0+
#116500
1!
1+
b111111011 A
b111111010 M
b111111010 4
b111111011 6
b111111010 2
1L
0d
1c
b111111010 (
#116520
0!
0+
#116540
1!
1+
b111111100 A
b111111011 M
b111111011 4
b111111100 6
b111111011 2
0L
0K
1J
1d
b111111011 (
#116560
0!
0+
#116580
1!
1+
b111111101 A
b111111100 M
b111111100 4
b111111101 6
b111111100 2
1L
0d
0c
1b
b111111100 (
#116600
0!
0+
#116620
1!
1+
b111111110 A
b111111101 M
b111111101 4
b111111110 6
b111111101 2
0L
1K
1d
b111111101 (
#116640
0!
0+
#116660
1!
1+
b111111111 A
b111111110 M
b111111110 4
b111111111 6
b111111110 2
1L
0d
1c
b111111110 (
#116680
0!
0+
#116700
1!
1+
b1000000000 A
b111111111 M
b111111111 4
b1000000000 6
b111111111 2
0L
0K
0J
0I
0H
0G
0F
0E
0D
1C
1d
b111111111 (
#116720
0!
0+
#116740
1!
1+
b1000000001 A
b1000000000 M
b1000000000 4
b1000000001 6
b1000000000 2
1L
0d
0c
0b
0a
0`
0_
0^
0]
0\
1[
b1000000000 (
#116760
0!
0+
#116780
1!
1+
b1000000010 A
b1000000001 M
b1000000001 4
b1000000010 6
b1000000001 2
0L
1K
1d
b1000000001 (
#116800
0!
0+
#116820
1!
1+
b1000000011 A
b1000000010 M
b1000000010 4
b1000000011 6
b1000000010 2
1L
0d
1c
b1000000010 (
#116840
0!
0+
#116860
1!
1+
b1000000100 A
b1000000011 M
b1000000011 4
b1000000100 6
b1000000011 2
0L
0K
1J
1d
b1000000011 (
#116880
0!
0+
#116900
1!
1+
b1000000101 A
b1000000100 M
b1000000100 4
b1000000101 6
b1000000100 2
1L
0d
0c
1b
b1000000100 (
#116920
0!
0+
#116940
1!
1+
b1000000110 A
b1000000101 M
b1000000101 4
b1000000110 6
b1000000101 2
0L
1K
1d
b1000000101 (
#116960
0!
0+
#116980
1!
1+
b1000000111 A
b1000000110 M
b1000000110 4
b1000000111 6
b1000000110 2
1L
0d
1c
b1000000110 (
#117000
0!
0+
#117020
1!
1+
b1000001000 A
b1000000111 M
b1000000111 4
b1000001000 6
b1000000111 2
0L
0K
0J
1I
1d
b1000000111 (
#117040
0!
0+
#117060
1!
1+
b1000001001 A
b1000001000 M
b1000001000 4
b1000001001 6
b1000001000 2
1L
0d
0c
0b
1a
b1000001000 (
#117080
0!
0+
#117100
1!
1+
b1000001010 A
b1000001001 M
b1000001001 4
b1000001010 6
b1000001001 2
0L
1K
1d
b1000001001 (
#117120
0!
0+
#117140
1!
1+
b1000001011 A
b1000001010 M
b1000001010 4
b1000001011 6
b1000001010 2
1L
0d
1c
b1000001010 (
#117160
0!
0+
#117180
1!
1+
b1000001100 A
b1000001011 M
b1000001011 4
b1000001100 6
b1000001011 2
0L
0K
1J
1d
b1000001011 (
#117200
0!
0+
#117220
1!
1+
b1000001101 A
b1000001100 M
b1000001100 4
b1000001101 6
b1000001100 2
1L
0d
0c
1b
b1000001100 (
#117240
0!
0+
#117260
1!
1+
b1000001110 A
b1000001101 M
b1000001101 4
b1000001110 6
b1000001101 2
0L
1K
1d
b1000001101 (
#117280
0!
0+
#117300
1!
1+
b1000001111 A
b1000001110 M
b1000001110 4
b1000001111 6
b1000001110 2
1L
0d
1c
b1000001110 (
#117320
0!
0+
#117340
1!
1+
b1000010000 A
b1000001111 M
b1000001111 4
b1000010000 6
b1000001111 2
0L
0K
0J
0I
1H
1d
b1000001111 (
#117360
0!
0+
#117380
1!
1+
b1000010001 A
b1000010000 M
b1000010000 4
b1000010001 6
b1000010000 2
1L
0d
0c
0b
0a
1`
b1000010000 (
#117400
0!
0+
#117420
1!
1+
b1000010010 A
b1000010001 M
b1000010001 4
b1000010010 6
b1000010001 2
0L
1K
1d
b1000010001 (
#117440
0!
0+
#117460
1!
1+
b1000010011 A
b1000010010 M
b1000010010 4
b1000010011 6
b1000010010 2
1L
0d
1c
b1000010010 (
#117480
0!
0+
#117500
1!
1+
b1000010100 A
b1000010011 M
b1000010011 4
b1000010100 6
b1000010011 2
0L
0K
1J
1d
b1000010011 (
#117520
0!
0+
#117540
1!
1+
b1000010101 A
b1000010100 M
b1000010100 4
b1000010101 6
b1000010100 2
1L
0d
0c
1b
b1000010100 (
#117560
0!
0+
#117580
1!
1+
b1000010110 A
b1000010101 M
b1000010101 4
b1000010110 6
b1000010101 2
0L
1K
1d
b1000010101 (
#117600
0!
0+
#117620
1!
1+
b1000010111 A
b1000010110 M
b1000010110 4
b1000010111 6
b1000010110 2
1L
0d
1c
b1000010110 (
#117640
0!
0+
#117660
1!
1+
b1000011000 A
b1000010111 M
b1000010111 4
b1000011000 6
b1000010111 2
0L
0K
0J
1I
1d
b1000010111 (
#117680
0!
0+
#117700
1!
1+
b1000011001 A
b1000011000 M
b1000011000 4
b1000011001 6
b1000011000 2
1L
0d
0c
0b
1a
b1000011000 (
#117720
0!
0+
#117740
1!
1+
b1000011010 A
b1000011001 M
b1000011001 4
b1000011010 6
b1000011001 2
0L
1K
1d
b1000011001 (
#117760
0!
0+
#117780
1!
1+
b1000011011 A
b1000011010 M
b1000011010 4
b1000011011 6
b1000011010 2
1L
0d
1c
b1000011010 (
#117800
0!
0+
#117820
1!
1+
b1000011100 A
b1000011011 M
b1000011011 4
b1000011100 6
b1000011011 2
0L
0K
1J
1d
b1000011011 (
#117840
0!
0+
#117860
1!
1+
b1000011101 A
b1000011100 M
b1000011100 4
b1000011101 6
b1000011100 2
1L
0d
0c
1b
b1000011100 (
#117880
0!
0+
#117900
1!
1+
b1000011110 A
b1000011101 M
b1000011101 4
b1000011110 6
b1000011101 2
0L
1K
1d
b1000011101 (
#117920
0!
0+
#117940
1!
1+
b1000011111 A
b1000011110 M
b1000011110 4
b1000011111 6
b1000011110 2
1L
0d
1c
b1000011110 (
#117960
0!
0+
#117980
1!
1+
b1000100000 A
b1000011111 M
b1000011111 4
b1000100000 6
b1000011111 2
0L
0K
0J
0I
0H
1G
1d
b1000011111 (
#118000
0!
0+
#118020
1!
1+
b1000100001 A
b1000100000 M
b1000100000 4
b1000100001 6
b1000100000 2
1L
0d
0c
0b
0a
0`
1_
b1000100000 (
#118040
0!
0+
#118060
1!
1+
b1000100010 A
b1000100001 M
b1000100001 4
b1000100010 6
b1000100001 2
0L
1K
1d
b1000100001 (
#118080
0!
0+
#118100
1!
1+
b1000100011 A
b1000100010 M
b1000100010 4
b1000100011 6
b1000100010 2
1L
0d
1c
b1000100010 (
#118120
0!
0+
#118140
1!
1+
b1000100100 A
b1000100011 M
b1000100011 4
b1000100100 6
b1000100011 2
0L
0K
1J
1d
b1000100011 (
#118160
0!
0+
#118180
1!
1+
b1000100101 A
b1000100100 M
b1000100100 4
b1000100101 6
b1000100100 2
1L
0d
0c
1b
b1000100100 (
#118200
0!
0+
#118220
1!
1+
b1000100110 A
b1000100101 M
b1000100101 4
b1000100110 6
b1000100101 2
0L
1K
1d
b1000100101 (
#118240
0!
0+
#118260
1!
1+
b1000100111 A
b1000100110 M
b1000100110 4
b1000100111 6
b1000100110 2
1L
0d
1c
b1000100110 (
#118280
0!
0+
#118300
1!
1+
b1000101000 A
b1000100111 M
b1000100111 4
b1000101000 6
b1000100111 2
0L
0K
0J
1I
1d
b1000100111 (
#118320
0!
0+
#118340
1!
1+
b1000101001 A
b1000101000 M
b1000101000 4
b1000101001 6
b1000101000 2
1L
0d
0c
0b
1a
b1000101000 (
#118360
0!
0+
#118380
1!
1+
b1000101010 A
b1000101001 M
b1000101001 4
b1000101010 6
b1000101001 2
0L
1K
1d
b1000101001 (
#118400
0!
0+
#118420
1!
1+
b1000101011 A
b1000101010 M
b1000101010 4
b1000101011 6
b1000101010 2
1L
0d
1c
b1000101010 (
#118440
0!
0+
#118460
1!
1+
b1000101100 A
b1000101011 M
b1000101011 4
b1000101100 6
b1000101011 2
0L
0K
1J
1d
b1000101011 (
#118480
0!
0+
#118500
1!
1+
b1000101101 A
b1000101100 M
b1000101100 4
b1000101101 6
b1000101100 2
1L
0d
0c
1b
b1000101100 (
#118520
0!
0+
#118540
1!
1+
b1000101110 A
b1000101101 M
b1000101101 4
b1000101110 6
b1000101101 2
0L
1K
1d
b1000101101 (
#118560
0!
0+
#118580
1!
1+
b1000101111 A
b1000101110 M
b1000101110 4
b1000101111 6
b1000101110 2
1L
0d
1c
b1000101110 (
#118600
0!
0+
#118620
1!
1+
b1000110000 A
b1000101111 M
b1000101111 4
b1000110000 6
b1000101111 2
0L
0K
0J
0I
1H
1d
b1000101111 (
#118640
0!
0+
#118660
1!
1+
b1000110001 A
b1000110000 M
b1000110000 4
b1000110001 6
b1000110000 2
1L
0d
0c
0b
0a
1`
b1000110000 (
#118680
0!
0+
#118700
1!
1+
b1000110010 A
b1000110001 M
b1000110001 4
b1000110010 6
b1000110001 2
0L
1K
1d
b1000110001 (
#118720
0!
0+
#118740
1!
1+
b1000110011 A
b1000110010 M
b1000110010 4
b1000110011 6
b1000110010 2
1L
0d
1c
b1000110010 (
#118760
0!
0+
#118780
1!
1+
b1000110100 A
b1000110011 M
b1000110011 4
b1000110100 6
b1000110011 2
0L
0K
1J
1d
b1000110011 (
#118800
0!
0+
#118820
1!
1+
b1000110101 A
b1000110100 M
b1000110100 4
b1000110101 6
b1000110100 2
1L
0d
0c
1b
b1000110100 (
#118840
0!
0+
#118860
1!
1+
b1000110110 A
b1000110101 M
b1000110101 4
b1000110110 6
b1000110101 2
0L
1K
1d
b1000110101 (
#118880
0!
0+
#118900
1!
1+
b1000110111 A
b1000110110 M
b1000110110 4
b1000110111 6
b1000110110 2
1L
0d
1c
b1000110110 (
#118920
0!
0+
#118940
1!
1+
b1000111000 A
b1000110111 M
b1000110111 4
b1000111000 6
b1000110111 2
0L
0K
0J
1I
1d
b1000110111 (
#118960
0!
0+
#118980
1!
1+
b1000111001 A
b1000111000 M
b1000111000 4
b1000111001 6
b1000111000 2
1L
0d
0c
0b
1a
b1000111000 (
#119000
0!
0+
#119020
1!
1+
b1000111010 A
b1000111001 M
b1000111001 4
b1000111010 6
b1000111001 2
0L
1K
1d
b1000111001 (
#119040
0!
0+
#119060
1!
1+
b1000111011 A
b1000111010 M
b1000111010 4
b1000111011 6
b1000111010 2
1L
0d
1c
b1000111010 (
#119080
0!
0+
#119100
1!
1+
b1000111100 A
b1000111011 M
b1000111011 4
b1000111100 6
b1000111011 2
0L
0K
1J
1d
b1000111011 (
#119120
0!
0+
#119140
1!
1+
b1000111101 A
b1000111100 M
b1000111100 4
b1000111101 6
b1000111100 2
1L
0d
0c
1b
b1000111100 (
#119160
0!
0+
#119180
1!
1+
b1000111110 A
b1000111101 M
b1000111101 4
b1000111110 6
b1000111101 2
0L
1K
1d
b1000111101 (
#119200
0!
0+
#119220
1!
1+
b1000111111 A
b1000111110 M
b1000111110 4
b1000111111 6
b1000111110 2
1L
0d
1c
b1000111110 (
#119240
0!
0+
#119260
1!
1+
b1001000000 A
b1000111111 M
b1000111111 4
b1001000000 6
b1000111111 2
0L
0K
0J
0I
0H
0G
1F
1d
b1000111111 (
#119280
0!
0+
#119300
1!
1+
b1001000001 A
b1001000000 M
b1001000000 4
b1001000001 6
b1001000000 2
1L
0d
0c
0b
0a
0`
0_
1^
b1001000000 (
#119320
0!
0+
#119340
1!
1+
b1001000010 A
b1001000001 M
b1001000001 4
b1001000010 6
b1001000001 2
0L
1K
1d
b1001000001 (
#119360
0!
0+
#119380
1!
1+
b1001000011 A
b1001000010 M
b1001000010 4
b1001000011 6
b1001000010 2
1L
0d
1c
b1001000010 (
#119400
0!
0+
#119420
1!
1+
b1001000100 A
b1001000011 M
b1001000011 4
b1001000100 6
b1001000011 2
0L
0K
1J
1d
b1001000011 (
#119440
0!
0+
#119460
1!
1+
b1001000101 A
b1001000100 M
b1001000100 4
b1001000101 6
b1001000100 2
1L
0d
0c
1b
b1001000100 (
#119480
0!
0+
#119500
1!
1+
b1001000110 A
b1001000101 M
b1001000101 4
b1001000110 6
b1001000101 2
0L
1K
1d
b1001000101 (
#119520
0!
0+
#119540
1!
1+
b1001000111 A
b1001000110 M
b1001000110 4
b1001000111 6
b1001000110 2
1L
0d
1c
b1001000110 (
#119560
0!
0+
#119580
1!
1+
b1001001000 A
b1001000111 M
b1001000111 4
b1001001000 6
b1001000111 2
0L
0K
0J
1I
1d
b1001000111 (
#119600
0!
0+
#119620
1!
1+
b1001001001 A
b1001001000 M
b1001001000 4
b1001001001 6
b1001001000 2
1L
0d
0c
0b
1a
b1001001000 (
#119640
0!
0+
#119660
1!
1+
b1001001010 A
b1001001001 M
b1001001001 4
b1001001010 6
b1001001001 2
0L
1K
1d
b1001001001 (
#119680
0!
0+
#119700
1!
1+
b1001001011 A
b1001001010 M
b1001001010 4
b1001001011 6
b1001001010 2
1L
0d
1c
b1001001010 (
#119720
0!
0+
#119740
1!
1+
b1001001100 A
b1001001011 M
b1001001011 4
b1001001100 6
b1001001011 2
0L
0K
1J
1d
b1001001011 (
#119760
0!
0+
#119780
1!
1+
b1001001101 A
b1001001100 M
b1001001100 4
b1001001101 6
b1001001100 2
1L
0d
0c
1b
b1001001100 (
#119800
0!
0+
#119820
1!
1+
b1001001110 A
b1001001101 M
b1001001101 4
b1001001110 6
b1001001101 2
0L
1K
1d
b1001001101 (
#119840
0!
0+
#119860
1!
1+
b1001001111 A
b1001001110 M
b1001001110 4
b1001001111 6
b1001001110 2
1L
0d
1c
b1001001110 (
#119880
0!
0+
#119900
1!
1+
b1001010000 A
b1001001111 M
b1001001111 4
b1001010000 6
b1001001111 2
0L
0K
0J
0I
1H
1d
b1001001111 (
#119920
0!
0+
#119940
1!
1+
b1001010001 A
b1001010000 M
b1001010000 4
b1001010001 6
b1001010000 2
1L
0d
0c
0b
0a
1`
b1001010000 (
#119960
0!
0+
#119980
1!
1+
b1001010010 A
b1001010001 M
b1001010001 4
b1001010010 6
b1001010001 2
0L
1K
1d
b1001010001 (
#120000
0!
0+
#120020
1!
1+
b1001010011 A
b1001010010 M
b1001010010 4
b1001010011 6
b1001010010 2
1L
0d
1c
b1001010010 (
#120040
0!
0+
#120060
1!
1+
b1001010100 A
b1001010011 M
b1001010011 4
b1001010100 6
b1001010011 2
0L
0K
1J
1d
b1001010011 (
#120080
0!
0+
#120100
1!
1+
b1001010101 A
b1001010100 M
b1001010100 4
b1001010101 6
b1001010100 2
1L
0d
0c
1b
b1001010100 (
#120120
0!
0+
#120140
1!
1+
b1001010110 A
b1001010101 M
b1001010101 4
b1001010110 6
b1001010101 2
0L
1K
1d
b1001010101 (
#120160
0!
0+
#120180
1!
1+
b1001010111 A
b1001010110 M
b1001010110 4
b1001010111 6
b1001010110 2
1L
0d
1c
b1001010110 (
#120200
0!
0+
#120220
1!
1+
b1001011000 A
b1001010111 M
b1001010111 4
b1001011000 6
b1001010111 2
0L
0K
0J
1I
1d
b1001010111 (
#120240
0!
0+
#120260
1!
1+
b1001011001 A
b1001011000 M
b1001011000 4
b1001011001 6
b1001011000 2
1L
0d
0c
0b
1a
b1001011000 (
#120280
0!
0+
#120300
1!
1+
b1001011010 A
b1001011001 M
b1001011001 4
b1001011010 6
b1001011001 2
0L
1K
1d
b1001011001 (
#120320
0!
0+
#120340
1!
1+
b1001011011 A
b1001011010 M
b1001011010 4
b1001011011 6
b1001011010 2
1L
0d
1c
b1001011010 (
#120360
0!
0+
#120380
1!
1+
b1001011100 A
b1001011011 M
b1001011011 4
b1001011100 6
b1001011011 2
0L
0K
1J
1d
b1001011011 (
#120400
0!
0+
#120420
1!
1+
b1001011101 A
b1001011100 M
b1001011100 4
b1001011101 6
b1001011100 2
1L
0d
0c
1b
b1001011100 (
#120440
0!
0+
#120460
1!
1+
b1001011110 A
b1001011101 M
b1001011101 4
b1001011110 6
b1001011101 2
0L
1K
1d
b1001011101 (
#120480
0!
0+
#120500
1!
1+
b1001011111 A
b1001011110 M
b1001011110 4
b1001011111 6
b1001011110 2
1L
0d
1c
b1001011110 (
#120520
0!
0+
#120540
1!
1+
b1001100000 A
b1001011111 M
b1001011111 4
b1001100000 6
b1001011111 2
0L
0K
0J
0I
0H
1G
1d
b1001011111 (
#120560
0!
0+
#120580
1!
1+
b1001100001 A
b1001100000 M
b1001100000 4
b1001100001 6
b1001100000 2
1L
0d
0c
0b
0a
0`
1_
b1001100000 (
#120600
0!
0+
#120620
1!
1+
b1001100010 A
b1001100001 M
b1001100001 4
b1001100010 6
b1001100001 2
0L
1K
1d
b1001100001 (
#120640
0!
0+
#120660
1!
1+
b1001100011 A
b1001100010 M
b1001100010 4
b1001100011 6
b1001100010 2
1L
0d
1c
b1001100010 (
#120680
0!
0+
#120700
1!
1+
b1001100100 A
b1001100011 M
b1001100011 4
b1001100100 6
b1001100011 2
0L
0K
1J
1d
b1001100011 (
#120720
0!
0+
#120740
1!
1+
b1001100101 A
b1001100100 M
b1001100100 4
b1001100101 6
b1001100100 2
1L
0d
0c
1b
b1001100100 (
#120760
0!
0+
#120780
1!
1+
b1001100110 A
b1001100101 M
b1001100101 4
b1001100110 6
b1001100101 2
0L
1K
1d
b1001100101 (
#120800
0!
0+
#120820
1!
1+
b1001100111 A
b1001100110 M
b1001100110 4
b1001100111 6
b1001100110 2
1L
0d
1c
b1001100110 (
#120840
0!
0+
#120860
1!
1+
b1001101000 A
b1001100111 M
b1001100111 4
b1001101000 6
b1001100111 2
0L
0K
0J
1I
1d
b1001100111 (
#120880
0!
0+
#120900
1!
1+
b1001101001 A
b1001101000 M
b1001101000 4
b1001101001 6
b1001101000 2
1L
0d
0c
0b
1a
b1001101000 (
#120920
0!
0+
#120940
1!
1+
b1001101010 A
b1001101001 M
b1001101001 4
b1001101010 6
b1001101001 2
0L
1K
1d
b1001101001 (
#120960
0!
0+
#120980
1!
1+
b1001101011 A
b1001101010 M
b1001101010 4
b1001101011 6
b1001101010 2
1L
0d
1c
b1001101010 (
#121000
0!
0+
#121020
1!
1+
b1001101100 A
b1001101011 M
b1001101011 4
b1001101100 6
b1001101011 2
0L
0K
1J
1d
b1001101011 (
#121040
0!
0+
#121060
1!
1+
b1001101101 A
b1001101100 M
b1001101100 4
b1001101101 6
b1001101100 2
1L
0d
0c
1b
b1001101100 (
#121080
0!
0+
#121100
1!
1+
b1001101110 A
b1001101101 M
b1001101101 4
b1001101110 6
b1001101101 2
0L
1K
1d
b1001101101 (
#121120
0!
0+
#121140
1!
1+
b1001101111 A
b1001101110 M
b1001101110 4
b1001101111 6
b1001101110 2
1L
0d
1c
b1001101110 (
#121160
0!
0+
#121180
1!
1+
b1001110000 A
b1001101111 M
b1001101111 4
b1001110000 6
b1001101111 2
0L
0K
0J
0I
1H
1d
b1001101111 (
#121200
0!
0+
#121220
1!
1+
b1001110001 A
b1001110000 M
b1001110000 4
b1001110001 6
b1001110000 2
1L
0d
0c
0b
0a
1`
b1001110000 (
#121240
0!
0+
#121260
1!
1+
b1001110010 A
b1001110001 M
b1001110001 4
b1001110010 6
b1001110001 2
0L
1K
1d
b1001110001 (
#121280
0!
0+
#121300
1!
1+
b1001110011 A
b1001110010 M
b1001110010 4
b1001110011 6
b1001110010 2
1L
0d
1c
b1001110010 (
#121320
0!
0+
#121340
1!
1+
b1001110100 A
b1001110011 M
b1001110011 4
b1001110100 6
b1001110011 2
0L
0K
1J
1d
b1001110011 (
#121360
0!
0+
#121380
1!
1+
b1001110101 A
b1001110100 M
b1001110100 4
b1001110101 6
b1001110100 2
1L
0d
0c
1b
b1001110100 (
#121400
0!
0+
#121420
1!
1+
b1001110110 A
b1001110101 M
b1001110101 4
b1001110110 6
b1001110101 2
0L
1K
1d
b1001110101 (
#121440
0!
0+
#121460
1!
1+
b1001110111 A
b1001110110 M
b1001110110 4
b1001110111 6
b1001110110 2
1L
0d
1c
b1001110110 (
#121480
0!
0+
#121500
1!
1+
b1001111000 A
b1001110111 M
b1001110111 4
b1001111000 6
b1001110111 2
0L
0K
0J
1I
1d
b1001110111 (
#121520
0!
0+
#121540
1!
1+
b1001111001 A
b1001111000 M
b1001111000 4
b1001111001 6
b1001111000 2
1L
0d
0c
0b
1a
b1001111000 (
#121560
0!
0+
#121580
1!
1+
b1001111010 A
b1001111001 M
b1001111001 4
b1001111010 6
b1001111001 2
0L
1K
1d
b1001111001 (
#121600
0!
0+
#121620
1!
1+
b1001111011 A
b1001111010 M
b1001111010 4
b1001111011 6
b1001111010 2
1L
0d
1c
b1001111010 (
#121640
0!
0+
#121660
1!
1+
b1001111100 A
b1001111011 M
b1001111011 4
b1001111100 6
b1001111011 2
0L
0K
1J
1d
b1001111011 (
#121680
0!
0+
#121700
1!
1+
b1001111101 A
b1001111100 M
b1001111100 4
b1001111101 6
b1001111100 2
1L
0d
0c
1b
b1001111100 (
#121720
0!
0+
#121740
1!
1+
b1001111110 A
b1001111101 M
b1001111101 4
b1001111110 6
b1001111101 2
0L
1K
1d
b1001111101 (
#121760
0!
0+
#121780
1!
1+
b1001111111 A
b1001111110 M
b1001111110 4
b1001111111 6
b1001111110 2
1L
0d
1c
b1001111110 (
#121800
0!
0+
#121820
1!
1+
b1010000000 A
b1001111111 M
b1001111111 4
b1010000000 6
b1001111111 2
0L
0K
0J
0I
0H
0G
0F
1E
1d
b1001111111 (
#121840
0!
0+
#121860
1!
1+
b1010000001 A
b1010000000 M
b1010000000 4
b1010000001 6
b1010000000 2
1L
0d
0c
0b
0a
0`
0_
0^
1]
b1010000000 (
#121880
0!
0+
#121900
1!
1+
b1010000010 A
b1010000001 M
b1010000001 4
b1010000010 6
b1010000001 2
0L
1K
1d
b1010000001 (
#121920
0!
0+
#121940
1!
1+
b1010000011 A
b1010000010 M
b1010000010 4
b1010000011 6
b1010000010 2
1L
0d
1c
b1010000010 (
#121960
0!
0+
#121980
1!
1+
b1010000100 A
b1010000011 M
b1010000011 4
b1010000100 6
b1010000011 2
0L
0K
1J
1d
b1010000011 (
#122000
0!
0+
#122020
1!
1+
b1010000101 A
b1010000100 M
b1010000100 4
b1010000101 6
b1010000100 2
1L
0d
0c
1b
b1010000100 (
#122040
0!
0+
#122060
1!
1+
b1010000110 A
b1010000101 M
b1010000101 4
b1010000110 6
b1010000101 2
0L
1K
1d
b1010000101 (
#122080
0!
0+
#122100
1!
1+
b1010000111 A
b1010000110 M
b1010000110 4
b1010000111 6
b1010000110 2
1L
0d
1c
b1010000110 (
#122120
0!
0+
#122140
1!
1+
b1010001000 A
b1010000111 M
b1010000111 4
b1010001000 6
b1010000111 2
0L
0K
0J
1I
1d
b1010000111 (
#122160
0!
0+
#122180
1!
1+
b1010001001 A
b1010001000 M
b1010001000 4
b1010001001 6
b1010001000 2
1L
0d
0c
0b
1a
b1010001000 (
#122200
0!
0+
#122220
1!
1+
b1010001010 A
b1010001001 M
b1010001001 4
b1010001010 6
b1010001001 2
0L
1K
1d
b1010001001 (
#122240
0!
0+
#122260
1!
1+
b1010001011 A
b1010001010 M
b1010001010 4
b1010001011 6
b1010001010 2
1L
0d
1c
b1010001010 (
#122280
0!
0+
#122300
1!
1+
b1010001100 A
b1010001011 M
b1010001011 4
b1010001100 6
b1010001011 2
0L
0K
1J
1d
b1010001011 (
#122320
0!
0+
#122340
1!
1+
b1010001101 A
b1010001100 M
b1010001100 4
b1010001101 6
b1010001100 2
1L
0d
0c
1b
b1010001100 (
#122360
0!
0+
#122380
1!
1+
b1010001110 A
b1010001101 M
b1010001101 4
b1010001110 6
b1010001101 2
0L
1K
1d
b1010001101 (
#122400
0!
0+
#122420
1!
1+
b1010001111 A
b1010001110 M
b1010001110 4
b1010001111 6
b1010001110 2
1L
0d
1c
b1010001110 (
#122440
0!
0+
#122460
1!
1+
b1010010000 A
b1010001111 M
b1010001111 4
b1010010000 6
b1010001111 2
0L
0K
0J
0I
1H
1d
b1010001111 (
#122480
0!
0+
#122500
1!
1+
b1010010001 A
b1010010000 M
b1010010000 4
b1010010001 6
b1010010000 2
0-
1L
0d
0c
0b
0a
1`
0#
b1010010000 (
#122520
0!
0+
#122540
1!
1+
b1010010010 A
b1010010001 M
b1010010001 4
b1010010010 6
b1010010001 2
0L
1K
1d
b1010010001 (
#122560
0!
0+
#122580
1!
1+
b1010010011 A
b1010010010 M
b1010010010 4
b1010010011 6
b1010010010 2
1L
0d
1c
b1010010010 (
#122600
0!
0+
#122620
1!
1+
b1010010100 A
b1010010011 M
b1010010011 4
b1010010100 6
b1010010011 2
0L
0K
1J
1d
b1010010011 (
#122640
0!
0+
#122660
1!
1+
b1010010101 A
b1010010100 M
b1010010100 4
b1010010101 6
b1010010100 2
1L
0d
0c
1b
b1010010100 (
#122680
0!
0+
#122700
1!
1+
b1010010110 A
b1010010101 M
b1010010101 4
b1010010110 6
b1010010101 2
0L
1K
1d
b1010010101 (
#122720
0!
0+
#122740
1!
1+
b1010010111 A
b1010010110 M
b1010010110 4
b1010010111 6
b1010010110 2
1L
0d
1c
b1010010110 (
#122760
0!
0+
#122780
1!
1+
b1010011000 A
b1010010111 M
b1010010111 4
b1010011000 6
b1010010111 2
0L
0K
0J
1I
1d
b1010010111 (
#122800
0!
0+
#122820
1!
1+
b1010011001 A
b1010011000 M
b1010011000 4
b1010011001 6
b1010011000 2
1L
0d
0c
0b
1a
b1010011000 (
#122840
0!
0+
#122860
1!
1+
b1010011010 A
b1010011001 M
b1010011001 4
b1010011010 6
b1010011001 2
0L
1K
1d
b1010011001 (
#122880
0!
0+
#122900
1!
1+
b1010011011 A
b1010011010 M
b1010011010 4
b1010011011 6
b1010011010 2
1L
0d
1c
b1010011010 (
#122920
0!
0+
#122940
1!
1+
b1010011100 A
b1010011011 M
b1010011011 4
b1010011100 6
b1010011011 2
0L
0K
1J
1d
b1010011011 (
#122960
0!
0+
#122980
1!
1+
b1010011101 A
b1010011100 M
b1010011100 4
b1010011101 6
b1010011100 2
1L
0d
0c
1b
b1010011100 (
#123000
0!
0+
#123020
1!
1+
b1010011110 A
b1010011101 M
b1010011101 4
b1010011110 6
b1010011101 2
0L
1K
1d
b1010011101 (
#123040
0!
0+
#123060
1!
1+
b1010011111 A
b1010011110 M
b1010011110 4
b1010011111 6
b1010011110 2
1L
0d
1c
b1010011110 (
#123080
0!
0+
#123100
1!
1+
b1010100000 A
b1010011111 M
b1010011111 4
b1010100000 6
b1010011111 2
0L
0K
0J
0I
0H
1G
1d
b1010011111 (
#123120
0!
0+
#123140
1!
1+
b1010100001 A
b1010100000 M
b1010100000 4
b1010100001 6
b1010100000 2
1L
0d
0c
0b
0a
0`
1_
b1010100000 (
#123160
0!
0+
#123180
1!
1+
b1010100010 A
b1010100001 M
b1010100001 4
b1010100010 6
b1010100001 2
0L
1K
1d
b1010100001 (
#123200
0!
0+
#123220
1!
1+
b1010100011 A
b1010100010 M
b1010100010 4
b1010100011 6
b1010100010 2
1L
0d
1c
b1010100010 (
#123240
0!
0+
#123260
1!
1+
b1010100100 A
b1010100011 M
b1010100011 4
b1010100100 6
b1010100011 2
0L
0K
1J
1d
b1010100011 (
#123280
0!
0+
#123300
1!
1+
b1010100101 A
b1010100100 M
b1010100100 4
b1010100101 6
b1010100100 2
1L
0d
0c
1b
b1010100100 (
#123320
0!
0+
#123340
1!
1+
b1010100110 A
b1010100101 M
b1010100101 4
b1010100110 6
b1010100101 2
0L
1K
1d
b1010100101 (
#123360
0!
0+
#123380
1!
1+
b1010100111 A
b1010100110 M
b1010100110 4
b1010100111 6
b1010100110 2
1L
0d
1c
b1010100110 (
#123400
0!
0+
#123420
1!
1+
b1010101000 A
b1010100111 M
b1010100111 4
b1010101000 6
b1010100111 2
0L
0K
0J
1I
1d
b1010100111 (
#123440
0!
0+
#123460
1!
1+
b1010101001 A
b1010101000 M
b1010101000 4
b1010101001 6
b1010101000 2
1L
0d
0c
0b
1a
b1010101000 (
#123480
0!
0+
#123500
1!
1+
b1010101010 A
b1010101001 M
b1010101001 4
b1010101010 6
b1010101001 2
0L
1K
1d
b1010101001 (
#123520
0!
0+
#123540
1!
1+
b1010101011 A
b1010101010 M
b1010101010 4
b1010101011 6
b1010101010 2
1L
0d
1c
b1010101010 (
#123560
0!
0+
#123580
1!
1+
b1010101100 A
b1010101011 M
b1010101011 4
b1010101100 6
b1010101011 2
0L
0K
1J
1d
b1010101011 (
#123600
0!
0+
#123620
1!
1+
b1010101101 A
b1010101100 M
b1010101100 4
b1010101101 6
b1010101100 2
1L
0d
0c
1b
b1010101100 (
#123640
0!
0+
#123660
1!
1+
b1010101110 A
b1010101101 M
b1010101101 4
b1010101110 6
b1010101101 2
0L
1K
1d
b1010101101 (
#123680
0!
0+
#123700
1!
1+
b1010101111 A
b1010101110 M
b1010101110 4
b1010101111 6
b1010101110 2
1L
0d
1c
b1010101110 (
#123720
0!
0+
#123740
1!
1+
b1010110000 A
b1010101111 M
b1010101111 4
b1010110000 6
b1010101111 2
0L
0K
0J
0I
1H
1d
b1010101111 (
#123760
0!
0+
#123780
1!
1+
b1010110001 A
b1010110000 M
b1010110000 4
b1010110001 6
b1010110000 2
1L
0d
0c
0b
0a
1`
b1010110000 (
#123800
0!
0+
#123820
1!
1+
b1010110010 A
b1010110001 M
b1010110001 4
b1010110010 6
b1010110001 2
0L
1K
1d
b1010110001 (
#123840
0!
0+
#123860
1!
1+
b1010110011 A
b1010110010 M
b1010110010 4
b1010110011 6
b1010110010 2
1L
0d
1c
b1010110010 (
#123880
0!
0+
#123900
1!
1+
b1010110100 A
b1010110011 M
b1010110011 4
b1010110100 6
b1010110011 2
0L
0K
1J
1d
b1010110011 (
#123920
0!
0+
#123940
1!
1+
b1010110101 A
b1010110100 M
b1010110100 4
b1010110101 6
b1010110100 2
1L
0d
0c
1b
b1010110100 (
#123960
0!
0+
#123980
1!
1+
b1010110110 A
b1010110101 M
b1010110101 4
b1010110110 6
b1010110101 2
0L
1K
1d
b1010110101 (
#124000
0!
0+
#124020
1!
1+
b1010110111 A
b1010110110 M
b1010110110 4
b1010110111 6
b1010110110 2
1L
0d
1c
b1010110110 (
#124040
0!
0+
#124060
1!
1+
b1010111000 A
b1010110111 M
b1010110111 4
b1010111000 6
b1010110111 2
0L
0K
0J
1I
1d
b1010110111 (
#124080
0!
0+
#124100
1!
1+
b1010111001 A
b1010111000 M
b1010111000 4
b1010111001 6
b1010111000 2
1L
0d
0c
0b
1a
b1010111000 (
#124120
0!
0+
#124140
1!
1+
b1010111010 A
b1010111001 M
b1010111001 4
b1010111010 6
b1010111001 2
0L
1K
1d
b1010111001 (
#124160
0!
0+
#124180
1!
1+
b1010111011 A
b1010111010 M
b1010111010 4
b1010111011 6
b1010111010 2
1L
0d
1c
b1010111010 (
#124200
0!
0+
#124220
1!
1+
b1010111100 A
b1010111011 M
b1010111011 4
b1010111100 6
b1010111011 2
0L
0K
1J
1d
b1010111011 (
#124240
0!
0+
#124260
1!
1+
b1010111101 A
b1010111100 M
b1010111100 4
b1010111101 6
b1010111100 2
1L
0d
0c
1b
b1010111100 (
#124280
0!
0+
#124300
1!
1+
b1010111110 A
b1010111101 M
b1010111101 4
b1010111110 6
b1010111101 2
0L
1K
1d
b1010111101 (
#124320
0!
0+
#124340
1!
1+
b1010111111 A
b1010111110 M
b1010111110 4
b1010111111 6
b1010111110 2
1L
0d
1c
b1010111110 (
#124360
0!
0+
#124380
1!
1+
b1011000000 A
b1010111111 M
b1010111111 4
b1011000000 6
b1010111111 2
0L
0K
0J
0I
0H
0G
1F
1d
b1010111111 (
#124400
0!
0+
#124420
1!
1+
b1011000001 A
b1011000000 M
b1011000000 4
b1011000001 6
b1011000000 2
1L
0d
0c
0b
0a
0`
0_
1^
b1011000000 (
#124440
0!
0+
#124460
1!
1+
b1011000010 A
b1011000001 M
b1011000001 4
b1011000010 6
b1011000001 2
0L
1K
1d
b1011000001 (
#124480
0!
0+
#124500
1!
1+
b1011000011 A
b1011000010 M
b1011000010 4
b1011000011 6
b1011000010 2
1L
0d
1c
b1011000010 (
#124520
0!
0+
#124540
1!
1+
b1011000100 A
b1011000011 M
b1011000011 4
b1011000100 6
b1011000011 2
0L
0K
1J
1d
b1011000011 (
#124560
0!
0+
#124580
1!
1+
b1011000101 A
b1011000100 M
b1011000100 4
b1011000101 6
b1011000100 2
1L
0d
0c
1b
b1011000100 (
#124600
0!
0+
#124620
1!
1+
b1011000110 A
b1011000101 M
b1011000101 4
b1011000110 6
b1011000101 2
0L
1K
1d
b1011000101 (
#124640
0!
0+
#124660
1!
1+
b1011000111 A
b1011000110 M
b1011000110 4
b1011000111 6
b1011000110 2
1L
0d
1c
b1011000110 (
#124680
0!
0+
#124700
1!
1+
b1011001000 A
b1011000111 M
b1011000111 4
b1011001000 6
b1011000111 2
0L
0K
0J
1I
1d
b1011000111 (
#124720
0!
0+
#124740
1!
1+
b1011001001 A
b1011001000 M
b1011001000 4
b1011001001 6
b1011001000 2
1L
0d
0c
0b
1a
b1011001000 (
#124760
0!
0+
#124780
1!
1+
b1011001010 A
b1011001001 M
b1011001001 4
b1011001010 6
b1011001001 2
0L
1K
1d
b1011001001 (
#124800
0!
0+
#124820
1!
1+
b1011001011 A
b1011001010 M
b1011001010 4
b1011001011 6
b1011001010 2
1L
0d
1c
b1011001010 (
#124840
0!
0+
#124860
1!
1+
b1011001100 A
b1011001011 M
b1011001011 4
b1011001100 6
b1011001011 2
0L
0K
1J
1d
b1011001011 (
#124880
0!
0+
#124900
1!
1+
b1011001101 A
b1011001100 M
b1011001100 4
b1011001101 6
b1011001100 2
1L
0d
0c
1b
b1011001100 (
#124920
0!
0+
#124940
1!
1+
b1011001110 A
b1011001101 M
b1011001101 4
b1011001110 6
b1011001101 2
0L
1K
1d
b1011001101 (
#124960
0!
0+
#124980
1!
1+
b1011001111 A
b1011001110 M
b1011001110 4
b1011001111 6
b1011001110 2
1L
0d
1c
b1011001110 (
#125000
0!
0+
#125020
1!
1+
b1011010000 A
b1011001111 M
b1011001111 4
b1011010000 6
b1011001111 2
0L
0K
0J
0I
1H
1d
b1011001111 (
#125040
0!
0+
#125060
1!
1+
b1011010001 A
b1011010000 M
b1011010000 4
b1011010001 6
b1011010000 2
1L
0d
0c
0b
0a
1`
b1011010000 (
#125080
0!
0+
#125100
1!
1+
b1011010010 A
b1011010001 M
b1011010001 4
b1011010010 6
b1011010001 2
0L
1K
1d
b1011010001 (
#125120
0!
0+
#125140
1!
1+
b1011010011 A
b1011010010 M
b1011010010 4
b1011010011 6
b1011010010 2
1L
0d
1c
b1011010010 (
#125160
0!
0+
#125180
1!
1+
b1011010100 A
b1011010011 M
b1011010011 4
b1011010100 6
b1011010011 2
0L
0K
1J
1d
b1011010011 (
#125200
0!
0+
#125220
1!
1+
b1011010101 A
b1011010100 M
b1011010100 4
b1011010101 6
b1011010100 2
1L
0d
0c
1b
b1011010100 (
#125240
0!
0+
#125260
1!
1+
b1011010110 A
b1011010101 M
b1011010101 4
b1011010110 6
b1011010101 2
0L
1K
1d
b1011010101 (
#125280
0!
0+
#125300
1!
1+
b1011010111 A
b1011010110 M
b1011010110 4
b1011010111 6
b1011010110 2
1L
0d
1c
b1011010110 (
#125320
0!
0+
#125340
1!
1+
b1011011000 A
b1011010111 M
b1011010111 4
b1011011000 6
b1011010111 2
0L
0K
0J
1I
1d
b1011010111 (
#125360
0!
0+
#125380
1!
1+
b1011011001 A
b1011011000 M
b1011011000 4
b1011011001 6
b1011011000 2
1L
0d
0c
0b
1a
b1011011000 (
#125400
0!
0+
#125420
1!
1+
b1011011010 A
b1011011001 M
b1011011001 4
b1011011010 6
b1011011001 2
0L
1K
1d
b1011011001 (
#125440
0!
0+
#125460
1!
1+
b1011011011 A
b1011011010 M
b1011011010 4
b1011011011 6
b1011011010 2
1L
0d
1c
b1011011010 (
#125480
0!
0+
#125500
1!
1+
b1011011100 A
b1011011011 M
b1011011011 4
b1011011100 6
b1011011011 2
0L
0K
1J
1d
b1011011011 (
#125520
0!
0+
#125540
1!
1+
b1011011101 A
b1011011100 M
b1011011100 4
b1011011101 6
b1011011100 2
1L
0d
0c
1b
b1011011100 (
#125560
0!
0+
#125580
1!
1+
b1011011110 A
b1011011101 M
b1011011101 4
b1011011110 6
b1011011101 2
0L
1K
1d
b1011011101 (
#125600
0!
0+
#125620
1!
1+
b1011011111 A
b1011011110 M
b1011011110 4
b1011011111 6
b1011011110 2
1L
0d
1c
b1011011110 (
#125640
0!
0+
#125660
1!
1+
b1011100000 A
b1011011111 M
b1011011111 4
b1011100000 6
b1011011111 2
0L
0K
0J
0I
0H
1G
1d
b1011011111 (
#125680
0!
0+
#125700
1!
1+
b1011100001 A
b1011100000 M
b1011100000 4
b1011100001 6
b1011100000 2
1L
0d
0c
0b
0a
0`
1_
b1011100000 (
#125720
0!
0+
#125740
1!
1+
b1011100010 A
b1011100001 M
b1011100001 4
b1011100010 6
b1011100001 2
0L
1K
1d
b1011100001 (
#125760
0!
0+
#125780
1!
1+
b1011100011 A
b1011100010 M
b1011100010 4
b1011100011 6
b1011100010 2
1L
0d
1c
b1011100010 (
#125800
0!
0+
#125820
1!
1+
b1011100100 A
b1011100011 M
b1011100011 4
b1011100100 6
b1011100011 2
0L
0K
1J
1d
b1011100011 (
#125840
0!
0+
#125860
1!
1+
b1011100101 A
b1011100100 M
b1011100100 4
b1011100101 6
b1011100100 2
1L
0d
0c
1b
b1011100100 (
#125880
0!
0+
#125900
1!
1+
b1011100110 A
b1011100101 M
b1011100101 4
b1011100110 6
b1011100101 2
0L
1K
1d
b1011100101 (
#125920
0!
0+
#125940
1!
1+
b1011100111 A
b1011100110 M
b1011100110 4
b1011100111 6
b1011100110 2
1L
0d
1c
b1011100110 (
#125960
0!
0+
#125980
1!
1+
b1011101000 A
b1011100111 M
b1011100111 4
b1011101000 6
b1011100111 2
0L
0K
0J
1I
1d
b1011100111 (
#126000
0!
0+
#126020
1!
1+
b1011101001 A
b1011101000 M
b1011101000 4
b1011101001 6
b1011101000 2
1L
0d
0c
0b
1a
b1011101000 (
#126040
0!
0+
#126060
1!
1+
b1011101010 A
b1011101001 M
b1011101001 4
b1011101010 6
b1011101001 2
0L
1K
1d
b1011101001 (
#126080
0!
0+
#126100
1!
1+
b1011101011 A
b1011101010 M
b1011101010 4
b1011101011 6
b1011101010 2
1L
0d
1c
b1011101010 (
#126120
0!
0+
#126140
1!
1+
b1011101100 A
b1011101011 M
b1011101011 4
b1011101100 6
b1011101011 2
0L
0K
1J
1d
b1011101011 (
#126160
0!
0+
#126180
1!
1+
b1011101101 A
b1011101100 M
b1011101100 4
b1011101101 6
b1011101100 2
1L
0d
0c
1b
b1011101100 (
#126200
0!
0+
#126220
1!
1+
b1011101110 A
b1011101101 M
b1011101101 4
b1011101110 6
b1011101101 2
0L
1K
1d
b1011101101 (
#126240
0!
0+
#126260
1!
1+
b1011101111 A
b1011101110 M
b1011101110 4
b1011101111 6
b1011101110 2
1L
0d
1c
b1011101110 (
#126280
0!
0+
#126300
1!
1+
b1011110000 A
b1011101111 M
b1011101111 4
b1011110000 6
b1011101111 2
0L
0K
0J
0I
1H
1d
b1011101111 (
#126320
0!
0+
#126340
1!
1+
b1011110001 A
b1011110000 M
b1011110000 4
b1011110001 6
b1011110000 2
1-
1L
0d
0c
0b
0a
1`
1#
b1011110000 (
#126360
0!
0+
#126380
1!
1+
b1011110010 A
b1011110001 M
b1011110001 4
b1011110010 6
b1011110001 2
0L
1K
1d
b1011110001 (
#126400
0!
0+
#126420
1!
1+
b1011110011 A
b1011110010 M
b1011110010 4
b1011110011 6
b1011110010 2
1L
0d
1c
b1011110010 (
#126440
0!
0+
#126460
1!
1+
b1011110100 A
b1011110011 M
b1011110011 4
b1011110100 6
b1011110011 2
0L
0K
1J
1d
b1011110011 (
#126480
0!
0+
#126500
1!
1+
b1011110101 A
b1011110100 M
b1011110100 4
b1011110101 6
b1011110100 2
1L
0d
0c
1b
b1011110100 (
#126520
0!
0+
#126540
1!
1+
b1011110110 A
b1011110101 M
b1011110101 4
b1011110110 6
b1011110101 2
0L
1K
1d
b1011110101 (
#126560
0!
0+
#126580
1!
1+
b1011110111 A
b1011110110 M
b1011110110 4
b1011110111 6
b1011110110 2
1L
0d
1c
b1011110110 (
#126600
0!
0+
#126620
1!
1+
b1011111000 A
b1011110111 M
b1011110111 4
b1011111000 6
b1011110111 2
0L
0K
0J
1I
1d
b1011110111 (
#126640
0!
0+
#126660
1!
1+
b1011111001 A
b1011111000 M
b1011111000 4
b1011111001 6
b1011111000 2
1L
0d
0c
0b
1a
b1011111000 (
#126680
0!
0+
#126700
1!
1+
b1011111010 A
b1011111001 M
b1011111001 4
b1011111010 6
b1011111001 2
0L
1K
1d
b1011111001 (
#126720
0!
0+
#126740
1!
1+
b1011111011 A
b1011111010 M
b1011111010 4
b1011111011 6
b1011111010 2
1L
0d
1c
b1011111010 (
#126760
0!
0+
#126780
1!
1+
b1011111100 A
b1011111011 M
b1011111011 4
b1011111100 6
b1011111011 2
0L
0K
1J
1d
b1011111011 (
#126800
0!
0+
#126820
1!
1+
b1011111101 A
b1011111100 M
b1011111100 4
b1011111101 6
b1011111100 2
1L
0d
0c
1b
b1011111100 (
#126840
0!
0+
#126860
1!
1+
b1011111110 A
b1011111101 M
b1011111101 4
b1011111110 6
b1011111101 2
0L
1K
1d
b1011111101 (
#126880
0!
0+
#126900
1!
1+
b1011111111 A
b1011111110 M
b1011111110 4
b1011111111 6
b1011111110 2
1L
0d
1c
b1011111110 (
#126920
0!
0+
#126940
1!
1+
b1100000000 A
b1011111111 M
b1011111111 4
b1100000000 6
b1011111111 2
0L
0K
0J
0I
0H
0G
0F
0E
1D
1d
b1011111111 (
#126960
0!
0+
#126980
1!
1+
b1100000001 A
b1100000000 M
b1100000000 4
b1100000001 6
b1100000000 2
1L
0d
0c
0b
0a
0`
0_
0^
0]
1\
b1100000000 (
#127000
0!
0+
#127020
1!
1+
b1100000010 A
b1100000001 M
b1100000001 4
b1100000010 6
b1100000001 2
0L
1K
1d
b1100000001 (
#127040
0!
0+
#127060
1!
1+
b1100000011 A
b1100000010 M
b1100000010 4
b1100000011 6
b1100000010 2
1L
0d
1c
b1100000010 (
#127080
0!
0+
#127100
1!
1+
b1100000100 A
b1100000011 M
b1100000011 4
b1100000100 6
b1100000011 2
0L
0K
1J
1d
b1100000011 (
#127120
0!
0+
#127140
1!
1+
b1100000101 A
b1100000100 M
b1100000100 4
b1100000101 6
b1100000100 2
1L
0d
0c
1b
b1100000100 (
#127160
0!
0+
#127180
1!
1+
b1100000110 A
b1100000101 M
b1100000101 4
b1100000110 6
b1100000101 2
0L
1K
1d
b1100000101 (
#127200
0!
0+
#127220
1!
1+
b1100000111 A
b1100000110 M
b1100000110 4
b1100000111 6
b1100000110 2
1L
0d
1c
b1100000110 (
#127240
0!
0+
#127260
1!
1+
b1100001000 A
b1100000111 M
b1100000111 4
b1100001000 6
b1100000111 2
0L
0K
0J
1I
1d
b1100000111 (
#127280
0!
0+
#127300
1!
1+
b1100001001 A
b1100001000 M
b1100001000 4
b1100001001 6
b1100001000 2
1L
0d
0c
0b
1a
b1100001000 (
#127320
0!
0+
#127340
1!
1+
b1100001010 A
b1100001001 M
b1100001001 4
b1100001010 6
b1100001001 2
0L
1K
1d
b1100001001 (
#127360
0!
0+
#127380
1!
1+
b1100001011 A
b1100001010 M
b1100001010 4
b1100001011 6
b1100001010 2
1L
0d
1c
b1100001010 (
#127400
0!
0+
#127420
1!
1+
b1100001100 A
b1100001011 M
b1100001011 4
b1100001100 6
b1100001011 2
0L
0K
1J
1d
b1100001011 (
#127440
0!
0+
#127460
1!
1+
b1100001101 A
b1100001100 M
b1100001100 4
b1100001101 6
b1100001100 2
1L
0d
0c
1b
b1100001100 (
#127480
0!
0+
#127500
1!
1+
b1100001110 A
b1100001101 M
b1100001101 4
b1100001110 6
b1100001101 2
0L
1K
1d
b1100001101 (
#127520
0!
0+
#127540
1!
1+
b1100001111 A
b1100001110 M
b1100001110 4
b1100001111 6
b1100001110 2
1L
0d
1c
b1100001110 (
#127560
0!
0+
#127580
1!
1+
b1100010000 A
b1100001111 M
b1100001111 4
b1100010000 6
b1100001111 2
0L
0K
0J
0I
1H
1d
b1100001111 (
#127600
0!
0+
#127620
1!
1+
b1100010001 A
b1100010000 M
b1100010000 4
b1100010001 6
b1100010000 2
1L
0d
0c
0b
0a
1`
b1100010000 (
#127640
0!
0+
#127660
1!
1+
b1100010010 A
b1100010001 M
b1100010001 4
b1100010010 6
b1100010001 2
0L
1K
1d
b1100010001 (
#127680
0!
0+
#127700
1!
1+
b1100010011 A
b1100010010 M
b1100010010 4
b1100010011 6
b1100010010 2
1L
0d
1c
b1100010010 (
#127720
0!
0+
#127740
1!
1+
b1100010100 A
b1100010011 M
b1100010011 4
b1100010100 6
b1100010011 2
0L
0K
1J
1d
b1100010011 (
#127760
0!
0+
#127780
1!
1+
b1100010101 A
b1100010100 M
b1100010100 4
b1100010101 6
b1100010100 2
1L
0d
0c
1b
b1100010100 (
#127800
0!
0+
#127820
1!
1+
b1100010110 A
b1100010101 M
b1100010101 4
b1100010110 6
b1100010101 2
0L
1K
1d
b1100010101 (
#127840
0!
0+
#127860
1!
1+
b1100010111 A
b1100010110 M
b1100010110 4
b1100010111 6
b1100010110 2
1L
0d
1c
b1100010110 (
#127880
0!
0+
#127900
1!
1+
b1100011000 A
b1100010111 M
b1100010111 4
b1100011000 6
b1100010111 2
0L
0K
0J
1I
1d
b1100010111 (
#127920
0!
0+
#127940
1!
1+
b1100011001 A
b1100011000 M
b1100011000 4
b1100011001 6
b1100011000 2
1L
0d
0c
0b
1a
b1100011000 (
#127960
0!
0+
#127980
1!
1+
b1100011010 A
b1100011001 M
b1100011001 4
b1100011010 6
b1100011001 2
0L
1K
1d
b1100011001 (
#128000
0!
0+
#128020
1!
1+
b1100011011 A
b1100011010 M
b1100011010 4
b1100011011 6
b1100011010 2
1L
0d
1c
b1100011010 (
#128040
0!
0+
#128060
1!
1+
b1100011100 A
b1100011011 M
b1100011011 4
b1100011100 6
b1100011011 2
0L
0K
1J
1d
b1100011011 (
#128080
0!
0+
#128100
1!
1+
b1100011101 A
b1100011100 M
b1100011100 4
b1100011101 6
b1100011100 2
1L
0d
0c
1b
b1100011100 (
#128120
0!
0+
#128140
1!
1+
b1100011110 A
b1100011101 M
b1100011101 4
b1100011110 6
b1100011101 2
0L
1K
1d
b1100011101 (
#128160
0!
0+
#128180
1!
1+
b1100011111 A
b1100011110 M
b1100011110 4
b1100011111 6
b1100011110 2
1L
0d
1c
b1100011110 (
#128200
0!
0+
#128220
1!
1+
b1100100000 A
b1100011111 M
b1100011111 4
b1100100000 6
b1100011111 2
0L
0K
0J
0I
0H
1G
1d
b1100011111 (
#128240
0!
0+
#128260
1!
1+
b1100100001 A
b1100100000 M
b1100100000 4
b1100100001 6
b1100100000 2
1L
0d
0c
0b
0a
0`
1_
1o
b1100100000 (
18
1<
1?
b0 A
b0 6
0L
0G
0D
0C
#128280
0!
0+
#128300
1!
1+
b100 =
b0 M
b0 4
b100 7
b0 2
0X
0W
1V
0_
0\
0[
0o
b0 (
08
0<
0?
#128320
0!
0+
#128340
1!
1+
b1 A
b100 Y
b100 5
b1 6
b100 3
1L
0z
0y
1x
b100 )
#128360
0!
0+
#128380
1!
1+
b10 A
b1 M
b1 4
b10 6
b1 2
0L
1K
1d
b1 (
#128400
0!
0+
#128420
1!
1+
b11 A
b10 M
b10 4
b11 6
b10 2
1L
0d
1c
b10 (
#128440
0!
0+
#128460
1!
1+
b100 A
b11 M
b11 4
b100 6
b11 2
0L
0K
1J
1d
b11 (
#128480
0!
0+
#128500
1!
1+
b101 A
b100 M
b100 4
b101 6
b100 2
1L
0d
0c
1b
b100 (
#128520
0!
0+
#128540
1!
1+
b110 A
b101 M
b101 4
b110 6
b101 2
0L
1K
1d
b101 (
#128560
0!
0+
#128580
1!
1+
b111 A
b110 M
b110 4
b111 6
b110 2
1L
0d
1c
b110 (
#128600
0!
0+
#128620
1!
1+
b1000 A
b111 M
b111 4
b1000 6
b111 2
0L
0K
0J
1I
1d
b111 (
#128640
0!
0+
#128660
1!
1+
b1001 A
b1000 M
b1000 4
b1001 6
b1000 2
1L
0d
0c
0b
1a
b1000 (
#128680
0!
0+
#128700
1!
1+
b1010 A
b1001 M
b1001 4
b1010 6
b1001 2
0L
1K
1d
b1001 (
#128720
0!
0+
#128740
1!
1+
b1011 A
b1010 M
b1010 4
b1011 6
b1010 2
1L
0d
1c
b1010 (
#128760
0!
0+
#128780
1!
1+
b1100 A
b1011 M
b1011 4
b1100 6
b1011 2
0L
0K
1J
1d
b1011 (
#128800
0!
0+
#128820
1!
1+
b1101 A
b1100 M
b1100 4
b1101 6
b1100 2
1L
0d
0c
1b
b1100 (
#128840
0!
0+
#128860
1!
1+
b1110 A
b1101 M
b1101 4
b1110 6
b1101 2
0L
1K
1d
b1101 (
#128880
0!
0+
#128900
1!
1+
b1111 A
b1110 M
b1110 4
b1111 6
b1110 2
1L
0d
1c
b1110 (
#128920
0!
0+
#128940
1!
1+
b10000 A
b1111 M
b1111 4
b10000 6
b1111 2
0L
0K
0J
0I
1H
1d
b1111 (
#128960
0!
0+
#128980
1!
1+
b10001 A
b10000 M
b10000 4
b10001 6
b10000 2
1L
0d
0c
0b
0a
1`
b10000 (
#129000
0!
0+
#129020
1!
1+
b10010 A
b10001 M
b10001 4
b10010 6
b10001 2
0L
1K
1d
b10001 (
#129040
0!
0+
#129060
1!
1+
b10011 A
b10010 M
b10010 4
b10011 6
b10010 2
1L
0d
1c
b10010 (
#129080
0!
0+
#129100
1!
1+
b10100 A
b10011 M
b10011 4
b10100 6
b10011 2
0L
0K
1J
1d
b10011 (
#129120
0!
0+
#129140
1!
1+
b10101 A
b10100 M
b10100 4
b10101 6
b10100 2
1L
0d
0c
1b
b10100 (
#129160
0!
0+
#129180
1!
1+
b10110 A
b10101 M
b10101 4
b10110 6
b10101 2
0L
1K
1d
b10101 (
#129200
0!
0+
#129220
1!
1+
b10111 A
b10110 M
b10110 4
b10111 6
b10110 2
1L
0d
1c
b10110 (
#129240
0!
0+
#129260
1!
1+
b11000 A
b10111 M
b10111 4
b11000 6
b10111 2
0L
0K
0J
1I
1d
b10111 (
#129280
0!
0+
#129300
1!
1+
b11001 A
b11000 M
b11000 4
b11001 6
b11000 2
1L
0d
0c
0b
1a
b11000 (
#129320
0!
0+
#129340
1!
1+
b11010 A
b11001 M
b11001 4
b11010 6
b11001 2
0L
1K
1d
b11001 (
#129360
0!
0+
#129380
1!
1+
b11011 A
b11010 M
b11010 4
b11011 6
b11010 2
1L
0d
1c
b11010 (
#129400
0!
0+
#129420
1!
1+
b11100 A
b11011 M
b11011 4
b11100 6
b11011 2
0L
0K
1J
1d
b11011 (
#129440
0!
0+
#129460
1!
1+
b11101 A
b11100 M
b11100 4
b11101 6
b11100 2
1L
0d
0c
1b
b11100 (
#129480
0!
0+
#129500
1!
1+
b11110 A
b11101 M
b11101 4
b11110 6
b11101 2
0L
1K
1d
b11101 (
#129520
0!
0+
#129540
1!
1+
b11111 A
b11110 M
b11110 4
b11111 6
b11110 2
1L
0d
1c
b11110 (
#129560
0!
0+
#129580
1!
1+
b100000 A
b11111 M
b11111 4
b100000 6
b11111 2
0L
0K
0J
0I
0H
1G
1d
b11111 (
#129600
0!
0+
#129620
1!
1+
b100001 A
b100000 M
b100000 4
b100001 6
b100000 2
1L
0d
0c
0b
0a
0`
1_
b100000 (
#129640
0!
0+
#129660
1!
1+
b100010 A
b100001 M
b100001 4
b100010 6
b100001 2
0L
1K
1d
b100001 (
#129680
0!
0+
#129700
1!
1+
b100011 A
b100010 M
b100010 4
b100011 6
b100010 2
1L
0d
1c
b100010 (
#129720
0!
0+
#129740
1!
1+
b100100 A
b100011 M
b100011 4
b100100 6
b100011 2
0L
0K
1J
1d
b100011 (
#129760
0!
0+
#129780
1!
1+
b100101 A
b100100 M
b100100 4
b100101 6
b100100 2
1L
0d
0c
1b
b100100 (
#129800
0!
0+
#129820
1!
1+
b100110 A
b100101 M
b100101 4
b100110 6
b100101 2
0L
1K
1d
b100101 (
#129840
0!
0+
#129860
1!
1+
b100111 A
b100110 M
b100110 4
b100111 6
b100110 2
1L
0d
1c
b100110 (
#129880
0!
0+
#129900
1!
1+
b101000 A
b100111 M
b100111 4
b101000 6
b100111 2
0L
0K
0J
1I
1d
b100111 (
#129920
0!
0+
#129940
1!
1+
b101001 A
b101000 M
b101000 4
b101001 6
b101000 2
1L
0d
0c
0b
1a
b101000 (
#129960
0!
0+
#129980
1!
1+
b101010 A
b101001 M
b101001 4
b101010 6
b101001 2
0L
1K
1d
b101001 (
#130000
0!
0+
#130020
1!
1+
b101011 A
b101010 M
b101010 4
b101011 6
b101010 2
1L
0d
1c
b101010 (
#130040
0!
0+
#130060
1!
1+
b101100 A
b101011 M
b101011 4
b101100 6
b101011 2
0L
0K
1J
1d
b101011 (
#130080
0!
0+
#130100
1!
1+
b101101 A
b101100 M
b101100 4
b101101 6
b101100 2
1L
0d
0c
1b
b101100 (
#130120
0!
0+
#130140
1!
1+
b101110 A
b101101 M
b101101 4
b101110 6
b101101 2
0L
1K
1d
b101101 (
#130160
0!
0+
#130180
1!
1+
b101111 A
b101110 M
b101110 4
b101111 6
b101110 2
1L
0d
1c
b101110 (
#130200
0!
0+
#130220
1!
1+
b110000 A
b101111 M
b101111 4
b110000 6
b101111 2
0L
0K
0J
0I
1H
1d
b101111 (
#130240
0!
0+
#130260
1!
1+
b110001 A
b110000 M
b110000 4
b110001 6
b110000 2
1L
0d
0c
0b
0a
1`
b110000 (
#130280
0!
0+
#130300
1!
1+
b110010 A
b110001 M
b110001 4
b110010 6
b110001 2
0L
1K
1d
b110001 (
#130320
0!
0+
#130340
1!
1+
b110011 A
b110010 M
b110010 4
b110011 6
b110010 2
1L
0d
1c
b110010 (
#130360
0!
0+
#130380
1!
1+
b110100 A
b110011 M
b110011 4
b110100 6
b110011 2
0L
0K
1J
1d
b110011 (
#130400
0!
0+
#130420
1!
1+
b110101 A
b110100 M
b110100 4
b110101 6
b110100 2
1L
0d
0c
1b
b110100 (
#130440
0!
0+
#130460
1!
1+
b110110 A
b110101 M
b110101 4
b110110 6
b110101 2
0L
1K
1d
b110101 (
#130480
0!
0+
#130500
1!
1+
b110111 A
b110110 M
b110110 4
b110111 6
b110110 2
1L
0d
1c
b110110 (
#130520
0!
0+
#130540
1!
1+
b111000 A
b110111 M
b110111 4
b111000 6
b110111 2
0L
0K
0J
1I
1d
b110111 (
#130560
0!
0+
#130580
1!
1+
b111001 A
b111000 M
b111000 4
b111001 6
b111000 2
1L
0d
0c
0b
1a
b111000 (
#130600
0!
0+
#130620
1!
1+
b111010 A
b111001 M
b111001 4
b111010 6
b111001 2
0L
1K
1d
b111001 (
#130640
0!
0+
#130660
1!
1+
b111011 A
b111010 M
b111010 4
b111011 6
b111010 2
1L
0d
1c
b111010 (
#130680
0!
0+
#130700
1!
1+
b111100 A
b111011 M
b111011 4
b111100 6
b111011 2
0L
0K
1J
1d
b111011 (
#130720
0!
0+
#130740
1!
1+
b111101 A
b111100 M
b111100 4
b111101 6
b111100 2
1L
0d
0c
1b
b111100 (
#130760
0!
0+
#130780
1!
1+
b111110 A
b111101 M
b111101 4
b111110 6
b111101 2
0L
1K
1d
b111101 (
#130800
0!
0+
#130820
1!
1+
b111111 A
b111110 M
b111110 4
b111111 6
b111110 2
1L
0d
1c
b111110 (
#130840
0!
0+
#130860
1!
1+
b1000000 A
b111111 M
b111111 4
b1000000 6
b111111 2
0L
0K
0J
0I
0H
0G
1F
1d
b111111 (
#130880
0!
0+
#130900
1!
1+
b1000001 A
b1000000 M
b1000000 4
b1000001 6
b1000000 2
1L
0d
0c
0b
0a
0`
0_
1^
b1000000 (
#130920
0!
0+
#130940
1!
1+
b1000010 A
b1000001 M
b1000001 4
b1000010 6
b1000001 2
0L
1K
1d
b1000001 (
#130960
0!
0+
#130980
1!
1+
b1000011 A
b1000010 M
b1000010 4
b1000011 6
b1000010 2
1L
0d
1c
b1000010 (
#131000
0!
0+
#131020
1!
1+
b1000100 A
b1000011 M
b1000011 4
b1000100 6
b1000011 2
0L
0K
1J
1d
b1000011 (
#131040
0!
0+
#131060
1!
1+
b1000101 A
b1000100 M
b1000100 4
b1000101 6
b1000100 2
1L
0d
0c
1b
b1000100 (
#131080
0!
0+
#131100
1!
1+
b1000110 A
b1000101 M
b1000101 4
b1000110 6
b1000101 2
0L
1K
1d
b1000101 (
#131120
0!
0+
#131140
1!
1+
b1000111 A
b1000110 M
b1000110 4
b1000111 6
b1000110 2
1L
0d
1c
b1000110 (
#131160
0!
0+
#131180
1!
1+
b1001000 A
b1000111 M
b1000111 4
b1001000 6
b1000111 2
0L
0K
0J
1I
1d
b1000111 (
#131200
0!
0+
#131220
1!
1+
b1001001 A
b1001000 M
b1001000 4
b1001001 6
b1001000 2
1L
0d
0c
0b
1a
b1001000 (
#131240
0!
0+
#131260
1!
1+
b1001010 A
b1001001 M
b1001001 4
b1001010 6
b1001001 2
0L
1K
1d
b1001001 (
#131280
0!
0+
#131300
1!
1+
b1001011 A
b1001010 M
b1001010 4
b1001011 6
b1001010 2
1L
0d
1c
b1001010 (
#131320
0!
0+
#131340
1!
1+
b1001100 A
b1001011 M
b1001011 4
b1001100 6
b1001011 2
0L
0K
1J
1d
b1001011 (
#131360
0!
0+
#131380
1!
1+
b1001101 A
b1001100 M
b1001100 4
b1001101 6
b1001100 2
1L
0d
0c
1b
b1001100 (
#131400
0!
0+
#131420
1!
1+
b1001110 A
b1001101 M
b1001101 4
b1001110 6
b1001101 2
0L
1K
1d
b1001101 (
#131440
0!
0+
#131460
1!
1+
b1001111 A
b1001110 M
b1001110 4
b1001111 6
b1001110 2
1L
0d
1c
b1001110 (
#131480
0!
0+
#131500
1!
1+
b1010000 A
b1001111 M
b1001111 4
b1010000 6
b1001111 2
0L
0K
0J
0I
1H
1d
b1001111 (
#131520
0!
0+
#131540
1!
1+
b1010001 A
b1010000 M
b1010000 4
b1010001 6
b1010000 2
1L
0d
0c
0b
0a
1`
b1010000 (
#131560
0!
0+
#131580
1!
1+
b1010010 A
b1010001 M
b1010001 4
b1010010 6
b1010001 2
0L
1K
1d
b1010001 (
#131600
0!
0+
#131620
1!
1+
b1010011 A
b1010010 M
b1010010 4
b1010011 6
b1010010 2
1L
0d
1c
b1010010 (
#131640
0!
0+
#131660
1!
1+
b1010100 A
b1010011 M
b1010011 4
b1010100 6
b1010011 2
0L
0K
1J
1d
b1010011 (
#131680
0!
0+
#131700
1!
1+
b1010101 A
b1010100 M
b1010100 4
b1010101 6
b1010100 2
1L
0d
0c
1b
b1010100 (
#131720
0!
0+
#131740
1!
1+
b1010110 A
b1010101 M
b1010101 4
b1010110 6
b1010101 2
0L
1K
1d
b1010101 (
#131760
0!
0+
#131780
1!
1+
b1010111 A
b1010110 M
b1010110 4
b1010111 6
b1010110 2
1L
0d
1c
b1010110 (
#131800
0!
0+
#131820
1!
1+
b1011000 A
b1010111 M
b1010111 4
b1011000 6
b1010111 2
0L
0K
0J
1I
1d
b1010111 (
#131840
0!
0+
#131860
1!
1+
b1011001 A
b1011000 M
b1011000 4
b1011001 6
b1011000 2
1L
0d
0c
0b
1a
b1011000 (
#131880
0!
0+
#131900
1!
1+
b1011010 A
b1011001 M
b1011001 4
b1011010 6
b1011001 2
0L
1K
1d
b1011001 (
#131920
0!
0+
#131940
1!
1+
b1011011 A
b1011010 M
b1011010 4
b1011011 6
b1011010 2
1L
0d
1c
b1011010 (
#131960
0!
0+
#131980
1!
1+
b1011100 A
b1011011 M
b1011011 4
b1011100 6
b1011011 2
0L
0K
1J
1d
b1011011 (
#132000
0!
0+
#132020
1!
1+
b1011101 A
b1011100 M
b1011100 4
b1011101 6
b1011100 2
1L
0d
0c
1b
b1011100 (
#132040
0!
0+
#132060
1!
1+
b1011110 A
b1011101 M
b1011101 4
b1011110 6
b1011101 2
0L
1K
1d
b1011101 (
#132080
0!
0+
#132100
1!
1+
b1011111 A
b1011110 M
b1011110 4
b1011111 6
b1011110 2
1L
0d
1c
b1011110 (
#132120
0!
0+
#132140
1!
1+
b1100000 A
b1011111 M
b1011111 4
b1100000 6
b1011111 2
0L
0K
0J
0I
0H
1G
1d
b1011111 (
#132160
0!
0+
#132180
1!
1+
b1100001 A
b1100000 M
b1100000 4
b1100001 6
b1100000 2
1L
0d
0c
0b
0a
0`
1_
b1100000 (
#132200
0!
0+
#132220
1!
1+
b1100010 A
b1100001 M
b1100001 4
b1100010 6
b1100001 2
0L
1K
1d
b1100001 (
#132240
0!
0+
#132260
1!
1+
b1100011 A
b1100010 M
b1100010 4
b1100011 6
b1100010 2
1L
0d
1c
b1100010 (
#132280
0!
0+
#132300
1!
1+
b1100100 A
b1100011 M
b1100011 4
b1100100 6
b1100011 2
0L
0K
1J
1d
b1100011 (
#132320
0!
0+
#132340
1!
1+
b1100101 A
b1100100 M
b1100100 4
b1100101 6
b1100100 2
1L
0d
0c
1b
b1100100 (
#132360
0!
0+
#132380
1!
1+
b1100110 A
b1100101 M
b1100101 4
b1100110 6
b1100101 2
0L
1K
1d
b1100101 (
#132400
0!
0+
#132420
1!
1+
b1100111 A
b1100110 M
b1100110 4
b1100111 6
b1100110 2
1L
0d
1c
b1100110 (
#132440
0!
0+
#132460
1!
1+
b1101000 A
b1100111 M
b1100111 4
b1101000 6
b1100111 2
0L
0K
0J
1I
1d
b1100111 (
#132480
0!
0+
#132500
1!
1+
b1101001 A
b1101000 M
b1101000 4
b1101001 6
b1101000 2
1L
0d
0c
0b
1a
b1101000 (
#132520
0!
0+
#132540
1!
1+
b1101010 A
b1101001 M
b1101001 4
b1101010 6
b1101001 2
0L
1K
1d
b1101001 (
#132560
0!
0+
#132580
1!
1+
b1101011 A
b1101010 M
b1101010 4
b1101011 6
b1101010 2
1L
0d
1c
b1101010 (
#132600
0!
0+
#132620
1!
1+
b1101100 A
b1101011 M
b1101011 4
b1101100 6
b1101011 2
0L
0K
1J
1d
b1101011 (
#132640
0!
0+
#132660
1!
1+
b1101101 A
b1101100 M
b1101100 4
b1101101 6
b1101100 2
1L
0d
0c
1b
b1101100 (
#132680
0!
0+
#132700
1!
1+
b1101110 A
b1101101 M
b1101101 4
b1101110 6
b1101101 2
0L
1K
1d
b1101101 (
#132720
0!
0+
#132740
1!
1+
b1101111 A
b1101110 M
b1101110 4
b1101111 6
b1101110 2
1L
0d
1c
b1101110 (
#132760
0!
0+
#132780
1!
1+
b1110000 A
b1101111 M
b1101111 4
b1110000 6
b1101111 2
0L
0K
0J
0I
1H
1d
b1101111 (
#132800
0!
0+
#132820
1!
1+
b1110001 A
b1110000 M
b1110000 4
b1110001 6
b1110000 2
1L
0d
0c
0b
0a
1`
b1110000 (
#132840
0!
0+
#132860
1!
1+
b1110010 A
b1110001 M
b1110001 4
b1110010 6
b1110001 2
0L
1K
1d
b1110001 (
#132880
0!
0+
#132900
1!
1+
b1110011 A
b1110010 M
b1110010 4
b1110011 6
b1110010 2
1L
0d
1c
b1110010 (
#132920
0!
0+
#132940
1!
1+
b1110100 A
b1110011 M
b1110011 4
b1110100 6
b1110011 2
0L
0K
1J
1d
b1110011 (
#132960
0!
0+
#132980
1!
1+
b1110101 A
b1110100 M
b1110100 4
b1110101 6
b1110100 2
1L
0d
0c
1b
b1110100 (
#133000
0!
0+
#133020
1!
1+
b1110110 A
b1110101 M
b1110101 4
b1110110 6
b1110101 2
0L
1K
1d
b1110101 (
#133040
0!
0+
#133060
1!
1+
b1110111 A
b1110110 M
b1110110 4
b1110111 6
b1110110 2
1L
0d
1c
b1110110 (
#133080
0!
0+
#133100
1!
1+
b1111000 A
b1110111 M
b1110111 4
b1111000 6
b1110111 2
0L
0K
0J
1I
1d
b1110111 (
#133120
0!
0+
#133140
1!
1+
b1111001 A
b1111000 M
b1111000 4
b1111001 6
b1111000 2
1L
0d
0c
0b
1a
b1111000 (
#133160
0!
0+
#133180
1!
1+
b1111010 A
b1111001 M
b1111001 4
b1111010 6
b1111001 2
0L
1K
1d
b1111001 (
#133200
0!
0+
#133220
1!
1+
b1111011 A
b1111010 M
b1111010 4
b1111011 6
b1111010 2
1L
0d
1c
b1111010 (
#133240
0!
0+
#133260
1!
1+
b1111100 A
b1111011 M
b1111011 4
b1111100 6
b1111011 2
0L
0K
1J
1d
b1111011 (
#133280
0!
0+
#133300
1!
1+
b1111101 A
b1111100 M
b1111100 4
b1111101 6
b1111100 2
1L
0d
0c
1b
b1111100 (
#133320
0!
0+
#133340
1!
1+
b1111110 A
b1111101 M
b1111101 4
b1111110 6
b1111101 2
0L
1K
1d
b1111101 (
#133360
0!
0+
#133380
1!
1+
b1111111 A
b1111110 M
b1111110 4
b1111111 6
b1111110 2
1L
0d
1c
b1111110 (
#133400
0!
0+
#133420
1!
1+
b10000000 A
b1111111 M
b1111111 4
b10000000 6
b1111111 2
0L
0K
0J
0I
0H
0G
0F
1E
1d
b1111111 (
#133440
0!
0+
#133460
1!
1+
b10000001 A
b10000000 M
b10000000 4
b10000001 6
b10000000 2
1L
0d
0c
0b
0a
0`
0_
0^
1]
b10000000 (
#133480
0!
0+
#133500
1!
1+
b10000010 A
b10000001 M
b10000001 4
b10000010 6
b10000001 2
0L
1K
1d
b10000001 (
#133520
0!
0+
#133540
1!
1+
b10000011 A
b10000010 M
b10000010 4
b10000011 6
b10000010 2
1L
0d
1c
b10000010 (
#133560
0!
0+
#133580
1!
1+
b10000100 A
b10000011 M
b10000011 4
b10000100 6
b10000011 2
0L
0K
1J
1d
b10000011 (
#133600
0!
0+
#133620
1!
1+
b10000101 A
b10000100 M
b10000100 4
b10000101 6
b10000100 2
1L
0d
0c
1b
b10000100 (
#133640
0!
0+
#133660
1!
1+
b10000110 A
b10000101 M
b10000101 4
b10000110 6
b10000101 2
0L
1K
1d
b10000101 (
#133680
0!
0+
#133700
1!
1+
b10000111 A
b10000110 M
b10000110 4
b10000111 6
b10000110 2
1L
0d
1c
b10000110 (
#133720
0!
0+
#133740
1!
1+
b10001000 A
b10000111 M
b10000111 4
b10001000 6
b10000111 2
0L
0K
0J
1I
1d
b10000111 (
#133760
0!
0+
#133780
1!
1+
b10001001 A
b10001000 M
b10001000 4
b10001001 6
b10001000 2
1L
0d
0c
0b
1a
b10001000 (
#133800
0!
0+
#133820
1!
1+
b10001010 A
b10001001 M
b10001001 4
b10001010 6
b10001001 2
0L
1K
1d
b10001001 (
#133840
0!
0+
#133860
1!
1+
b10001011 A
b10001010 M
b10001010 4
b10001011 6
b10001010 2
1L
0d
1c
b10001010 (
#133880
0!
0+
#133900
1!
1+
b10001100 A
b10001011 M
b10001011 4
b10001100 6
b10001011 2
0L
0K
1J
1d
b10001011 (
#133920
0!
0+
#133940
1!
1+
b10001101 A
b10001100 M
b10001100 4
b10001101 6
b10001100 2
1L
0d
0c
1b
b10001100 (
#133960
0!
0+
#133980
1!
1+
b10001110 A
b10001101 M
b10001101 4
b10001110 6
b10001101 2
0L
1K
1d
b10001101 (
#134000
0!
0+
#134020
1!
1+
b10001111 A
b10001110 M
b10001110 4
b10001111 6
b10001110 2
1L
0d
1c
b10001110 (
#134040
0!
0+
#134060
1!
1+
b10010000 A
b10001111 M
b10001111 4
b10010000 6
b10001111 2
0L
0K
0J
0I
1H
1d
b10001111 (
#134080
0!
0+
#134100
1!
1+
b10010001 A
b10010000 M
b10010000 4
b10010001 6
b10010000 2
1L
0d
0c
0b
0a
1`
b10010000 (
#134120
0!
0+
#134140
1!
1+
b10010010 A
b10010001 M
b10010001 4
b10010010 6
b10010001 2
0L
1K
1d
b10010001 (
#134160
0!
0+
#134180
1!
1+
b10010011 A
b10010010 M
b10010010 4
b10010011 6
b10010010 2
1L
0d
1c
b10010010 (
#134200
0!
0+
#134220
1!
1+
b10010100 A
b10010011 M
b10010011 4
b10010100 6
b10010011 2
0L
0K
1J
1d
b10010011 (
#134240
0!
0+
#134260
1!
1+
b10010101 A
b10010100 M
b10010100 4
b10010101 6
b10010100 2
1L
0d
0c
1b
b10010100 (
#134280
0!
0+
#134300
1!
1+
b10010110 A
b10010101 M
b10010101 4
b10010110 6
b10010101 2
0L
1K
1d
b10010101 (
#134320
0!
0+
#134340
1!
1+
b10010111 A
b10010110 M
b10010110 4
b10010111 6
b10010110 2
1L
0d
1c
b10010110 (
#134360
0!
0+
#134380
1!
1+
b10011000 A
b10010111 M
b10010111 4
b10011000 6
b10010111 2
0L
0K
0J
1I
1d
b10010111 (
#134400
0!
0+
#134420
1!
1+
b10011001 A
b10011000 M
b10011000 4
b10011001 6
b10011000 2
1L
0d
0c
0b
1a
b10011000 (
#134440
0!
0+
#134460
1!
1+
b10011010 A
b10011001 M
b10011001 4
b10011010 6
b10011001 2
0L
1K
1d
b10011001 (
#134480
0!
0+
#134500
1!
1+
b10011011 A
b10011010 M
b10011010 4
b10011011 6
b10011010 2
1L
0d
1c
b10011010 (
#134520
0!
0+
#134540
1!
1+
b10011100 A
b10011011 M
b10011011 4
b10011100 6
b10011011 2
0L
0K
1J
1d
b10011011 (
#134560
0!
0+
#134580
1!
1+
b10011101 A
b10011100 M
b10011100 4
b10011101 6
b10011100 2
1L
0d
0c
1b
b10011100 (
#134600
0!
0+
#134620
1!
1+
b10011110 A
b10011101 M
b10011101 4
b10011110 6
b10011101 2
0L
1K
1d
b10011101 (
#134640
0!
0+
#134660
1!
1+
b10011111 A
b10011110 M
b10011110 4
b10011111 6
b10011110 2
1L
0d
1c
b10011110 (
#134680
0!
0+
#134700
1!
1+
b10100000 A
b10011111 M
b10011111 4
b10100000 6
b10011111 2
0L
0K
0J
0I
0H
1G
1d
b10011111 (
#134720
0!
0+
#134740
1!
1+
b10100001 A
b10100000 M
b10100000 4
b10100001 6
b10100000 2
1L
0d
0c
0b
0a
0`
1_
b10100000 (
#134760
0!
0+
#134780
1!
1+
b10100010 A
b10100001 M
b10100001 4
b10100010 6
b10100001 2
0L
1K
1d
b10100001 (
#134800
0!
0+
#134820
1!
1+
b10100011 A
b10100010 M
b10100010 4
b10100011 6
b10100010 2
1L
0d
1c
b10100010 (
#134840
0!
0+
#134860
1!
1+
b10100100 A
b10100011 M
b10100011 4
b10100100 6
b10100011 2
0L
0K
1J
1d
b10100011 (
#134880
0!
0+
#134900
1!
1+
b10100101 A
b10100100 M
b10100100 4
b10100101 6
b10100100 2
1L
0d
0c
1b
b10100100 (
#134920
0!
0+
#134940
1!
1+
b10100110 A
b10100101 M
b10100101 4
b10100110 6
b10100101 2
0L
1K
1d
b10100101 (
#134960
0!
0+
#134980
1!
1+
b10100111 A
b10100110 M
b10100110 4
b10100111 6
b10100110 2
1L
0d
1c
b10100110 (
#135000
0!
0+
#135020
1!
1+
b10101000 A
b10100111 M
b10100111 4
b10101000 6
b10100111 2
0L
0K
0J
1I
1d
b10100111 (
#135040
0!
0+
#135060
1!
1+
b10101001 A
b10101000 M
b10101000 4
b10101001 6
b10101000 2
1L
0d
0c
0b
1a
b10101000 (
#135080
0!
0+
#135100
1!
1+
b10101010 A
b10101001 M
b10101001 4
b10101010 6
b10101001 2
0L
1K
1d
b10101001 (
#135120
0!
0+
#135140
1!
1+
b10101011 A
b10101010 M
b10101010 4
b10101011 6
b10101010 2
1L
0d
1c
b10101010 (
#135160
0!
0+
#135180
1!
1+
b10101100 A
b10101011 M
b10101011 4
b10101100 6
b10101011 2
0L
0K
1J
1d
b10101011 (
#135200
0!
0+
#135220
1!
1+
b10101101 A
b10101100 M
b10101100 4
b10101101 6
b10101100 2
1L
0d
0c
1b
b10101100 (
#135240
0!
0+
#135260
1!
1+
b10101110 A
b10101101 M
b10101101 4
b10101110 6
b10101101 2
0L
1K
1d
b10101101 (
#135280
0!
0+
#135300
1!
1+
b10101111 A
b10101110 M
b10101110 4
b10101111 6
b10101110 2
1L
0d
1c
b10101110 (
#135320
0!
0+
#135340
1!
1+
b10110000 A
b10101111 M
b10101111 4
b10110000 6
b10101111 2
0L
0K
0J
0I
1H
1d
b10101111 (
#135360
0!
0+
#135380
1!
1+
b10110001 A
b10110000 M
b10110000 4
b10110001 6
b10110000 2
1L
0d
0c
0b
0a
1`
b10110000 (
#135400
0!
0+
#135420
1!
1+
b10110010 A
b10110001 M
b10110001 4
b10110010 6
b10110001 2
0L
1K
1d
b10110001 (
#135440
0!
0+
#135460
1!
1+
b10110011 A
b10110010 M
b10110010 4
b10110011 6
b10110010 2
1L
0d
1c
b10110010 (
#135480
0!
0+
#135500
1!
1+
b10110100 A
b10110011 M
b10110011 4
b10110100 6
b10110011 2
0L
0K
1J
1d
b10110011 (
#135520
0!
0+
#135540
1!
1+
b10110101 A
b10110100 M
b10110100 4
b10110101 6
b10110100 2
1L
0d
0c
1b
b10110100 (
#135560
0!
0+
#135580
1!
1+
b10110110 A
b10110101 M
b10110101 4
b10110110 6
b10110101 2
0L
1K
1d
b10110101 (
#135600
0!
0+
#135620
1!
1+
b10110111 A
b10110110 M
b10110110 4
b10110111 6
b10110110 2
1L
0d
1c
b10110110 (
#135640
0!
0+
#135660
1!
1+
b10111000 A
b10110111 M
b10110111 4
b10111000 6
b10110111 2
0L
0K
0J
1I
1d
b10110111 (
#135680
0!
0+
#135700
1!
1+
b10111001 A
b10111000 M
b10111000 4
b10111001 6
b10111000 2
1L
0d
0c
0b
1a
b10111000 (
#135720
0!
0+
#135740
1!
1+
b10111010 A
b10111001 M
b10111001 4
b10111010 6
b10111001 2
0L
1K
1d
b10111001 (
#135760
0!
0+
#135780
1!
1+
b10111011 A
b10111010 M
b10111010 4
b10111011 6
b10111010 2
1L
0d
1c
b10111010 (
#135800
0!
0+
#135820
1!
1+
b10111100 A
b10111011 M
b10111011 4
b10111100 6
b10111011 2
0L
0K
1J
1d
b10111011 (
#135840
0!
0+
#135860
1!
1+
b10111101 A
b10111100 M
b10111100 4
b10111101 6
b10111100 2
1L
0d
0c
1b
b10111100 (
#135880
0!
0+
#135900
1!
1+
b10111110 A
b10111101 M
b10111101 4
b10111110 6
b10111101 2
0L
1K
1d
b10111101 (
#135920
0!
0+
#135940
1!
1+
b10111111 A
b10111110 M
b10111110 4
b10111111 6
b10111110 2
1L
0d
1c
b10111110 (
#135960
0!
0+
#135980
1!
1+
b11000000 A
b10111111 M
b10111111 4
b11000000 6
b10111111 2
0L
0K
0J
0I
0H
0G
1F
1d
b10111111 (
#136000
0!
0+
#136020
1!
1+
b11000001 A
b11000000 M
b11000000 4
b11000001 6
b11000000 2
1L
0d
0c
0b
0a
0`
0_
1^
b11000000 (
#136040
0!
0+
#136060
1!
1+
b11000010 A
b11000001 M
b11000001 4
b11000010 6
b11000001 2
0L
1K
1d
b11000001 (
#136080
0!
0+
#136100
1!
1+
b11000011 A
b11000010 M
b11000010 4
b11000011 6
b11000010 2
1L
0d
1c
b11000010 (
#136120
0!
0+
#136140
1!
1+
b11000100 A
b11000011 M
b11000011 4
b11000100 6
b11000011 2
0L
0K
1J
1d
b11000011 (
#136160
0!
0+
#136180
1!
1+
b11000101 A
b11000100 M
b11000100 4
b11000101 6
b11000100 2
1L
0d
0c
1b
b11000100 (
#136200
0!
0+
#136220
1!
1+
b11000110 A
b11000101 M
b11000101 4
b11000110 6
b11000101 2
0L
1K
1d
b11000101 (
#136240
0!
0+
#136260
1!
1+
b11000111 A
b11000110 M
b11000110 4
b11000111 6
b11000110 2
1L
0d
1c
b11000110 (
#136280
0!
0+
#136300
1!
1+
b11001000 A
b11000111 M
b11000111 4
b11001000 6
b11000111 2
0L
0K
0J
1I
1d
b11000111 (
#136320
0!
0+
#136340
1!
1+
b11001001 A
b11001000 M
b11001000 4
b11001001 6
b11001000 2
1L
0d
0c
0b
1a
b11001000 (
#136360
0!
0+
#136380
1!
1+
b11001010 A
b11001001 M
b11001001 4
b11001010 6
b11001001 2
0L
1K
1d
b11001001 (
#136400
0!
0+
#136420
1!
1+
b11001011 A
b11001010 M
b11001010 4
b11001011 6
b11001010 2
1L
0d
1c
b11001010 (
#136440
0!
0+
#136460
1!
1+
b11001100 A
b11001011 M
b11001011 4
b11001100 6
b11001011 2
0L
0K
1J
1d
b11001011 (
#136480
0!
0+
#136500
1!
1+
b11001101 A
b11001100 M
b11001100 4
b11001101 6
b11001100 2
1L
0d
0c
1b
b11001100 (
#136520
0!
0+
#136540
1!
1+
b11001110 A
b11001101 M
b11001101 4
b11001110 6
b11001101 2
0L
1K
1d
b11001101 (
#136560
0!
0+
#136580
1!
1+
b11001111 A
b11001110 M
b11001110 4
b11001111 6
b11001110 2
1L
0d
1c
b11001110 (
#136600
0!
0+
#136620
1!
1+
b11010000 A
b11001111 M
b11001111 4
b11010000 6
b11001111 2
0L
0K
0J
0I
1H
1d
b11001111 (
#136640
0!
0+
#136660
1!
1+
b11010001 A
b11010000 M
b11010000 4
b11010001 6
b11010000 2
1L
0d
0c
0b
0a
1`
b11010000 (
#136680
0!
0+
#136700
1!
1+
b11010010 A
b11010001 M
b11010001 4
b11010010 6
b11010001 2
0L
1K
1d
b11010001 (
#136720
0!
0+
#136740
1!
1+
b11010011 A
b11010010 M
b11010010 4
b11010011 6
b11010010 2
1L
0d
1c
b11010010 (
#136760
0!
0+
#136780
1!
1+
b11010100 A
b11010011 M
b11010011 4
b11010100 6
b11010011 2
0L
0K
1J
1d
b11010011 (
#136800
0!
0+
#136820
1!
1+
b11010101 A
b11010100 M
b11010100 4
b11010101 6
b11010100 2
1L
0d
0c
1b
b11010100 (
#136840
0!
0+
#136860
1!
1+
b11010110 A
b11010101 M
b11010101 4
b11010110 6
b11010101 2
0L
1K
1d
b11010101 (
#136880
0!
0+
#136900
1!
1+
b11010111 A
b11010110 M
b11010110 4
b11010111 6
b11010110 2
1L
0d
1c
b11010110 (
#136920
0!
0+
#136940
1!
1+
b11011000 A
b11010111 M
b11010111 4
b11011000 6
b11010111 2
0L
0K
0J
1I
1d
b11010111 (
#136960
0!
0+
#136980
1!
1+
b11011001 A
b11011000 M
b11011000 4
b11011001 6
b11011000 2
1L
0d
0c
0b
1a
b11011000 (
#137000
0!
0+
#137020
1!
1+
b11011010 A
b11011001 M
b11011001 4
b11011010 6
b11011001 2
0L
1K
1d
b11011001 (
#137040
0!
0+
#137060
1!
1+
b11011011 A
b11011010 M
b11011010 4
b11011011 6
b11011010 2
1L
0d
1c
b11011010 (
#137080
0!
0+
#137100
1!
1+
b11011100 A
b11011011 M
b11011011 4
b11011100 6
b11011011 2
0L
0K
1J
1d
b11011011 (
#137120
0!
0+
#137140
1!
1+
b11011101 A
b11011100 M
b11011100 4
b11011101 6
b11011100 2
1L
0d
0c
1b
b11011100 (
#137160
0!
0+
#137180
1!
1+
b11011110 A
b11011101 M
b11011101 4
b11011110 6
b11011101 2
0L
1K
1d
b11011101 (
#137200
0!
0+
#137220
1!
1+
b11011111 A
b11011110 M
b11011110 4
b11011111 6
b11011110 2
1L
0d
1c
b11011110 (
#137240
0!
0+
#137260
1!
1+
b11100000 A
b11011111 M
b11011111 4
b11100000 6
b11011111 2
0L
0K
0J
0I
0H
1G
1d
b11011111 (
#137280
0!
0+
#137300
1!
1+
b11100001 A
b11100000 M
b11100000 4
b11100001 6
b11100000 2
1L
0d
0c
0b
0a
0`
1_
b11100000 (
#137320
0!
0+
#137340
1!
1+
b11100010 A
b11100001 M
b11100001 4
b11100010 6
b11100001 2
0L
1K
1d
b11100001 (
#137360
0!
0+
#137380
1!
1+
b11100011 A
b11100010 M
b11100010 4
b11100011 6
b11100010 2
1L
0d
1c
b11100010 (
#137400
0!
0+
#137420
1!
1+
b11100100 A
b11100011 M
b11100011 4
b11100100 6
b11100011 2
0L
0K
1J
1d
b11100011 (
#137440
0!
0+
#137460
1!
1+
b11100101 A
b11100100 M
b11100100 4
b11100101 6
b11100100 2
1L
0d
0c
1b
b11100100 (
#137480
0!
0+
#137500
1!
1+
b11100110 A
b11100101 M
b11100101 4
b11100110 6
b11100101 2
0L
1K
1d
b11100101 (
#137520
0!
0+
#137540
1!
1+
b11100111 A
b11100110 M
b11100110 4
b11100111 6
b11100110 2
1L
0d
1c
b11100110 (
#137560
0!
0+
#137580
1!
1+
b11101000 A
b11100111 M
b11100111 4
b11101000 6
b11100111 2
0L
0K
0J
1I
1d
b11100111 (
#137600
0!
0+
#137620
1!
1+
b11101001 A
b11101000 M
b11101000 4
b11101001 6
b11101000 2
1L
0d
0c
0b
1a
b11101000 (
#137640
0!
0+
#137660
1!
1+
b11101010 A
b11101001 M
b11101001 4
b11101010 6
b11101001 2
0L
1K
1d
b11101001 (
#137680
0!
0+
#137700
1!
1+
b11101011 A
b11101010 M
b11101010 4
b11101011 6
b11101010 2
1L
0d
1c
b11101010 (
#137720
0!
0+
#137740
1!
1+
b11101100 A
b11101011 M
b11101011 4
b11101100 6
b11101011 2
0L
0K
1J
1d
b11101011 (
#137760
0!
0+
#137780
1!
1+
b11101101 A
b11101100 M
b11101100 4
b11101101 6
b11101100 2
1L
0d
0c
1b
b11101100 (
#137800
0!
0+
#137820
1!
1+
b11101110 A
b11101101 M
b11101101 4
b11101110 6
b11101101 2
0L
1K
1d
b11101101 (
#137840
0!
0+
#137860
1!
1+
b11101111 A
b11101110 M
b11101110 4
b11101111 6
b11101110 2
1L
0d
1c
b11101110 (
#137880
0!
0+
#137900
1!
1+
b11110000 A
b11101111 M
b11101111 4
b11110000 6
b11101111 2
0L
0K
0J
0I
1H
1d
b11101111 (
#137920
0!
0+
#137940
1!
1+
b11110001 A
b11110000 M
b11110000 4
b11110001 6
b11110000 2
1L
0d
0c
0b
0a
1`
b11110000 (
#137960
0!
0+
#137980
1!
1+
b11110010 A
b11110001 M
b11110001 4
b11110010 6
b11110001 2
0L
1K
1d
b11110001 (
#138000
0!
0+
#138020
1!
1+
b11110011 A
b11110010 M
b11110010 4
b11110011 6
b11110010 2
1L
0d
1c
b11110010 (
#138040
0!
0+
#138060
1!
1+
b11110100 A
b11110011 M
b11110011 4
b11110100 6
b11110011 2
0L
0K
1J
1d
b11110011 (
#138080
0!
0+
#138100
1!
1+
b11110101 A
b11110100 M
b11110100 4
b11110101 6
b11110100 2
1L
0d
0c
1b
b11110100 (
#138120
0!
0+
#138140
1!
1+
b11110110 A
b11110101 M
b11110101 4
b11110110 6
b11110101 2
0L
1K
1d
b11110101 (
#138160
0!
0+
#138180
1!
1+
b11110111 A
b11110110 M
b11110110 4
b11110111 6
b11110110 2
1L
0d
1c
b11110110 (
#138200
0!
0+
#138220
1!
1+
b11111000 A
b11110111 M
b11110111 4
b11111000 6
b11110111 2
0L
0K
0J
1I
1d
b11110111 (
#138240
0!
0+
#138260
1!
1+
b11111001 A
b11111000 M
b11111000 4
b11111001 6
b11111000 2
1L
0d
0c
0b
1a
b11111000 (
#138280
0!
0+
#138300
1!
1+
b11111010 A
b11111001 M
b11111001 4
b11111010 6
b11111001 2
0L
1K
1d
b11111001 (
#138320
0!
0+
#138340
1!
1+
b11111011 A
b11111010 M
b11111010 4
b11111011 6
b11111010 2
1L
0d
1c
b11111010 (
#138360
0!
0+
#138380
1!
1+
b11111100 A
b11111011 M
b11111011 4
b11111100 6
b11111011 2
0L
0K
1J
1d
b11111011 (
#138400
0!
0+
#138420
1!
1+
b11111101 A
b11111100 M
b11111100 4
b11111101 6
b11111100 2
1L
0d
0c
1b
b11111100 (
#138440
0!
0+
#138460
1!
1+
b11111110 A
b11111101 M
b11111101 4
b11111110 6
b11111101 2
0L
1K
1d
b11111101 (
#138480
0!
0+
#138500
1!
1+
b11111111 A
b11111110 M
b11111110 4
b11111111 6
b11111110 2
1L
0d
1c
b11111110 (
#138520
0!
0+
#138540
1!
1+
b100000000 A
b11111111 M
b11111111 4
b100000000 6
b11111111 2
0L
0K
0J
0I
0H
0G
0F
0E
1D
1d
b11111111 (
#138560
0!
0+
#138580
1!
1+
b100000001 A
b100000000 M
b100000000 4
b100000001 6
b100000000 2
1L
0d
0c
0b
0a
0`
0_
0^
0]
1\
b100000000 (
#138600
0!
0+
#138620
1!
1+
b100000010 A
b100000001 M
b100000001 4
b100000010 6
b100000001 2
0L
1K
1d
b100000001 (
#138640
0!
0+
#138660
1!
1+
b100000011 A
b100000010 M
b100000010 4
b100000011 6
b100000010 2
1L
0d
1c
b100000010 (
#138680
0!
0+
#138700
1!
1+
b100000100 A
b100000011 M
b100000011 4
b100000100 6
b100000011 2
0L
0K
1J
1d
b100000011 (
#138720
0!
0+
#138740
1!
1+
b100000101 A
b100000100 M
b100000100 4
b100000101 6
b100000100 2
1L
0d
0c
1b
b100000100 (
#138760
0!
0+
#138780
1!
1+
b100000110 A
b100000101 M
b100000101 4
b100000110 6
b100000101 2
0L
1K
1d
b100000101 (
#138800
0!
0+
#138820
1!
1+
b100000111 A
b100000110 M
b100000110 4
b100000111 6
b100000110 2
1L
0d
1c
b100000110 (
#138840
0!
0+
#138860
1!
1+
b100001000 A
b100000111 M
b100000111 4
b100001000 6
b100000111 2
0L
0K
0J
1I
1d
b100000111 (
#138880
0!
0+
#138900
1!
1+
b100001001 A
b100001000 M
b100001000 4
b100001001 6
b100001000 2
1L
0d
0c
0b
1a
b100001000 (
#138920
0!
0+
#138940
1!
1+
b100001010 A
b100001001 M
b100001001 4
b100001010 6
b100001001 2
0L
1K
1d
b100001001 (
#138960
0!
0+
#138980
1!
1+
b100001011 A
b100001010 M
b100001010 4
b100001011 6
b100001010 2
1L
0d
1c
b100001010 (
#139000
0!
0+
#139020
1!
1+
b100001100 A
b100001011 M
b100001011 4
b100001100 6
b100001011 2
0L
0K
1J
1d
b100001011 (
#139040
0!
0+
#139060
1!
1+
b100001101 A
b100001100 M
b100001100 4
b100001101 6
b100001100 2
1L
0d
0c
1b
b100001100 (
#139080
0!
0+
#139100
1!
1+
b100001110 A
b100001101 M
b100001101 4
b100001110 6
b100001101 2
0L
1K
1d
b100001101 (
#139120
0!
0+
#139140
1!
1+
b100001111 A
b100001110 M
b100001110 4
b100001111 6
b100001110 2
1L
0d
1c
b100001110 (
#139160
0!
0+
#139180
1!
1+
b100010000 A
b100001111 M
b100001111 4
b100010000 6
b100001111 2
0L
0K
0J
0I
1H
1d
b100001111 (
#139200
0!
0+
#139220
1!
1+
b100010001 A
b100010000 M
b100010000 4
b100010001 6
b100010000 2
1L
0d
0c
0b
0a
1`
b100010000 (
#139240
0!
0+
#139260
1!
1+
b100010010 A
b100010001 M
b100010001 4
b100010010 6
b100010001 2
0L
1K
1d
b100010001 (
#139280
0!
0+
#139300
1!
1+
b100010011 A
b100010010 M
b100010010 4
b100010011 6
b100010010 2
1L
0d
1c
b100010010 (
#139320
0!
0+
#139340
1!
1+
b100010100 A
b100010011 M
b100010011 4
b100010100 6
b100010011 2
0L
0K
1J
1d
b100010011 (
#139360
0!
0+
#139380
1!
1+
b100010101 A
b100010100 M
b100010100 4
b100010101 6
b100010100 2
1L
0d
0c
1b
b100010100 (
#139400
0!
0+
#139420
1!
1+
b100010110 A
b100010101 M
b100010101 4
b100010110 6
b100010101 2
0L
1K
1d
b100010101 (
#139440
0!
0+
#139460
1!
1+
b100010111 A
b100010110 M
b100010110 4
b100010111 6
b100010110 2
1L
0d
1c
b100010110 (
#139480
0!
0+
#139500
1!
1+
b100011000 A
b100010111 M
b100010111 4
b100011000 6
b100010111 2
0L
0K
0J
1I
1d
b100010111 (
#139520
0!
0+
#139540
1!
1+
b100011001 A
b100011000 M
b100011000 4
b100011001 6
b100011000 2
1L
0d
0c
0b
1a
b100011000 (
#139560
0!
0+
#139580
1!
1+
b100011010 A
b100011001 M
b100011001 4
b100011010 6
b100011001 2
0L
1K
1d
b100011001 (
#139600
0!
0+
#139620
1!
1+
b100011011 A
b100011010 M
b100011010 4
b100011011 6
b100011010 2
1L
0d
1c
b100011010 (
#139640
0!
0+
#139660
1!
1+
b100011100 A
b100011011 M
b100011011 4
b100011100 6
b100011011 2
0L
0K
1J
1d
b100011011 (
#139680
0!
0+
#139700
1!
1+
b100011101 A
b100011100 M
b100011100 4
b100011101 6
b100011100 2
1L
0d
0c
1b
b100011100 (
#139720
0!
0+
#139740
1!
1+
b100011110 A
b100011101 M
b100011101 4
b100011110 6
b100011101 2
0L
1K
1d
b100011101 (
#139760
0!
0+
#139780
1!
1+
b100011111 A
b100011110 M
b100011110 4
b100011111 6
b100011110 2
1L
0d
1c
b100011110 (
#139800
0!
0+
#139820
1!
1+
b100100000 A
b100011111 M
b100011111 4
b100100000 6
b100011111 2
0L
0K
0J
0I
0H
1G
1d
b100011111 (
#139840
0!
0+
#139860
1!
1+
b100100001 A
b100100000 M
b100100000 4
b100100001 6
b100100000 2
1L
0d
0c
0b
0a
0`
1_
b100100000 (
#139880
0!
0+
#139900
1!
1+
b100100010 A
b100100001 M
b100100001 4
b100100010 6
b100100001 2
0L
1K
1d
b100100001 (
#139920
0!
0+
#139940
1!
1+
b100100011 A
b100100010 M
b100100010 4
b100100011 6
b100100010 2
1L
0d
1c
b100100010 (
#139960
0!
0+
#139980
1!
1+
b100100100 A
b100100011 M
b100100011 4
b100100100 6
b100100011 2
0L
0K
1J
1d
b100100011 (
#140000
0!
0+
#140020
1!
1+
b100100101 A
b100100100 M
b100100100 4
b100100101 6
b100100100 2
1L
0d
0c
1b
b100100100 (
#140040
0!
0+
#140060
1!
1+
b100100110 A
b100100101 M
b100100101 4
b100100110 6
b100100101 2
0L
1K
1d
b100100101 (
#140080
0!
0+
#140100
1!
1+
b100100111 A
b100100110 M
b100100110 4
b100100111 6
b100100110 2
1L
0d
1c
b100100110 (
#140120
0!
0+
#140140
1!
1+
b100101000 A
b100100111 M
b100100111 4
b100101000 6
b100100111 2
0L
0K
0J
1I
1d
b100100111 (
#140160
0!
0+
#140180
1!
1+
b100101001 A
b100101000 M
b100101000 4
b100101001 6
b100101000 2
1L
0d
0c
0b
1a
b100101000 (
#140200
0!
0+
#140220
1!
1+
b100101010 A
b100101001 M
b100101001 4
b100101010 6
b100101001 2
0L
1K
1d
b100101001 (
#140240
0!
0+
#140260
1!
1+
b100101011 A
b100101010 M
b100101010 4
b100101011 6
b100101010 2
1L
0d
1c
b100101010 (
#140280
0!
0+
#140300
1!
1+
b100101100 A
b100101011 M
b100101011 4
b100101100 6
b100101011 2
0L
0K
1J
1d
b100101011 (
#140320
0!
0+
#140340
1!
1+
b100101101 A
b100101100 M
b100101100 4
b100101101 6
b100101100 2
1L
0d
0c
1b
b100101100 (
#140360
0!
0+
#140380
1!
1+
b100101110 A
b100101101 M
b100101101 4
b100101110 6
b100101101 2
0L
1K
1d
b100101101 (
#140400
0!
0+
#140420
1!
1+
b100101111 A
b100101110 M
b100101110 4
b100101111 6
b100101110 2
1L
0d
1c
b100101110 (
#140440
0!
0+
#140460
1!
1+
b100110000 A
b100101111 M
b100101111 4
b100110000 6
b100101111 2
0L
0K
0J
0I
1H
1d
b100101111 (
#140480
0!
0+
#140500
1!
1+
b100110001 A
b100110000 M
b100110000 4
b100110001 6
b100110000 2
1L
0d
0c
0b
0a
1`
b100110000 (
#140520
0!
0+
#140540
1!
1+
b100110010 A
b100110001 M
b100110001 4
b100110010 6
b100110001 2
0L
1K
1d
b100110001 (
#140560
0!
0+
#140580
1!
1+
b100110011 A
b100110010 M
b100110010 4
b100110011 6
b100110010 2
1L
0d
1c
b100110010 (
#140600
0!
0+
#140620
1!
1+
b100110100 A
b100110011 M
b100110011 4
b100110100 6
b100110011 2
0L
0K
1J
1d
b100110011 (
#140640
0!
0+
#140660
1!
1+
b100110101 A
b100110100 M
b100110100 4
b100110101 6
b100110100 2
1L
0d
0c
1b
b100110100 (
#140680
0!
0+
#140700
1!
1+
b100110110 A
b100110101 M
b100110101 4
b100110110 6
b100110101 2
0L
1K
1d
b100110101 (
#140720
0!
0+
#140740
1!
1+
b100110111 A
b100110110 M
b100110110 4
b100110111 6
b100110110 2
1L
0d
1c
b100110110 (
#140760
0!
0+
#140780
1!
1+
b100111000 A
b100110111 M
b100110111 4
b100111000 6
b100110111 2
0L
0K
0J
1I
1d
b100110111 (
#140800
0!
0+
#140820
1!
1+
b100111001 A
b100111000 M
b100111000 4
b100111001 6
b100111000 2
1L
0d
0c
0b
1a
b100111000 (
#140840
0!
0+
#140860
1!
1+
b100111010 A
b100111001 M
b100111001 4
b100111010 6
b100111001 2
0L
1K
1d
b100111001 (
#140880
0!
0+
#140900
1!
1+
b100111011 A
b100111010 M
b100111010 4
b100111011 6
b100111010 2
1L
0d
1c
b100111010 (
#140920
0!
0+
#140940
1!
1+
b100111100 A
b100111011 M
b100111011 4
b100111100 6
b100111011 2
0L
0K
1J
1d
b100111011 (
#140960
0!
0+
#140980
1!
1+
b100111101 A
b100111100 M
b100111100 4
b100111101 6
b100111100 2
1L
0d
0c
1b
b100111100 (
#141000
0!
0+
#141020
1!
1+
b100111110 A
b100111101 M
b100111101 4
b100111110 6
b100111101 2
0L
1K
1d
b100111101 (
#141040
0!
0+
#141060
1!
1+
b100111111 A
b100111110 M
b100111110 4
b100111111 6
b100111110 2
1L
0d
1c
b100111110 (
#141080
0!
0+
#141100
1!
1+
b101000000 A
b100111111 M
b100111111 4
b101000000 6
b100111111 2
0L
0K
0J
0I
0H
0G
1F
1d
b100111111 (
#141120
0!
0+
#141140
1!
1+
b101000001 A
b101000000 M
b101000000 4
b101000001 6
b101000000 2
1L
0d
0c
0b
0a
0`
0_
1^
b101000000 (
#141160
0!
0+
#141180
1!
1+
b101000010 A
b101000001 M
b101000001 4
b101000010 6
b101000001 2
0L
1K
1d
b101000001 (
#141200
0!
0+
#141220
1!
1+
b101000011 A
b101000010 M
b101000010 4
b101000011 6
b101000010 2
1L
0d
1c
b101000010 (
#141240
0!
0+
#141260
1!
1+
b101000100 A
b101000011 M
b101000011 4
b101000100 6
b101000011 2
0L
0K
1J
1d
b101000011 (
#141280
0!
0+
#141300
1!
1+
b101000101 A
b101000100 M
b101000100 4
b101000101 6
b101000100 2
1L
0d
0c
1b
b101000100 (
#141320
0!
0+
#141340
1!
1+
b101000110 A
b101000101 M
b101000101 4
b101000110 6
b101000101 2
0L
1K
1d
b101000101 (
#141360
0!
0+
#141380
1!
1+
b101000111 A
b101000110 M
b101000110 4
b101000111 6
b101000110 2
1L
0d
1c
b101000110 (
#141400
0!
0+
#141420
1!
1+
b101001000 A
b101000111 M
b101000111 4
b101001000 6
b101000111 2
0L
0K
0J
1I
1d
b101000111 (
#141440
0!
0+
#141460
1!
1+
b101001001 A
b101001000 M
b101001000 4
b101001001 6
b101001000 2
1L
0d
0c
0b
1a
b101001000 (
#141480
0!
0+
#141500
1!
1+
b101001010 A
b101001001 M
b101001001 4
b101001010 6
b101001001 2
0L
1K
1d
b101001001 (
#141520
0!
0+
#141540
1!
1+
b101001011 A
b101001010 M
b101001010 4
b101001011 6
b101001010 2
1L
0d
1c
b101001010 (
#141560
0!
0+
#141580
1!
1+
b101001100 A
b101001011 M
b101001011 4
b101001100 6
b101001011 2
0L
0K
1J
1d
b101001011 (
#141600
0!
0+
#141620
1!
1+
b101001101 A
b101001100 M
b101001100 4
b101001101 6
b101001100 2
1L
0d
0c
1b
b101001100 (
#141640
0!
0+
#141660
1!
1+
b101001110 A
b101001101 M
b101001101 4
b101001110 6
b101001101 2
0L
1K
1d
b101001101 (
#141680
0!
0+
#141700
1!
1+
b101001111 A
b101001110 M
b101001110 4
b101001111 6
b101001110 2
1L
0d
1c
b101001110 (
#141720
0!
0+
#141740
1!
1+
b101010000 A
b101001111 M
b101001111 4
b101010000 6
b101001111 2
0L
0K
0J
0I
1H
1d
b101001111 (
#141760
0!
0+
#141780
1!
1+
b101010001 A
b101010000 M
b101010000 4
b101010001 6
b101010000 2
1L
0d
0c
0b
0a
1`
b101010000 (
#141800
0!
0+
#141820
1!
1+
b101010010 A
b101010001 M
b101010001 4
b101010010 6
b101010001 2
0L
1K
1d
b101010001 (
#141840
0!
0+
#141860
1!
1+
b101010011 A
b101010010 M
b101010010 4
b101010011 6
b101010010 2
1L
0d
1c
b101010010 (
#141880
0!
0+
#141900
1!
1+
b101010100 A
b101010011 M
b101010011 4
b101010100 6
b101010011 2
0L
0K
1J
1d
b101010011 (
#141920
0!
0+
#141940
1!
1+
b101010101 A
b101010100 M
b101010100 4
b101010101 6
b101010100 2
1L
0d
0c
1b
b101010100 (
#141960
0!
0+
#141980
1!
1+
b101010110 A
b101010101 M
b101010101 4
b101010110 6
b101010101 2
0L
1K
1d
b101010101 (
#142000
0!
0+
#142020
1!
1+
b101010111 A
b101010110 M
b101010110 4
b101010111 6
b101010110 2
1L
0d
1c
b101010110 (
#142040
0!
0+
#142060
1!
1+
b101011000 A
b101010111 M
b101010111 4
b101011000 6
b101010111 2
0L
0K
0J
1I
1d
b101010111 (
#142080
0!
0+
#142100
1!
1+
b101011001 A
b101011000 M
b101011000 4
b101011001 6
b101011000 2
1L
0d
0c
0b
1a
b101011000 (
#142120
0!
0+
#142140
1!
1+
b101011010 A
b101011001 M
b101011001 4
b101011010 6
b101011001 2
0L
1K
1d
b101011001 (
#142160
0!
0+
#142180
1!
1+
b101011011 A
b101011010 M
b101011010 4
b101011011 6
b101011010 2
1L
0d
1c
b101011010 (
#142200
0!
0+
#142220
1!
1+
b101011100 A
b101011011 M
b101011011 4
b101011100 6
b101011011 2
0L
0K
1J
1d
b101011011 (
#142240
0!
0+
#142260
1!
1+
b101011101 A
b101011100 M
b101011100 4
b101011101 6
b101011100 2
1L
0d
0c
1b
b101011100 (
#142280
0!
0+
#142300
1!
1+
b101011110 A
b101011101 M
b101011101 4
b101011110 6
b101011101 2
0L
1K
1d
b101011101 (
#142320
0!
0+
#142340
1!
1+
b101011111 A
b101011110 M
b101011110 4
b101011111 6
b101011110 2
1L
0d
1c
b101011110 (
#142360
0!
0+
#142380
1!
1+
b101100000 A
b101011111 M
b101011111 4
b101100000 6
b101011111 2
0L
0K
0J
0I
0H
1G
1d
b101011111 (
#142400
0!
0+
#142420
1!
1+
b101100001 A
b101100000 M
b101100000 4
b101100001 6
b101100000 2
1L
0d
0c
0b
0a
0`
1_
b101100000 (
#142440
0!
0+
#142460
1!
1+
b101100010 A
b101100001 M
b101100001 4
b101100010 6
b101100001 2
0L
1K
1d
b101100001 (
#142480
0!
0+
#142500
1!
1+
b101100011 A
b101100010 M
b101100010 4
b101100011 6
b101100010 2
1L
0d
1c
b101100010 (
#142520
0!
0+
#142540
1!
1+
b101100100 A
b101100011 M
b101100011 4
b101100100 6
b101100011 2
0L
0K
1J
1d
b101100011 (
#142560
0!
0+
#142580
1!
1+
b101100101 A
b101100100 M
b101100100 4
b101100101 6
b101100100 2
1L
0d
0c
1b
b101100100 (
#142600
0!
0+
#142620
1!
1+
b101100110 A
b101100101 M
b101100101 4
b101100110 6
b101100101 2
0L
1K
1d
b101100101 (
#142640
0!
0+
#142660
1!
1+
b101100111 A
b101100110 M
b101100110 4
b101100111 6
b101100110 2
1L
0d
1c
b101100110 (
#142680
0!
0+
#142700
1!
1+
b101101000 A
b101100111 M
b101100111 4
b101101000 6
b101100111 2
0L
0K
0J
1I
1d
b101100111 (
#142720
0!
0+
#142740
1!
1+
b101101001 A
b101101000 M
b101101000 4
b101101001 6
b101101000 2
1L
0d
0c
0b
1a
b101101000 (
#142760
0!
0+
#142780
1!
1+
b101101010 A
b101101001 M
b101101001 4
b101101010 6
b101101001 2
0L
1K
1d
b101101001 (
#142800
0!
0+
#142820
1!
1+
b101101011 A
b101101010 M
b101101010 4
b101101011 6
b101101010 2
1L
0d
1c
b101101010 (
#142840
0!
0+
#142860
1!
1+
b101101100 A
b101101011 M
b101101011 4
b101101100 6
b101101011 2
0L
0K
1J
1d
b101101011 (
#142880
0!
0+
#142900
1!
1+
b101101101 A
b101101100 M
b101101100 4
b101101101 6
b101101100 2
1L
0d
0c
1b
b101101100 (
#142920
0!
0+
#142940
1!
1+
b101101110 A
b101101101 M
b101101101 4
b101101110 6
b101101101 2
0L
1K
1d
b101101101 (
#142960
0!
0+
#142980
1!
1+
b101101111 A
b101101110 M
b101101110 4
b101101111 6
b101101110 2
1L
0d
1c
b101101110 (
#143000
0!
0+
#143020
1!
1+
b101110000 A
b101101111 M
b101101111 4
b101110000 6
b101101111 2
0L
0K
0J
0I
1H
1d
b101101111 (
#143040
0!
0+
#143060
1!
1+
b101110001 A
b101110000 M
b101110000 4
b101110001 6
b101110000 2
1L
0d
0c
0b
0a
1`
b101110000 (
#143080
0!
0+
#143100
1!
1+
b101110010 A
b101110001 M
b101110001 4
b101110010 6
b101110001 2
0L
1K
1d
b101110001 (
#143120
0!
0+
#143140
1!
1+
b101110011 A
b101110010 M
b101110010 4
b101110011 6
b101110010 2
1L
0d
1c
b101110010 (
#143160
0!
0+
#143180
1!
1+
b101110100 A
b101110011 M
b101110011 4
b101110100 6
b101110011 2
0L
0K
1J
1d
b101110011 (
#143200
0!
0+
#143220
1!
1+
b101110101 A
b101110100 M
b101110100 4
b101110101 6
b101110100 2
1L
0d
0c
1b
b101110100 (
#143240
0!
0+
#143260
1!
1+
b101110110 A
b101110101 M
b101110101 4
b101110110 6
b101110101 2
0L
1K
1d
b101110101 (
#143280
0!
0+
#143300
1!
1+
b101110111 A
b101110110 M
b101110110 4
b101110111 6
b101110110 2
1L
0d
1c
b101110110 (
#143320
0!
0+
#143340
1!
1+
b101111000 A
b101110111 M
b101110111 4
b101111000 6
b101110111 2
0L
0K
0J
1I
1d
b101110111 (
#143360
0!
0+
#143380
1!
1+
b101111001 A
b101111000 M
b101111000 4
b101111001 6
b101111000 2
1L
0d
0c
0b
1a
b101111000 (
#143400
0!
0+
#143420
1!
1+
b101111010 A
b101111001 M
b101111001 4
b101111010 6
b101111001 2
0L
1K
1d
b101111001 (
#143440
0!
0+
#143460
1!
1+
b101111011 A
b101111010 M
b101111010 4
b101111011 6
b101111010 2
1L
0d
1c
b101111010 (
#143480
0!
0+
#143500
1!
1+
b101111100 A
b101111011 M
b101111011 4
b101111100 6
b101111011 2
0L
0K
1J
1d
b101111011 (
#143520
0!
0+
#143540
1!
1+
b101111101 A
b101111100 M
b101111100 4
b101111101 6
b101111100 2
1L
0d
0c
1b
b101111100 (
#143560
0!
0+
#143580
1!
1+
b101111110 A
b101111101 M
b101111101 4
b101111110 6
b101111101 2
0L
1K
1d
b101111101 (
#143600
0!
0+
#143620
1!
1+
b101111111 A
b101111110 M
b101111110 4
b101111111 6
b101111110 2
1L
0d
1c
b101111110 (
#143640
0!
0+
#143660
1!
1+
b110000000 A
b101111111 M
b101111111 4
b110000000 6
b101111111 2
0L
0K
0J
0I
0H
0G
0F
1E
1d
b101111111 (
#143680
0!
0+
#143700
1!
1+
b110000001 A
b110000000 M
b110000000 4
b110000001 6
b110000000 2
1L
0d
0c
0b
0a
0`
0_
0^
1]
b110000000 (
#143720
0!
0+
#143740
1!
1+
b110000010 A
b110000001 M
b110000001 4
b110000010 6
b110000001 2
0L
1K
1d
b110000001 (
#143760
0!
0+
#143780
1!
1+
b110000011 A
b110000010 M
b110000010 4
b110000011 6
b110000010 2
1L
0d
1c
b110000010 (
#143800
0!
0+
#143820
1!
1+
b110000100 A
b110000011 M
b110000011 4
b110000100 6
b110000011 2
0L
0K
1J
1d
b110000011 (
#143840
0!
0+
#143860
1!
1+
b110000101 A
b110000100 M
b110000100 4
b110000101 6
b110000100 2
1L
0d
0c
1b
b110000100 (
#143880
0!
0+
#143900
1!
1+
b110000110 A
b110000101 M
b110000101 4
b110000110 6
b110000101 2
0L
1K
1d
b110000101 (
#143920
0!
0+
#143940
1!
1+
b110000111 A
b110000110 M
b110000110 4
b110000111 6
b110000110 2
1L
0d
1c
b110000110 (
#143960
0!
0+
#143980
1!
1+
b110001000 A
b110000111 M
b110000111 4
b110001000 6
b110000111 2
0L
0K
0J
1I
1d
b110000111 (
#144000
0!
0+
#144020
1!
1+
b110001001 A
b110001000 M
b110001000 4
b110001001 6
b110001000 2
1L
0d
0c
0b
1a
b110001000 (
#144040
0!
0+
#144060
1!
1+
b110001010 A
b110001001 M
b110001001 4
b110001010 6
b110001001 2
0L
1K
1d
b110001001 (
#144080
0!
0+
#144100
1!
1+
b110001011 A
b110001010 M
b110001010 4
b110001011 6
b110001010 2
1L
0d
1c
b110001010 (
#144120
0!
0+
#144140
1!
1+
b110001100 A
b110001011 M
b110001011 4
b110001100 6
b110001011 2
0L
0K
1J
1d
b110001011 (
#144160
0!
0+
#144180
1!
1+
b110001101 A
b110001100 M
b110001100 4
b110001101 6
b110001100 2
1L
0d
0c
1b
b110001100 (
#144200
0!
0+
#144220
1!
1+
b110001110 A
b110001101 M
b110001101 4
b110001110 6
b110001101 2
0L
1K
1d
b110001101 (
#144240
0!
0+
#144260
1!
1+
b110001111 A
b110001110 M
b110001110 4
b110001111 6
b110001110 2
1L
0d
1c
b110001110 (
#144280
0!
0+
#144300
1!
1+
b110010000 A
b110001111 M
b110001111 4
b110010000 6
b110001111 2
0L
0K
0J
0I
1H
1d
b110001111 (
#144320
0!
0+
#144340
1!
1+
b110010001 A
b110010000 M
b110010000 4
b110010001 6
b110010000 2
1L
0d
0c
0b
0a
1`
b110010000 (
#144360
0!
0+
#144380
1!
1+
b110010010 A
b110010001 M
b110010001 4
b110010010 6
b110010001 2
0L
1K
1d
b110010001 (
#144400
0!
0+
#144420
1!
1+
b110010011 A
b110010010 M
b110010010 4
b110010011 6
b110010010 2
1L
0d
1c
b110010010 (
#144440
0!
0+
#144460
1!
1+
b110010100 A
b110010011 M
b110010011 4
b110010100 6
b110010011 2
0L
0K
1J
1d
b110010011 (
#144480
0!
0+
#144500
1!
1+
b110010101 A
b110010100 M
b110010100 4
b110010101 6
b110010100 2
1L
0d
0c
1b
b110010100 (
#144520
0!
0+
#144540
1!
1+
b110010110 A
b110010101 M
b110010101 4
b110010110 6
b110010101 2
0L
1K
1d
b110010101 (
#144560
0!
0+
#144580
1!
1+
b110010111 A
b110010110 M
b110010110 4
b110010111 6
b110010110 2
1L
0d
1c
b110010110 (
#144600
0!
0+
#144620
1!
1+
b110011000 A
b110010111 M
b110010111 4
b110011000 6
b110010111 2
0L
0K
0J
1I
1d
b110010111 (
#144640
0!
0+
#144660
1!
1+
b110011001 A
b110011000 M
b110011000 4
b110011001 6
b110011000 2
1L
0d
0c
0b
1a
b110011000 (
#144680
0!
0+
#144700
1!
1+
b110011010 A
b110011001 M
b110011001 4
b110011010 6
b110011001 2
0L
1K
1d
b110011001 (
#144720
0!
0+
#144740
1!
1+
b110011011 A
b110011010 M
b110011010 4
b110011011 6
b110011010 2
1L
0d
1c
b110011010 (
#144760
0!
0+
#144780
1!
1+
b110011100 A
b110011011 M
b110011011 4
b110011100 6
b110011011 2
0L
0K
1J
1d
b110011011 (
#144800
0!
0+
#144820
1!
1+
b110011101 A
b110011100 M
b110011100 4
b110011101 6
b110011100 2
1L
0d
0c
1b
b110011100 (
#144840
0!
0+
#144860
1!
1+
b110011110 A
b110011101 M
b110011101 4
b110011110 6
b110011101 2
0L
1K
1d
b110011101 (
#144880
0!
0+
#144900
1!
1+
b110011111 A
b110011110 M
b110011110 4
b110011111 6
b110011110 2
1L
0d
1c
b110011110 (
#144920
0!
0+
#144940
1!
1+
b110100000 A
b110011111 M
b110011111 4
b110100000 6
b110011111 2
0L
0K
0J
0I
0H
1G
1d
b110011111 (
#144960
0!
0+
#144980
1!
1+
b110100001 A
b110100000 M
b110100000 4
b110100001 6
b110100000 2
1L
0d
0c
0b
0a
0`
1_
b110100000 (
#145000
0!
0+
#145020
1!
1+
b110100010 A
b110100001 M
b110100001 4
b110100010 6
b110100001 2
0L
1K
1d
b110100001 (
#145040
0!
0+
#145060
1!
1+
b110100011 A
b110100010 M
b110100010 4
b110100011 6
b110100010 2
1L
0d
1c
b110100010 (
#145080
0!
0+
#145100
1!
1+
b110100100 A
b110100011 M
b110100011 4
b110100100 6
b110100011 2
0L
0K
1J
1d
b110100011 (
#145120
0!
0+
#145140
1!
1+
b110100101 A
b110100100 M
b110100100 4
b110100101 6
b110100100 2
1L
0d
0c
1b
b110100100 (
#145160
0!
0+
#145180
1!
1+
b110100110 A
b110100101 M
b110100101 4
b110100110 6
b110100101 2
0L
1K
1d
b110100101 (
#145200
0!
0+
#145220
1!
1+
b110100111 A
b110100110 M
b110100110 4
b110100111 6
b110100110 2
1L
0d
1c
b110100110 (
#145240
0!
0+
#145260
1!
1+
b110101000 A
b110100111 M
b110100111 4
b110101000 6
b110100111 2
0L
0K
0J
1I
1d
b110100111 (
#145280
0!
0+
#145300
1!
1+
b110101001 A
b110101000 M
b110101000 4
b110101001 6
b110101000 2
1L
0d
0c
0b
1a
b110101000 (
#145320
0!
0+
#145340
1!
1+
b110101010 A
b110101001 M
b110101001 4
b110101010 6
b110101001 2
0L
1K
1d
b110101001 (
#145360
0!
0+
#145380
1!
1+
b110101011 A
b110101010 M
b110101010 4
b110101011 6
b110101010 2
1L
0d
1c
b110101010 (
#145400
0!
0+
#145420
1!
1+
b110101100 A
b110101011 M
b110101011 4
b110101100 6
b110101011 2
0L
0K
1J
1d
b110101011 (
#145440
0!
0+
#145460
1!
1+
b110101101 A
b110101100 M
b110101100 4
b110101101 6
b110101100 2
1L
0d
0c
1b
b110101100 (
#145480
0!
0+
#145500
1!
1+
b110101110 A
b110101101 M
b110101101 4
b110101110 6
b110101101 2
0L
1K
1d
b110101101 (
#145520
0!
0+
#145540
1!
1+
b110101111 A
b110101110 M
b110101110 4
b110101111 6
b110101110 2
1L
0d
1c
b110101110 (
#145560
0!
0+
#145580
1!
1+
b110110000 A
b110101111 M
b110101111 4
b110110000 6
b110101111 2
0L
0K
0J
0I
1H
1d
b110101111 (
#145600
0!
0+
#145620
1!
1+
b110110001 A
b110110000 M
b110110000 4
b110110001 6
b110110000 2
1L
0d
0c
0b
0a
1`
b110110000 (
#145640
0!
0+
#145660
1!
1+
b110110010 A
b110110001 M
b110110001 4
b110110010 6
b110110001 2
0L
1K
1d
b110110001 (
#145680
0!
0+
#145700
1!
1+
b110110011 A
b110110010 M
b110110010 4
b110110011 6
b110110010 2
1L
0d
1c
b110110010 (
#145720
0!
0+
#145740
1!
1+
b110110100 A
b110110011 M
b110110011 4
b110110100 6
b110110011 2
0L
0K
1J
1d
b110110011 (
#145760
0!
0+
#145780
1!
1+
b110110101 A
b110110100 M
b110110100 4
b110110101 6
b110110100 2
1L
0d
0c
1b
b110110100 (
#145800
0!
0+
#145820
1!
1+
b110110110 A
b110110101 M
b110110101 4
b110110110 6
b110110101 2
0L
1K
1d
b110110101 (
#145840
0!
0+
#145860
1!
1+
b110110111 A
b110110110 M
b110110110 4
b110110111 6
b110110110 2
1L
0d
1c
b110110110 (
#145880
0!
0+
#145900
1!
1+
b110111000 A
b110110111 M
b110110111 4
b110111000 6
b110110111 2
0L
0K
0J
1I
1d
b110110111 (
#145920
0!
0+
#145940
1!
1+
b110111001 A
b110111000 M
b110111000 4
b110111001 6
b110111000 2
1L
0d
0c
0b
1a
b110111000 (
#145960
0!
0+
#145980
1!
1+
b110111010 A
b110111001 M
b110111001 4
b110111010 6
b110111001 2
0L
1K
1d
b110111001 (
#146000
0!
0+
#146020
1!
1+
b110111011 A
b110111010 M
b110111010 4
b110111011 6
b110111010 2
1L
0d
1c
b110111010 (
#146040
0!
0+
#146060
1!
1+
b110111100 A
b110111011 M
b110111011 4
b110111100 6
b110111011 2
0L
0K
1J
1d
b110111011 (
#146080
0!
0+
#146100
1!
1+
b110111101 A
b110111100 M
b110111100 4
b110111101 6
b110111100 2
1L
0d
0c
1b
b110111100 (
#146120
0!
0+
#146140
1!
1+
b110111110 A
b110111101 M
b110111101 4
b110111110 6
b110111101 2
0L
1K
1d
b110111101 (
#146160
0!
0+
#146180
1!
1+
b110111111 A
b110111110 M
b110111110 4
b110111111 6
b110111110 2
1L
0d
1c
b110111110 (
#146200
0!
0+
#146220
1!
1+
b111000000 A
b110111111 M
b110111111 4
b111000000 6
b110111111 2
0L
0K
0J
0I
0H
0G
1F
1d
b110111111 (
#146240
0!
0+
#146260
1!
1+
b111000001 A
b111000000 M
b111000000 4
b111000001 6
b111000000 2
1L
0d
0c
0b
0a
0`
0_
1^
b111000000 (
#146280
0!
0+
#146300
1!
1+
b111000010 A
b111000001 M
b111000001 4
b111000010 6
b111000001 2
0L
1K
1d
b111000001 (
#146320
0!
0+
#146340
1!
1+
b111000011 A
b111000010 M
b111000010 4
b111000011 6
b111000010 2
1L
0d
1c
b111000010 (
#146360
0!
0+
#146380
1!
1+
b111000100 A
b111000011 M
b111000011 4
b111000100 6
b111000011 2
0L
0K
1J
1d
b111000011 (
#146400
0!
0+
#146420
1!
1+
b111000101 A
b111000100 M
b111000100 4
b111000101 6
b111000100 2
1L
0d
0c
1b
b111000100 (
#146440
0!
0+
#146460
1!
1+
b111000110 A
b111000101 M
b111000101 4
b111000110 6
b111000101 2
0L
1K
1d
b111000101 (
#146480
0!
0+
#146500
1!
1+
b111000111 A
b111000110 M
b111000110 4
b111000111 6
b111000110 2
1L
0d
1c
b111000110 (
#146520
0!
0+
#146540
1!
1+
b111001000 A
b111000111 M
b111000111 4
b111001000 6
b111000111 2
0L
0K
0J
1I
1d
b111000111 (
#146560
0!
0+
#146580
1!
1+
b111001001 A
b111001000 M
b111001000 4
b111001001 6
b111001000 2
1L
0d
0c
0b
1a
b111001000 (
#146600
0!
0+
#146620
1!
1+
b111001010 A
b111001001 M
b111001001 4
b111001010 6
b111001001 2
0L
1K
1d
b111001001 (
#146640
0!
0+
#146660
1!
1+
b111001011 A
b111001010 M
b111001010 4
b111001011 6
b111001010 2
1L
0d
1c
b111001010 (
#146680
0!
0+
#146700
1!
1+
b111001100 A
b111001011 M
b111001011 4
b111001100 6
b111001011 2
0L
0K
1J
1d
b111001011 (
#146720
0!
0+
#146740
1!
1+
b111001101 A
b111001100 M
b111001100 4
b111001101 6
b111001100 2
1L
0d
0c
1b
b111001100 (
#146760
0!
0+
#146780
1!
1+
b111001110 A
b111001101 M
b111001101 4
b111001110 6
b111001101 2
0L
1K
1d
b111001101 (
#146800
0!
0+
#146820
1!
1+
b111001111 A
b111001110 M
b111001110 4
b111001111 6
b111001110 2
1L
0d
1c
b111001110 (
#146840
0!
0+
#146860
1!
1+
b111010000 A
b111001111 M
b111001111 4
b111010000 6
b111001111 2
0L
0K
0J
0I
1H
1d
b111001111 (
#146880
0!
0+
#146900
1!
1+
b111010001 A
b111010000 M
b111010000 4
b111010001 6
b111010000 2
1L
0d
0c
0b
0a
1`
b111010000 (
#146920
0!
0+
#146940
1!
1+
b111010010 A
b111010001 M
b111010001 4
b111010010 6
b111010001 2
0L
1K
1d
b111010001 (
#146960
0!
0+
#146980
1!
1+
b111010011 A
b111010010 M
b111010010 4
b111010011 6
b111010010 2
1L
0d
1c
b111010010 (
#147000
0!
0+
#147020
1!
1+
b111010100 A
b111010011 M
b111010011 4
b111010100 6
b111010011 2
0L
0K
1J
1d
b111010011 (
#147040
0!
0+
#147060
1!
1+
b111010101 A
b111010100 M
b111010100 4
b111010101 6
b111010100 2
1L
0d
0c
1b
b111010100 (
#147080
0!
0+
#147100
1!
1+
b111010110 A
b111010101 M
b111010101 4
b111010110 6
b111010101 2
0L
1K
1d
b111010101 (
#147120
0!
0+
#147140
1!
1+
b111010111 A
b111010110 M
b111010110 4
b111010111 6
b111010110 2
1L
0d
1c
b111010110 (
#147160
0!
0+
#147180
1!
1+
b111011000 A
b111010111 M
b111010111 4
b111011000 6
b111010111 2
0L
0K
0J
1I
1d
b111010111 (
#147200
0!
0+
#147220
1!
1+
b111011001 A
b111011000 M
b111011000 4
b111011001 6
b111011000 2
1L
0d
0c
0b
1a
b111011000 (
#147240
0!
0+
#147260
1!
1+
b111011010 A
b111011001 M
b111011001 4
b111011010 6
b111011001 2
0L
1K
1d
b111011001 (
#147280
0!
0+
#147300
1!
1+
b111011011 A
b111011010 M
b111011010 4
b111011011 6
b111011010 2
1L
0d
1c
b111011010 (
#147320
0!
0+
#147340
1!
1+
b111011100 A
b111011011 M
b111011011 4
b111011100 6
b111011011 2
0L
0K
1J
1d
b111011011 (
#147360
0!
0+
#147380
1!
1+
b111011101 A
b111011100 M
b111011100 4
b111011101 6
b111011100 2
1L
0d
0c
1b
b111011100 (
#147400
0!
0+
#147420
1!
1+
b111011110 A
b111011101 M
b111011101 4
b111011110 6
b111011101 2
0L
1K
1d
b111011101 (
#147440
0!
0+
#147460
1!
1+
b111011111 A
b111011110 M
b111011110 4
b111011111 6
b111011110 2
1L
0d
1c
b111011110 (
#147480
0!
0+
#147500
1!
1+
b111100000 A
b111011111 M
b111011111 4
b111100000 6
b111011111 2
0L
0K
0J
0I
0H
1G
1d
b111011111 (
#147520
0!
0+
#147540
1!
1+
b111100001 A
b111100000 M
b111100000 4
b111100001 6
b111100000 2
1L
0d
0c
0b
0a
0`
1_
b111100000 (
#147560
0!
0+
#147580
1!
1+
b111100010 A
b111100001 M
b111100001 4
b111100010 6
b111100001 2
0L
1K
1d
b111100001 (
#147600
0!
0+
#147620
1!
1+
b111100011 A
b111100010 M
b111100010 4
b111100011 6
b111100010 2
1L
0d
1c
b111100010 (
#147640
0!
0+
#147660
1!
1+
b111100100 A
b111100011 M
b111100011 4
b111100100 6
b111100011 2
0L
0K
1J
1d
b111100011 (
#147680
0!
0+
#147700
1!
1+
b111100101 A
b111100100 M
b111100100 4
b111100101 6
b111100100 2
1L
0d
0c
1b
b111100100 (
#147720
0!
0+
#147740
1!
1+
b111100110 A
b111100101 M
b111100101 4
b111100110 6
b111100101 2
0L
1K
1d
b111100101 (
#147760
0!
0+
#147780
1!
1+
b111100111 A
b111100110 M
b111100110 4
b111100111 6
b111100110 2
1L
0d
1c
b111100110 (
#147800
0!
0+
#147820
1!
1+
b111101000 A
b111100111 M
b111100111 4
b111101000 6
b111100111 2
0L
0K
0J
1I
1d
b111100111 (
#147840
0!
0+
#147860
1!
1+
b111101001 A
b111101000 M
b111101000 4
b111101001 6
b111101000 2
1L
0d
0c
0b
1a
b111101000 (
#147880
0!
0+
#147900
1!
1+
b111101010 A
b111101001 M
b111101001 4
b111101010 6
b111101001 2
0L
1K
1d
b111101001 (
#147920
0!
0+
#147940
1!
1+
b111101011 A
b111101010 M
b111101010 4
b111101011 6
b111101010 2
1L
0d
1c
b111101010 (
#147960
0!
0+
#147980
1!
1+
b111101100 A
b111101011 M
b111101011 4
b111101100 6
b111101011 2
0L
0K
1J
1d
b111101011 (
#148000
0!
0+
#148020
1!
1+
b111101101 A
b111101100 M
b111101100 4
b111101101 6
b111101100 2
1L
0d
0c
1b
b111101100 (
#148040
0!
0+
#148060
1!
1+
b111101110 A
b111101101 M
b111101101 4
b111101110 6
b111101101 2
0L
1K
1d
b111101101 (
#148080
0!
0+
#148100
1!
1+
b111101111 A
b111101110 M
b111101110 4
b111101111 6
b111101110 2
1L
0d
1c
b111101110 (
#148120
0!
0+
#148140
1!
1+
b111110000 A
b111101111 M
b111101111 4
b111110000 6
b111101111 2
0L
0K
0J
0I
1H
1d
b111101111 (
#148160
0!
0+
#148180
1!
1+
b111110001 A
b111110000 M
b111110000 4
b111110001 6
b111110000 2
1L
0d
0c
0b
0a
1`
b111110000 (
#148200
0!
0+
#148220
1!
1+
b111110010 A
b111110001 M
b111110001 4
b111110010 6
b111110001 2
0L
1K
1d
b111110001 (
#148240
0!
0+
#148260
1!
1+
b111110011 A
b111110010 M
b111110010 4
b111110011 6
b111110010 2
1L
0d
1c
b111110010 (
#148280
0!
0+
#148300
1!
1+
b111110100 A
b111110011 M
b111110011 4
b111110100 6
b111110011 2
0L
0K
1J
1d
b111110011 (
#148320
0!
0+
#148340
1!
1+
b111110101 A
b111110100 M
b111110100 4
b111110101 6
b111110100 2
1L
0d
0c
1b
b111110100 (
#148360
0!
0+
#148380
1!
1+
b111110110 A
b111110101 M
b111110101 4
b111110110 6
b111110101 2
0L
1K
1d
b111110101 (
#148400
0!
0+
#148420
1!
1+
b111110111 A
b111110110 M
b111110110 4
b111110111 6
b111110110 2
1L
0d
1c
b111110110 (
#148440
0!
0+
#148460
1!
1+
b111111000 A
b111110111 M
b111110111 4
b111111000 6
b111110111 2
0L
0K
0J
1I
1d
b111110111 (
#148480
0!
0+
#148500
1!
1+
b111111001 A
b111111000 M
b111111000 4
b111111001 6
b111111000 2
1L
0d
0c
0b
1a
b111111000 (
#148520
0!
0+
#148540
1!
1+
b111111010 A
b111111001 M
b111111001 4
b111111010 6
b111111001 2
0L
1K
1d
b111111001 (
#148560
0!
0+
#148580
1!
1+
b111111011 A
b111111010 M
b111111010 4
b111111011 6
b111111010 2
1L
0d
1c
b111111010 (
#148600
0!
0+
#148620
1!
1+
b111111100 A
b111111011 M
b111111011 4
b111111100 6
b111111011 2
0L
0K
1J
1d
b111111011 (
#148640
0!
0+
#148660
1!
1+
b111111101 A
b111111100 M
b111111100 4
b111111101 6
b111111100 2
1L
0d
0c
1b
b111111100 (
#148680
0!
0+
#148700
1!
1+
b111111110 A
b111111101 M
b111111101 4
b111111110 6
b111111101 2
0L
1K
1d
b111111101 (
#148720
0!
0+
#148740
1!
1+
b111111111 A
b111111110 M
b111111110 4
b111111111 6
b111111110 2
1L
0d
1c
b111111110 (
#148760
0!
0+
#148780
1!
1+
b1000000000 A
b111111111 M
b111111111 4
b1000000000 6
b111111111 2
0L
0K
0J
0I
0H
0G
0F
0E
0D
1C
1d
b111111111 (
#148800
0!
0+
#148820
1!
1+
b1000000001 A
b1000000000 M
b1000000000 4
b1000000001 6
b1000000000 2
1L
0d
0c
0b
0a
0`
0_
0^
0]
0\
1[
b1000000000 (
#148840
0!
0+
#148860
1!
1+
b1000000010 A
b1000000001 M
b1000000001 4
b1000000010 6
b1000000001 2
0L
1K
1d
b1000000001 (
#148880
0!
0+
#148900
1!
1+
b1000000011 A
b1000000010 M
b1000000010 4
b1000000011 6
b1000000010 2
1L
0d
1c
b1000000010 (
#148920
0!
0+
#148940
1!
1+
b1000000100 A
b1000000011 M
b1000000011 4
b1000000100 6
b1000000011 2
0L
0K
1J
1d
b1000000011 (
#148960
0!
0+
#148980
1!
1+
b1000000101 A
b1000000100 M
b1000000100 4
b1000000101 6
b1000000100 2
1L
0d
0c
1b
b1000000100 (
#149000
0!
0+
#149020
1!
1+
b1000000110 A
b1000000101 M
b1000000101 4
b1000000110 6
b1000000101 2
0L
1K
1d
b1000000101 (
#149040
0!
0+
#149060
1!
1+
b1000000111 A
b1000000110 M
b1000000110 4
b1000000111 6
b1000000110 2
1L
0d
1c
b1000000110 (
#149080
0!
0+
#149100
1!
1+
b1000001000 A
b1000000111 M
b1000000111 4
b1000001000 6
b1000000111 2
0L
0K
0J
1I
1d
b1000000111 (
#149120
0!
0+
#149140
1!
1+
b1000001001 A
b1000001000 M
b1000001000 4
b1000001001 6
b1000001000 2
1L
0d
0c
0b
1a
b1000001000 (
#149160
0!
0+
#149180
1!
1+
b1000001010 A
b1000001001 M
b1000001001 4
b1000001010 6
b1000001001 2
0L
1K
1d
b1000001001 (
#149200
0!
0+
#149220
1!
1+
b1000001011 A
b1000001010 M
b1000001010 4
b1000001011 6
b1000001010 2
1L
0d
1c
b1000001010 (
#149240
0!
0+
#149260
1!
1+
b1000001100 A
b1000001011 M
b1000001011 4
b1000001100 6
b1000001011 2
0L
0K
1J
1d
b1000001011 (
#149280
0!
0+
#149300
1!
1+
b1000001101 A
b1000001100 M
b1000001100 4
b1000001101 6
b1000001100 2
1L
0d
0c
1b
b1000001100 (
#149320
0!
0+
#149340
1!
1+
b1000001110 A
b1000001101 M
b1000001101 4
b1000001110 6
b1000001101 2
0L
1K
1d
b1000001101 (
#149360
0!
0+
#149380
1!
1+
b1000001111 A
b1000001110 M
b1000001110 4
b1000001111 6
b1000001110 2
1L
0d
1c
b1000001110 (
#149400
0!
0+
#149420
1!
1+
b1000010000 A
b1000001111 M
b1000001111 4
b1000010000 6
b1000001111 2
0L
0K
0J
0I
1H
1d
b1000001111 (
#149440
0!
0+
#149460
1!
1+
b1000010001 A
b1000010000 M
b1000010000 4
b1000010001 6
b1000010000 2
1L
0d
0c
0b
0a
1`
b1000010000 (
#149480
0!
0+
#149500
1!
1+
b1000010010 A
b1000010001 M
b1000010001 4
b1000010010 6
b1000010001 2
0L
1K
1d
b1000010001 (
#149520
0!
0+
#149540
1!
1+
b1000010011 A
b1000010010 M
b1000010010 4
b1000010011 6
b1000010010 2
1L
0d
1c
b1000010010 (
#149560
0!
0+
#149580
1!
1+
b1000010100 A
b1000010011 M
b1000010011 4
b1000010100 6
b1000010011 2
0L
0K
1J
1d
b1000010011 (
#149600
0!
0+
#149620
1!
1+
b1000010101 A
b1000010100 M
b1000010100 4
b1000010101 6
b1000010100 2
1L
0d
0c
1b
b1000010100 (
#149640
0!
0+
#149660
1!
1+
b1000010110 A
b1000010101 M
b1000010101 4
b1000010110 6
b1000010101 2
0L
1K
1d
b1000010101 (
#149680
0!
0+
#149700
1!
1+
b1000010111 A
b1000010110 M
b1000010110 4
b1000010111 6
b1000010110 2
1L
0d
1c
b1000010110 (
#149720
0!
0+
#149740
1!
1+
b1000011000 A
b1000010111 M
b1000010111 4
b1000011000 6
b1000010111 2
0L
0K
0J
1I
1d
b1000010111 (
#149760
0!
0+
#149780
1!
1+
b1000011001 A
b1000011000 M
b1000011000 4
b1000011001 6
b1000011000 2
1L
0d
0c
0b
1a
b1000011000 (
#149800
0!
0+
#149820
1!
1+
b1000011010 A
b1000011001 M
b1000011001 4
b1000011010 6
b1000011001 2
0L
1K
1d
b1000011001 (
#149840
0!
0+
#149860
1!
1+
b1000011011 A
b1000011010 M
b1000011010 4
b1000011011 6
b1000011010 2
1L
0d
1c
b1000011010 (
#149880
0!
0+
#149900
1!
1+
b1000011100 A
b1000011011 M
b1000011011 4
b1000011100 6
b1000011011 2
0L
0K
1J
1d
b1000011011 (
#149920
0!
0+
#149940
1!
1+
b1000011101 A
b1000011100 M
b1000011100 4
b1000011101 6
b1000011100 2
1L
0d
0c
1b
b1000011100 (
#149960
0!
0+
#149980
1!
1+
b1000011110 A
b1000011101 M
b1000011101 4
b1000011110 6
b1000011101 2
0L
1K
1d
b1000011101 (
#150000
0!
0+
#150020
1!
1+
b1000011111 A
b1000011110 M
b1000011110 4
b1000011111 6
b1000011110 2
1L
0d
1c
b1000011110 (
#150040
0!
0+
#150060
1!
1+
b1000100000 A
b1000011111 M
b1000011111 4
b1000100000 6
b1000011111 2
0L
0K
0J
0I
0H
1G
1d
b1000011111 (
#150080
0!
0+
#150100
1!
1+
b1000100001 A
b1000100000 M
b1000100000 4
b1000100001 6
b1000100000 2
1L
0d
0c
0b
0a
0`
1_
b1000100000 (
#150120
0!
0+
#150140
1!
1+
b1000100010 A
b1000100001 M
b1000100001 4
b1000100010 6
b1000100001 2
0L
1K
1d
b1000100001 (
#150160
0!
0+
#150180
1!
1+
b1000100011 A
b1000100010 M
b1000100010 4
b1000100011 6
b1000100010 2
1L
0d
1c
b1000100010 (
#150200
0!
0+
#150220
1!
1+
b1000100100 A
b1000100011 M
b1000100011 4
b1000100100 6
b1000100011 2
0L
0K
1J
1d
b1000100011 (
#150240
0!
0+
#150260
1!
1+
b1000100101 A
b1000100100 M
b1000100100 4
b1000100101 6
b1000100100 2
1L
0d
0c
1b
b1000100100 (
#150280
0!
0+
#150300
1!
1+
b1000100110 A
b1000100101 M
b1000100101 4
b1000100110 6
b1000100101 2
0L
1K
1d
b1000100101 (
#150320
0!
0+
#150340
1!
1+
b1000100111 A
b1000100110 M
b1000100110 4
b1000100111 6
b1000100110 2
1L
0d
1c
b1000100110 (
#150360
0!
0+
#150380
1!
1+
b1000101000 A
b1000100111 M
b1000100111 4
b1000101000 6
b1000100111 2
0L
0K
0J
1I
1d
b1000100111 (
#150400
0!
0+
#150420
1!
1+
b1000101001 A
b1000101000 M
b1000101000 4
b1000101001 6
b1000101000 2
1L
0d
0c
0b
1a
b1000101000 (
#150440
0!
0+
#150460
1!
1+
b1000101010 A
b1000101001 M
b1000101001 4
b1000101010 6
b1000101001 2
0L
1K
1d
b1000101001 (
#150480
0!
0+
#150500
1!
1+
b1000101011 A
b1000101010 M
b1000101010 4
b1000101011 6
b1000101010 2
1L
0d
1c
b1000101010 (
#150520
0!
0+
#150540
1!
1+
b1000101100 A
b1000101011 M
b1000101011 4
b1000101100 6
b1000101011 2
0L
0K
1J
1d
b1000101011 (
#150560
0!
0+
#150580
1!
1+
b1000101101 A
b1000101100 M
b1000101100 4
b1000101101 6
b1000101100 2
1L
0d
0c
1b
b1000101100 (
#150600
0!
0+
#150620
1!
1+
b1000101110 A
b1000101101 M
b1000101101 4
b1000101110 6
b1000101101 2
0L
1K
1d
b1000101101 (
#150640
0!
0+
#150660
1!
1+
b1000101111 A
b1000101110 M
b1000101110 4
b1000101111 6
b1000101110 2
1L
0d
1c
b1000101110 (
#150680
0!
0+
#150700
1!
1+
b1000110000 A
b1000101111 M
b1000101111 4
b1000110000 6
b1000101111 2
0L
0K
0J
0I
1H
1d
b1000101111 (
#150720
0!
0+
#150740
1!
1+
b1000110001 A
b1000110000 M
b1000110000 4
b1000110001 6
b1000110000 2
1L
0d
0c
0b
0a
1`
b1000110000 (
#150760
0!
0+
#150780
1!
1+
b1000110010 A
b1000110001 M
b1000110001 4
b1000110010 6
b1000110001 2
0L
1K
1d
b1000110001 (
#150800
0!
0+
#150820
1!
1+
b1000110011 A
b1000110010 M
b1000110010 4
b1000110011 6
b1000110010 2
1L
0d
1c
b1000110010 (
#150840
0!
0+
#150860
1!
1+
b1000110100 A
b1000110011 M
b1000110011 4
b1000110100 6
b1000110011 2
0L
0K
1J
1d
b1000110011 (
#150880
0!
0+
#150900
1!
1+
b1000110101 A
b1000110100 M
b1000110100 4
b1000110101 6
b1000110100 2
1L
0d
0c
1b
b1000110100 (
#150920
0!
0+
#150940
1!
1+
b1000110110 A
b1000110101 M
b1000110101 4
b1000110110 6
b1000110101 2
0L
1K
1d
b1000110101 (
#150960
0!
0+
#150980
1!
1+
b1000110111 A
b1000110110 M
b1000110110 4
b1000110111 6
b1000110110 2
1L
0d
1c
b1000110110 (
#151000
0!
0+
#151020
1!
1+
b1000111000 A
b1000110111 M
b1000110111 4
b1000111000 6
b1000110111 2
0L
0K
0J
1I
1d
b1000110111 (
#151040
0!
0+
#151060
1!
1+
b1000111001 A
b1000111000 M
b1000111000 4
b1000111001 6
b1000111000 2
1L
0d
0c
0b
1a
b1000111000 (
#151080
0!
0+
#151100
1!
1+
b1000111010 A
b1000111001 M
b1000111001 4
b1000111010 6
b1000111001 2
0L
1K
1d
b1000111001 (
#151120
0!
0+
#151140
1!
1+
b1000111011 A
b1000111010 M
b1000111010 4
b1000111011 6
b1000111010 2
1L
0d
1c
b1000111010 (
#151160
0!
0+
#151180
1!
1+
b1000111100 A
b1000111011 M
b1000111011 4
b1000111100 6
b1000111011 2
0L
0K
1J
1d
b1000111011 (
#151200
0!
0+
#151220
1!
1+
b1000111101 A
b1000111100 M
b1000111100 4
b1000111101 6
b1000111100 2
1L
0d
0c
1b
b1000111100 (
#151240
0!
0+
#151260
1!
1+
b1000111110 A
b1000111101 M
b1000111101 4
b1000111110 6
b1000111101 2
0L
1K
1d
b1000111101 (
#151280
0!
0+
#151300
1!
1+
b1000111111 A
b1000111110 M
b1000111110 4
b1000111111 6
b1000111110 2
1L
0d
1c
b1000111110 (
#151320
0!
0+
#151340
1!
1+
b1001000000 A
b1000111111 M
b1000111111 4
b1001000000 6
b1000111111 2
0L
0K
0J
0I
0H
0G
1F
1d
b1000111111 (
#151360
0!
0+
#151380
1!
1+
b1001000001 A
b1001000000 M
b1001000000 4
b1001000001 6
b1001000000 2
1L
0d
0c
0b
0a
0`
0_
1^
b1001000000 (
#151400
0!
0+
#151420
1!
1+
b1001000010 A
b1001000001 M
b1001000001 4
b1001000010 6
b1001000001 2
0L
1K
1d
b1001000001 (
#151440
0!
0+
#151460
1!
1+
b1001000011 A
b1001000010 M
b1001000010 4
b1001000011 6
b1001000010 2
1L
0d
1c
b1001000010 (
#151480
0!
0+
#151500
1!
1+
b1001000100 A
b1001000011 M
b1001000011 4
b1001000100 6
b1001000011 2
0L
0K
1J
1d
b1001000011 (
#151520
0!
0+
#151540
1!
1+
b1001000101 A
b1001000100 M
b1001000100 4
b1001000101 6
b1001000100 2
1L
0d
0c
1b
b1001000100 (
#151560
0!
0+
#151580
1!
1+
b1001000110 A
b1001000101 M
b1001000101 4
b1001000110 6
b1001000101 2
0L
1K
1d
b1001000101 (
#151600
0!
0+
#151620
1!
1+
b1001000111 A
b1001000110 M
b1001000110 4
b1001000111 6
b1001000110 2
1L
0d
1c
b1001000110 (
#151640
0!
0+
#151660
1!
1+
b1001001000 A
b1001000111 M
b1001000111 4
b1001001000 6
b1001000111 2
0L
0K
0J
1I
1d
b1001000111 (
#151680
0!
0+
#151700
1!
1+
b1001001001 A
b1001001000 M
b1001001000 4
b1001001001 6
b1001001000 2
1L
0d
0c
0b
1a
b1001001000 (
#151720
0!
0+
#151740
1!
1+
b1001001010 A
b1001001001 M
b1001001001 4
b1001001010 6
b1001001001 2
0L
1K
1d
b1001001001 (
#151760
0!
0+
#151780
1!
1+
b1001001011 A
b1001001010 M
b1001001010 4
b1001001011 6
b1001001010 2
1L
0d
1c
b1001001010 (
#151800
0!
0+
#151820
1!
1+
b1001001100 A
b1001001011 M
b1001001011 4
b1001001100 6
b1001001011 2
0L
0K
1J
1d
b1001001011 (
#151840
0!
0+
#151860
1!
1+
b1001001101 A
b1001001100 M
b1001001100 4
b1001001101 6
b1001001100 2
1L
0d
0c
1b
b1001001100 (
#151880
0!
0+
#151900
1!
1+
b1001001110 A
b1001001101 M
b1001001101 4
b1001001110 6
b1001001101 2
0L
1K
1d
b1001001101 (
#151920
0!
0+
#151940
1!
1+
b1001001111 A
b1001001110 M
b1001001110 4
b1001001111 6
b1001001110 2
1L
0d
1c
b1001001110 (
#151960
0!
0+
#151980
1!
1+
b1001010000 A
b1001001111 M
b1001001111 4
b1001010000 6
b1001001111 2
0L
0K
0J
0I
1H
1d
b1001001111 (
#152000
0!
0+
#152020
1!
1+
b1001010001 A
b1001010000 M
b1001010000 4
b1001010001 6
b1001010000 2
1L
0d
0c
0b
0a
1`
b1001010000 (
#152040
0!
0+
#152060
1!
1+
b1001010010 A
b1001010001 M
b1001010001 4
b1001010010 6
b1001010001 2
0L
1K
1d
b1001010001 (
#152080
0!
0+
#152100
1!
1+
b1001010011 A
b1001010010 M
b1001010010 4
b1001010011 6
b1001010010 2
1L
0d
1c
b1001010010 (
#152120
0!
0+
#152140
1!
1+
b1001010100 A
b1001010011 M
b1001010011 4
b1001010100 6
b1001010011 2
0L
0K
1J
1d
b1001010011 (
#152160
0!
0+
#152180
1!
1+
b1001010101 A
b1001010100 M
b1001010100 4
b1001010101 6
b1001010100 2
1L
0d
0c
1b
b1001010100 (
#152200
0!
0+
#152220
1!
1+
b1001010110 A
b1001010101 M
b1001010101 4
b1001010110 6
b1001010101 2
0L
1K
1d
b1001010101 (
#152240
0!
0+
#152260
1!
1+
b1001010111 A
b1001010110 M
b1001010110 4
b1001010111 6
b1001010110 2
1L
0d
1c
b1001010110 (
#152280
0!
0+
#152300
1!
1+
b1001011000 A
b1001010111 M
b1001010111 4
b1001011000 6
b1001010111 2
0L
0K
0J
1I
1d
b1001010111 (
#152320
0!
0+
#152340
1!
1+
b1001011001 A
b1001011000 M
b1001011000 4
b1001011001 6
b1001011000 2
1L
0d
0c
0b
1a
b1001011000 (
#152360
0!
0+
#152380
1!
1+
b1001011010 A
b1001011001 M
b1001011001 4
b1001011010 6
b1001011001 2
0L
1K
1d
b1001011001 (
#152400
0!
0+
#152420
1!
1+
b1001011011 A
b1001011010 M
b1001011010 4
b1001011011 6
b1001011010 2
1L
0d
1c
b1001011010 (
#152440
0!
0+
#152460
1!
1+
b1001011100 A
b1001011011 M
b1001011011 4
b1001011100 6
b1001011011 2
0L
0K
1J
1d
b1001011011 (
#152480
0!
0+
#152500
1!
1+
b1001011101 A
b1001011100 M
b1001011100 4
b1001011101 6
b1001011100 2
1L
0d
0c
1b
b1001011100 (
#152520
0!
0+
#152540
1!
1+
b1001011110 A
b1001011101 M
b1001011101 4
b1001011110 6
b1001011101 2
0L
1K
1d
b1001011101 (
#152560
0!
0+
#152580
1!
1+
b1001011111 A
b1001011110 M
b1001011110 4
b1001011111 6
b1001011110 2
1L
0d
1c
b1001011110 (
#152600
0!
0+
#152620
1!
1+
b1001100000 A
b1001011111 M
b1001011111 4
b1001100000 6
b1001011111 2
0L
0K
0J
0I
0H
1G
1d
b1001011111 (
#152640
0!
0+
#152660
1!
1+
b1001100001 A
b1001100000 M
b1001100000 4
b1001100001 6
b1001100000 2
1L
0d
0c
0b
0a
0`
1_
b1001100000 (
#152680
0!
0+
#152700
1!
1+
b1001100010 A
b1001100001 M
b1001100001 4
b1001100010 6
b1001100001 2
0L
1K
1d
b1001100001 (
#152720
0!
0+
#152740
1!
1+
b1001100011 A
b1001100010 M
b1001100010 4
b1001100011 6
b1001100010 2
1L
0d
1c
b1001100010 (
#152760
0!
0+
#152780
1!
1+
b1001100100 A
b1001100011 M
b1001100011 4
b1001100100 6
b1001100011 2
0L
0K
1J
1d
b1001100011 (
#152800
0!
0+
#152820
1!
1+
b1001100101 A
b1001100100 M
b1001100100 4
b1001100101 6
b1001100100 2
1L
0d
0c
1b
b1001100100 (
#152840
0!
0+
#152860
1!
1+
b1001100110 A
b1001100101 M
b1001100101 4
b1001100110 6
b1001100101 2
0L
1K
1d
b1001100101 (
#152880
0!
0+
#152900
1!
1+
b1001100111 A
b1001100110 M
b1001100110 4
b1001100111 6
b1001100110 2
1L
0d
1c
b1001100110 (
#152920
0!
0+
#152940
1!
1+
b1001101000 A
b1001100111 M
b1001100111 4
b1001101000 6
b1001100111 2
0L
0K
0J
1I
1d
b1001100111 (
#152960
0!
0+
#152980
1!
1+
b1001101001 A
b1001101000 M
b1001101000 4
b1001101001 6
b1001101000 2
1L
0d
0c
0b
1a
b1001101000 (
#153000
0!
0+
#153020
1!
1+
b1001101010 A
b1001101001 M
b1001101001 4
b1001101010 6
b1001101001 2
0L
1K
1d
b1001101001 (
#153040
0!
0+
#153060
1!
1+
b1001101011 A
b1001101010 M
b1001101010 4
b1001101011 6
b1001101010 2
1L
0d
1c
b1001101010 (
#153080
0!
0+
#153100
1!
1+
b1001101100 A
b1001101011 M
b1001101011 4
b1001101100 6
b1001101011 2
0L
0K
1J
1d
b1001101011 (
#153120
0!
0+
#153140
1!
1+
b1001101101 A
b1001101100 M
b1001101100 4
b1001101101 6
b1001101100 2
1L
0d
0c
1b
b1001101100 (
#153160
0!
0+
#153180
1!
1+
b1001101110 A
b1001101101 M
b1001101101 4
b1001101110 6
b1001101101 2
0L
1K
1d
b1001101101 (
#153200
0!
0+
#153220
1!
1+
b1001101111 A
b1001101110 M
b1001101110 4
b1001101111 6
b1001101110 2
1L
0d
1c
b1001101110 (
#153240
0!
0+
#153260
1!
1+
b1001110000 A
b1001101111 M
b1001101111 4
b1001110000 6
b1001101111 2
0L
0K
0J
0I
1H
1d
b1001101111 (
#153280
0!
0+
#153300
1!
1+
b1001110001 A
b1001110000 M
b1001110000 4
b1001110001 6
b1001110000 2
1L
0d
0c
0b
0a
1`
b1001110000 (
#153320
0!
0+
#153340
1!
1+
b1001110010 A
b1001110001 M
b1001110001 4
b1001110010 6
b1001110001 2
0L
1K
1d
b1001110001 (
#153360
0!
0+
#153380
1!
1+
b1001110011 A
b1001110010 M
b1001110010 4
b1001110011 6
b1001110010 2
1L
0d
1c
b1001110010 (
#153400
0!
0+
#153420
1!
1+
b1001110100 A
b1001110011 M
b1001110011 4
b1001110100 6
b1001110011 2
0L
0K
1J
1d
b1001110011 (
#153440
0!
0+
#153460
1!
1+
b1001110101 A
b1001110100 M
b1001110100 4
b1001110101 6
b1001110100 2
1L
0d
0c
1b
b1001110100 (
#153480
0!
0+
#153500
1!
1+
b1001110110 A
b1001110101 M
b1001110101 4
b1001110110 6
b1001110101 2
0L
1K
1d
b1001110101 (
#153520
0!
0+
#153540
1!
1+
b1001110111 A
b1001110110 M
b1001110110 4
b1001110111 6
b1001110110 2
1L
0d
1c
b1001110110 (
#153560
0!
0+
#153580
1!
1+
b1001111000 A
b1001110111 M
b1001110111 4
b1001111000 6
b1001110111 2
0L
0K
0J
1I
1d
b1001110111 (
#153600
0!
0+
#153620
1!
1+
b1001111001 A
b1001111000 M
b1001111000 4
b1001111001 6
b1001111000 2
1L
0d
0c
0b
1a
b1001111000 (
#153640
0!
0+
#153660
1!
1+
b1001111010 A
b1001111001 M
b1001111001 4
b1001111010 6
b1001111001 2
0L
1K
1d
b1001111001 (
#153680
0!
0+
#153700
1!
1+
b1001111011 A
b1001111010 M
b1001111010 4
b1001111011 6
b1001111010 2
1L
0d
1c
b1001111010 (
#153720
0!
0+
#153740
1!
1+
b1001111100 A
b1001111011 M
b1001111011 4
b1001111100 6
b1001111011 2
0L
0K
1J
1d
b1001111011 (
#153760
0!
0+
#153780
1!
1+
b1001111101 A
b1001111100 M
b1001111100 4
b1001111101 6
b1001111100 2
1L
0d
0c
1b
b1001111100 (
#153800
0!
0+
#153820
1!
1+
b1001111110 A
b1001111101 M
b1001111101 4
b1001111110 6
b1001111101 2
0L
1K
1d
b1001111101 (
#153840
0!
0+
#153860
1!
1+
b1001111111 A
b1001111110 M
b1001111110 4
b1001111111 6
b1001111110 2
1L
0d
1c
b1001111110 (
#153880
0!
0+
#153900
1!
1+
b1010000000 A
b1001111111 M
b1001111111 4
b1010000000 6
b1001111111 2
0L
0K
0J
0I
0H
0G
0F
1E
1d
b1001111111 (
#153920
0!
0+
#153940
1!
1+
b1010000001 A
b1010000000 M
b1010000000 4
b1010000001 6
b1010000000 2
1L
0d
0c
0b
0a
0`
0_
0^
1]
b1010000000 (
#153960
0!
0+
#153980
1!
1+
b1010000010 A
b1010000001 M
b1010000001 4
b1010000010 6
b1010000001 2
0L
1K
1d
b1010000001 (
#154000
0!
0+
#154020
1!
1+
b1010000011 A
b1010000010 M
b1010000010 4
b1010000011 6
b1010000010 2
1L
0d
1c
b1010000010 (
#154040
0!
0+
#154060
1!
1+
b1010000100 A
b1010000011 M
b1010000011 4
b1010000100 6
b1010000011 2
0L
0K
1J
1d
b1010000011 (
#154080
0!
0+
#154100
1!
1+
b1010000101 A
b1010000100 M
b1010000100 4
b1010000101 6
b1010000100 2
1L
0d
0c
1b
b1010000100 (
#154120
0!
0+
#154140
1!
1+
b1010000110 A
b1010000101 M
b1010000101 4
b1010000110 6
b1010000101 2
0L
1K
1d
b1010000101 (
#154160
0!
0+
#154180
1!
1+
b1010000111 A
b1010000110 M
b1010000110 4
b1010000111 6
b1010000110 2
1L
0d
1c
b1010000110 (
#154200
0!
0+
#154220
1!
1+
b1010001000 A
b1010000111 M
b1010000111 4
b1010001000 6
b1010000111 2
0L
0K
0J
1I
1d
b1010000111 (
#154240
0!
0+
#154260
1!
1+
b1010001001 A
b1010001000 M
b1010001000 4
b1010001001 6
b1010001000 2
1L
0d
0c
0b
1a
b1010001000 (
#154280
0!
0+
#154300
1!
1+
b1010001010 A
b1010001001 M
b1010001001 4
b1010001010 6
b1010001001 2
0L
1K
1d
b1010001001 (
#154320
0!
0+
#154340
1!
1+
b1010001011 A
b1010001010 M
b1010001010 4
b1010001011 6
b1010001010 2
1L
0d
1c
b1010001010 (
#154360
0!
0+
#154380
1!
1+
b1010001100 A
b1010001011 M
b1010001011 4
b1010001100 6
b1010001011 2
0L
0K
1J
1d
b1010001011 (
#154400
0!
0+
#154420
1!
1+
b1010001101 A
b1010001100 M
b1010001100 4
b1010001101 6
b1010001100 2
1L
0d
0c
1b
b1010001100 (
#154440
0!
0+
#154460
1!
1+
b1010001110 A
b1010001101 M
b1010001101 4
b1010001110 6
b1010001101 2
0L
1K
1d
b1010001101 (
#154480
0!
0+
#154500
1!
1+
b1010001111 A
b1010001110 M
b1010001110 4
b1010001111 6
b1010001110 2
1L
0d
1c
b1010001110 (
#154520
0!
0+
#154540
1!
1+
b1010010000 A
b1010001111 M
b1010001111 4
b1010010000 6
b1010001111 2
0L
0K
0J
0I
1H
1d
b1010001111 (
#154560
0!
0+
#154580
1!
1+
b1010010001 A
b1010010000 M
b1010010000 4
b1010010001 6
b1010010000 2
0-
1L
0d
0c
0b
0a
1`
0#
b1010010000 (
#154600
0!
0+
#154620
1!
1+
b1010010010 A
b1010010001 M
b1010010001 4
b1010010010 6
b1010010001 2
0L
1K
1d
b1010010001 (
#154640
0!
0+
#154660
1!
1+
b1010010011 A
b1010010010 M
b1010010010 4
b1010010011 6
b1010010010 2
1L
0d
1c
b1010010010 (
#154680
0!
0+
#154700
1!
1+
b1010010100 A
b1010010011 M
b1010010011 4
b1010010100 6
b1010010011 2
0L
0K
1J
1d
b1010010011 (
#154720
0!
0+
#154740
1!
1+
b1010010101 A
b1010010100 M
b1010010100 4
b1010010101 6
b1010010100 2
1L
0d
0c
1b
b1010010100 (
#154760
0!
0+
#154780
1!
1+
b1010010110 A
b1010010101 M
b1010010101 4
b1010010110 6
b1010010101 2
0L
1K
1d
b1010010101 (
#154800
0!
0+
#154820
1!
1+
b1010010111 A
b1010010110 M
b1010010110 4
b1010010111 6
b1010010110 2
1L
0d
1c
b1010010110 (
#154840
0!
0+
#154860
1!
1+
b1010011000 A
b1010010111 M
b1010010111 4
b1010011000 6
b1010010111 2
0L
0K
0J
1I
1d
b1010010111 (
#154880
0!
0+
#154900
1!
1+
b1010011001 A
b1010011000 M
b1010011000 4
b1010011001 6
b1010011000 2
1L
0d
0c
0b
1a
b1010011000 (
#154920
0!
0+
#154940
1!
1+
b1010011010 A
b1010011001 M
b1010011001 4
b1010011010 6
b1010011001 2
0L
1K
1d
b1010011001 (
#154960
0!
0+
#154980
1!
1+
b1010011011 A
b1010011010 M
b1010011010 4
b1010011011 6
b1010011010 2
1L
0d
1c
b1010011010 (
#155000
0!
0+
#155020
1!
1+
b1010011100 A
b1010011011 M
b1010011011 4
b1010011100 6
b1010011011 2
0L
0K
1J
1d
b1010011011 (
#155040
0!
0+
#155060
1!
1+
b1010011101 A
b1010011100 M
b1010011100 4
b1010011101 6
b1010011100 2
1L
0d
0c
1b
b1010011100 (
#155080
0!
0+
#155100
1!
1+
b1010011110 A
b1010011101 M
b1010011101 4
b1010011110 6
b1010011101 2
0L
1K
1d
b1010011101 (
#155120
0!
0+
#155140
1!
1+
b1010011111 A
b1010011110 M
b1010011110 4
b1010011111 6
b1010011110 2
1L
0d
1c
b1010011110 (
#155160
0!
0+
#155180
1!
1+
b1010100000 A
b1010011111 M
b1010011111 4
b1010100000 6
b1010011111 2
0L
0K
0J
0I
0H
1G
1d
b1010011111 (
#155200
0!
0+
#155220
1!
1+
b1010100001 A
b1010100000 M
b1010100000 4
b1010100001 6
b1010100000 2
1L
0d
0c
0b
0a
0`
1_
b1010100000 (
#155240
0!
0+
#155260
1!
1+
b1010100010 A
b1010100001 M
b1010100001 4
b1010100010 6
b1010100001 2
0L
1K
1d
b1010100001 (
#155280
0!
0+
#155300
1!
1+
b1010100011 A
b1010100010 M
b1010100010 4
b1010100011 6
b1010100010 2
1L
0d
1c
b1010100010 (
#155320
0!
0+
#155340
1!
1+
b1010100100 A
b1010100011 M
b1010100011 4
b1010100100 6
b1010100011 2
0L
0K
1J
1d
b1010100011 (
#155360
0!
0+
#155380
1!
1+
b1010100101 A
b1010100100 M
b1010100100 4
b1010100101 6
b1010100100 2
1L
0d
0c
1b
b1010100100 (
#155400
0!
0+
#155420
1!
1+
b1010100110 A
b1010100101 M
b1010100101 4
b1010100110 6
b1010100101 2
0L
1K
1d
b1010100101 (
#155440
0!
0+
#155460
1!
1+
b1010100111 A
b1010100110 M
b1010100110 4
b1010100111 6
b1010100110 2
1L
0d
1c
b1010100110 (
#155480
0!
0+
#155500
1!
1+
b1010101000 A
b1010100111 M
b1010100111 4
b1010101000 6
b1010100111 2
0L
0K
0J
1I
1d
b1010100111 (
#155520
0!
0+
#155540
1!
1+
b1010101001 A
b1010101000 M
b1010101000 4
b1010101001 6
b1010101000 2
1L
0d
0c
0b
1a
b1010101000 (
#155560
0!
0+
#155580
1!
1+
b1010101010 A
b1010101001 M
b1010101001 4
b1010101010 6
b1010101001 2
0L
1K
1d
b1010101001 (
#155600
0!
0+
#155620
1!
1+
b1010101011 A
b1010101010 M
b1010101010 4
b1010101011 6
b1010101010 2
1L
0d
1c
b1010101010 (
#155640
0!
0+
#155660
1!
1+
b1010101100 A
b1010101011 M
b1010101011 4
b1010101100 6
b1010101011 2
0L
0K
1J
1d
b1010101011 (
#155680
0!
0+
#155700
1!
1+
b1010101101 A
b1010101100 M
b1010101100 4
b1010101101 6
b1010101100 2
1L
0d
0c
1b
b1010101100 (
#155720
0!
0+
#155740
1!
1+
b1010101110 A
b1010101101 M
b1010101101 4
b1010101110 6
b1010101101 2
0L
1K
1d
b1010101101 (
#155760
0!
0+
#155780
1!
1+
b1010101111 A
b1010101110 M
b1010101110 4
b1010101111 6
b1010101110 2
1L
0d
1c
b1010101110 (
#155800
0!
0+
#155820
1!
1+
b1010110000 A
b1010101111 M
b1010101111 4
b1010110000 6
b1010101111 2
0L
0K
0J
0I
1H
1d
b1010101111 (
#155840
0!
0+
#155860
1!
1+
b1010110001 A
b1010110000 M
b1010110000 4
b1010110001 6
b1010110000 2
1L
0d
0c
0b
0a
1`
b1010110000 (
#155880
0!
0+
#155900
1!
1+
b1010110010 A
b1010110001 M
b1010110001 4
b1010110010 6
b1010110001 2
0L
1K
1d
b1010110001 (
#155920
0!
0+
#155940
1!
1+
b1010110011 A
b1010110010 M
b1010110010 4
b1010110011 6
b1010110010 2
1L
0d
1c
b1010110010 (
#155960
0!
0+
#155980
1!
1+
b1010110100 A
b1010110011 M
b1010110011 4
b1010110100 6
b1010110011 2
0L
0K
1J
1d
b1010110011 (
#156000
0!
0+
#156020
1!
1+
b1010110101 A
b1010110100 M
b1010110100 4
b1010110101 6
b1010110100 2
1L
0d
0c
1b
b1010110100 (
#156040
0!
0+
#156060
1!
1+
b1010110110 A
b1010110101 M
b1010110101 4
b1010110110 6
b1010110101 2
0L
1K
1d
b1010110101 (
#156080
0!
0+
#156100
1!
1+
b1010110111 A
b1010110110 M
b1010110110 4
b1010110111 6
b1010110110 2
1L
0d
1c
b1010110110 (
#156120
0!
0+
#156140
1!
1+
b1010111000 A
b1010110111 M
b1010110111 4
b1010111000 6
b1010110111 2
0L
0K
0J
1I
1d
b1010110111 (
#156160
0!
0+
#156180
1!
1+
b1010111001 A
b1010111000 M
b1010111000 4
b1010111001 6
b1010111000 2
1L
0d
0c
0b
1a
b1010111000 (
#156200
0!
0+
#156220
1!
1+
b1010111010 A
b1010111001 M
b1010111001 4
b1010111010 6
b1010111001 2
0L
1K
1d
b1010111001 (
#156240
0!
0+
#156260
1!
1+
b1010111011 A
b1010111010 M
b1010111010 4
b1010111011 6
b1010111010 2
1L
0d
1c
b1010111010 (
#156280
0!
0+
#156300
1!
1+
b1010111100 A
b1010111011 M
b1010111011 4
b1010111100 6
b1010111011 2
0L
0K
1J
1d
b1010111011 (
#156320
0!
0+
#156340
1!
1+
b1010111101 A
b1010111100 M
b1010111100 4
b1010111101 6
b1010111100 2
1L
0d
0c
1b
b1010111100 (
#156360
0!
0+
#156380
1!
1+
b1010111110 A
b1010111101 M
b1010111101 4
b1010111110 6
b1010111101 2
0L
1K
1d
b1010111101 (
#156400
0!
0+
#156420
1!
1+
b1010111111 A
b1010111110 M
b1010111110 4
b1010111111 6
b1010111110 2
1L
0d
1c
b1010111110 (
#156440
0!
0+
#156460
1!
1+
b1011000000 A
b1010111111 M
b1010111111 4
b1011000000 6
b1010111111 2
0L
0K
0J
0I
0H
0G
1F
1d
b1010111111 (
#156480
0!
0+
#156500
1!
1+
b1011000001 A
b1011000000 M
b1011000000 4
b1011000001 6
b1011000000 2
1L
0d
0c
0b
0a
0`
0_
1^
b1011000000 (
#156520
0!
0+
#156540
1!
1+
b1011000010 A
b1011000001 M
b1011000001 4
b1011000010 6
b1011000001 2
0L
1K
1d
b1011000001 (
#156560
0!
0+
#156580
1!
1+
b1011000011 A
b1011000010 M
b1011000010 4
b1011000011 6
b1011000010 2
1L
0d
1c
b1011000010 (
#156600
0!
0+
#156620
1!
1+
b1011000100 A
b1011000011 M
b1011000011 4
b1011000100 6
b1011000011 2
0L
0K
1J
1d
b1011000011 (
#156640
0!
0+
#156660
1!
1+
b1011000101 A
b1011000100 M
b1011000100 4
b1011000101 6
b1011000100 2
1L
0d
0c
1b
b1011000100 (
#156680
0!
0+
#156700
1!
1+
b1011000110 A
b1011000101 M
b1011000101 4
b1011000110 6
b1011000101 2
0L
1K
1d
b1011000101 (
#156720
0!
0+
#156740
1!
1+
b1011000111 A
b1011000110 M
b1011000110 4
b1011000111 6
b1011000110 2
1L
0d
1c
b1011000110 (
#156760
0!
0+
#156780
1!
1+
b1011001000 A
b1011000111 M
b1011000111 4
b1011001000 6
b1011000111 2
0L
0K
0J
1I
1d
b1011000111 (
#156800
0!
0+
#156820
1!
1+
b1011001001 A
b1011001000 M
b1011001000 4
b1011001001 6
b1011001000 2
1L
0d
0c
0b
1a
b1011001000 (
#156840
0!
0+
#156860
1!
1+
b1011001010 A
b1011001001 M
b1011001001 4
b1011001010 6
b1011001001 2
0L
1K
1d
b1011001001 (
#156880
0!
0+
#156900
1!
1+
b1011001011 A
b1011001010 M
b1011001010 4
b1011001011 6
b1011001010 2
1L
0d
1c
b1011001010 (
#156920
0!
0+
#156940
1!
1+
b1011001100 A
b1011001011 M
b1011001011 4
b1011001100 6
b1011001011 2
0L
0K
1J
1d
b1011001011 (
#156960
0!
0+
#156980
1!
1+
b1011001101 A
b1011001100 M
b1011001100 4
b1011001101 6
b1011001100 2
1L
0d
0c
1b
b1011001100 (
#157000
0!
0+
#157020
1!
1+
b1011001110 A
b1011001101 M
b1011001101 4
b1011001110 6
b1011001101 2
0L
1K
1d
b1011001101 (
#157040
0!
0+
#157060
1!
1+
b1011001111 A
b1011001110 M
b1011001110 4
b1011001111 6
b1011001110 2
1L
0d
1c
b1011001110 (
#157080
0!
0+
#157100
1!
1+
b1011010000 A
b1011001111 M
b1011001111 4
b1011010000 6
b1011001111 2
0L
0K
0J
0I
1H
1d
b1011001111 (
#157120
0!
0+
#157140
1!
1+
b1011010001 A
b1011010000 M
b1011010000 4
b1011010001 6
b1011010000 2
1L
0d
0c
0b
0a
1`
b1011010000 (
#157160
0!
0+
#157180
1!
1+
b1011010010 A
b1011010001 M
b1011010001 4
b1011010010 6
b1011010001 2
0L
1K
1d
b1011010001 (
#157200
0!
0+
#157220
1!
1+
b1011010011 A
b1011010010 M
b1011010010 4
b1011010011 6
b1011010010 2
1L
0d
1c
b1011010010 (
#157240
0!
0+
#157260
1!
1+
b1011010100 A
b1011010011 M
b1011010011 4
b1011010100 6
b1011010011 2
0L
0K
1J
1d
b1011010011 (
#157280
0!
0+
#157300
1!
1+
b1011010101 A
b1011010100 M
b1011010100 4
b1011010101 6
b1011010100 2
1L
0d
0c
1b
b1011010100 (
#157320
0!
0+
#157340
1!
1+
b1011010110 A
b1011010101 M
b1011010101 4
b1011010110 6
b1011010101 2
0L
1K
1d
b1011010101 (
#157360
0!
0+
#157380
1!
1+
b1011010111 A
b1011010110 M
b1011010110 4
b1011010111 6
b1011010110 2
1L
0d
1c
b1011010110 (
#157400
0!
0+
#157420
1!
1+
b1011011000 A
b1011010111 M
b1011010111 4
b1011011000 6
b1011010111 2
0L
0K
0J
1I
1d
b1011010111 (
#157440
0!
0+
#157460
1!
1+
b1011011001 A
b1011011000 M
b1011011000 4
b1011011001 6
b1011011000 2
1L
0d
0c
0b
1a
b1011011000 (
#157480
0!
0+
#157500
1!
1+
b1011011010 A
b1011011001 M
b1011011001 4
b1011011010 6
b1011011001 2
0L
1K
1d
b1011011001 (
#157520
0!
0+
#157540
1!
1+
b1011011011 A
b1011011010 M
b1011011010 4
b1011011011 6
b1011011010 2
1L
0d
1c
b1011011010 (
#157560
0!
0+
#157580
1!
1+
b1011011100 A
b1011011011 M
b1011011011 4
b1011011100 6
b1011011011 2
0L
0K
1J
1d
b1011011011 (
#157600
0!
0+
#157620
1!
1+
b1011011101 A
b1011011100 M
b1011011100 4
b1011011101 6
b1011011100 2
1L
0d
0c
1b
b1011011100 (
#157640
0!
0+
#157660
1!
1+
b1011011110 A
b1011011101 M
b1011011101 4
b1011011110 6
b1011011101 2
0L
1K
1d
b1011011101 (
#157680
0!
0+
#157700
1!
1+
b1011011111 A
b1011011110 M
b1011011110 4
b1011011111 6
b1011011110 2
1L
0d
1c
b1011011110 (
#157720
0!
0+
#157740
1!
1+
b1011100000 A
b1011011111 M
b1011011111 4
b1011100000 6
b1011011111 2
0L
0K
0J
0I
0H
1G
1d
b1011011111 (
#157760
0!
0+
#157780
1!
1+
b1011100001 A
b1011100000 M
b1011100000 4
b1011100001 6
b1011100000 2
1L
0d
0c
0b
0a
0`
1_
b1011100000 (
#157800
0!
0+
#157820
1!
1+
b1011100010 A
b1011100001 M
b1011100001 4
b1011100010 6
b1011100001 2
0L
1K
1d
b1011100001 (
#157840
0!
0+
#157860
1!
1+
b1011100011 A
b1011100010 M
b1011100010 4
b1011100011 6
b1011100010 2
1L
0d
1c
b1011100010 (
#157880
0!
0+
#157900
1!
1+
b1011100100 A
b1011100011 M
b1011100011 4
b1011100100 6
b1011100011 2
0L
0K
1J
1d
b1011100011 (
#157920
0!
0+
#157940
1!
1+
b1011100101 A
b1011100100 M
b1011100100 4
b1011100101 6
b1011100100 2
1L
0d
0c
1b
b1011100100 (
#157960
0!
0+
#157980
1!
1+
b1011100110 A
b1011100101 M
b1011100101 4
b1011100110 6
b1011100101 2
0L
1K
1d
b1011100101 (
#158000
0!
0+
#158020
1!
1+
b1011100111 A
b1011100110 M
b1011100110 4
b1011100111 6
b1011100110 2
1L
0d
1c
b1011100110 (
#158040
0!
0+
#158060
1!
1+
b1011101000 A
b1011100111 M
b1011100111 4
b1011101000 6
b1011100111 2
0L
0K
0J
1I
1d
b1011100111 (
#158080
0!
0+
#158100
1!
1+
b1011101001 A
b1011101000 M
b1011101000 4
b1011101001 6
b1011101000 2
1L
0d
0c
0b
1a
b1011101000 (
#158120
0!
0+
#158140
1!
1+
b1011101010 A
b1011101001 M
b1011101001 4
b1011101010 6
b1011101001 2
0L
1K
1d
b1011101001 (
#158160
0!
0+
#158180
1!
1+
b1011101011 A
b1011101010 M
b1011101010 4
b1011101011 6
b1011101010 2
1L
0d
1c
b1011101010 (
#158200
0!
0+
#158220
1!
1+
b1011101100 A
b1011101011 M
b1011101011 4
b1011101100 6
b1011101011 2
0L
0K
1J
1d
b1011101011 (
#158240
0!
0+
#158260
1!
1+
b1011101101 A
b1011101100 M
b1011101100 4
b1011101101 6
b1011101100 2
1L
0d
0c
1b
b1011101100 (
#158280
0!
0+
#158300
1!
1+
b1011101110 A
b1011101101 M
b1011101101 4
b1011101110 6
b1011101101 2
0L
1K
1d
b1011101101 (
#158320
0!
0+
#158340
1!
1+
b1011101111 A
b1011101110 M
b1011101110 4
b1011101111 6
b1011101110 2
1L
0d
1c
b1011101110 (
#158360
0!
0+
#158380
1!
1+
b1011110000 A
b1011101111 M
b1011101111 4
b1011110000 6
b1011101111 2
0L
0K
0J
0I
1H
1d
b1011101111 (
#158400
0!
0+
#158420
1!
1+
b1011110001 A
b1011110000 M
b1011110000 4
b1011110001 6
b1011110000 2
1-
1L
0d
0c
0b
0a
1`
1#
b1011110000 (
#158440
0!
0+
#158460
1!
1+
b1011110010 A
b1011110001 M
b1011110001 4
b1011110010 6
b1011110001 2
0L
1K
1d
b1011110001 (
#158480
0!
0+
#158500
1!
1+
b1011110011 A
b1011110010 M
b1011110010 4
b1011110011 6
b1011110010 2
1L
0d
1c
b1011110010 (
#158520
0!
0+
#158540
1!
1+
b1011110100 A
b1011110011 M
b1011110011 4
b1011110100 6
b1011110011 2
0L
0K
1J
1d
b1011110011 (
#158560
0!
0+
#158580
1!
1+
b1011110101 A
b1011110100 M
b1011110100 4
b1011110101 6
b1011110100 2
1L
0d
0c
1b
b1011110100 (
#158600
0!
0+
#158620
1!
1+
b1011110110 A
b1011110101 M
b1011110101 4
b1011110110 6
b1011110101 2
0L
1K
1d
b1011110101 (
#158640
0!
0+
#158660
1!
1+
b1011110111 A
b1011110110 M
b1011110110 4
b1011110111 6
b1011110110 2
1L
0d
1c
b1011110110 (
#158680
0!
0+
#158700
1!
1+
b1011111000 A
b1011110111 M
b1011110111 4
b1011111000 6
b1011110111 2
0L
0K
0J
1I
1d
b1011110111 (
#158720
0!
0+
#158740
1!
1+
b1011111001 A
b1011111000 M
b1011111000 4
b1011111001 6
b1011111000 2
1L
0d
0c
0b
1a
b1011111000 (
#158760
0!
0+
#158780
1!
1+
b1011111010 A
b1011111001 M
b1011111001 4
b1011111010 6
b1011111001 2
0L
1K
1d
b1011111001 (
#158800
0!
0+
#158820
1!
1+
b1011111011 A
b1011111010 M
b1011111010 4
b1011111011 6
b1011111010 2
1L
0d
1c
b1011111010 (
#158840
0!
0+
#158860
1!
1+
b1011111100 A
b1011111011 M
b1011111011 4
b1011111100 6
b1011111011 2
0L
0K
1J
1d
b1011111011 (
#158880
0!
0+
#158900
1!
1+
b1011111101 A
b1011111100 M
b1011111100 4
b1011111101 6
b1011111100 2
1L
0d
0c
1b
b1011111100 (
#158920
0!
0+
#158940
1!
1+
b1011111110 A
b1011111101 M
b1011111101 4
b1011111110 6
b1011111101 2
0L
1K
1d
b1011111101 (
#158960
0!
0+
#158980
1!
1+
b1011111111 A
b1011111110 M
b1011111110 4
b1011111111 6
b1011111110 2
1L
0d
1c
b1011111110 (
#159000
0!
0+
#159020
1!
1+
b1100000000 A
b1011111111 M
b1011111111 4
b1100000000 6
b1011111111 2
0L
0K
0J
0I
0H
0G
0F
0E
1D
1d
b1011111111 (
#159040
0!
0+
#159060
1!
1+
b1100000001 A
b1100000000 M
b1100000000 4
b1100000001 6
b1100000000 2
1L
0d
0c
0b
0a
0`
0_
0^
0]
1\
b1100000000 (
#159080
0!
0+
#159100
1!
1+
b1100000010 A
b1100000001 M
b1100000001 4
b1100000010 6
b1100000001 2
0L
1K
1d
b1100000001 (
#159120
0!
0+
#159140
1!
1+
b1100000011 A
b1100000010 M
b1100000010 4
b1100000011 6
b1100000010 2
1L
0d
1c
b1100000010 (
#159160
0!
0+
#159180
1!
1+
b1100000100 A
b1100000011 M
b1100000011 4
b1100000100 6
b1100000011 2
0L
0K
1J
1d
b1100000011 (
#159200
0!
0+
#159220
1!
1+
b1100000101 A
b1100000100 M
b1100000100 4
b1100000101 6
b1100000100 2
1L
0d
0c
1b
b1100000100 (
#159240
0!
0+
#159260
1!
1+
b1100000110 A
b1100000101 M
b1100000101 4
b1100000110 6
b1100000101 2
0L
1K
1d
b1100000101 (
#159280
0!
0+
#159300
1!
1+
b1100000111 A
b1100000110 M
b1100000110 4
b1100000111 6
b1100000110 2
1L
0d
1c
b1100000110 (
#159320
0!
0+
#159340
1!
1+
b1100001000 A
b1100000111 M
b1100000111 4
b1100001000 6
b1100000111 2
0L
0K
0J
1I
1d
b1100000111 (
#159360
0!
0+
#159380
1!
1+
b1100001001 A
b1100001000 M
b1100001000 4
b1100001001 6
b1100001000 2
1L
0d
0c
0b
1a
b1100001000 (
#159400
0!
0+
#159420
1!
1+
b1100001010 A
b1100001001 M
b1100001001 4
b1100001010 6
b1100001001 2
0L
1K
1d
b1100001001 (
#159440
0!
0+
#159460
1!
1+
b1100001011 A
b1100001010 M
b1100001010 4
b1100001011 6
b1100001010 2
1L
0d
1c
b1100001010 (
#159480
0!
0+
#159500
1!
1+
b1100001100 A
b1100001011 M
b1100001011 4
b1100001100 6
b1100001011 2
0L
0K
1J
1d
b1100001011 (
#159520
0!
0+
#159540
1!
1+
b1100001101 A
b1100001100 M
b1100001100 4
b1100001101 6
b1100001100 2
1L
0d
0c
1b
b1100001100 (
#159560
0!
0+
#159580
1!
1+
b1100001110 A
b1100001101 M
b1100001101 4
b1100001110 6
b1100001101 2
0L
1K
1d
b1100001101 (
#159600
0!
0+
#159620
1!
1+
b1100001111 A
b1100001110 M
b1100001110 4
b1100001111 6
b1100001110 2
1L
0d
1c
b1100001110 (
#159640
0!
0+
#159660
1!
1+
b1100010000 A
b1100001111 M
b1100001111 4
b1100010000 6
b1100001111 2
0L
0K
0J
0I
1H
1d
b1100001111 (
#159680
0!
0+
#159700
1!
1+
b1100010001 A
b1100010000 M
b1100010000 4
b1100010001 6
b1100010000 2
1L
0d
0c
0b
0a
1`
b1100010000 (
#159720
0!
0+
#159740
1!
1+
b1100010010 A
b1100010001 M
b1100010001 4
b1100010010 6
b1100010001 2
0L
1K
1d
b1100010001 (
#159760
0!
0+
#159780
1!
1+
b1100010011 A
b1100010010 M
b1100010010 4
b1100010011 6
b1100010010 2
1L
0d
1c
b1100010010 (
#159800
0!
0+
#159820
1!
1+
b1100010100 A
b1100010011 M
b1100010011 4
b1100010100 6
b1100010011 2
0L
0K
1J
1d
b1100010011 (
#159840
0!
0+
#159860
1!
1+
b1100010101 A
b1100010100 M
b1100010100 4
b1100010101 6
b1100010100 2
1L
0d
0c
1b
b1100010100 (
#159880
0!
0+
#159900
1!
1+
b1100010110 A
b1100010101 M
b1100010101 4
b1100010110 6
b1100010101 2
0L
1K
1d
b1100010101 (
#159920
0!
0+
#159940
1!
1+
b1100010111 A
b1100010110 M
b1100010110 4
b1100010111 6
b1100010110 2
1L
0d
1c
b1100010110 (
#159960
0!
0+
#159980
1!
1+
b1100011000 A
b1100010111 M
b1100010111 4
b1100011000 6
b1100010111 2
0L
0K
0J
1I
1d
b1100010111 (
#160000
0!
0+
#160020
1!
1+
b1100011001 A
b1100011000 M
b1100011000 4
b1100011001 6
b1100011000 2
1L
0d
0c
0b
1a
b1100011000 (
#160040
0!
0+
#160060
1!
1+
b1100011010 A
b1100011001 M
b1100011001 4
b1100011010 6
b1100011001 2
0L
1K
1d
b1100011001 (
#160080
0!
0+
#160100
1!
1+
b1100011011 A
b1100011010 M
b1100011010 4
b1100011011 6
b1100011010 2
1L
0d
1c
b1100011010 (
#160120
0!
0+
#160140
1!
1+
b1100011100 A
b1100011011 M
b1100011011 4
b1100011100 6
b1100011011 2
0L
0K
1J
1d
b1100011011 (
#160160
0!
0+
#160180
1!
1+
b1100011101 A
b1100011100 M
b1100011100 4
b1100011101 6
b1100011100 2
1L
0d
0c
1b
b1100011100 (
#160200
0!
0+
#160220
1!
1+
b1100011110 A
b1100011101 M
b1100011101 4
b1100011110 6
b1100011101 2
0L
1K
1d
b1100011101 (
#160240
0!
0+
#160260
1!
1+
b1100011111 A
b1100011110 M
b1100011110 4
b1100011111 6
b1100011110 2
1L
0d
1c
b1100011110 (
#160280
0!
0+
#160300
1!
1+
b1100100000 A
b1100011111 M
b1100011111 4
b1100100000 6
b1100011111 2
0L
0K
0J
0I
0H
1G
1d
b1100011111 (
#160320
0!
0+
#160340
1!
1+
b1100100001 A
b1100100000 M
b1100100000 4
b1100100001 6
b1100100000 2
1L
0d
0c
0b
0a
0`
1_
1o
b1100100000 (
18
1<
1?
b0 A
b0 6
0L
0G
0D
0C
#160360
0!
0+
#160380
1!
1+
b101 =
b0 M
b0 4
b101 7
b0 2
1X
0_
0\
0[
0o
b0 (
08
0<
0?
#160400
0!
0+
#160420
1!
1+
b1 A
b101 Y
b101 5
b1 6
b101 3
1L
1z
b101 )
#160440
0!
0+
#160460
1!
1+
b10 A
b1 M
b1 4
b10 6
b1 2
0L
1K
1d
b1 (
#160480
0!
0+
#160500
1!
1+
b11 A
b10 M
b10 4
b11 6
b10 2
1L
0d
1c
b10 (
#160520
0!
0+
#160540
1!
1+
b100 A
b11 M
b11 4
b100 6
b11 2
0L
0K
1J
1d
b11 (
#160560
0!
0+
#160580
1!
1+
b101 A
b100 M
b100 4
b101 6
b100 2
1L
0d
0c
1b
b100 (
#160600
0!
0+
#160620
1!
1+
b110 A
b101 M
b101 4
b110 6
b101 2
0L
1K
1d
b101 (
#160640
0!
0+
#160660
1!
1+
b111 A
b110 M
b110 4
b111 6
b110 2
1L
0d
1c
b110 (
#160680
0!
0+
#160700
1!
1+
b1000 A
b111 M
b111 4
b1000 6
b111 2
0L
0K
0J
1I
1d
b111 (
#160720
0!
0+
#160740
1!
1+
b1001 A
b1000 M
b1000 4
b1001 6
b1000 2
1L
0d
0c
0b
1a
b1000 (
#160760
0!
0+
#160780
1!
1+
b1010 A
b1001 M
b1001 4
b1010 6
b1001 2
0L
1K
1d
b1001 (
#160800
0!
0+
#160820
1!
1+
b1011 A
b1010 M
b1010 4
b1011 6
b1010 2
1L
0d
1c
b1010 (
#160840
0!
0+
#160860
1!
1+
b1100 A
b1011 M
b1011 4
b1100 6
b1011 2
0L
0K
1J
1d
b1011 (
#160880
0!
0+
#160900
1!
1+
b1101 A
b1100 M
b1100 4
b1101 6
b1100 2
1L
0d
0c
1b
b1100 (
#160920
0!
0+
#160940
1!
1+
b1110 A
b1101 M
b1101 4
b1110 6
b1101 2
0L
1K
1d
b1101 (
#160960
0!
0+
#160980
1!
1+
b1111 A
b1110 M
b1110 4
b1111 6
b1110 2
1L
0d
1c
b1110 (
#161000
0!
0+
#161020
1!
1+
b10000 A
b1111 M
b1111 4
b10000 6
b1111 2
0L
0K
0J
0I
1H
1d
b1111 (
#161040
0!
0+
#161060
1!
1+
b10001 A
b10000 M
b10000 4
b10001 6
b10000 2
1L
0d
0c
0b
0a
1`
b10000 (
#161080
0!
0+
#161100
1!
1+
b10010 A
b10001 M
b10001 4
b10010 6
b10001 2
0L
1K
1d
b10001 (
#161120
0!
0+
#161140
1!
1+
b10011 A
b10010 M
b10010 4
b10011 6
b10010 2
1L
0d
1c
b10010 (
#161160
0!
0+
#161180
1!
1+
b10100 A
b10011 M
b10011 4
b10100 6
b10011 2
0L
0K
1J
1d
b10011 (
#161200
0!
0+
#161220
1!
1+
b10101 A
b10100 M
b10100 4
b10101 6
b10100 2
1L
0d
0c
1b
b10100 (
#161240
0!
0+
#161260
1!
1+
b10110 A
b10101 M
b10101 4
b10110 6
b10101 2
0L
1K
1d
b10101 (
#161280
0!
0+
#161300
1!
1+
b10111 A
b10110 M
b10110 4
b10111 6
b10110 2
1L
0d
1c
b10110 (
#161320
0!
0+
#161340
1!
1+
b11000 A
b10111 M
b10111 4
b11000 6
b10111 2
0L
0K
0J
1I
1d
b10111 (
#161360
0!
0+
#161380
1!
1+
b11001 A
b11000 M
b11000 4
b11001 6
b11000 2
1L
0d
0c
0b
1a
b11000 (
#161400
0!
0+
#161420
1!
1+
b11010 A
b11001 M
b11001 4
b11010 6
b11001 2
0L
1K
1d
b11001 (
#161440
0!
0+
#161460
1!
1+
b11011 A
b11010 M
b11010 4
b11011 6
b11010 2
1L
0d
1c
b11010 (
#161480
0!
0+
#161500
1!
1+
b11100 A
b11011 M
b11011 4
b11100 6
b11011 2
0L
0K
1J
1d
b11011 (
#161520
0!
0+
#161540
1!
1+
b11101 A
b11100 M
b11100 4
b11101 6
b11100 2
1L
0d
0c
1b
b11100 (
#161560
0!
0+
#161580
1!
1+
b11110 A
b11101 M
b11101 4
b11110 6
b11101 2
0L
1K
1d
b11101 (
#161600
0!
0+
#161620
1!
1+
b11111 A
b11110 M
b11110 4
b11111 6
b11110 2
1L
0d
1c
b11110 (
#161640
0!
0+
#161660
1!
1+
b100000 A
b11111 M
b11111 4
b100000 6
b11111 2
0L
0K
0J
0I
0H
1G
1d
b11111 (
#161680
0!
0+
#161700
1!
1+
b100001 A
b100000 M
b100000 4
b100001 6
b100000 2
1L
0d
0c
0b
0a
0`
1_
b100000 (
#161720
0!
0+
#161740
1!
1+
b100010 A
b100001 M
b100001 4
b100010 6
b100001 2
0L
1K
1d
b100001 (
#161760
0!
0+
#161780
1!
1+
b100011 A
b100010 M
b100010 4
b100011 6
b100010 2
1L
0d
1c
b100010 (
#161800
0!
0+
#161820
1!
1+
b100100 A
b100011 M
b100011 4
b100100 6
b100011 2
0L
0K
1J
1d
b100011 (
#161840
0!
0+
#161860
1!
1+
b100101 A
b100100 M
b100100 4
b100101 6
b100100 2
1L
0d
0c
1b
b100100 (
#161880
0!
0+
#161900
1!
1+
b100110 A
b100101 M
b100101 4
b100110 6
b100101 2
0L
1K
1d
b100101 (
#161920
0!
0+
#161940
1!
1+
b100111 A
b100110 M
b100110 4
b100111 6
b100110 2
1L
0d
1c
b100110 (
#161960
0!
0+
#161980
1!
1+
b101000 A
b100111 M
b100111 4
b101000 6
b100111 2
0L
0K
0J
1I
1d
b100111 (
#162000
0!
0+
#162020
1!
1+
b101001 A
b101000 M
b101000 4
b101001 6
b101000 2
1L
0d
0c
0b
1a
b101000 (
#162040
0!
0+
#162060
1!
1+
b101010 A
b101001 M
b101001 4
b101010 6
b101001 2
0L
1K
1d
b101001 (
#162080
0!
0+
#162100
1!
1+
b101011 A
b101010 M
b101010 4
b101011 6
b101010 2
1L
0d
1c
b101010 (
#162120
0!
0+
#162140
1!
1+
b101100 A
b101011 M
b101011 4
b101100 6
b101011 2
0L
0K
1J
1d
b101011 (
#162160
0!
0+
#162180
1!
1+
b101101 A
b101100 M
b101100 4
b101101 6
b101100 2
1L
0d
0c
1b
b101100 (
#162200
0!
0+
#162220
1!
1+
b101110 A
b101101 M
b101101 4
b101110 6
b101101 2
0L
1K
1d
b101101 (
#162240
0!
0+
#162260
1!
1+
b101111 A
b101110 M
b101110 4
b101111 6
b101110 2
1L
0d
1c
b101110 (
#162280
0!
0+
#162300
1!
1+
b110000 A
b101111 M
b101111 4
b110000 6
b101111 2
0L
0K
0J
0I
1H
1d
b101111 (
#162320
0!
0+
#162340
1!
1+
b110001 A
b110000 M
b110000 4
b110001 6
b110000 2
1L
0d
0c
0b
0a
1`
b110000 (
#162360
0!
0+
#162380
1!
1+
b110010 A
b110001 M
b110001 4
b110010 6
b110001 2
0L
1K
1d
b110001 (
#162400
0!
0+
#162420
1!
1+
b110011 A
b110010 M
b110010 4
b110011 6
b110010 2
1L
0d
1c
b110010 (
#162440
0!
0+
#162460
1!
1+
b110100 A
b110011 M
b110011 4
b110100 6
b110011 2
0L
0K
1J
1d
b110011 (
#162480
0!
0+
#162500
1!
1+
b110101 A
b110100 M
b110100 4
b110101 6
b110100 2
1L
0d
0c
1b
b110100 (
#162520
0!
0+
#162540
1!
1+
b110110 A
b110101 M
b110101 4
b110110 6
b110101 2
0L
1K
1d
b110101 (
#162560
0!
0+
#162580
1!
1+
b110111 A
b110110 M
b110110 4
b110111 6
b110110 2
1L
0d
1c
b110110 (
#162600
0!
0+
#162620
1!
1+
b111000 A
b110111 M
b110111 4
b111000 6
b110111 2
0L
0K
0J
1I
1d
b110111 (
#162640
0!
0+
#162660
1!
1+
b111001 A
b111000 M
b111000 4
b111001 6
b111000 2
1L
0d
0c
0b
1a
b111000 (
#162680
0!
0+
#162700
1!
1+
b111010 A
b111001 M
b111001 4
b111010 6
b111001 2
0L
1K
1d
b111001 (
#162720
0!
0+
#162740
1!
1+
b111011 A
b111010 M
b111010 4
b111011 6
b111010 2
1L
0d
1c
b111010 (
#162760
0!
0+
#162780
1!
1+
b111100 A
b111011 M
b111011 4
b111100 6
b111011 2
0L
0K
1J
1d
b111011 (
#162800
0!
0+
#162820
1!
1+
b111101 A
b111100 M
b111100 4
b111101 6
b111100 2
1L
0d
0c
1b
b111100 (
#162840
0!
0+
#162860
1!
1+
b111110 A
b111101 M
b111101 4
b111110 6
b111101 2
0L
1K
1d
b111101 (
#162880
0!
0+
#162900
1!
1+
b111111 A
b111110 M
b111110 4
b111111 6
b111110 2
1L
0d
1c
b111110 (
#162920
0!
0+
#162940
1!
1+
b1000000 A
b111111 M
b111111 4
b1000000 6
b111111 2
0L
0K
0J
0I
0H
0G
1F
1d
b111111 (
#162960
0!
0+
#162980
1!
1+
b1000001 A
b1000000 M
b1000000 4
b1000001 6
b1000000 2
1L
0d
0c
0b
0a
0`
0_
1^
b1000000 (
#163000
0!
0+
#163020
1!
1+
b1000010 A
b1000001 M
b1000001 4
b1000010 6
b1000001 2
0L
1K
1d
b1000001 (
#163040
0!
0+
#163060
1!
1+
b1000011 A
b1000010 M
b1000010 4
b1000011 6
b1000010 2
1L
0d
1c
b1000010 (
#163080
0!
0+
#163100
1!
1+
b1000100 A
b1000011 M
b1000011 4
b1000100 6
b1000011 2
0L
0K
1J
1d
b1000011 (
#163120
0!
0+
#163140
1!
1+
b1000101 A
b1000100 M
b1000100 4
b1000101 6
b1000100 2
1L
0d
0c
1b
b1000100 (
#163160
0!
0+
#163180
1!
1+
b1000110 A
b1000101 M
b1000101 4
b1000110 6
b1000101 2
0L
1K
1d
b1000101 (
#163200
0!
0+
#163220
1!
1+
b1000111 A
b1000110 M
b1000110 4
b1000111 6
b1000110 2
1L
0d
1c
b1000110 (
#163240
0!
0+
#163260
1!
1+
b1001000 A
b1000111 M
b1000111 4
b1001000 6
b1000111 2
0L
0K
0J
1I
1d
b1000111 (
#163280
0!
0+
#163300
1!
1+
b1001001 A
b1001000 M
b1001000 4
b1001001 6
b1001000 2
1L
0d
0c
0b
1a
b1001000 (
#163320
0!
0+
#163340
1!
1+
b1001010 A
b1001001 M
b1001001 4
b1001010 6
b1001001 2
0L
1K
1d
b1001001 (
#163360
0!
0+
#163380
1!
1+
b1001011 A
b1001010 M
b1001010 4
b1001011 6
b1001010 2
1L
0d
1c
b1001010 (
#163400
0!
0+
#163420
1!
1+
b1001100 A
b1001011 M
b1001011 4
b1001100 6
b1001011 2
0L
0K
1J
1d
b1001011 (
#163440
0!
0+
#163460
1!
1+
b1001101 A
b1001100 M
b1001100 4
b1001101 6
b1001100 2
1L
0d
0c
1b
b1001100 (
#163480
0!
0+
#163500
1!
1+
b1001110 A
b1001101 M
b1001101 4
b1001110 6
b1001101 2
0L
1K
1d
b1001101 (
#163520
0!
0+
#163540
1!
1+
b1001111 A
b1001110 M
b1001110 4
b1001111 6
b1001110 2
1L
0d
1c
b1001110 (
#163560
0!
0+
#163580
1!
1+
b1010000 A
b1001111 M
b1001111 4
b1010000 6
b1001111 2
0L
0K
0J
0I
1H
1d
b1001111 (
#163600
0!
0+
#163620
1!
1+
b1010001 A
b1010000 M
b1010000 4
b1010001 6
b1010000 2
1L
0d
0c
0b
0a
1`
b1010000 (
#163640
0!
0+
#163660
1!
1+
b1010010 A
b1010001 M
b1010001 4
b1010010 6
b1010001 2
0L
1K
1d
b1010001 (
#163680
0!
0+
#163700
1!
1+
b1010011 A
b1010010 M
b1010010 4
b1010011 6
b1010010 2
1L
0d
1c
b1010010 (
#163720
0!
0+
#163740
1!
1+
b1010100 A
b1010011 M
b1010011 4
b1010100 6
b1010011 2
0L
0K
1J
1d
b1010011 (
#163760
0!
0+
#163780
1!
1+
b1010101 A
b1010100 M
b1010100 4
b1010101 6
b1010100 2
1L
0d
0c
1b
b1010100 (
#163800
0!
0+
#163820
1!
1+
b1010110 A
b1010101 M
b1010101 4
b1010110 6
b1010101 2
0L
1K
1d
b1010101 (
#163840
0!
0+
#163860
1!
1+
b1010111 A
b1010110 M
b1010110 4
b1010111 6
b1010110 2
1L
0d
1c
b1010110 (
#163880
0!
0+
#163900
1!
1+
b1011000 A
b1010111 M
b1010111 4
b1011000 6
b1010111 2
0L
0K
0J
1I
1d
b1010111 (
#163920
0!
0+
#163940
1!
1+
b1011001 A
b1011000 M
b1011000 4
b1011001 6
b1011000 2
1L
0d
0c
0b
1a
b1011000 (
#163960
0!
0+
#163980
1!
1+
b1011010 A
b1011001 M
b1011001 4
b1011010 6
b1011001 2
0L
1K
1d
b1011001 (
#164000
0!
0+
#164020
1!
1+
b1011011 A
b1011010 M
b1011010 4
b1011011 6
b1011010 2
1L
0d
1c
b1011010 (
#164040
0!
0+
#164060
1!
1+
b1011100 A
b1011011 M
b1011011 4
b1011100 6
b1011011 2
0L
0K
1J
1d
b1011011 (
#164080
0!
0+
#164100
1!
1+
b1011101 A
b1011100 M
b1011100 4
b1011101 6
b1011100 2
1L
0d
0c
1b
b1011100 (
#164120
0!
0+
#164140
1!
1+
b1011110 A
b1011101 M
b1011101 4
b1011110 6
b1011101 2
0L
1K
1d
b1011101 (
#164160
0!
0+
#164180
1!
1+
b1011111 A
b1011110 M
b1011110 4
b1011111 6
b1011110 2
1L
0d
1c
b1011110 (
#164200
0!
0+
#164220
1!
1+
b1100000 A
b1011111 M
b1011111 4
b1100000 6
b1011111 2
0L
0K
0J
0I
0H
1G
1d
b1011111 (
#164240
0!
0+
#164260
1!
1+
b1100001 A
b1100000 M
b1100000 4
b1100001 6
b1100000 2
1L
0d
0c
0b
0a
0`
1_
b1100000 (
#164280
0!
0+
#164300
1!
1+
b1100010 A
b1100001 M
b1100001 4
b1100010 6
b1100001 2
0L
1K
1d
b1100001 (
#164320
0!
0+
#164340
1!
1+
b1100011 A
b1100010 M
b1100010 4
b1100011 6
b1100010 2
1L
0d
1c
b1100010 (
#164360
0!
0+
#164380
1!
1+
b1100100 A
b1100011 M
b1100011 4
b1100100 6
b1100011 2
0L
0K
1J
1d
b1100011 (
#164400
0!
0+
#164420
1!
1+
b1100101 A
b1100100 M
b1100100 4
b1100101 6
b1100100 2
1L
0d
0c
1b
b1100100 (
#164440
0!
0+
#164460
1!
1+
b1100110 A
b1100101 M
b1100101 4
b1100110 6
b1100101 2
0L
1K
1d
b1100101 (
#164480
0!
0+
#164500
1!
1+
b1100111 A
b1100110 M
b1100110 4
b1100111 6
b1100110 2
1L
0d
1c
b1100110 (
#164520
0!
0+
#164540
1!
1+
b1101000 A
b1100111 M
b1100111 4
b1101000 6
b1100111 2
0L
0K
0J
1I
1d
b1100111 (
#164560
0!
0+
#164580
1!
1+
b1101001 A
b1101000 M
b1101000 4
b1101001 6
b1101000 2
1L
0d
0c
0b
1a
b1101000 (
#164600
0!
0+
#164620
1!
1+
b1101010 A
b1101001 M
b1101001 4
b1101010 6
b1101001 2
0L
1K
1d
b1101001 (
#164640
0!
0+
#164660
1!
1+
b1101011 A
b1101010 M
b1101010 4
b1101011 6
b1101010 2
1L
0d
1c
b1101010 (
#164680
0!
0+
#164700
1!
1+
b1101100 A
b1101011 M
b1101011 4
b1101100 6
b1101011 2
0L
0K
1J
1d
b1101011 (
#164720
0!
0+
#164740
1!
1+
b1101101 A
b1101100 M
b1101100 4
b1101101 6
b1101100 2
1L
0d
0c
1b
b1101100 (
#164760
0!
0+
#164780
1!
1+
b1101110 A
b1101101 M
b1101101 4
b1101110 6
b1101101 2
0L
1K
1d
b1101101 (
#164800
0!
0+
#164820
1!
1+
b1101111 A
b1101110 M
b1101110 4
b1101111 6
b1101110 2
1L
0d
1c
b1101110 (
#164840
0!
0+
#164860
1!
1+
b1110000 A
b1101111 M
b1101111 4
b1110000 6
b1101111 2
0L
0K
0J
0I
1H
1d
b1101111 (
#164880
0!
0+
#164900
1!
1+
b1110001 A
b1110000 M
b1110000 4
b1110001 6
b1110000 2
1L
0d
0c
0b
0a
1`
b1110000 (
#164920
0!
0+
#164940
1!
1+
b1110010 A
b1110001 M
b1110001 4
b1110010 6
b1110001 2
0L
1K
1d
b1110001 (
#164960
0!
0+
#164980
1!
1+
b1110011 A
b1110010 M
b1110010 4
b1110011 6
b1110010 2
1L
0d
1c
b1110010 (
#165000
0!
0+
#165020
1!
1+
b1110100 A
b1110011 M
b1110011 4
b1110100 6
b1110011 2
0L
0K
1J
1d
b1110011 (
#165040
0!
0+
#165060
1!
1+
b1110101 A
b1110100 M
b1110100 4
b1110101 6
b1110100 2
1L
0d
0c
1b
b1110100 (
#165080
0!
0+
#165100
1!
1+
b1110110 A
b1110101 M
b1110101 4
b1110110 6
b1110101 2
0L
1K
1d
b1110101 (
#165120
0!
0+
#165140
1!
1+
b1110111 A
b1110110 M
b1110110 4
b1110111 6
b1110110 2
1L
0d
1c
b1110110 (
#165160
0!
0+
#165180
1!
1+
b1111000 A
b1110111 M
b1110111 4
b1111000 6
b1110111 2
0L
0K
0J
1I
1d
b1110111 (
#165200
0!
0+
#165220
1!
1+
b1111001 A
b1111000 M
b1111000 4
b1111001 6
b1111000 2
1L
0d
0c
0b
1a
b1111000 (
#165240
0!
0+
#165260
1!
1+
b1111010 A
b1111001 M
b1111001 4
b1111010 6
b1111001 2
0L
1K
1d
b1111001 (
#165280
0!
0+
#165300
1!
1+
b1111011 A
b1111010 M
b1111010 4
b1111011 6
b1111010 2
1L
0d
1c
b1111010 (
#165320
0!
0+
#165340
1!
1+
b1111100 A
b1111011 M
b1111011 4
b1111100 6
b1111011 2
0L
0K
1J
1d
b1111011 (
#165360
0!
0+
#165380
1!
1+
b1111101 A
b1111100 M
b1111100 4
b1111101 6
b1111100 2
1L
0d
0c
1b
b1111100 (
#165400
0!
0+
#165420
1!
1+
b1111110 A
b1111101 M
b1111101 4
b1111110 6
b1111101 2
0L
1K
1d
b1111101 (
#165440
0!
0+
#165460
1!
1+
b1111111 A
b1111110 M
b1111110 4
b1111111 6
b1111110 2
1L
0d
1c
b1111110 (
#165480
0!
0+
#165500
1!
1+
b10000000 A
b1111111 M
b1111111 4
b10000000 6
b1111111 2
0L
0K
0J
0I
0H
0G
0F
1E
1d
b1111111 (
#165520
0!
0+
#165540
1!
1+
b10000001 A
b10000000 M
b10000000 4
b10000001 6
b10000000 2
1L
0d
0c
0b
0a
0`
0_
0^
1]
b10000000 (
#165560
0!
0+
#165580
1!
1+
b10000010 A
b10000001 M
b10000001 4
b10000010 6
b10000001 2
0L
1K
1d
b10000001 (
#165600
0!
0+
#165620
1!
1+
b10000011 A
b10000010 M
b10000010 4
b10000011 6
b10000010 2
1L
0d
1c
b10000010 (
#165640
0!
0+
#165660
1!
1+
b10000100 A
b10000011 M
b10000011 4
b10000100 6
b10000011 2
0L
0K
1J
1d
b10000011 (
#165680
0!
0+
#165700
1!
1+
b10000101 A
b10000100 M
b10000100 4
b10000101 6
b10000100 2
1L
0d
0c
1b
b10000100 (
#165720
0!
0+
#165740
1!
1+
b10000110 A
b10000101 M
b10000101 4
b10000110 6
b10000101 2
0L
1K
1d
b10000101 (
#165760
0!
0+
#165780
1!
1+
b10000111 A
b10000110 M
b10000110 4
b10000111 6
b10000110 2
1L
0d
1c
b10000110 (
#165800
0!
0+
#165820
1!
1+
b10001000 A
b10000111 M
b10000111 4
b10001000 6
b10000111 2
0L
0K
0J
1I
1d
b10000111 (
#165840
0!
0+
#165860
1!
1+
b10001001 A
b10001000 M
b10001000 4
b10001001 6
b10001000 2
1L
0d
0c
0b
1a
b10001000 (
#165880
0!
0+
#165900
1!
1+
b10001010 A
b10001001 M
b10001001 4
b10001010 6
b10001001 2
0L
1K
1d
b10001001 (
#165920
0!
0+
#165940
1!
1+
b10001011 A
b10001010 M
b10001010 4
b10001011 6
b10001010 2
1L
0d
1c
b10001010 (
#165960
0!
0+
#165980
1!
1+
b10001100 A
b10001011 M
b10001011 4
b10001100 6
b10001011 2
0L
0K
1J
1d
b10001011 (
#166000
0!
0+
#166020
1!
1+
b10001101 A
b10001100 M
b10001100 4
b10001101 6
b10001100 2
1L
0d
0c
1b
b10001100 (
#166040
0!
0+
#166060
1!
1+
b10001110 A
b10001101 M
b10001101 4
b10001110 6
b10001101 2
0L
1K
1d
b10001101 (
#166080
0!
0+
#166100
1!
1+
b10001111 A
b10001110 M
b10001110 4
b10001111 6
b10001110 2
1L
0d
1c
b10001110 (
#166120
0!
0+
#166140
1!
1+
b10010000 A
b10001111 M
b10001111 4
b10010000 6
b10001111 2
0L
0K
0J
0I
1H
1d
b10001111 (
#166160
0!
0+
#166180
1!
1+
b10010001 A
b10010000 M
b10010000 4
b10010001 6
b10010000 2
1L
0d
0c
0b
0a
1`
b10010000 (
#166200
0!
0+
#166220
1!
1+
b10010010 A
b10010001 M
b10010001 4
b10010010 6
b10010001 2
0L
1K
1d
b10010001 (
#166240
0!
0+
#166260
1!
1+
b10010011 A
b10010010 M
b10010010 4
b10010011 6
b10010010 2
1L
0d
1c
b10010010 (
#166280
0!
0+
#166300
1!
1+
b10010100 A
b10010011 M
b10010011 4
b10010100 6
b10010011 2
0L
0K
1J
1d
b10010011 (
#166320
0!
0+
#166340
1!
1+
b10010101 A
b10010100 M
b10010100 4
b10010101 6
b10010100 2
1L
0d
0c
1b
b10010100 (
#166360
0!
0+
#166380
1!
1+
b10010110 A
b10010101 M
b10010101 4
b10010110 6
b10010101 2
0L
1K
1d
b10010101 (
#166400
0!
0+
#166420
1!
1+
b10010111 A
b10010110 M
b10010110 4
b10010111 6
b10010110 2
1L
0d
1c
b10010110 (
#166440
0!
0+
#166460
1!
1+
b10011000 A
b10010111 M
b10010111 4
b10011000 6
b10010111 2
0L
0K
0J
1I
1d
b10010111 (
#166480
0!
0+
#166500
1!
1+
b10011001 A
b10011000 M
b10011000 4
b10011001 6
b10011000 2
1L
0d
0c
0b
1a
b10011000 (
#166520
0!
0+
#166540
1!
1+
b10011010 A
b10011001 M
b10011001 4
b10011010 6
b10011001 2
0L
1K
1d
b10011001 (
#166560
0!
0+
#166580
1!
1+
b10011011 A
b10011010 M
b10011010 4
b10011011 6
b10011010 2
1L
0d
1c
b10011010 (
#166600
0!
0+
#166620
1!
1+
b10011100 A
b10011011 M
b10011011 4
b10011100 6
b10011011 2
0L
0K
1J
1d
b10011011 (
#166640
0!
0+
#166660
1!
1+
b10011101 A
b10011100 M
b10011100 4
b10011101 6
b10011100 2
1L
0d
0c
1b
b10011100 (
#166680
0!
0+
#166700
1!
1+
b10011110 A
b10011101 M
b10011101 4
b10011110 6
b10011101 2
0L
1K
1d
b10011101 (
#166720
0!
0+
#166740
1!
1+
b10011111 A
b10011110 M
b10011110 4
b10011111 6
b10011110 2
1L
0d
1c
b10011110 (
#166760
0!
0+
#166780
1!
1+
b10100000 A
b10011111 M
b10011111 4
b10100000 6
b10011111 2
0L
0K
0J
0I
0H
1G
1d
b10011111 (
#166800
0!
0+
#166820
1!
1+
b10100001 A
b10100000 M
b10100000 4
b10100001 6
b10100000 2
1L
0d
0c
0b
0a
0`
1_
b10100000 (
#166840
0!
0+
#166860
1!
1+
b10100010 A
b10100001 M
b10100001 4
b10100010 6
b10100001 2
0L
1K
1d
b10100001 (
#166880
0!
0+
#166900
1!
1+
b10100011 A
b10100010 M
b10100010 4
b10100011 6
b10100010 2
1L
0d
1c
b10100010 (
#166920
0!
0+
#166940
1!
1+
b10100100 A
b10100011 M
b10100011 4
b10100100 6
b10100011 2
0L
0K
1J
1d
b10100011 (
#166960
0!
0+
#166980
1!
1+
b10100101 A
b10100100 M
b10100100 4
b10100101 6
b10100100 2
1L
0d
0c
1b
b10100100 (
#167000
0!
0+
#167020
1!
1+
b10100110 A
b10100101 M
b10100101 4
b10100110 6
b10100101 2
0L
1K
1d
b10100101 (
#167040
0!
0+
#167060
1!
1+
b10100111 A
b10100110 M
b10100110 4
b10100111 6
b10100110 2
1L
0d
1c
b10100110 (
#167080
0!
0+
#167100
1!
1+
b10101000 A
b10100111 M
b10100111 4
b10101000 6
b10100111 2
0L
0K
0J
1I
1d
b10100111 (
#167120
0!
0+
#167140
1!
1+
b10101001 A
b10101000 M
b10101000 4
b10101001 6
b10101000 2
1L
0d
0c
0b
1a
b10101000 (
#167160
0!
0+
#167180
1!
1+
b10101010 A
b10101001 M
b10101001 4
b10101010 6
b10101001 2
0L
1K
1d
b10101001 (
#167200
0!
0+
#167220
1!
1+
b10101011 A
b10101010 M
b10101010 4
b10101011 6
b10101010 2
1L
0d
1c
b10101010 (
#167240
0!
0+
#167260
1!
1+
b10101100 A
b10101011 M
b10101011 4
b10101100 6
b10101011 2
0L
0K
1J
1d
b10101011 (
#167280
0!
0+
#167300
1!
1+
b10101101 A
b10101100 M
b10101100 4
b10101101 6
b10101100 2
1L
0d
0c
1b
b10101100 (
#167320
0!
0+
#167340
1!
1+
b10101110 A
b10101101 M
b10101101 4
b10101110 6
b10101101 2
0L
1K
1d
b10101101 (
#167360
0!
0+
#167380
1!
1+
b10101111 A
b10101110 M
b10101110 4
b10101111 6
b10101110 2
1L
0d
1c
b10101110 (
#167400
0!
0+
#167420
1!
1+
b10110000 A
b10101111 M
b10101111 4
b10110000 6
b10101111 2
0L
0K
0J
0I
1H
1d
b10101111 (
#167440
0!
0+
#167460
1!
1+
b10110001 A
b10110000 M
b10110000 4
b10110001 6
b10110000 2
1L
0d
0c
0b
0a
1`
b10110000 (
#167480
0!
0+
#167500
1!
1+
b10110010 A
b10110001 M
b10110001 4
b10110010 6
b10110001 2
0L
1K
1d
b10110001 (
#167520
0!
0+
#167540
1!
1+
b10110011 A
b10110010 M
b10110010 4
b10110011 6
b10110010 2
1L
0d
1c
b10110010 (
#167560
0!
0+
#167580
1!
1+
b10110100 A
b10110011 M
b10110011 4
b10110100 6
b10110011 2
0L
0K
1J
1d
b10110011 (
#167600
0!
0+
#167620
1!
1+
b10110101 A
b10110100 M
b10110100 4
b10110101 6
b10110100 2
1L
0d
0c
1b
b10110100 (
#167640
0!
0+
#167660
1!
1+
b10110110 A
b10110101 M
b10110101 4
b10110110 6
b10110101 2
0L
1K
1d
b10110101 (
#167680
0!
0+
#167700
1!
1+
b10110111 A
b10110110 M
b10110110 4
b10110111 6
b10110110 2
1L
0d
1c
b10110110 (
#167720
0!
0+
#167740
1!
1+
b10111000 A
b10110111 M
b10110111 4
b10111000 6
b10110111 2
0L
0K
0J
1I
1d
b10110111 (
#167760
0!
0+
#167780
1!
1+
b10111001 A
b10111000 M
b10111000 4
b10111001 6
b10111000 2
1L
0d
0c
0b
1a
b10111000 (
#167800
0!
0+
#167820
1!
1+
b10111010 A
b10111001 M
b10111001 4
b10111010 6
b10111001 2
0L
1K
1d
b10111001 (
#167840
0!
0+
#167860
1!
1+
b10111011 A
b10111010 M
b10111010 4
b10111011 6
b10111010 2
1L
0d
1c
b10111010 (
#167880
0!
0+
#167900
1!
1+
b10111100 A
b10111011 M
b10111011 4
b10111100 6
b10111011 2
0L
0K
1J
1d
b10111011 (
#167920
0!
0+
#167940
1!
1+
b10111101 A
b10111100 M
b10111100 4
b10111101 6
b10111100 2
1L
0d
0c
1b
b10111100 (
#167960
0!
0+
#167980
1!
1+
b10111110 A
b10111101 M
b10111101 4
b10111110 6
b10111101 2
0L
1K
1d
b10111101 (
#168000
0!
0+
#168020
1!
1+
b10111111 A
b10111110 M
b10111110 4
b10111111 6
b10111110 2
1L
0d
1c
b10111110 (
#168040
0!
0+
#168060
1!
1+
b11000000 A
b10111111 M
b10111111 4
b11000000 6
b10111111 2
0L
0K
0J
0I
0H
0G
1F
1d
b10111111 (
#168080
0!
0+
#168100
1!
1+
b11000001 A
b11000000 M
b11000000 4
b11000001 6
b11000000 2
1L
0d
0c
0b
0a
0`
0_
1^
b11000000 (
#168120
0!
0+
#168140
1!
1+
b11000010 A
b11000001 M
b11000001 4
b11000010 6
b11000001 2
0L
1K
1d
b11000001 (
#168160
0!
0+
#168180
1!
1+
b11000011 A
b11000010 M
b11000010 4
b11000011 6
b11000010 2
1L
0d
1c
b11000010 (
#168200
0!
0+
#168220
1!
1+
b11000100 A
b11000011 M
b11000011 4
b11000100 6
b11000011 2
0L
0K
1J
1d
b11000011 (
#168240
0!
0+
#168260
1!
1+
b11000101 A
b11000100 M
b11000100 4
b11000101 6
b11000100 2
1L
0d
0c
1b
b11000100 (
#168280
0!
0+
#168300
1!
1+
b11000110 A
b11000101 M
b11000101 4
b11000110 6
b11000101 2
0L
1K
1d
b11000101 (
#168320
0!
0+
#168340
1!
1+
b11000111 A
b11000110 M
b11000110 4
b11000111 6
b11000110 2
1L
0d
1c
b11000110 (
#168360
0!
0+
#168380
1!
1+
b11001000 A
b11000111 M
b11000111 4
b11001000 6
b11000111 2
0L
0K
0J
1I
1d
b11000111 (
#168400
0!
0+
#168420
1!
1+
b11001001 A
b11001000 M
b11001000 4
b11001001 6
b11001000 2
1L
0d
0c
0b
1a
b11001000 (
#168440
0!
0+
#168460
1!
1+
b11001010 A
b11001001 M
b11001001 4
b11001010 6
b11001001 2
0L
1K
1d
b11001001 (
#168480
0!
0+
#168500
1!
1+
b11001011 A
b11001010 M
b11001010 4
b11001011 6
b11001010 2
1L
0d
1c
b11001010 (
#168520
0!
0+
#168540
1!
1+
b11001100 A
b11001011 M
b11001011 4
b11001100 6
b11001011 2
0L
0K
1J
1d
b11001011 (
#168560
0!
0+
#168580
1!
1+
b11001101 A
b11001100 M
b11001100 4
b11001101 6
b11001100 2
1L
0d
0c
1b
b11001100 (
#168600
0!
0+
#168620
1!
1+
b11001110 A
b11001101 M
b11001101 4
b11001110 6
b11001101 2
0L
1K
1d
b11001101 (
#168640
0!
0+
#168660
1!
1+
b11001111 A
b11001110 M
b11001110 4
b11001111 6
b11001110 2
1L
0d
1c
b11001110 (
#168680
0!
0+
#168700
1!
1+
b11010000 A
b11001111 M
b11001111 4
b11010000 6
b11001111 2
0L
0K
0J
0I
1H
1d
b11001111 (
#168720
0!
0+
#168740
1!
1+
b11010001 A
b11010000 M
b11010000 4
b11010001 6
b11010000 2
1L
0d
0c
0b
0a
1`
b11010000 (
#168760
0!
0+
#168780
1!
1+
b11010010 A
b11010001 M
b11010001 4
b11010010 6
b11010001 2
0L
1K
1d
b11010001 (
#168800
0!
0+
#168820
1!
1+
b11010011 A
b11010010 M
b11010010 4
b11010011 6
b11010010 2
1L
0d
1c
b11010010 (
#168840
0!
0+
#168860
1!
1+
b11010100 A
b11010011 M
b11010011 4
b11010100 6
b11010011 2
0L
0K
1J
1d
b11010011 (
#168880
0!
0+
#168900
1!
1+
b11010101 A
b11010100 M
b11010100 4
b11010101 6
b11010100 2
1L
0d
0c
1b
b11010100 (
#168920
0!
0+
#168940
1!
1+
b11010110 A
b11010101 M
b11010101 4
b11010110 6
b11010101 2
0L
1K
1d
b11010101 (
#168960
0!
0+
#168980
1!
1+
b11010111 A
b11010110 M
b11010110 4
b11010111 6
b11010110 2
1L
0d
1c
b11010110 (
#169000
0!
0+
#169020
1!
1+
b11011000 A
b11010111 M
b11010111 4
b11011000 6
b11010111 2
0L
0K
0J
1I
1d
b11010111 (
#169040
0!
0+
#169060
1!
1+
b11011001 A
b11011000 M
b11011000 4
b11011001 6
b11011000 2
1L
0d
0c
0b
1a
b11011000 (
#169080
0!
0+
#169100
1!
1+
b11011010 A
b11011001 M
b11011001 4
b11011010 6
b11011001 2
0L
1K
1d
b11011001 (
#169120
0!
0+
#169140
1!
1+
b11011011 A
b11011010 M
b11011010 4
b11011011 6
b11011010 2
1L
0d
1c
b11011010 (
#169160
0!
0+
#169180
1!
1+
b11011100 A
b11011011 M
b11011011 4
b11011100 6
b11011011 2
0L
0K
1J
1d
b11011011 (
#169200
0!
0+
#169220
1!
1+
b11011101 A
b11011100 M
b11011100 4
b11011101 6
b11011100 2
1L
0d
0c
1b
b11011100 (
#169240
0!
0+
#169260
1!
1+
b11011110 A
b11011101 M
b11011101 4
b11011110 6
b11011101 2
0L
1K
1d
b11011101 (
#169280
0!
0+
#169300
1!
1+
b11011111 A
b11011110 M
b11011110 4
b11011111 6
b11011110 2
1L
0d
1c
b11011110 (
#169320
0!
0+
#169340
1!
1+
b11100000 A
b11011111 M
b11011111 4
b11100000 6
b11011111 2
0L
0K
0J
0I
0H
1G
1d
b11011111 (
#169360
0!
0+
#169380
1!
1+
b11100001 A
b11100000 M
b11100000 4
b11100001 6
b11100000 2
1L
0d
0c
0b
0a
0`
1_
b11100000 (
#169400
0!
0+
#169420
1!
1+
b11100010 A
b11100001 M
b11100001 4
b11100010 6
b11100001 2
0L
1K
1d
b11100001 (
#169440
0!
0+
#169460
1!
1+
b11100011 A
b11100010 M
b11100010 4
b11100011 6
b11100010 2
1L
0d
1c
b11100010 (
#169480
0!
0+
#169500
1!
1+
b11100100 A
b11100011 M
b11100011 4
b11100100 6
b11100011 2
0L
0K
1J
1d
b11100011 (
#169520
0!
0+
#169540
1!
1+
b11100101 A
b11100100 M
b11100100 4
b11100101 6
b11100100 2
1L
0d
0c
1b
b11100100 (
#169560
0!
0+
#169580
1!
1+
b11100110 A
b11100101 M
b11100101 4
b11100110 6
b11100101 2
0L
1K
1d
b11100101 (
#169600
0!
0+
#169620
1!
1+
b11100111 A
b11100110 M
b11100110 4
b11100111 6
b11100110 2
1L
0d
1c
b11100110 (
#169640
0!
0+
#169660
1!
1+
b11101000 A
b11100111 M
b11100111 4
b11101000 6
b11100111 2
0L
0K
0J
1I
1d
b11100111 (
#169680
0!
0+
#169700
1!
1+
b11101001 A
b11101000 M
b11101000 4
b11101001 6
b11101000 2
1L
0d
0c
0b
1a
b11101000 (
#169720
0!
0+
#169740
1!
1+
b11101010 A
b11101001 M
b11101001 4
b11101010 6
b11101001 2
0L
1K
1d
b11101001 (
#169760
0!
0+
#169780
1!
1+
b11101011 A
b11101010 M
b11101010 4
b11101011 6
b11101010 2
1L
0d
1c
b11101010 (
#169800
0!
0+
#169820
1!
1+
b11101100 A
b11101011 M
b11101011 4
b11101100 6
b11101011 2
0L
0K
1J
1d
b11101011 (
#169840
0!
0+
#169860
1!
1+
b11101101 A
b11101100 M
b11101100 4
b11101101 6
b11101100 2
1L
0d
0c
1b
b11101100 (
#169880
0!
0+
#169900
1!
1+
b11101110 A
b11101101 M
b11101101 4
b11101110 6
b11101101 2
0L
1K
1d
b11101101 (
#169920
0!
0+
#169940
1!
1+
b11101111 A
b11101110 M
b11101110 4
b11101111 6
b11101110 2
1L
0d
1c
b11101110 (
#169960
0!
0+
#169980
1!
1+
b11110000 A
b11101111 M
b11101111 4
b11110000 6
b11101111 2
0L
0K
0J
0I
1H
1d
b11101111 (
#170000
0!
0+
#170020
1!
1+
b11110001 A
b11110000 M
b11110000 4
b11110001 6
b11110000 2
1L
0d
0c
0b
0a
1`
b11110000 (
#170040
0!
0+
#170060
1!
1+
b11110010 A
b11110001 M
b11110001 4
b11110010 6
b11110001 2
0L
1K
1d
b11110001 (
#170080
0!
0+
#170100
1!
1+
b11110011 A
b11110010 M
b11110010 4
b11110011 6
b11110010 2
1L
0d
1c
b11110010 (
#170120
0!
0+
#170140
1!
1+
b11110100 A
b11110011 M
b11110011 4
b11110100 6
b11110011 2
0L
0K
1J
1d
b11110011 (
#170160
0!
0+
#170180
1!
1+
b11110101 A
b11110100 M
b11110100 4
b11110101 6
b11110100 2
1L
0d
0c
1b
b11110100 (
#170200
0!
0+
#170220
1!
1+
b11110110 A
b11110101 M
b11110101 4
b11110110 6
b11110101 2
0L
1K
1d
b11110101 (
#170240
0!
0+
#170260
1!
1+
b11110111 A
b11110110 M
b11110110 4
b11110111 6
b11110110 2
1L
0d
1c
b11110110 (
#170280
0!
0+
#170300
1!
1+
b11111000 A
b11110111 M
b11110111 4
b11111000 6
b11110111 2
0L
0K
0J
1I
1d
b11110111 (
#170320
0!
0+
#170340
1!
1+
b11111001 A
b11111000 M
b11111000 4
b11111001 6
b11111000 2
1L
0d
0c
0b
1a
b11111000 (
#170360
0!
0+
#170380
1!
1+
b11111010 A
b11111001 M
b11111001 4
b11111010 6
b11111001 2
0L
1K
1d
b11111001 (
#170400
0!
0+
#170420
1!
1+
b11111011 A
b11111010 M
b11111010 4
b11111011 6
b11111010 2
1L
0d
1c
b11111010 (
#170440
0!
0+
#170460
1!
1+
b11111100 A
b11111011 M
b11111011 4
b11111100 6
b11111011 2
0L
0K
1J
1d
b11111011 (
#170480
0!
0+
#170500
1!
1+
b11111101 A
b11111100 M
b11111100 4
b11111101 6
b11111100 2
1L
0d
0c
1b
b11111100 (
#170520
0!
0+
#170540
1!
1+
b11111110 A
b11111101 M
b11111101 4
b11111110 6
b11111101 2
0L
1K
1d
b11111101 (
#170560
0!
0+
#170580
1!
1+
b11111111 A
b11111110 M
b11111110 4
b11111111 6
b11111110 2
1L
0d
1c
b11111110 (
#170600
0!
0+
#170620
1!
1+
b100000000 A
b11111111 M
b11111111 4
b100000000 6
b11111111 2
0L
0K
0J
0I
0H
0G
0F
0E
1D
1d
b11111111 (
#170640
0!
0+
#170660
1!
1+
b100000001 A
b100000000 M
b100000000 4
b100000001 6
b100000000 2
1L
0d
0c
0b
0a
0`
0_
0^
0]
1\
b100000000 (
#170680
0!
0+
#170700
1!
1+
b100000010 A
b100000001 M
b100000001 4
b100000010 6
b100000001 2
0L
1K
1d
b100000001 (
#170720
0!
0+
#170740
1!
1+
b100000011 A
b100000010 M
b100000010 4
b100000011 6
b100000010 2
1L
0d
1c
b100000010 (
#170760
0!
0+
#170780
1!
1+
b100000100 A
b100000011 M
b100000011 4
b100000100 6
b100000011 2
0L
0K
1J
1d
b100000011 (
#170800
0!
0+
#170820
1!
1+
b100000101 A
b100000100 M
b100000100 4
b100000101 6
b100000100 2
1L
0d
0c
1b
b100000100 (
#170840
0!
0+
#170860
1!
1+
b100000110 A
b100000101 M
b100000101 4
b100000110 6
b100000101 2
0L
1K
1d
b100000101 (
#170880
0!
0+
#170900
1!
1+
b100000111 A
b100000110 M
b100000110 4
b100000111 6
b100000110 2
1L
0d
1c
b100000110 (
#170920
0!
0+
#170940
1!
1+
b100001000 A
b100000111 M
b100000111 4
b100001000 6
b100000111 2
0L
0K
0J
1I
1d
b100000111 (
#170960
0!
0+
#170980
1!
1+
b100001001 A
b100001000 M
b100001000 4
b100001001 6
b100001000 2
1L
0d
0c
0b
1a
b100001000 (
#171000
0!
0+
#171020
1!
1+
b100001010 A
b100001001 M
b100001001 4
b100001010 6
b100001001 2
0L
1K
1d
b100001001 (
#171040
0!
0+
#171060
1!
1+
b100001011 A
b100001010 M
b100001010 4
b100001011 6
b100001010 2
1L
0d
1c
b100001010 (
#171080
0!
0+
#171100
1!
1+
b100001100 A
b100001011 M
b100001011 4
b100001100 6
b100001011 2
0L
0K
1J
1d
b100001011 (
#171120
0!
0+
#171140
1!
1+
b100001101 A
b100001100 M
b100001100 4
b100001101 6
b100001100 2
1L
0d
0c
1b
b100001100 (
#171160
0!
0+
#171180
1!
1+
b100001110 A
b100001101 M
b100001101 4
b100001110 6
b100001101 2
0L
1K
1d
b100001101 (
#171200
0!
0+
#171220
1!
1+
b100001111 A
b100001110 M
b100001110 4
b100001111 6
b100001110 2
1L
0d
1c
b100001110 (
#171240
0!
0+
#171260
1!
1+
b100010000 A
b100001111 M
b100001111 4
b100010000 6
b100001111 2
0L
0K
0J
0I
1H
1d
b100001111 (
#171280
0!
0+
#171300
1!
1+
b100010001 A
b100010000 M
b100010000 4
b100010001 6
b100010000 2
1L
0d
0c
0b
0a
1`
b100010000 (
#171320
0!
0+
#171340
1!
1+
b100010010 A
b100010001 M
b100010001 4
b100010010 6
b100010001 2
0L
1K
1d
b100010001 (
#171360
0!
0+
#171380
1!
1+
b100010011 A
b100010010 M
b100010010 4
b100010011 6
b100010010 2
1L
0d
1c
b100010010 (
#171400
0!
0+
#171420
1!
1+
b100010100 A
b100010011 M
b100010011 4
b100010100 6
b100010011 2
0L
0K
1J
1d
b100010011 (
#171440
0!
0+
#171460
1!
1+
b100010101 A
b100010100 M
b100010100 4
b100010101 6
b100010100 2
1L
0d
0c
1b
b100010100 (
#171480
0!
0+
#171500
1!
1+
b100010110 A
b100010101 M
b100010101 4
b100010110 6
b100010101 2
0L
1K
1d
b100010101 (
#171520
0!
0+
#171540
1!
1+
b100010111 A
b100010110 M
b100010110 4
b100010111 6
b100010110 2
1L
0d
1c
b100010110 (
#171560
0!
0+
#171580
1!
1+
b100011000 A
b100010111 M
b100010111 4
b100011000 6
b100010111 2
0L
0K
0J
1I
1d
b100010111 (
#171600
0!
0+
#171620
1!
1+
b100011001 A
b100011000 M
b100011000 4
b100011001 6
b100011000 2
1L
0d
0c
0b
1a
b100011000 (
#171640
0!
0+
#171660
1!
1+
b100011010 A
b100011001 M
b100011001 4
b100011010 6
b100011001 2
0L
1K
1d
b100011001 (
#171680
0!
0+
#171700
1!
1+
b100011011 A
b100011010 M
b100011010 4
b100011011 6
b100011010 2
1L
0d
1c
b100011010 (
#171720
0!
0+
#171740
1!
1+
b100011100 A
b100011011 M
b100011011 4
b100011100 6
b100011011 2
0L
0K
1J
1d
b100011011 (
#171760
0!
0+
#171780
1!
1+
b100011101 A
b100011100 M
b100011100 4
b100011101 6
b100011100 2
1L
0d
0c
1b
b100011100 (
#171800
0!
0+
#171820
1!
1+
b100011110 A
b100011101 M
b100011101 4
b100011110 6
b100011101 2
0L
1K
1d
b100011101 (
#171840
0!
0+
#171860
1!
1+
b100011111 A
b100011110 M
b100011110 4
b100011111 6
b100011110 2
1L
0d
1c
b100011110 (
#171880
0!
0+
#171900
1!
1+
b100100000 A
b100011111 M
b100011111 4
b100100000 6
b100011111 2
0L
0K
0J
0I
0H
1G
1d
b100011111 (
#171920
0!
0+
#171940
1!
1+
b100100001 A
b100100000 M
b100100000 4
b100100001 6
b100100000 2
1L
0d
0c
0b
0a
0`
1_
b100100000 (
#171960
0!
0+
#171980
1!
1+
b100100010 A
b100100001 M
b100100001 4
b100100010 6
b100100001 2
0L
1K
1d
b100100001 (
#172000
0!
0+
#172020
1!
1+
b100100011 A
b100100010 M
b100100010 4
b100100011 6
b100100010 2
1L
0d
1c
b100100010 (
#172040
0!
0+
#172060
1!
1+
b100100100 A
b100100011 M
b100100011 4
b100100100 6
b100100011 2
0L
0K
1J
1d
b100100011 (
#172080
0!
0+
#172100
1!
1+
b100100101 A
b100100100 M
b100100100 4
b100100101 6
b100100100 2
1L
0d
0c
1b
b100100100 (
#172120
0!
0+
#172140
1!
1+
b100100110 A
b100100101 M
b100100101 4
b100100110 6
b100100101 2
0L
1K
1d
b100100101 (
#172160
0!
0+
#172180
1!
1+
b100100111 A
b100100110 M
b100100110 4
b100100111 6
b100100110 2
1L
0d
1c
b100100110 (
#172200
0!
0+
#172220
1!
1+
b100101000 A
b100100111 M
b100100111 4
b100101000 6
b100100111 2
0L
0K
0J
1I
1d
b100100111 (
#172240
0!
0+
#172260
1!
1+
b100101001 A
b100101000 M
b100101000 4
b100101001 6
b100101000 2
1L
0d
0c
0b
1a
b100101000 (
#172280
0!
0+
#172300
1!
1+
b100101010 A
b100101001 M
b100101001 4
b100101010 6
b100101001 2
0L
1K
1d
b100101001 (
#172320
0!
0+
#172340
1!
1+
b100101011 A
b100101010 M
b100101010 4
b100101011 6
b100101010 2
1L
0d
1c
b100101010 (
#172360
0!
0+
#172380
1!
1+
b100101100 A
b100101011 M
b100101011 4
b100101100 6
b100101011 2
0L
0K
1J
1d
b100101011 (
#172400
0!
0+
#172420
1!
1+
b100101101 A
b100101100 M
b100101100 4
b100101101 6
b100101100 2
1L
0d
0c
1b
b100101100 (
#172440
0!
0+
#172460
1!
1+
b100101110 A
b100101101 M
b100101101 4
b100101110 6
b100101101 2
0L
1K
1d
b100101101 (
#172480
0!
0+
#172500
1!
1+
b100101111 A
b100101110 M
b100101110 4
b100101111 6
b100101110 2
1L
0d
1c
b100101110 (
#172520
0!
0+
#172540
1!
1+
b100110000 A
b100101111 M
b100101111 4
b100110000 6
b100101111 2
0L
0K
0J
0I
1H
1d
b100101111 (
#172560
0!
0+
#172580
1!
1+
b100110001 A
b100110000 M
b100110000 4
b100110001 6
b100110000 2
1L
0d
0c
0b
0a
1`
b100110000 (
#172600
0!
0+
#172620
1!
1+
b100110010 A
b100110001 M
b100110001 4
b100110010 6
b100110001 2
0L
1K
1d
b100110001 (
#172640
0!
0+
#172660
1!
1+
b100110011 A
b100110010 M
b100110010 4
b100110011 6
b100110010 2
1L
0d
1c
b100110010 (
#172680
0!
0+
#172700
1!
1+
b100110100 A
b100110011 M
b100110011 4
b100110100 6
b100110011 2
0L
0K
1J
1d
b100110011 (
#172720
0!
0+
#172740
1!
1+
b100110101 A
b100110100 M
b100110100 4
b100110101 6
b100110100 2
1L
0d
0c
1b
b100110100 (
#172760
0!
0+
#172780
1!
1+
b100110110 A
b100110101 M
b100110101 4
b100110110 6
b100110101 2
0L
1K
1d
b100110101 (
#172800
0!
0+
#172820
1!
1+
b100110111 A
b100110110 M
b100110110 4
b100110111 6
b100110110 2
1L
0d
1c
b100110110 (
#172840
0!
0+
#172860
1!
1+
b100111000 A
b100110111 M
b100110111 4
b100111000 6
b100110111 2
0L
0K
0J
1I
1d
b100110111 (
#172880
0!
0+
#172900
1!
1+
b100111001 A
b100111000 M
b100111000 4
b100111001 6
b100111000 2
1L
0d
0c
0b
1a
b100111000 (
#172920
0!
0+
#172940
1!
1+
b100111010 A
b100111001 M
b100111001 4
b100111010 6
b100111001 2
0L
1K
1d
b100111001 (
#172960
0!
0+
#172980
1!
1+
b100111011 A
b100111010 M
b100111010 4
b100111011 6
b100111010 2
1L
0d
1c
b100111010 (
#173000
0!
0+
#173020
1!
1+
b100111100 A
b100111011 M
b100111011 4
b100111100 6
b100111011 2
0L
0K
1J
1d
b100111011 (
#173040
0!
0+
#173060
1!
1+
b100111101 A
b100111100 M
b100111100 4
b100111101 6
b100111100 2
1L
0d
0c
1b
b100111100 (
#173080
0!
0+
#173100
1!
1+
b100111110 A
b100111101 M
b100111101 4
b100111110 6
b100111101 2
0L
1K
1d
b100111101 (
#173120
0!
0+
#173140
1!
1+
b100111111 A
b100111110 M
b100111110 4
b100111111 6
b100111110 2
1L
0d
1c
b100111110 (
#173160
0!
0+
#173180
1!
1+
b101000000 A
b100111111 M
b100111111 4
b101000000 6
b100111111 2
0L
0K
0J
0I
0H
0G
1F
1d
b100111111 (
#173200
0!
0+
#173220
1!
1+
b101000001 A
b101000000 M
b101000000 4
b101000001 6
b101000000 2
1L
0d
0c
0b
0a
0`
0_
1^
b101000000 (
#173240
0!
0+
#173260
1!
1+
b101000010 A
b101000001 M
b101000001 4
b101000010 6
b101000001 2
0L
1K
1d
b101000001 (
#173280
0!
0+
#173300
1!
1+
b101000011 A
b101000010 M
b101000010 4
b101000011 6
b101000010 2
1L
0d
1c
b101000010 (
#173320
0!
0+
#173340
1!
1+
b101000100 A
b101000011 M
b101000011 4
b101000100 6
b101000011 2
0L
0K
1J
1d
b101000011 (
#173360
0!
0+
#173380
1!
1+
b101000101 A
b101000100 M
b101000100 4
b101000101 6
b101000100 2
1L
0d
0c
1b
b101000100 (
#173400
0!
0+
#173420
1!
1+
b101000110 A
b101000101 M
b101000101 4
b101000110 6
b101000101 2
0L
1K
1d
b101000101 (
#173440
0!
0+
#173460
1!
1+
b101000111 A
b101000110 M
b101000110 4
b101000111 6
b101000110 2
1L
0d
1c
b101000110 (
#173480
0!
0+
#173500
1!
1+
b101001000 A
b101000111 M
b101000111 4
b101001000 6
b101000111 2
0L
0K
0J
1I
1d
b101000111 (
#173520
0!
0+
#173540
1!
1+
b101001001 A
b101001000 M
b101001000 4
b101001001 6
b101001000 2
1L
0d
0c
0b
1a
b101001000 (
#173560
0!
0+
#173580
1!
1+
b101001010 A
b101001001 M
b101001001 4
b101001010 6
b101001001 2
0L
1K
1d
b101001001 (
#173600
0!
0+
#173620
1!
1+
b101001011 A
b101001010 M
b101001010 4
b101001011 6
b101001010 2
1L
0d
1c
b101001010 (
#173640
0!
0+
#173660
1!
1+
b101001100 A
b101001011 M
b101001011 4
b101001100 6
b101001011 2
0L
0K
1J
1d
b101001011 (
#173680
0!
0+
#173700
1!
1+
b101001101 A
b101001100 M
b101001100 4
b101001101 6
b101001100 2
1L
0d
0c
1b
b101001100 (
#173720
0!
0+
#173740
1!
1+
b101001110 A
b101001101 M
b101001101 4
b101001110 6
b101001101 2
0L
1K
1d
b101001101 (
#173760
0!
0+
#173780
1!
1+
b101001111 A
b101001110 M
b101001110 4
b101001111 6
b101001110 2
1L
0d
1c
b101001110 (
#173800
0!
0+
#173820
1!
1+
b101010000 A
b101001111 M
b101001111 4
b101010000 6
b101001111 2
0L
0K
0J
0I
1H
1d
b101001111 (
#173840
0!
0+
#173860
1!
1+
b101010001 A
b101010000 M
b101010000 4
b101010001 6
b101010000 2
1L
0d
0c
0b
0a
1`
b101010000 (
#173880
0!
0+
#173900
1!
1+
b101010010 A
b101010001 M
b101010001 4
b101010010 6
b101010001 2
0L
1K
1d
b101010001 (
#173920
0!
0+
#173940
1!
1+
b101010011 A
b101010010 M
b101010010 4
b101010011 6
b101010010 2
1L
0d
1c
b101010010 (
#173960
0!
0+
#173980
1!
1+
b101010100 A
b101010011 M
b101010011 4
b101010100 6
b101010011 2
0L
0K
1J
1d
b101010011 (
#174000
0!
0+
#174020
1!
1+
b101010101 A
b101010100 M
b101010100 4
b101010101 6
b101010100 2
1L
0d
0c
1b
b101010100 (
#174040
0!
0+
#174060
1!
1+
b101010110 A
b101010101 M
b101010101 4
b101010110 6
b101010101 2
0L
1K
1d
b101010101 (
#174080
0!
0+
#174100
1!
1+
b101010111 A
b101010110 M
b101010110 4
b101010111 6
b101010110 2
1L
0d
1c
b101010110 (
#174120
0!
0+
#174140
1!
1+
b101011000 A
b101010111 M
b101010111 4
b101011000 6
b101010111 2
0L
0K
0J
1I
1d
b101010111 (
#174160
0!
0+
#174180
1!
1+
b101011001 A
b101011000 M
b101011000 4
b101011001 6
b101011000 2
1L
0d
0c
0b
1a
b101011000 (
#174200
0!
0+
#174220
1!
1+
b101011010 A
b101011001 M
b101011001 4
b101011010 6
b101011001 2
0L
1K
1d
b101011001 (
#174240
0!
0+
#174260
1!
1+
b101011011 A
b101011010 M
b101011010 4
b101011011 6
b101011010 2
1L
0d
1c
b101011010 (
#174280
0!
0+
#174300
1!
1+
b101011100 A
b101011011 M
b101011011 4
b101011100 6
b101011011 2
0L
0K
1J
1d
b101011011 (
#174320
0!
0+
#174340
1!
1+
b101011101 A
b101011100 M
b101011100 4
b101011101 6
b101011100 2
1L
0d
0c
1b
b101011100 (
#174360
0!
0+
#174380
1!
1+
b101011110 A
b101011101 M
b101011101 4
b101011110 6
b101011101 2
0L
1K
1d
b101011101 (
#174400
0!
0+
#174420
1!
1+
b101011111 A
b101011110 M
b101011110 4
b101011111 6
b101011110 2
1L
0d
1c
b101011110 (
#174440
0!
0+
#174460
1!
1+
b101100000 A
b101011111 M
b101011111 4
b101100000 6
b101011111 2
0L
0K
0J
0I
0H
1G
1d
b101011111 (
#174480
0!
0+
#174500
1!
1+
b101100001 A
b101100000 M
b101100000 4
b101100001 6
b101100000 2
1L
0d
0c
0b
0a
0`
1_
b101100000 (
#174520
0!
0+
#174540
1!
1+
b101100010 A
b101100001 M
b101100001 4
b101100010 6
b101100001 2
0L
1K
1d
b101100001 (
#174560
0!
0+
#174580
1!
1+
b101100011 A
b101100010 M
b101100010 4
b101100011 6
b101100010 2
1L
0d
1c
b101100010 (
#174600
0!
0+
#174620
1!
1+
b101100100 A
b101100011 M
b101100011 4
b101100100 6
b101100011 2
0L
0K
1J
1d
b101100011 (
#174640
0!
0+
#174660
1!
1+
b101100101 A
b101100100 M
b101100100 4
b101100101 6
b101100100 2
1L
0d
0c
1b
b101100100 (
#174680
0!
0+
#174700
1!
1+
b101100110 A
b101100101 M
b101100101 4
b101100110 6
b101100101 2
0L
1K
1d
b101100101 (
#174720
0!
0+
#174740
1!
1+
b101100111 A
b101100110 M
b101100110 4
b101100111 6
b101100110 2
1L
0d
1c
b101100110 (
#174760
0!
0+
#174780
1!
1+
b101101000 A
b101100111 M
b101100111 4
b101101000 6
b101100111 2
0L
0K
0J
1I
1d
b101100111 (
#174800
0!
0+
#174820
1!
1+
b101101001 A
b101101000 M
b101101000 4
b101101001 6
b101101000 2
1L
0d
0c
0b
1a
b101101000 (
#174840
0!
0+
#174860
1!
1+
b101101010 A
b101101001 M
b101101001 4
b101101010 6
b101101001 2
0L
1K
1d
b101101001 (
#174880
0!
0+
#174900
1!
1+
b101101011 A
b101101010 M
b101101010 4
b101101011 6
b101101010 2
1L
0d
1c
b101101010 (
#174920
0!
0+
#174940
1!
1+
b101101100 A
b101101011 M
b101101011 4
b101101100 6
b101101011 2
0L
0K
1J
1d
b101101011 (
#174960
0!
0+
#174980
1!
1+
b101101101 A
b101101100 M
b101101100 4
b101101101 6
b101101100 2
1L
0d
0c
1b
b101101100 (
#175000
0!
0+
#175020
1!
1+
b101101110 A
b101101101 M
b101101101 4
b101101110 6
b101101101 2
0L
1K
1d
b101101101 (
#175040
0!
0+
#175060
1!
1+
b101101111 A
b101101110 M
b101101110 4
b101101111 6
b101101110 2
1L
0d
1c
b101101110 (
#175080
0!
0+
#175100
1!
1+
b101110000 A
b101101111 M
b101101111 4
b101110000 6
b101101111 2
0L
0K
0J
0I
1H
1d
b101101111 (
#175120
0!
0+
#175140
1!
1+
b101110001 A
b101110000 M
b101110000 4
b101110001 6
b101110000 2
1L
0d
0c
0b
0a
1`
b101110000 (
#175160
0!
0+
#175180
1!
1+
b101110010 A
b101110001 M
b101110001 4
b101110010 6
b101110001 2
0L
1K
1d
b101110001 (
#175200
0!
0+
#175220
1!
1+
b101110011 A
b101110010 M
b101110010 4
b101110011 6
b101110010 2
1L
0d
1c
b101110010 (
#175240
0!
0+
#175260
1!
1+
b101110100 A
b101110011 M
b101110011 4
b101110100 6
b101110011 2
0L
0K
1J
1d
b101110011 (
#175280
0!
0+
#175300
1!
1+
b101110101 A
b101110100 M
b101110100 4
b101110101 6
b101110100 2
1L
0d
0c
1b
b101110100 (
#175320
0!
0+
#175340
1!
1+
b101110110 A
b101110101 M
b101110101 4
b101110110 6
b101110101 2
0L
1K
1d
b101110101 (
#175360
0!
0+
#175380
1!
1+
b101110111 A
b101110110 M
b101110110 4
b101110111 6
b101110110 2
1L
0d
1c
b101110110 (
#175400
0!
0+
#175420
1!
1+
b101111000 A
b101110111 M
b101110111 4
b101111000 6
b101110111 2
0L
0K
0J
1I
1d
b101110111 (
#175440
0!
0+
#175460
1!
1+
b101111001 A
b101111000 M
b101111000 4
b101111001 6
b101111000 2
1L
0d
0c
0b
1a
b101111000 (
#175480
0!
0+
#175500
1!
1+
b101111010 A
b101111001 M
b101111001 4
b101111010 6
b101111001 2
0L
1K
1d
b101111001 (
#175520
0!
0+
#175540
1!
1+
b101111011 A
b101111010 M
b101111010 4
b101111011 6
b101111010 2
1L
0d
1c
b101111010 (
#175560
0!
0+
#175580
1!
1+
b101111100 A
b101111011 M
b101111011 4
b101111100 6
b101111011 2
0L
0K
1J
1d
b101111011 (
#175600
0!
0+
#175620
1!
1+
b101111101 A
b101111100 M
b101111100 4
b101111101 6
b101111100 2
1L
0d
0c
1b
b101111100 (
#175640
0!
0+
#175660
1!
1+
b101111110 A
b101111101 M
b101111101 4
b101111110 6
b101111101 2
0L
1K
1d
b101111101 (
#175680
0!
0+
#175700
1!
1+
b101111111 A
b101111110 M
b101111110 4
b101111111 6
b101111110 2
1L
0d
1c
b101111110 (
#175720
0!
0+
#175740
1!
1+
b110000000 A
b101111111 M
b101111111 4
b110000000 6
b101111111 2
0L
0K
0J
0I
0H
0G
0F
1E
1d
b101111111 (
#175760
0!
0+
#175780
1!
1+
b110000001 A
b110000000 M
b110000000 4
b110000001 6
b110000000 2
1L
0d
0c
0b
0a
0`
0_
0^
1]
b110000000 (
#175800
0!
0+
#175820
1!
1+
b110000010 A
b110000001 M
b110000001 4
b110000010 6
b110000001 2
0L
1K
1d
b110000001 (
#175840
0!
0+
#175860
1!
1+
b110000011 A
b110000010 M
b110000010 4
b110000011 6
b110000010 2
1L
0d
1c
b110000010 (
#175880
0!
0+
#175900
1!
1+
b110000100 A
b110000011 M
b110000011 4
b110000100 6
b110000011 2
0L
0K
1J
1d
b110000011 (
#175920
0!
0+
#175940
1!
1+
b110000101 A
b110000100 M
b110000100 4
b110000101 6
b110000100 2
1L
0d
0c
1b
b110000100 (
#175960
0!
0+
#175980
1!
1+
b110000110 A
b110000101 M
b110000101 4
b110000110 6
b110000101 2
0L
1K
1d
b110000101 (
#176000
0!
0+
#176020
1!
1+
b110000111 A
b110000110 M
b110000110 4
b110000111 6
b110000110 2
1L
0d
1c
b110000110 (
#176040
0!
0+
#176060
1!
1+
b110001000 A
b110000111 M
b110000111 4
b110001000 6
b110000111 2
0L
0K
0J
1I
1d
b110000111 (
#176080
0!
0+
#176100
1!
1+
b110001001 A
b110001000 M
b110001000 4
b110001001 6
b110001000 2
1L
0d
0c
0b
1a
b110001000 (
#176120
0!
0+
#176140
1!
1+
b110001010 A
b110001001 M
b110001001 4
b110001010 6
b110001001 2
0L
1K
1d
b110001001 (
#176160
0!
0+
#176180
1!
1+
b110001011 A
b110001010 M
b110001010 4
b110001011 6
b110001010 2
1L
0d
1c
b110001010 (
#176200
0!
0+
#176220
1!
1+
b110001100 A
b110001011 M
b110001011 4
b110001100 6
b110001011 2
0L
0K
1J
1d
b110001011 (
#176240
0!
0+
#176260
1!
1+
b110001101 A
b110001100 M
b110001100 4
b110001101 6
b110001100 2
1L
0d
0c
1b
b110001100 (
#176280
0!
0+
#176300
1!
1+
b110001110 A
b110001101 M
b110001101 4
b110001110 6
b110001101 2
0L
1K
1d
b110001101 (
#176320
0!
0+
#176340
1!
1+
b110001111 A
b110001110 M
b110001110 4
b110001111 6
b110001110 2
1L
0d
1c
b110001110 (
#176360
0!
0+
#176380
1!
1+
b110010000 A
b110001111 M
b110001111 4
b110010000 6
b110001111 2
0L
0K
0J
0I
1H
1d
b110001111 (
#176400
0!
0+
#176420
1!
1+
b110010001 A
b110010000 M
b110010000 4
b110010001 6
b110010000 2
1L
0d
0c
0b
0a
1`
b110010000 (
#176440
0!
0+
#176460
1!
1+
b110010010 A
b110010001 M
b110010001 4
b110010010 6
b110010001 2
0L
1K
1d
b110010001 (
#176480
0!
0+
#176500
1!
1+
b110010011 A
b110010010 M
b110010010 4
b110010011 6
b110010010 2
1L
0d
1c
b110010010 (
#176520
0!
0+
#176540
1!
1+
b110010100 A
b110010011 M
b110010011 4
b110010100 6
b110010011 2
0L
0K
1J
1d
b110010011 (
#176560
0!
0+
#176580
1!
1+
b110010101 A
b110010100 M
b110010100 4
b110010101 6
b110010100 2
1L
0d
0c
1b
b110010100 (
#176600
0!
0+
#176620
1!
1+
b110010110 A
b110010101 M
b110010101 4
b110010110 6
b110010101 2
0L
1K
1d
b110010101 (
#176640
0!
0+
#176660
1!
1+
b110010111 A
b110010110 M
b110010110 4
b110010111 6
b110010110 2
1L
0d
1c
b110010110 (
#176680
0!
0+
#176700
1!
1+
b110011000 A
b110010111 M
b110010111 4
b110011000 6
b110010111 2
0L
0K
0J
1I
1d
b110010111 (
#176720
0!
0+
#176740
1!
1+
b110011001 A
b110011000 M
b110011000 4
b110011001 6
b110011000 2
1L
0d
0c
0b
1a
b110011000 (
#176760
0!
0+
#176780
1!
1+
b110011010 A
b110011001 M
b110011001 4
b110011010 6
b110011001 2
0L
1K
1d
b110011001 (
#176800
0!
0+
#176820
1!
1+
b110011011 A
b110011010 M
b110011010 4
b110011011 6
b110011010 2
1L
0d
1c
b110011010 (
#176840
0!
0+
#176860
1!
1+
b110011100 A
b110011011 M
b110011011 4
b110011100 6
b110011011 2
0L
0K
1J
1d
b110011011 (
#176880
0!
0+
#176900
1!
1+
b110011101 A
b110011100 M
b110011100 4
b110011101 6
b110011100 2
1L
0d
0c
1b
b110011100 (
#176920
0!
0+
#176940
1!
1+
b110011110 A
b110011101 M
b110011101 4
b110011110 6
b110011101 2
0L
1K
1d
b110011101 (
#176960
0!
0+
#176980
1!
1+
b110011111 A
b110011110 M
b110011110 4
b110011111 6
b110011110 2
1L
0d
1c
b110011110 (
#177000
0!
0+
#177020
1!
1+
b110100000 A
b110011111 M
b110011111 4
b110100000 6
b110011111 2
0L
0K
0J
0I
0H
1G
1d
b110011111 (
#177040
0!
0+
#177060
1!
1+
b110100001 A
b110100000 M
b110100000 4
b110100001 6
b110100000 2
1L
0d
0c
0b
0a
0`
1_
b110100000 (
#177080
0!
0+
#177100
1!
1+
b110100010 A
b110100001 M
b110100001 4
b110100010 6
b110100001 2
0L
1K
1d
b110100001 (
#177120
0!
0+
#177140
1!
1+
b110100011 A
b110100010 M
b110100010 4
b110100011 6
b110100010 2
1L
0d
1c
b110100010 (
#177160
0!
0+
#177180
1!
1+
b110100100 A
b110100011 M
b110100011 4
b110100100 6
b110100011 2
0L
0K
1J
1d
b110100011 (
#177200
0!
0+
#177220
1!
1+
b110100101 A
b110100100 M
b110100100 4
b110100101 6
b110100100 2
1L
0d
0c
1b
b110100100 (
#177240
0!
0+
#177260
1!
1+
b110100110 A
b110100101 M
b110100101 4
b110100110 6
b110100101 2
0L
1K
1d
b110100101 (
#177280
0!
0+
#177300
1!
1+
b110100111 A
b110100110 M
b110100110 4
b110100111 6
b110100110 2
1L
0d
1c
b110100110 (
#177320
0!
0+
#177340
1!
1+
b110101000 A
b110100111 M
b110100111 4
b110101000 6
b110100111 2
0L
0K
0J
1I
1d
b110100111 (
#177360
0!
0+
#177380
1!
1+
b110101001 A
b110101000 M
b110101000 4
b110101001 6
b110101000 2
1L
0d
0c
0b
1a
b110101000 (
#177400
0!
0+
#177420
1!
1+
b110101010 A
b110101001 M
b110101001 4
b110101010 6
b110101001 2
0L
1K
1d
b110101001 (
#177440
0!
0+
#177460
1!
1+
b110101011 A
b110101010 M
b110101010 4
b110101011 6
b110101010 2
1L
0d
1c
b110101010 (
#177480
0!
0+
#177500
1!
1+
b110101100 A
b110101011 M
b110101011 4
b110101100 6
b110101011 2
0L
0K
1J
1d
b110101011 (
#177520
0!
0+
#177540
1!
1+
b110101101 A
b110101100 M
b110101100 4
b110101101 6
b110101100 2
1L
0d
0c
1b
b110101100 (
#177560
0!
0+
#177580
1!
1+
b110101110 A
b110101101 M
b110101101 4
b110101110 6
b110101101 2
0L
1K
1d
b110101101 (
#177600
0!
0+
#177620
1!
1+
b110101111 A
b110101110 M
b110101110 4
b110101111 6
b110101110 2
1L
0d
1c
b110101110 (
#177640
0!
0+
#177660
1!
1+
b110110000 A
b110101111 M
b110101111 4
b110110000 6
b110101111 2
0L
0K
0J
0I
1H
1d
b110101111 (
#177680
0!
0+
#177700
1!
1+
b110110001 A
b110110000 M
b110110000 4
b110110001 6
b110110000 2
1L
0d
0c
0b
0a
1`
b110110000 (
#177720
0!
0+
#177740
1!
1+
b110110010 A
b110110001 M
b110110001 4
b110110010 6
b110110001 2
0L
1K
1d
b110110001 (
#177760
0!
0+
#177780
1!
1+
b110110011 A
b110110010 M
b110110010 4
b110110011 6
b110110010 2
1L
0d
1c
b110110010 (
#177800
0!
0+
#177820
1!
1+
b110110100 A
b110110011 M
b110110011 4
b110110100 6
b110110011 2
0L
0K
1J
1d
b110110011 (
#177840
0!
0+
#177860
1!
1+
b110110101 A
b110110100 M
b110110100 4
b110110101 6
b110110100 2
1L
0d
0c
1b
b110110100 (
#177880
0!
0+
#177900
1!
1+
b110110110 A
b110110101 M
b110110101 4
b110110110 6
b110110101 2
0L
1K
1d
b110110101 (
#177920
0!
0+
#177940
1!
1+
b110110111 A
b110110110 M
b110110110 4
b110110111 6
b110110110 2
1L
0d
1c
b110110110 (
#177960
0!
0+
#177980
1!
1+
b110111000 A
b110110111 M
b110110111 4
b110111000 6
b110110111 2
0L
0K
0J
1I
1d
b110110111 (
#178000
0!
0+
#178020
1!
1+
b110111001 A
b110111000 M
b110111000 4
b110111001 6
b110111000 2
1L
0d
0c
0b
1a
b110111000 (
#178040
0!
0+
#178060
1!
1+
b110111010 A
b110111001 M
b110111001 4
b110111010 6
b110111001 2
0L
1K
1d
b110111001 (
#178080
0!
0+
#178100
1!
1+
b110111011 A
b110111010 M
b110111010 4
b110111011 6
b110111010 2
1L
0d
1c
b110111010 (
#178120
0!
0+
#178140
1!
1+
b110111100 A
b110111011 M
b110111011 4
b110111100 6
b110111011 2
0L
0K
1J
1d
b110111011 (
#178160
0!
0+
#178180
1!
1+
b110111101 A
b110111100 M
b110111100 4
b110111101 6
b110111100 2
1L
0d
0c
1b
b110111100 (
#178200
0!
0+
#178220
1!
1+
b110111110 A
b110111101 M
b110111101 4
b110111110 6
b110111101 2
0L
1K
1d
b110111101 (
#178240
0!
0+
#178260
1!
1+
b110111111 A
b110111110 M
b110111110 4
b110111111 6
b110111110 2
1L
0d
1c
b110111110 (
#178280
0!
0+
#178300
1!
1+
b111000000 A
b110111111 M
b110111111 4
b111000000 6
b110111111 2
0L
0K
0J
0I
0H
0G
1F
1d
b110111111 (
#178320
0!
0+
#178340
1!
1+
b111000001 A
b111000000 M
b111000000 4
b111000001 6
b111000000 2
1L
0d
0c
0b
0a
0`
0_
1^
b111000000 (
#178360
0!
0+
#178380
1!
1+
b111000010 A
b111000001 M
b111000001 4
b111000010 6
b111000001 2
0L
1K
1d
b111000001 (
#178400
0!
0+
#178420
1!
1+
b111000011 A
b111000010 M
b111000010 4
b111000011 6
b111000010 2
1L
0d
1c
b111000010 (
#178440
0!
0+
#178460
1!
1+
b111000100 A
b111000011 M
b111000011 4
b111000100 6
b111000011 2
0L
0K
1J
1d
b111000011 (
#178480
0!
0+
#178500
1!
1+
b111000101 A
b111000100 M
b111000100 4
b111000101 6
b111000100 2
1L
0d
0c
1b
b111000100 (
#178520
0!
0+
#178540
1!
1+
b111000110 A
b111000101 M
b111000101 4
b111000110 6
b111000101 2
0L
1K
1d
b111000101 (
#178560
0!
0+
#178580
1!
1+
b111000111 A
b111000110 M
b111000110 4
b111000111 6
b111000110 2
1L
0d
1c
b111000110 (
#178600
0!
0+
#178620
1!
1+
b111001000 A
b111000111 M
b111000111 4
b111001000 6
b111000111 2
0L
0K
0J
1I
1d
b111000111 (
#178640
0!
0+
#178660
1!
1+
b111001001 A
b111001000 M
b111001000 4
b111001001 6
b111001000 2
1L
0d
0c
0b
1a
b111001000 (
#178680
0!
0+
#178700
1!
1+
b111001010 A
b111001001 M
b111001001 4
b111001010 6
b111001001 2
0L
1K
1d
b111001001 (
#178720
0!
0+
#178740
1!
1+
b111001011 A
b111001010 M
b111001010 4
b111001011 6
b111001010 2
1L
0d
1c
b111001010 (
#178760
0!
0+
#178780
1!
1+
b111001100 A
b111001011 M
b111001011 4
b111001100 6
b111001011 2
0L
0K
1J
1d
b111001011 (
#178800
0!
0+
#178820
1!
1+
b111001101 A
b111001100 M
b111001100 4
b111001101 6
b111001100 2
1L
0d
0c
1b
b111001100 (
#178840
0!
0+
#178860
1!
1+
b111001110 A
b111001101 M
b111001101 4
b111001110 6
b111001101 2
0L
1K
1d
b111001101 (
#178880
0!
0+
#178900
1!
1+
b111001111 A
b111001110 M
b111001110 4
b111001111 6
b111001110 2
1L
0d
1c
b111001110 (
#178920
0!
0+
#178940
1!
1+
b111010000 A
b111001111 M
b111001111 4
b111010000 6
b111001111 2
0L
0K
0J
0I
1H
1d
b111001111 (
#178960
0!
0+
#178980
1!
1+
b111010001 A
b111010000 M
b111010000 4
b111010001 6
b111010000 2
1L
0d
0c
0b
0a
1`
b111010000 (
#179000
0!
0+
#179020
1!
1+
b111010010 A
b111010001 M
b111010001 4
b111010010 6
b111010001 2
0L
1K
1d
b111010001 (
#179040
0!
0+
#179060
1!
1+
b111010011 A
b111010010 M
b111010010 4
b111010011 6
b111010010 2
1L
0d
1c
b111010010 (
#179080
0!
0+
#179100
1!
1+
b111010100 A
b111010011 M
b111010011 4
b111010100 6
b111010011 2
0L
0K
1J
1d
b111010011 (
#179120
0!
0+
#179140
1!
1+
b111010101 A
b111010100 M
b111010100 4
b111010101 6
b111010100 2
1L
0d
0c
1b
b111010100 (
#179160
0!
0+
#179180
1!
1+
b111010110 A
b111010101 M
b111010101 4
b111010110 6
b111010101 2
0L
1K
1d
b111010101 (
#179200
0!
0+
#179220
1!
1+
b111010111 A
b111010110 M
b111010110 4
b111010111 6
b111010110 2
1L
0d
1c
b111010110 (
#179240
0!
0+
#179260
1!
1+
b111011000 A
b111010111 M
b111010111 4
b111011000 6
b111010111 2
0L
0K
0J
1I
1d
b111010111 (
#179280
0!
0+
#179300
1!
1+
b111011001 A
b111011000 M
b111011000 4
b111011001 6
b111011000 2
1L
0d
0c
0b
1a
b111011000 (
#179320
0!
0+
#179340
1!
1+
b111011010 A
b111011001 M
b111011001 4
b111011010 6
b111011001 2
0L
1K
1d
b111011001 (
#179360
0!
0+
#179380
1!
1+
b111011011 A
b111011010 M
b111011010 4
b111011011 6
b111011010 2
1L
0d
1c
b111011010 (
#179400
0!
0+
#179420
1!
1+
b111011100 A
b111011011 M
b111011011 4
b111011100 6
b111011011 2
0L
0K
1J
1d
b111011011 (
#179440
0!
0+
#179460
1!
1+
b111011101 A
b111011100 M
b111011100 4
b111011101 6
b111011100 2
1L
0d
0c
1b
b111011100 (
#179480
0!
0+
#179500
1!
1+
b111011110 A
b111011101 M
b111011101 4
b111011110 6
b111011101 2
0L
1K
1d
b111011101 (
#179520
0!
0+
#179540
1!
1+
b111011111 A
b111011110 M
b111011110 4
b111011111 6
b111011110 2
1L
0d
1c
b111011110 (
#179560
0!
0+
#179580
1!
1+
b111100000 A
b111011111 M
b111011111 4
b111100000 6
b111011111 2
0L
0K
0J
0I
0H
1G
1d
b111011111 (
#179600
0!
0+
#179620
1!
1+
b111100001 A
b111100000 M
b111100000 4
b111100001 6
b111100000 2
1L
0d
0c
0b
0a
0`
1_
b111100000 (
#179640
0!
0+
#179660
1!
1+
b111100010 A
b111100001 M
b111100001 4
b111100010 6
b111100001 2
0L
1K
1d
b111100001 (
#179680
0!
0+
#179700
1!
1+
b111100011 A
b111100010 M
b111100010 4
b111100011 6
b111100010 2
1L
0d
1c
b111100010 (
#179720
0!
0+
#179740
1!
1+
b111100100 A
b111100011 M
b111100011 4
b111100100 6
b111100011 2
0L
0K
1J
1d
b111100011 (
#179760
0!
0+
#179780
1!
1+
b111100101 A
b111100100 M
b111100100 4
b111100101 6
b111100100 2
1L
0d
0c
1b
b111100100 (
#179800
0!
0+
#179820
1!
1+
b111100110 A
b111100101 M
b111100101 4
b111100110 6
b111100101 2
0L
1K
1d
b111100101 (
#179840
0!
0+
#179860
1!
1+
b111100111 A
b111100110 M
b111100110 4
b111100111 6
b111100110 2
1L
0d
1c
b111100110 (
#179880
0!
0+
#179900
1!
1+
b111101000 A
b111100111 M
b111100111 4
b111101000 6
b111100111 2
0L
0K
0J
1I
1d
b111100111 (
#179920
0!
0+
#179940
1!
1+
b111101001 A
b111101000 M
b111101000 4
b111101001 6
b111101000 2
1L
0d
0c
0b
1a
b111101000 (
#179960
0!
0+
#179980
1!
1+
b111101010 A
b111101001 M
b111101001 4
b111101010 6
b111101001 2
0L
1K
1d
b111101001 (
#180000
0!
0+
#180020
1!
1+
b111101011 A
b111101010 M
b111101010 4
b111101011 6
b111101010 2
1L
0d
1c
b111101010 (
#180040
0!
0+
#180060
1!
1+
b111101100 A
b111101011 M
b111101011 4
b111101100 6
b111101011 2
0L
0K
1J
1d
b111101011 (
#180080
0!
0+
#180100
1!
1+
b111101101 A
b111101100 M
b111101100 4
b111101101 6
b111101100 2
1L
0d
0c
1b
b111101100 (
#180120
0!
0+
#180140
1!
1+
b111101110 A
b111101101 M
b111101101 4
b111101110 6
b111101101 2
0L
1K
1d
b111101101 (
#180160
0!
0+
#180180
1!
1+
b111101111 A
b111101110 M
b111101110 4
b111101111 6
b111101110 2
1L
0d
1c
b111101110 (
#180200
0!
0+
#180220
1!
1+
b111110000 A
b111101111 M
b111101111 4
b111110000 6
b111101111 2
0L
0K
0J
0I
1H
1d
b111101111 (
#180240
0!
0+
#180260
1!
1+
b111110001 A
b111110000 M
b111110000 4
b111110001 6
b111110000 2
1L
0d
0c
0b
0a
1`
b111110000 (
#180280
0!
0+
#180300
1!
1+
b111110010 A
b111110001 M
b111110001 4
b111110010 6
b111110001 2
0L
1K
1d
b111110001 (
#180320
0!
0+
#180340
1!
1+
b111110011 A
b111110010 M
b111110010 4
b111110011 6
b111110010 2
1L
0d
1c
b111110010 (
#180360
0!
0+
#180380
1!
1+
b111110100 A
b111110011 M
b111110011 4
b111110100 6
b111110011 2
0L
0K
1J
1d
b111110011 (
#180400
0!
0+
#180420
1!
1+
b111110101 A
b111110100 M
b111110100 4
b111110101 6
b111110100 2
1L
0d
0c
1b
b111110100 (
#180440
0!
0+
#180460
1!
1+
b111110110 A
b111110101 M
b111110101 4
b111110110 6
b111110101 2
0L
1K
1d
b111110101 (
#180480
0!
0+
#180500
1!
1+
b111110111 A
b111110110 M
b111110110 4
b111110111 6
b111110110 2
1L
0d
1c
b111110110 (
#180520
0!
0+
#180540
1!
1+
b111111000 A
b111110111 M
b111110111 4
b111111000 6
b111110111 2
0L
0K
0J
1I
1d
b111110111 (
#180560
0!
0+
#180580
1!
1+
b111111001 A
b111111000 M
b111111000 4
b111111001 6
b111111000 2
1L
0d
0c
0b
1a
b111111000 (
#180600
0!
0+
#180620
1!
1+
b111111010 A
b111111001 M
b111111001 4
b111111010 6
b111111001 2
0L
1K
1d
b111111001 (
#180640
0!
0+
#180660
1!
1+
b111111011 A
b111111010 M
b111111010 4
b111111011 6
b111111010 2
1L
0d
1c
b111111010 (
#180680
0!
0+
#180700
1!
1+
b111111100 A
b111111011 M
b111111011 4
b111111100 6
b111111011 2
0L
0K
1J
1d
b111111011 (
#180720
0!
0+
#180740
1!
1+
b111111101 A
b111111100 M
b111111100 4
b111111101 6
b111111100 2
1L
0d
0c
1b
b111111100 (
#180760
0!
0+
#180780
1!
1+
b111111110 A
b111111101 M
b111111101 4
b111111110 6
b111111101 2
0L
1K
1d
b111111101 (
#180800
0!
0+
#180820
1!
1+
b111111111 A
b111111110 M
b111111110 4
b111111111 6
b111111110 2
1L
0d
1c
b111111110 (
#180840
0!
0+
#180860
1!
1+
b1000000000 A
b111111111 M
b111111111 4
b1000000000 6
b111111111 2
0L
0K
0J
0I
0H
0G
0F
0E
0D
1C
1d
b111111111 (
#180880
0!
0+
#180900
1!
1+
b1000000001 A
b1000000000 M
b1000000000 4
b1000000001 6
b1000000000 2
1L
0d
0c
0b
0a
0`
0_
0^
0]
0\
1[
b1000000000 (
#180920
0!
0+
#180940
1!
1+
b1000000010 A
b1000000001 M
b1000000001 4
b1000000010 6
b1000000001 2
0L
1K
1d
b1000000001 (
#180960
0!
0+
#180980
1!
1+
b1000000011 A
b1000000010 M
b1000000010 4
b1000000011 6
b1000000010 2
1L
0d
1c
b1000000010 (
#181000
0!
0+
#181020
1!
1+
b1000000100 A
b1000000011 M
b1000000011 4
b1000000100 6
b1000000011 2
0L
0K
1J
1d
b1000000011 (
#181040
0!
0+
#181060
1!
1+
b1000000101 A
b1000000100 M
b1000000100 4
b1000000101 6
b1000000100 2
1L
0d
0c
1b
b1000000100 (
#181080
0!
0+
#181100
1!
1+
b1000000110 A
b1000000101 M
b1000000101 4
b1000000110 6
b1000000101 2
0L
1K
1d
b1000000101 (
#181120
0!
0+
#181140
1!
1+
b1000000111 A
b1000000110 M
b1000000110 4
b1000000111 6
b1000000110 2
1L
0d
1c
b1000000110 (
#181160
0!
0+
#181180
1!
1+
b1000001000 A
b1000000111 M
b1000000111 4
b1000001000 6
b1000000111 2
0L
0K
0J
1I
1d
b1000000111 (
#181200
0!
0+
#181220
1!
1+
b1000001001 A
b1000001000 M
b1000001000 4
b1000001001 6
b1000001000 2
1L
0d
0c
0b
1a
b1000001000 (
#181240
0!
0+
#181260
1!
1+
b1000001010 A
b1000001001 M
b1000001001 4
b1000001010 6
b1000001001 2
0L
1K
1d
b1000001001 (
#181280
0!
0+
#181300
1!
1+
b1000001011 A
b1000001010 M
b1000001010 4
b1000001011 6
b1000001010 2
1L
0d
1c
b1000001010 (
#181320
0!
0+
#181340
1!
1+
b1000001100 A
b1000001011 M
b1000001011 4
b1000001100 6
b1000001011 2
0L
0K
1J
1d
b1000001011 (
#181360
0!
0+
#181380
1!
1+
b1000001101 A
b1000001100 M
b1000001100 4
b1000001101 6
b1000001100 2
1L
0d
0c
1b
b1000001100 (
#181400
0!
0+
#181420
1!
1+
b1000001110 A
b1000001101 M
b1000001101 4
b1000001110 6
b1000001101 2
0L
1K
1d
b1000001101 (
#181440
0!
0+
#181460
1!
1+
b1000001111 A
b1000001110 M
b1000001110 4
b1000001111 6
b1000001110 2
1L
0d
1c
b1000001110 (
#181480
0!
0+
#181500
1!
1+
b1000010000 A
b1000001111 M
b1000001111 4
b1000010000 6
b1000001111 2
0L
0K
0J
0I
1H
1d
b1000001111 (
#181520
0!
0+
#181540
1!
1+
b1000010001 A
b1000010000 M
b1000010000 4
b1000010001 6
b1000010000 2
1L
0d
0c
0b
0a
1`
b1000010000 (
#181560
0!
0+
#181580
1!
1+
b1000010010 A
b1000010001 M
b1000010001 4
b1000010010 6
b1000010001 2
0L
1K
1d
b1000010001 (
#181600
0!
0+
#181620
1!
1+
b1000010011 A
b1000010010 M
b1000010010 4
b1000010011 6
b1000010010 2
1L
0d
1c
b1000010010 (
#181640
0!
0+
#181660
1!
1+
b1000010100 A
b1000010011 M
b1000010011 4
b1000010100 6
b1000010011 2
0L
0K
1J
1d
b1000010011 (
#181680
0!
0+
#181700
1!
1+
b1000010101 A
b1000010100 M
b1000010100 4
b1000010101 6
b1000010100 2
1L
0d
0c
1b
b1000010100 (
#181720
0!
0+
#181740
1!
1+
b1000010110 A
b1000010101 M
b1000010101 4
b1000010110 6
b1000010101 2
0L
1K
1d
b1000010101 (
#181760
0!
0+
#181780
1!
1+
b1000010111 A
b1000010110 M
b1000010110 4
b1000010111 6
b1000010110 2
1L
0d
1c
b1000010110 (
#181800
0!
0+
#181820
1!
1+
b1000011000 A
b1000010111 M
b1000010111 4
b1000011000 6
b1000010111 2
0L
0K
0J
1I
1d
b1000010111 (
#181840
0!
0+
#181860
1!
1+
b1000011001 A
b1000011000 M
b1000011000 4
b1000011001 6
b1000011000 2
1L
0d
0c
0b
1a
b1000011000 (
#181880
0!
0+
#181900
1!
1+
b1000011010 A
b1000011001 M
b1000011001 4
b1000011010 6
b1000011001 2
0L
1K
1d
b1000011001 (
#181920
0!
0+
#181940
1!
1+
b1000011011 A
b1000011010 M
b1000011010 4
b1000011011 6
b1000011010 2
1L
0d
1c
b1000011010 (
#181960
0!
0+
#181980
1!
1+
b1000011100 A
b1000011011 M
b1000011011 4
b1000011100 6
b1000011011 2
0L
0K
1J
1d
b1000011011 (
#182000
0!
0+
#182020
1!
1+
b1000011101 A
b1000011100 M
b1000011100 4
b1000011101 6
b1000011100 2
1L
0d
0c
1b
b1000011100 (
#182040
0!
0+
#182060
1!
1+
b1000011110 A
b1000011101 M
b1000011101 4
b1000011110 6
b1000011101 2
0L
1K
1d
b1000011101 (
#182080
0!
0+
#182100
1!
1+
b1000011111 A
b1000011110 M
b1000011110 4
b1000011111 6
b1000011110 2
1L
0d
1c
b1000011110 (
#182120
0!
0+
#182140
1!
1+
b1000100000 A
b1000011111 M
b1000011111 4
b1000100000 6
b1000011111 2
0L
0K
0J
0I
0H
1G
1d
b1000011111 (
#182160
0!
0+
#182180
1!
1+
b1000100001 A
b1000100000 M
b1000100000 4
b1000100001 6
b1000100000 2
1L
0d
0c
0b
0a
0`
1_
b1000100000 (
#182200
0!
0+
#182220
1!
1+
b1000100010 A
b1000100001 M
b1000100001 4
b1000100010 6
b1000100001 2
0L
1K
1d
b1000100001 (
#182240
0!
0+
#182260
1!
1+
b1000100011 A
b1000100010 M
b1000100010 4
b1000100011 6
b1000100010 2
1L
0d
1c
b1000100010 (
#182280
0!
0+
#182300
1!
1+
b1000100100 A
b1000100011 M
b1000100011 4
b1000100100 6
b1000100011 2
0L
0K
1J
1d
b1000100011 (
#182320
0!
0+
#182340
1!
1+
b1000100101 A
b1000100100 M
b1000100100 4
b1000100101 6
b1000100100 2
1L
0d
0c
1b
b1000100100 (
#182360
0!
0+
#182380
1!
1+
b1000100110 A
b1000100101 M
b1000100101 4
b1000100110 6
b1000100101 2
0L
1K
1d
b1000100101 (
#182400
0!
0+
#182420
1!
1+
b1000100111 A
b1000100110 M
b1000100110 4
b1000100111 6
b1000100110 2
1L
0d
1c
b1000100110 (
#182440
0!
0+
#182460
1!
1+
b1000101000 A
b1000100111 M
b1000100111 4
b1000101000 6
b1000100111 2
0L
0K
0J
1I
1d
b1000100111 (
#182480
0!
0+
#182500
1!
1+
b1000101001 A
b1000101000 M
b1000101000 4
b1000101001 6
b1000101000 2
1L
0d
0c
0b
1a
b1000101000 (
#182520
0!
0+
#182540
1!
1+
b1000101010 A
b1000101001 M
b1000101001 4
b1000101010 6
b1000101001 2
0L
1K
1d
b1000101001 (
#182560
0!
0+
#182580
1!
1+
b1000101011 A
b1000101010 M
b1000101010 4
b1000101011 6
b1000101010 2
1L
0d
1c
b1000101010 (
#182600
0!
0+
#182620
1!
1+
b1000101100 A
b1000101011 M
b1000101011 4
b1000101100 6
b1000101011 2
0L
0K
1J
1d
b1000101011 (
#182640
0!
0+
#182660
1!
1+
b1000101101 A
b1000101100 M
b1000101100 4
b1000101101 6
b1000101100 2
1L
0d
0c
1b
b1000101100 (
#182680
0!
0+
#182700
1!
1+
b1000101110 A
b1000101101 M
b1000101101 4
b1000101110 6
b1000101101 2
0L
1K
1d
b1000101101 (
#182720
0!
0+
#182740
1!
1+
b1000101111 A
b1000101110 M
b1000101110 4
b1000101111 6
b1000101110 2
1L
0d
1c
b1000101110 (
#182760
0!
0+
#182780
1!
1+
b1000110000 A
b1000101111 M
b1000101111 4
b1000110000 6
b1000101111 2
0L
0K
0J
0I
1H
1d
b1000101111 (
#182800
0!
0+
#182820
1!
1+
b1000110001 A
b1000110000 M
b1000110000 4
b1000110001 6
b1000110000 2
1L
0d
0c
0b
0a
1`
b1000110000 (
#182840
0!
0+
#182860
1!
1+
b1000110010 A
b1000110001 M
b1000110001 4
b1000110010 6
b1000110001 2
0L
1K
1d
b1000110001 (
#182880
0!
0+
#182900
1!
1+
b1000110011 A
b1000110010 M
b1000110010 4
b1000110011 6
b1000110010 2
1L
0d
1c
b1000110010 (
#182920
0!
0+
#182940
1!
1+
b1000110100 A
b1000110011 M
b1000110011 4
b1000110100 6
b1000110011 2
0L
0K
1J
1d
b1000110011 (
#182960
0!
0+
#182980
1!
1+
b1000110101 A
b1000110100 M
b1000110100 4
b1000110101 6
b1000110100 2
1L
0d
0c
1b
b1000110100 (
#183000
0!
0+
#183020
1!
1+
b1000110110 A
b1000110101 M
b1000110101 4
b1000110110 6
b1000110101 2
0L
1K
1d
b1000110101 (
#183040
0!
0+
#183060
1!
1+
b1000110111 A
b1000110110 M
b1000110110 4
b1000110111 6
b1000110110 2
1L
0d
1c
b1000110110 (
#183080
0!
0+
#183100
1!
1+
b1000111000 A
b1000110111 M
b1000110111 4
b1000111000 6
b1000110111 2
0L
0K
0J
1I
1d
b1000110111 (
#183120
0!
0+
#183140
1!
1+
b1000111001 A
b1000111000 M
b1000111000 4
b1000111001 6
b1000111000 2
1L
0d
0c
0b
1a
b1000111000 (
#183160
0!
0+
#183180
1!
1+
b1000111010 A
b1000111001 M
b1000111001 4
b1000111010 6
b1000111001 2
0L
1K
1d
b1000111001 (
#183200
0!
0+
#183220
1!
1+
b1000111011 A
b1000111010 M
b1000111010 4
b1000111011 6
b1000111010 2
1L
0d
1c
b1000111010 (
#183240
0!
0+
#183260
1!
1+
b1000111100 A
b1000111011 M
b1000111011 4
b1000111100 6
b1000111011 2
0L
0K
1J
1d
b1000111011 (
#183280
0!
0+
#183300
1!
1+
b1000111101 A
b1000111100 M
b1000111100 4
b1000111101 6
b1000111100 2
1L
0d
0c
1b
b1000111100 (
#183320
0!
0+
#183340
1!
1+
b1000111110 A
b1000111101 M
b1000111101 4
b1000111110 6
b1000111101 2
0L
1K
1d
b1000111101 (
#183360
0!
0+
#183380
1!
1+
b1000111111 A
b1000111110 M
b1000111110 4
b1000111111 6
b1000111110 2
1L
0d
1c
b1000111110 (
#183400
0!
0+
#183420
1!
1+
b1001000000 A
b1000111111 M
b1000111111 4
b1001000000 6
b1000111111 2
0L
0K
0J
0I
0H
0G
1F
1d
b1000111111 (
#183440
0!
0+
#183460
1!
1+
b1001000001 A
b1001000000 M
b1001000000 4
b1001000001 6
b1001000000 2
1L
0d
0c
0b
0a
0`
0_
1^
b1001000000 (
#183480
0!
0+
#183500
1!
1+
b1001000010 A
b1001000001 M
b1001000001 4
b1001000010 6
b1001000001 2
0L
1K
1d
b1001000001 (
#183520
0!
0+
#183540
1!
1+
b1001000011 A
b1001000010 M
b1001000010 4
b1001000011 6
b1001000010 2
1L
0d
1c
b1001000010 (
#183560
0!
0+
#183580
1!
1+
b1001000100 A
b1001000011 M
b1001000011 4
b1001000100 6
b1001000011 2
0L
0K
1J
1d
b1001000011 (
#183600
0!
0+
#183620
1!
1+
b1001000101 A
b1001000100 M
b1001000100 4
b1001000101 6
b1001000100 2
1L
0d
0c
1b
b1001000100 (
#183640
0!
0+
#183660
1!
1+
b1001000110 A
b1001000101 M
b1001000101 4
b1001000110 6
b1001000101 2
0L
1K
1d
b1001000101 (
#183680
0!
0+
#183700
1!
1+
b1001000111 A
b1001000110 M
b1001000110 4
b1001000111 6
b1001000110 2
1L
0d
1c
b1001000110 (
#183720
0!
0+
#183740
1!
1+
b1001001000 A
b1001000111 M
b1001000111 4
b1001001000 6
b1001000111 2
0L
0K
0J
1I
1d
b1001000111 (
#183760
0!
0+
#183780
1!
1+
b1001001001 A
b1001001000 M
b1001001000 4
b1001001001 6
b1001001000 2
1L
0d
0c
0b
1a
b1001001000 (
#183800
0!
0+
#183820
1!
1+
b1001001010 A
b1001001001 M
b1001001001 4
b1001001010 6
b1001001001 2
0L
1K
1d
b1001001001 (
#183840
0!
0+
#183860
1!
1+
b1001001011 A
b1001001010 M
b1001001010 4
b1001001011 6
b1001001010 2
1L
0d
1c
b1001001010 (
#183880
0!
0+
#183900
1!
1+
b1001001100 A
b1001001011 M
b1001001011 4
b1001001100 6
b1001001011 2
0L
0K
1J
1d
b1001001011 (
#183920
0!
0+
#183940
1!
1+
b1001001101 A
b1001001100 M
b1001001100 4
b1001001101 6
b1001001100 2
1L
0d
0c
1b
b1001001100 (
#183960
0!
0+
#183980
1!
1+
b1001001110 A
b1001001101 M
b1001001101 4
b1001001110 6
b1001001101 2
0L
1K
1d
b1001001101 (
#184000
0!
0+
#184020
1!
1+
b1001001111 A
b1001001110 M
b1001001110 4
b1001001111 6
b1001001110 2
1L
0d
1c
b1001001110 (
#184040
0!
0+
#184060
1!
1+
b1001010000 A
b1001001111 M
b1001001111 4
b1001010000 6
b1001001111 2
0L
0K
0J
0I
1H
1d
b1001001111 (
#184080
0!
0+
#184100
1!
1+
b1001010001 A
b1001010000 M
b1001010000 4
b1001010001 6
b1001010000 2
1L
0d
0c
0b
0a
1`
b1001010000 (
#184120
0!
0+
#184140
1!
1+
b1001010010 A
b1001010001 M
b1001010001 4
b1001010010 6
b1001010001 2
0L
1K
1d
b1001010001 (
#184160
0!
0+
#184180
1!
1+
b1001010011 A
b1001010010 M
b1001010010 4
b1001010011 6
b1001010010 2
1L
0d
1c
b1001010010 (
#184200
0!
0+
#184220
1!
1+
b1001010100 A
b1001010011 M
b1001010011 4
b1001010100 6
b1001010011 2
0L
0K
1J
1d
b1001010011 (
#184240
0!
0+
#184260
1!
1+
b1001010101 A
b1001010100 M
b1001010100 4
b1001010101 6
b1001010100 2
1L
0d
0c
1b
b1001010100 (
#184280
0!
0+
#184300
1!
1+
b1001010110 A
b1001010101 M
b1001010101 4
b1001010110 6
b1001010101 2
0L
1K
1d
b1001010101 (
#184320
0!
0+
#184340
1!
1+
b1001010111 A
b1001010110 M
b1001010110 4
b1001010111 6
b1001010110 2
1L
0d
1c
b1001010110 (
#184360
0!
0+
#184380
1!
1+
b1001011000 A
b1001010111 M
b1001010111 4
b1001011000 6
b1001010111 2
0L
0K
0J
1I
1d
b1001010111 (
#184400
0!
0+
#184420
1!
1+
b1001011001 A
b1001011000 M
b1001011000 4
b1001011001 6
b1001011000 2
1L
0d
0c
0b
1a
b1001011000 (
#184440
0!
0+
#184460
1!
1+
b1001011010 A
b1001011001 M
b1001011001 4
b1001011010 6
b1001011001 2
0L
1K
1d
b1001011001 (
#184480
0!
0+
#184500
1!
1+
b1001011011 A
b1001011010 M
b1001011010 4
b1001011011 6
b1001011010 2
1L
0d
1c
b1001011010 (
#184520
0!
0+
#184540
1!
1+
b1001011100 A
b1001011011 M
b1001011011 4
b1001011100 6
b1001011011 2
0L
0K
1J
1d
b1001011011 (
#184560
0!
0+
#184580
1!
1+
b1001011101 A
b1001011100 M
b1001011100 4
b1001011101 6
b1001011100 2
1L
0d
0c
1b
b1001011100 (
#184600
0!
0+
#184620
1!
1+
b1001011110 A
b1001011101 M
b1001011101 4
b1001011110 6
b1001011101 2
0L
1K
1d
b1001011101 (
#184640
0!
0+
#184660
1!
1+
b1001011111 A
b1001011110 M
b1001011110 4
b1001011111 6
b1001011110 2
1L
0d
1c
b1001011110 (
#184680
0!
0+
#184700
1!
1+
b1001100000 A
b1001011111 M
b1001011111 4
b1001100000 6
b1001011111 2
0L
0K
0J
0I
0H
1G
1d
b1001011111 (
#184720
0!
0+
#184740
1!
1+
b1001100001 A
b1001100000 M
b1001100000 4
b1001100001 6
b1001100000 2
1L
0d
0c
0b
0a
0`
1_
b1001100000 (
#184760
0!
0+
#184780
1!
1+
b1001100010 A
b1001100001 M
b1001100001 4
b1001100010 6
b1001100001 2
0L
1K
1d
b1001100001 (
#184800
0!
0+
#184820
1!
1+
b1001100011 A
b1001100010 M
b1001100010 4
b1001100011 6
b1001100010 2
1L
0d
1c
b1001100010 (
#184840
0!
0+
#184860
1!
1+
b1001100100 A
b1001100011 M
b1001100011 4
b1001100100 6
b1001100011 2
0L
0K
1J
1d
b1001100011 (
#184880
0!
0+
#184900
1!
1+
b1001100101 A
b1001100100 M
b1001100100 4
b1001100101 6
b1001100100 2
1L
0d
0c
1b
b1001100100 (
#184920
0!
0+
#184940
1!
1+
b1001100110 A
b1001100101 M
b1001100101 4
b1001100110 6
b1001100101 2
0L
1K
1d
b1001100101 (
#184960
0!
0+
#184980
1!
1+
b1001100111 A
b1001100110 M
b1001100110 4
b1001100111 6
b1001100110 2
1L
0d
1c
b1001100110 (
#185000
0!
0+
#185020
1!
1+
b1001101000 A
b1001100111 M
b1001100111 4
b1001101000 6
b1001100111 2
0L
0K
0J
1I
1d
b1001100111 (
#185040
0!
0+
#185060
1!
1+
b1001101001 A
b1001101000 M
b1001101000 4
b1001101001 6
b1001101000 2
1L
0d
0c
0b
1a
b1001101000 (
#185080
0!
0+
#185100
1!
1+
b1001101010 A
b1001101001 M
b1001101001 4
b1001101010 6
b1001101001 2
0L
1K
1d
b1001101001 (
#185120
0!
0+
#185140
1!
1+
b1001101011 A
b1001101010 M
b1001101010 4
b1001101011 6
b1001101010 2
1L
0d
1c
b1001101010 (
#185160
0!
0+
#185180
1!
1+
b1001101100 A
b1001101011 M
b1001101011 4
b1001101100 6
b1001101011 2
0L
0K
1J
1d
b1001101011 (
#185200
0!
0+
#185220
1!
1+
b1001101101 A
b1001101100 M
b1001101100 4
b1001101101 6
b1001101100 2
1L
0d
0c
1b
b1001101100 (
#185240
0!
0+
#185260
1!
1+
b1001101110 A
b1001101101 M
b1001101101 4
b1001101110 6
b1001101101 2
0L
1K
1d
b1001101101 (
#185280
0!
0+
#185300
1!
1+
b1001101111 A
b1001101110 M
b1001101110 4
b1001101111 6
b1001101110 2
1L
0d
1c
b1001101110 (
#185320
0!
0+
#185340
1!
1+
b1001110000 A
b1001101111 M
b1001101111 4
b1001110000 6
b1001101111 2
0L
0K
0J
0I
1H
1d
b1001101111 (
#185360
0!
0+
#185380
1!
1+
b1001110001 A
b1001110000 M
b1001110000 4
b1001110001 6
b1001110000 2
1L
0d
0c
0b
0a
1`
b1001110000 (
#185400
0!
0+
#185420
1!
1+
b1001110010 A
b1001110001 M
b1001110001 4
b1001110010 6
b1001110001 2
0L
1K
1d
b1001110001 (
#185440
0!
0+
#185460
1!
1+
b1001110011 A
b1001110010 M
b1001110010 4
b1001110011 6
b1001110010 2
1L
0d
1c
b1001110010 (
#185480
0!
0+
#185500
1!
1+
b1001110100 A
b1001110011 M
b1001110011 4
b1001110100 6
b1001110011 2
0L
0K
1J
1d
b1001110011 (
#185520
0!
0+
#185540
1!
1+
b1001110101 A
b1001110100 M
b1001110100 4
b1001110101 6
b1001110100 2
1L
0d
0c
1b
b1001110100 (
#185560
0!
0+
#185580
1!
1+
b1001110110 A
b1001110101 M
b1001110101 4
b1001110110 6
b1001110101 2
0L
1K
1d
b1001110101 (
#185600
0!
0+
#185620
1!
1+
b1001110111 A
b1001110110 M
b1001110110 4
b1001110111 6
b1001110110 2
1L
0d
1c
b1001110110 (
#185640
0!
0+
#185660
1!
1+
b1001111000 A
b1001110111 M
b1001110111 4
b1001111000 6
b1001110111 2
0L
0K
0J
1I
1d
b1001110111 (
#185680
0!
0+
#185700
1!
1+
b1001111001 A
b1001111000 M
b1001111000 4
b1001111001 6
b1001111000 2
1L
0d
0c
0b
1a
b1001111000 (
#185720
0!
0+
#185740
1!
1+
b1001111010 A
b1001111001 M
b1001111001 4
b1001111010 6
b1001111001 2
0L
1K
1d
b1001111001 (
#185760
0!
0+
#185780
1!
1+
b1001111011 A
b1001111010 M
b1001111010 4
b1001111011 6
b1001111010 2
1L
0d
1c
b1001111010 (
#185800
0!
0+
#185820
1!
1+
b1001111100 A
b1001111011 M
b1001111011 4
b1001111100 6
b1001111011 2
0L
0K
1J
1d
b1001111011 (
#185840
0!
0+
#185860
1!
1+
b1001111101 A
b1001111100 M
b1001111100 4
b1001111101 6
b1001111100 2
1L
0d
0c
1b
b1001111100 (
#185880
0!
0+
#185900
1!
1+
b1001111110 A
b1001111101 M
b1001111101 4
b1001111110 6
b1001111101 2
0L
1K
1d
b1001111101 (
#185920
0!
0+
#185940
1!
1+
b1001111111 A
b1001111110 M
b1001111110 4
b1001111111 6
b1001111110 2
1L
0d
1c
b1001111110 (
#185960
0!
0+
#185980
1!
1+
b1010000000 A
b1001111111 M
b1001111111 4
b1010000000 6
b1001111111 2
0L
0K
0J
0I
0H
0G
0F
1E
1d
b1001111111 (
#186000
0!
0+
#186020
1!
1+
b1010000001 A
b1010000000 M
b1010000000 4
b1010000001 6
b1010000000 2
1L
0d
0c
0b
0a
0`
0_
0^
1]
b1010000000 (
#186040
0!
0+
#186060
1!
1+
b1010000010 A
b1010000001 M
b1010000001 4
b1010000010 6
b1010000001 2
0L
1K
1d
b1010000001 (
#186080
0!
0+
#186100
1!
1+
b1010000011 A
b1010000010 M
b1010000010 4
b1010000011 6
b1010000010 2
1L
0d
1c
b1010000010 (
#186120
0!
0+
#186140
1!
1+
b1010000100 A
b1010000011 M
b1010000011 4
b1010000100 6
b1010000011 2
0L
0K
1J
1d
b1010000011 (
#186160
0!
0+
#186180
1!
1+
b1010000101 A
b1010000100 M
b1010000100 4
b1010000101 6
b1010000100 2
1L
0d
0c
1b
b1010000100 (
#186200
0!
0+
#186220
1!
1+
b1010000110 A
b1010000101 M
b1010000101 4
b1010000110 6
b1010000101 2
0L
1K
1d
b1010000101 (
#186240
0!
0+
#186260
1!
1+
b1010000111 A
b1010000110 M
b1010000110 4
b1010000111 6
b1010000110 2
1L
0d
1c
b1010000110 (
#186280
0!
0+
#186300
1!
1+
b1010001000 A
b1010000111 M
b1010000111 4
b1010001000 6
b1010000111 2
0L
0K
0J
1I
1d
b1010000111 (
#186320
0!
0+
#186340
1!
1+
b1010001001 A
b1010001000 M
b1010001000 4
b1010001001 6
b1010001000 2
1L
0d
0c
0b
1a
b1010001000 (
#186360
0!
0+
#186380
1!
1+
b1010001010 A
b1010001001 M
b1010001001 4
b1010001010 6
b1010001001 2
0L
1K
1d
b1010001001 (
#186400
0!
0+
#186420
1!
1+
b1010001011 A
b1010001010 M
b1010001010 4
b1010001011 6
b1010001010 2
1L
0d
1c
b1010001010 (
#186440
0!
0+
#186460
1!
1+
b1010001100 A
b1010001011 M
b1010001011 4
b1010001100 6
b1010001011 2
0L
0K
1J
1d
b1010001011 (
#186480
0!
0+
#186500
1!
1+
b1010001101 A
b1010001100 M
b1010001100 4
b1010001101 6
b1010001100 2
1L
0d
0c
1b
b1010001100 (
#186520
0!
0+
#186540
1!
1+
b1010001110 A
b1010001101 M
b1010001101 4
b1010001110 6
b1010001101 2
0L
1K
1d
b1010001101 (
#186560
0!
0+
#186580
1!
1+
b1010001111 A
b1010001110 M
b1010001110 4
b1010001111 6
b1010001110 2
1L
0d
1c
b1010001110 (
#186600
0!
0+
#186620
1!
1+
b1010010000 A
b1010001111 M
b1010001111 4
b1010010000 6
b1010001111 2
0L
0K
0J
0I
1H
1d
b1010001111 (
#186640
0!
0+
#186660
1!
1+
b1010010001 A
b1010010000 M
b1010010000 4
b1010010001 6
b1010010000 2
0-
1L
0d
0c
0b
0a
1`
0#
b1010010000 (
#186680
0!
0+
#186700
1!
1+
b1010010010 A
b1010010001 M
b1010010001 4
b1010010010 6
b1010010001 2
0L
1K
1d
b1010010001 (
#186720
0!
0+
#186740
1!
1+
b1010010011 A
b1010010010 M
b1010010010 4
b1010010011 6
b1010010010 2
1L
0d
1c
b1010010010 (
#186760
0!
0+
#186780
1!
1+
b1010010100 A
b1010010011 M
b1010010011 4
b1010010100 6
b1010010011 2
0L
0K
1J
1d
b1010010011 (
#186800
0!
0+
#186820
1!
1+
b1010010101 A
b1010010100 M
b1010010100 4
b1010010101 6
b1010010100 2
1L
0d
0c
1b
b1010010100 (
#186840
0!
0+
#186860
1!
1+
b1010010110 A
b1010010101 M
b1010010101 4
b1010010110 6
b1010010101 2
0L
1K
1d
b1010010101 (
#186880
0!
0+
#186900
1!
1+
b1010010111 A
b1010010110 M
b1010010110 4
b1010010111 6
b1010010110 2
1L
0d
1c
b1010010110 (
#186920
0!
0+
#186940
1!
1+
b1010011000 A
b1010010111 M
b1010010111 4
b1010011000 6
b1010010111 2
0L
0K
0J
1I
1d
b1010010111 (
#186960
0!
0+
#186980
1!
1+
b1010011001 A
b1010011000 M
b1010011000 4
b1010011001 6
b1010011000 2
1L
0d
0c
0b
1a
b1010011000 (
#187000
0!
0+
#187020
1!
1+
b1010011010 A
b1010011001 M
b1010011001 4
b1010011010 6
b1010011001 2
0L
1K
1d
b1010011001 (
#187040
0!
0+
#187060
1!
1+
b1010011011 A
b1010011010 M
b1010011010 4
b1010011011 6
b1010011010 2
1L
0d
1c
b1010011010 (
#187080
0!
0+
#187100
1!
1+
b1010011100 A
b1010011011 M
b1010011011 4
b1010011100 6
b1010011011 2
0L
0K
1J
1d
b1010011011 (
#187120
0!
0+
#187140
1!
1+
b1010011101 A
b1010011100 M
b1010011100 4
b1010011101 6
b1010011100 2
1L
0d
0c
1b
b1010011100 (
#187160
0!
0+
#187180
1!
1+
b1010011110 A
b1010011101 M
b1010011101 4
b1010011110 6
b1010011101 2
0L
1K
1d
b1010011101 (
#187200
0!
0+
#187220
1!
1+
b1010011111 A
b1010011110 M
b1010011110 4
b1010011111 6
b1010011110 2
1L
0d
1c
b1010011110 (
#187240
0!
0+
#187260
1!
1+
b1010100000 A
b1010011111 M
b1010011111 4
b1010100000 6
b1010011111 2
0L
0K
0J
0I
0H
1G
1d
b1010011111 (
#187280
0!
0+
#187300
1!
1+
b1010100001 A
b1010100000 M
b1010100000 4
b1010100001 6
b1010100000 2
1L
0d
0c
0b
0a
0`
1_
b1010100000 (
#187320
0!
0+
#187340
1!
1+
b1010100010 A
b1010100001 M
b1010100001 4
b1010100010 6
b1010100001 2
0L
1K
1d
b1010100001 (
#187360
0!
0+
#187380
1!
1+
b1010100011 A
b1010100010 M
b1010100010 4
b1010100011 6
b1010100010 2
1L
0d
1c
b1010100010 (
#187400
0!
0+
#187420
1!
1+
b1010100100 A
b1010100011 M
b1010100011 4
b1010100100 6
b1010100011 2
0L
0K
1J
1d
b1010100011 (
#187440
0!
0+
#187460
1!
1+
b1010100101 A
b1010100100 M
b1010100100 4
b1010100101 6
b1010100100 2
1L
0d
0c
1b
b1010100100 (
#187480
0!
0+
#187500
1!
1+
b1010100110 A
b1010100101 M
b1010100101 4
b1010100110 6
b1010100101 2
0L
1K
1d
b1010100101 (
#187520
0!
0+
#187540
1!
1+
b1010100111 A
b1010100110 M
b1010100110 4
b1010100111 6
b1010100110 2
1L
0d
1c
b1010100110 (
#187560
0!
0+
#187580
1!
1+
b1010101000 A
b1010100111 M
b1010100111 4
b1010101000 6
b1010100111 2
0L
0K
0J
1I
1d
b1010100111 (
#187600
0!
0+
#187620
1!
1+
b1010101001 A
b1010101000 M
b1010101000 4
b1010101001 6
b1010101000 2
1L
0d
0c
0b
1a
b1010101000 (
#187640
0!
0+
#187660
1!
1+
b1010101010 A
b1010101001 M
b1010101001 4
b1010101010 6
b1010101001 2
0L
1K
1d
b1010101001 (
#187680
0!
0+
#187700
1!
1+
b1010101011 A
b1010101010 M
b1010101010 4
b1010101011 6
b1010101010 2
1L
0d
1c
b1010101010 (
#187720
0!
0+
#187740
1!
1+
b1010101100 A
b1010101011 M
b1010101011 4
b1010101100 6
b1010101011 2
0L
0K
1J
1d
b1010101011 (
#187760
0!
0+
#187780
1!
1+
b1010101101 A
b1010101100 M
b1010101100 4
b1010101101 6
b1010101100 2
1L
0d
0c
1b
b1010101100 (
#187800
0!
0+
#187820
1!
1+
b1010101110 A
b1010101101 M
b1010101101 4
b1010101110 6
b1010101101 2
0L
1K
1d
b1010101101 (
#187840
0!
0+
#187860
1!
1+
b1010101111 A
b1010101110 M
b1010101110 4
b1010101111 6
b1010101110 2
1L
0d
1c
b1010101110 (
#187880
0!
0+
#187900
1!
1+
b1010110000 A
b1010101111 M
b1010101111 4
b1010110000 6
b1010101111 2
0L
0K
0J
0I
1H
1d
b1010101111 (
#187920
0!
0+
#187940
1!
1+
b1010110001 A
b1010110000 M
b1010110000 4
b1010110001 6
b1010110000 2
1L
0d
0c
0b
0a
1`
b1010110000 (
#187960
0!
0+
#187980
1!
1+
b1010110010 A
b1010110001 M
b1010110001 4
b1010110010 6
b1010110001 2
0L
1K
1d
b1010110001 (
#188000
0!
0+
#188020
1!
1+
b1010110011 A
b1010110010 M
b1010110010 4
b1010110011 6
b1010110010 2
1L
0d
1c
b1010110010 (
#188040
0!
0+
#188060
1!
1+
b1010110100 A
b1010110011 M
b1010110011 4
b1010110100 6
b1010110011 2
0L
0K
1J
1d
b1010110011 (
#188080
0!
0+
#188100
1!
1+
b1010110101 A
b1010110100 M
b1010110100 4
b1010110101 6
b1010110100 2
1L
0d
0c
1b
b1010110100 (
#188120
0!
0+
#188140
1!
1+
b1010110110 A
b1010110101 M
b1010110101 4
b1010110110 6
b1010110101 2
0L
1K
1d
b1010110101 (
#188160
0!
0+
#188180
1!
1+
b1010110111 A
b1010110110 M
b1010110110 4
b1010110111 6
b1010110110 2
1L
0d
1c
b1010110110 (
#188200
0!
0+
#188220
1!
1+
b1010111000 A
b1010110111 M
b1010110111 4
b1010111000 6
b1010110111 2
0L
0K
0J
1I
1d
b1010110111 (
#188240
0!
0+
#188260
1!
1+
b1010111001 A
b1010111000 M
b1010111000 4
b1010111001 6
b1010111000 2
1L
0d
0c
0b
1a
b1010111000 (
#188280
0!
0+
#188300
1!
1+
b1010111010 A
b1010111001 M
b1010111001 4
b1010111010 6
b1010111001 2
0L
1K
1d
b1010111001 (
#188320
0!
0+
#188340
1!
1+
b1010111011 A
b1010111010 M
b1010111010 4
b1010111011 6
b1010111010 2
1L
0d
1c
b1010111010 (
#188360
0!
0+
#188380
1!
1+
b1010111100 A
b1010111011 M
b1010111011 4
b1010111100 6
b1010111011 2
0L
0K
1J
1d
b1010111011 (
#188400
0!
0+
#188420
1!
1+
b1010111101 A
b1010111100 M
b1010111100 4
b1010111101 6
b1010111100 2
1L
0d
0c
1b
b1010111100 (
#188440
0!
0+
#188460
1!
1+
b1010111110 A
b1010111101 M
b1010111101 4
b1010111110 6
b1010111101 2
0L
1K
1d
b1010111101 (
#188480
0!
0+
#188500
1!
1+
b1010111111 A
b1010111110 M
b1010111110 4
b1010111111 6
b1010111110 2
1L
0d
1c
b1010111110 (
#188520
0!
0+
#188540
1!
1+
b1011000000 A
b1010111111 M
b1010111111 4
b1011000000 6
b1010111111 2
0L
0K
0J
0I
0H
0G
1F
1d
b1010111111 (
#188560
0!
0+
#188580
1!
1+
b1011000001 A
b1011000000 M
b1011000000 4
b1011000001 6
b1011000000 2
1L
0d
0c
0b
0a
0`
0_
1^
b1011000000 (
#188600
0!
0+
#188620
1!
1+
b1011000010 A
b1011000001 M
b1011000001 4
b1011000010 6
b1011000001 2
0L
1K
1d
b1011000001 (
#188640
0!
0+
#188660
1!
1+
b1011000011 A
b1011000010 M
b1011000010 4
b1011000011 6
b1011000010 2
1L
0d
1c
b1011000010 (
#188680
0!
0+
#188700
1!
1+
b1011000100 A
b1011000011 M
b1011000011 4
b1011000100 6
b1011000011 2
0L
0K
1J
1d
b1011000011 (
#188720
0!
0+
#188740
1!
1+
b1011000101 A
b1011000100 M
b1011000100 4
b1011000101 6
b1011000100 2
1L
0d
0c
1b
b1011000100 (
#188760
0!
0+
#188780
1!
1+
b1011000110 A
b1011000101 M
b1011000101 4
b1011000110 6
b1011000101 2
0L
1K
1d
b1011000101 (
#188800
0!
0+
#188820
1!
1+
b1011000111 A
b1011000110 M
b1011000110 4
b1011000111 6
b1011000110 2
1L
0d
1c
b1011000110 (
#188840
0!
0+
#188860
1!
1+
b1011001000 A
b1011000111 M
b1011000111 4
b1011001000 6
b1011000111 2
0L
0K
0J
1I
1d
b1011000111 (
#188880
0!
0+
#188900
1!
1+
b1011001001 A
b1011001000 M
b1011001000 4
b1011001001 6
b1011001000 2
1L
0d
0c
0b
1a
b1011001000 (
#188920
0!
0+
#188940
1!
1+
b1011001010 A
b1011001001 M
b1011001001 4
b1011001010 6
b1011001001 2
0L
1K
1d
b1011001001 (
#188960
0!
0+
#188980
1!
1+
b1011001011 A
b1011001010 M
b1011001010 4
b1011001011 6
b1011001010 2
1L
0d
1c
b1011001010 (
#189000
0!
0+
#189020
1!
1+
b1011001100 A
b1011001011 M
b1011001011 4
b1011001100 6
b1011001011 2
0L
0K
1J
1d
b1011001011 (
#189040
0!
0+
#189060
1!
1+
b1011001101 A
b1011001100 M
b1011001100 4
b1011001101 6
b1011001100 2
1L
0d
0c
1b
b1011001100 (
#189080
0!
0+
#189100
1!
1+
b1011001110 A
b1011001101 M
b1011001101 4
b1011001110 6
b1011001101 2
0L
1K
1d
b1011001101 (
#189120
0!
0+
#189140
1!
1+
b1011001111 A
b1011001110 M
b1011001110 4
b1011001111 6
b1011001110 2
1L
0d
1c
b1011001110 (
#189160
0!
0+
#189180
1!
1+
b1011010000 A
b1011001111 M
b1011001111 4
b1011010000 6
b1011001111 2
0L
0K
0J
0I
1H
1d
b1011001111 (
#189200
0!
0+
#189220
1!
1+
b1011010001 A
b1011010000 M
b1011010000 4
b1011010001 6
b1011010000 2
1L
0d
0c
0b
0a
1`
b1011010000 (
#189240
0!
0+
#189260
1!
1+
b1011010010 A
b1011010001 M
b1011010001 4
b1011010010 6
b1011010001 2
0L
1K
1d
b1011010001 (
#189280
0!
0+
#189300
1!
1+
b1011010011 A
b1011010010 M
b1011010010 4
b1011010011 6
b1011010010 2
1L
0d
1c
b1011010010 (
#189320
0!
0+
#189340
1!
1+
b1011010100 A
b1011010011 M
b1011010011 4
b1011010100 6
b1011010011 2
0L
0K
1J
1d
b1011010011 (
#189360
0!
0+
#189380
1!
1+
b1011010101 A
b1011010100 M
b1011010100 4
b1011010101 6
b1011010100 2
1L
0d
0c
1b
b1011010100 (
#189400
0!
0+
#189420
1!
1+
b1011010110 A
b1011010101 M
b1011010101 4
b1011010110 6
b1011010101 2
0L
1K
1d
b1011010101 (
#189440
0!
0+
#189460
1!
1+
b1011010111 A
b1011010110 M
b1011010110 4
b1011010111 6
b1011010110 2
1L
0d
1c
b1011010110 (
#189480
0!
0+
#189500
1!
1+
b1011011000 A
b1011010111 M
b1011010111 4
b1011011000 6
b1011010111 2
0L
0K
0J
1I
1d
b1011010111 (
#189520
0!
0+
#189540
1!
1+
b1011011001 A
b1011011000 M
b1011011000 4
b1011011001 6
b1011011000 2
1L
0d
0c
0b
1a
b1011011000 (
#189560
0!
0+
#189580
1!
1+
b1011011010 A
b1011011001 M
b1011011001 4
b1011011010 6
b1011011001 2
0L
1K
1d
b1011011001 (
#189600
0!
0+
#189620
1!
1+
b1011011011 A
b1011011010 M
b1011011010 4
b1011011011 6
b1011011010 2
1L
0d
1c
b1011011010 (
#189640
0!
0+
#189660
1!
1+
b1011011100 A
b1011011011 M
b1011011011 4
b1011011100 6
b1011011011 2
0L
0K
1J
1d
b1011011011 (
#189680
0!
0+
#189700
1!
1+
b1011011101 A
b1011011100 M
b1011011100 4
b1011011101 6
b1011011100 2
1L
0d
0c
1b
b1011011100 (
#189720
0!
0+
#189740
1!
1+
b1011011110 A
b1011011101 M
b1011011101 4
b1011011110 6
b1011011101 2
0L
1K
1d
b1011011101 (
#189760
0!
0+
#189780
1!
1+
b1011011111 A
b1011011110 M
b1011011110 4
b1011011111 6
b1011011110 2
1L
0d
1c
b1011011110 (
#189800
0!
0+
#189820
1!
1+
b1011100000 A
b1011011111 M
b1011011111 4
b1011100000 6
b1011011111 2
0L
0K
0J
0I
0H
1G
1d
b1011011111 (
#189840
0!
0+
#189860
1!
1+
b1011100001 A
b1011100000 M
b1011100000 4
b1011100001 6
b1011100000 2
1L
0d
0c
0b
0a
0`
1_
b1011100000 (
#189880
0!
0+
#189900
1!
1+
b1011100010 A
b1011100001 M
b1011100001 4
b1011100010 6
b1011100001 2
0L
1K
1d
b1011100001 (
#189920
0!
0+
#189940
1!
1+
b1011100011 A
b1011100010 M
b1011100010 4
b1011100011 6
b1011100010 2
1L
0d
1c
b1011100010 (
#189960
0!
0+
#189980
1!
1+
b1011100100 A
b1011100011 M
b1011100011 4
b1011100100 6
b1011100011 2
0L
0K
1J
1d
b1011100011 (
#190000
0!
0+
#190020
1!
1+
b1011100101 A
b1011100100 M
b1011100100 4
b1011100101 6
b1011100100 2
1L
0d
0c
1b
b1011100100 (
#190040
0!
0+
#190060
1!
1+
b1011100110 A
b1011100101 M
b1011100101 4
b1011100110 6
b1011100101 2
0L
1K
1d
b1011100101 (
#190080
0!
0+
#190100
1!
1+
b1011100111 A
b1011100110 M
b1011100110 4
b1011100111 6
b1011100110 2
1L
0d
1c
b1011100110 (
#190120
0!
0+
#190140
1!
1+
b1011101000 A
b1011100111 M
b1011100111 4
b1011101000 6
b1011100111 2
0L
0K
0J
1I
1d
b1011100111 (
#190160
0!
0+
#190180
1!
1+
b1011101001 A
b1011101000 M
b1011101000 4
b1011101001 6
b1011101000 2
1L
0d
0c
0b
1a
b1011101000 (
#190200
0!
0+
#190220
1!
1+
b1011101010 A
b1011101001 M
b1011101001 4
b1011101010 6
b1011101001 2
0L
1K
1d
b1011101001 (
#190240
0!
0+
#190260
1!
1+
b1011101011 A
b1011101010 M
b1011101010 4
b1011101011 6
b1011101010 2
1L
0d
1c
b1011101010 (
#190280
0!
0+
#190300
1!
1+
b1011101100 A
b1011101011 M
b1011101011 4
b1011101100 6
b1011101011 2
0L
0K
1J
1d
b1011101011 (
#190320
0!
0+
#190340
1!
1+
b1011101101 A
b1011101100 M
b1011101100 4
b1011101101 6
b1011101100 2
1L
0d
0c
1b
b1011101100 (
#190360
0!
0+
#190380
1!
1+
b1011101110 A
b1011101101 M
b1011101101 4
b1011101110 6
b1011101101 2
0L
1K
1d
b1011101101 (
#190400
0!
0+
#190420
1!
1+
b1011101111 A
b1011101110 M
b1011101110 4
b1011101111 6
b1011101110 2
1L
0d
1c
b1011101110 (
#190440
0!
0+
#190460
1!
1+
b1011110000 A
b1011101111 M
b1011101111 4
b1011110000 6
b1011101111 2
0L
0K
0J
0I
1H
1d
b1011101111 (
#190480
0!
0+
#190500
1!
1+
b1011110001 A
b1011110000 M
b1011110000 4
b1011110001 6
b1011110000 2
1-
1L
0d
0c
0b
0a
1`
1#
b1011110000 (
#190520
0!
0+
#190540
1!
1+
b1011110010 A
b1011110001 M
b1011110001 4
b1011110010 6
b1011110001 2
0L
1K
1d
b1011110001 (
#190560
0!
0+
#190580
1!
1+
b1011110011 A
b1011110010 M
b1011110010 4
b1011110011 6
b1011110010 2
1L
0d
1c
b1011110010 (
#190600
0!
0+
#190620
1!
1+
b1011110100 A
b1011110011 M
b1011110011 4
b1011110100 6
b1011110011 2
0L
0K
1J
1d
b1011110011 (
#190640
0!
0+
#190660
1!
1+
b1011110101 A
b1011110100 M
b1011110100 4
b1011110101 6
b1011110100 2
1L
0d
0c
1b
b1011110100 (
#190680
0!
0+
#190700
1!
1+
b1011110110 A
b1011110101 M
b1011110101 4
b1011110110 6
b1011110101 2
0L
1K
1d
b1011110101 (
#190720
0!
0+
#190740
1!
1+
b1011110111 A
b1011110110 M
b1011110110 4
b1011110111 6
b1011110110 2
1L
0d
1c
b1011110110 (
#190760
0!
0+
#190780
1!
1+
b1011111000 A
b1011110111 M
b1011110111 4
b1011111000 6
b1011110111 2
0L
0K
0J
1I
1d
b1011110111 (
#190800
0!
0+
#190820
1!
1+
b1011111001 A
b1011111000 M
b1011111000 4
b1011111001 6
b1011111000 2
1L
0d
0c
0b
1a
b1011111000 (
#190840
0!
0+
#190860
1!
1+
b1011111010 A
b1011111001 M
b1011111001 4
b1011111010 6
b1011111001 2
0L
1K
1d
b1011111001 (
#190880
0!
0+
#190900
1!
1+
b1011111011 A
b1011111010 M
b1011111010 4
b1011111011 6
b1011111010 2
1L
0d
1c
b1011111010 (
#190920
0!
0+
#190940
1!
1+
b1011111100 A
b1011111011 M
b1011111011 4
b1011111100 6
b1011111011 2
0L
0K
1J
1d
b1011111011 (
#190960
0!
0+
#190980
1!
1+
b1011111101 A
b1011111100 M
b1011111100 4
b1011111101 6
b1011111100 2
1L
0d
0c
1b
b1011111100 (
#191000
0!
0+
#191020
1!
1+
b1011111110 A
b1011111101 M
b1011111101 4
b1011111110 6
b1011111101 2
0L
1K
1d
b1011111101 (
#191040
0!
0+
#191060
1!
1+
b1011111111 A
b1011111110 M
b1011111110 4
b1011111111 6
b1011111110 2
1L
0d
1c
b1011111110 (
#191080
0!
0+
#191100
1!
1+
b1100000000 A
b1011111111 M
b1011111111 4
b1100000000 6
b1011111111 2
0L
0K
0J
0I
0H
0G
0F
0E
1D
1d
b1011111111 (
#191120
0!
0+
#191140
1!
1+
b1100000001 A
b1100000000 M
b1100000000 4
b1100000001 6
b1100000000 2
1L
0d
0c
0b
0a
0`
0_
0^
0]
1\
b1100000000 (
#191160
0!
0+
#191180
1!
1+
b1100000010 A
b1100000001 M
b1100000001 4
b1100000010 6
b1100000001 2
0L
1K
1d
b1100000001 (
#191200
0!
0+
#191220
1!
1+
b1100000011 A
b1100000010 M
b1100000010 4
b1100000011 6
b1100000010 2
1L
0d
1c
b1100000010 (
#191240
0!
0+
#191260
1!
1+
b1100000100 A
b1100000011 M
b1100000011 4
b1100000100 6
b1100000011 2
0L
0K
1J
1d
b1100000011 (
#191280
0!
0+
#191300
1!
1+
b1100000101 A
b1100000100 M
b1100000100 4
b1100000101 6
b1100000100 2
1L
0d
0c
1b
b1100000100 (
#191320
0!
0+
#191340
1!
1+
b1100000110 A
b1100000101 M
b1100000101 4
b1100000110 6
b1100000101 2
0L
1K
1d
b1100000101 (
#191360
0!
0+
#191380
1!
1+
b1100000111 A
b1100000110 M
b1100000110 4
b1100000111 6
b1100000110 2
1L
0d
1c
b1100000110 (
#191400
0!
0+
#191420
1!
1+
b1100001000 A
b1100000111 M
b1100000111 4
b1100001000 6
b1100000111 2
0L
0K
0J
1I
1d
b1100000111 (
#191440
0!
0+
#191460
1!
1+
b1100001001 A
b1100001000 M
b1100001000 4
b1100001001 6
b1100001000 2
1L
0d
0c
0b
1a
b1100001000 (
#191480
0!
0+
#191500
1!
1+
b1100001010 A
b1100001001 M
b1100001001 4
b1100001010 6
b1100001001 2
0L
1K
1d
b1100001001 (
#191520
0!
0+
#191540
1!
1+
b1100001011 A
b1100001010 M
b1100001010 4
b1100001011 6
b1100001010 2
1L
0d
1c
b1100001010 (
#191560
0!
0+
#191580
1!
1+
b1100001100 A
b1100001011 M
b1100001011 4
b1100001100 6
b1100001011 2
0L
0K
1J
1d
b1100001011 (
#191600
0!
0+
#191620
1!
1+
b1100001101 A
b1100001100 M
b1100001100 4
b1100001101 6
b1100001100 2
1L
0d
0c
1b
b1100001100 (
#191640
0!
0+
#191660
1!
1+
b1100001110 A
b1100001101 M
b1100001101 4
b1100001110 6
b1100001101 2
0L
1K
1d
b1100001101 (
#191680
0!
0+
#191700
1!
1+
b1100001111 A
b1100001110 M
b1100001110 4
b1100001111 6
b1100001110 2
1L
0d
1c
b1100001110 (
#191720
0!
0+
#191740
1!
1+
b1100010000 A
b1100001111 M
b1100001111 4
b1100010000 6
b1100001111 2
0L
0K
0J
0I
1H
1d
b1100001111 (
#191760
0!
0+
#191780
1!
1+
b1100010001 A
b1100010000 M
b1100010000 4
b1100010001 6
b1100010000 2
1L
0d
0c
0b
0a
1`
b1100010000 (
#191800
0!
0+
#191820
1!
1+
b1100010010 A
b1100010001 M
b1100010001 4
b1100010010 6
b1100010001 2
0L
1K
1d
b1100010001 (
#191840
0!
0+
#191860
1!
1+
b1100010011 A
b1100010010 M
b1100010010 4
b1100010011 6
b1100010010 2
1L
0d
1c
b1100010010 (
#191880
0!
0+
#191900
1!
1+
b1100010100 A
b1100010011 M
b1100010011 4
b1100010100 6
b1100010011 2
0L
0K
1J
1d
b1100010011 (
#191920
0!
0+
#191940
1!
1+
b1100010101 A
b1100010100 M
b1100010100 4
b1100010101 6
b1100010100 2
1L
0d
0c
1b
b1100010100 (
#191960
0!
0+
#191980
1!
1+
b1100010110 A
b1100010101 M
b1100010101 4
b1100010110 6
b1100010101 2
0L
1K
1d
b1100010101 (
#192000
0!
0+
#192020
1!
1+
b1100010111 A
b1100010110 M
b1100010110 4
b1100010111 6
b1100010110 2
1L
0d
1c
b1100010110 (
#192040
0!
0+
#192060
1!
1+
b1100011000 A
b1100010111 M
b1100010111 4
b1100011000 6
b1100010111 2
0L
0K
0J
1I
1d
b1100010111 (
#192080
0!
0+
#192100
1!
1+
b1100011001 A
b1100011000 M
b1100011000 4
b1100011001 6
b1100011000 2
1L
0d
0c
0b
1a
b1100011000 (
#192120
0!
0+
#192140
1!
1+
b1100011010 A
b1100011001 M
b1100011001 4
b1100011010 6
b1100011001 2
0L
1K
1d
b1100011001 (
#192160
0!
0+
#192180
1!
1+
b1100011011 A
b1100011010 M
b1100011010 4
b1100011011 6
b1100011010 2
1L
0d
1c
b1100011010 (
#192200
0!
0+
#192220
1!
1+
b1100011100 A
b1100011011 M
b1100011011 4
b1100011100 6
b1100011011 2
0L
0K
1J
1d
b1100011011 (
#192240
0!
0+
#192260
1!
1+
b1100011101 A
b1100011100 M
b1100011100 4
b1100011101 6
b1100011100 2
1L
0d
0c
1b
b1100011100 (
#192280
0!
0+
#192300
1!
1+
b1100011110 A
b1100011101 M
b1100011101 4
b1100011110 6
b1100011101 2
0L
1K
1d
b1100011101 (
#192320
0!
0+
#192340
1!
1+
b1100011111 A
b1100011110 M
b1100011110 4
b1100011111 6
b1100011110 2
1L
0d
1c
b1100011110 (
#192360
0!
0+
#192380
1!
1+
b1100100000 A
b1100011111 M
b1100011111 4
b1100100000 6
b1100011111 2
0L
0K
0J
0I
0H
1G
1d
b1100011111 (
#192400
0!
0+
#192420
1!
1+
b1100100001 A
b1100100000 M
b1100100000 4
b1100100001 6
b1100100000 2
1L
0d
0c
0b
0a
0`
1_
1o
b1100100000 (
18
1<
1?
b0 A
b0 6
0L
0G
0D
0C
#192440
0!
0+
#192460
1!
1+
b110 =
b0 M
b0 4
b110 7
b0 2
0X
1W
0_
0\
0[
0o
b0 (
08
0<
0?
#192480
0!
0+
#192500
1!
1+
b1 A
b110 Y
b110 5
b1 6
b110 3
1L
0z
1y
b110 )
#192520
0!
0+
#192540
1!
1+
b10 A
b1 M
b1 4
b10 6
b1 2
0L
1K
1d
b1 (
#192560
0!
0+
#192580
1!
1+
b11 A
b10 M
b10 4
b11 6
b10 2
1L
0d
1c
b10 (
#192600
0!
0+
#192620
1!
1+
b100 A
b11 M
b11 4
b100 6
b11 2
0L
0K
1J
1d
b11 (
#192640
0!
0+
#192660
1!
1+
b101 A
b100 M
b100 4
b101 6
b100 2
1L
0d
0c
1b
b100 (
#192680
0!
0+
#192700
1!
1+
b110 A
b101 M
b101 4
b110 6
b101 2
0L
1K
1d
b101 (
#192720
0!
0+
#192740
1!
1+
b111 A
b110 M
b110 4
b111 6
b110 2
1L
0d
1c
b110 (
#192760
0!
0+
#192780
1!
1+
b1000 A
b111 M
b111 4
b1000 6
b111 2
0L
0K
0J
1I
1d
b111 (
#192800
0!
0+
#192820
1!
1+
b1001 A
b1000 M
b1000 4
b1001 6
b1000 2
1L
0d
0c
0b
1a
b1000 (
#192840
0!
0+
#192860
1!
1+
b1010 A
b1001 M
b1001 4
b1010 6
b1001 2
0L
1K
1d
b1001 (
#192880
0!
0+
#192900
1!
1+
b1011 A
b1010 M
b1010 4
b1011 6
b1010 2
1L
0d
1c
b1010 (
#192920
0!
0+
#192940
1!
1+
b1100 A
b1011 M
b1011 4
b1100 6
b1011 2
0L
0K
1J
1d
b1011 (
#192960
0!
0+
#192980
1!
1+
b1101 A
b1100 M
b1100 4
b1101 6
b1100 2
1L
0d
0c
1b
b1100 (
#193000
0!
0+
#193020
1!
1+
b1110 A
b1101 M
b1101 4
b1110 6
b1101 2
0L
1K
1d
b1101 (
#193040
0!
0+
#193060
1!
1+
b1111 A
b1110 M
b1110 4
b1111 6
b1110 2
1L
0d
1c
b1110 (
#193080
0!
0+
#193100
1!
1+
b10000 A
b1111 M
b1111 4
b10000 6
b1111 2
0L
0K
0J
0I
1H
1d
b1111 (
#193120
0!
0+
#193140
1!
1+
b10001 A
b10000 M
b10000 4
b10001 6
b10000 2
1L
0d
0c
0b
0a
1`
b10000 (
#193160
0!
0+
#193180
1!
1+
b10010 A
b10001 M
b10001 4
b10010 6
b10001 2
0L
1K
1d
b10001 (
#193200
0!
0+
#193220
1!
1+
b10011 A
b10010 M
b10010 4
b10011 6
b10010 2
1L
0d
1c
b10010 (
#193240
0!
0+
#193260
1!
1+
b10100 A
b10011 M
b10011 4
b10100 6
b10011 2
0L
0K
1J
1d
b10011 (
#193280
0!
0+
#193300
1!
1+
b10101 A
b10100 M
b10100 4
b10101 6
b10100 2
1L
0d
0c
1b
b10100 (
#193320
0!
0+
#193340
1!
1+
b10110 A
b10101 M
b10101 4
b10110 6
b10101 2
0L
1K
1d
b10101 (
#193360
0!
0+
#193380
1!
1+
b10111 A
b10110 M
b10110 4
b10111 6
b10110 2
1L
0d
1c
b10110 (
#193400
0!
0+
#193420
1!
1+
b11000 A
b10111 M
b10111 4
b11000 6
b10111 2
0L
0K
0J
1I
1d
b10111 (
#193440
0!
0+
#193460
1!
1+
b11001 A
b11000 M
b11000 4
b11001 6
b11000 2
1L
0d
0c
0b
1a
b11000 (
#193480
0!
0+
#193500
1!
1+
b11010 A
b11001 M
b11001 4
b11010 6
b11001 2
0L
1K
1d
b11001 (
#193520
0!
0+
#193540
1!
1+
b11011 A
b11010 M
b11010 4
b11011 6
b11010 2
1L
0d
1c
b11010 (
#193560
0!
0+
#193580
1!
1+
b11100 A
b11011 M
b11011 4
b11100 6
b11011 2
0L
0K
1J
1d
b11011 (
#193600
0!
0+
#193620
1!
1+
b11101 A
b11100 M
b11100 4
b11101 6
b11100 2
1L
0d
0c
1b
b11100 (
#193640
0!
0+
#193660
1!
1+
b11110 A
b11101 M
b11101 4
b11110 6
b11101 2
0L
1K
1d
b11101 (
#193680
0!
0+
#193700
1!
1+
b11111 A
b11110 M
b11110 4
b11111 6
b11110 2
1L
0d
1c
b11110 (
#193720
0!
0+
#193740
1!
1+
b100000 A
b11111 M
b11111 4
b100000 6
b11111 2
0L
0K
0J
0I
0H
1G
1d
b11111 (
#193760
0!
0+
#193780
1!
1+
b100001 A
b100000 M
b100000 4
b100001 6
b100000 2
1L
0d
0c
0b
0a
0`
1_
b100000 (
#193800
0!
0+
#193820
1!
1+
b100010 A
b100001 M
b100001 4
b100010 6
b100001 2
0L
1K
1d
b100001 (
#193840
0!
0+
#193860
1!
1+
b100011 A
b100010 M
b100010 4
b100011 6
b100010 2
1L
0d
1c
b100010 (
#193880
0!
0+
#193900
1!
1+
b100100 A
b100011 M
b100011 4
b100100 6
b100011 2
0L
0K
1J
1d
b100011 (
#193920
0!
0+
#193940
1!
1+
b100101 A
b100100 M
b100100 4
b100101 6
b100100 2
1L
0d
0c
1b
b100100 (
#193960
0!
0+
#193980
1!
1+
b100110 A
b100101 M
b100101 4
b100110 6
b100101 2
0L
1K
1d
b100101 (
#194000
0!
0+
#194020
1!
1+
b100111 A
b100110 M
b100110 4
b100111 6
b100110 2
1L
0d
1c
b100110 (
#194040
0!
0+
#194060
1!
1+
b101000 A
b100111 M
b100111 4
b101000 6
b100111 2
0L
0K
0J
1I
1d
b100111 (
#194080
0!
0+
#194100
1!
1+
b101001 A
b101000 M
b101000 4
b101001 6
b101000 2
1L
0d
0c
0b
1a
b101000 (
#194120
0!
0+
#194140
1!
1+
b101010 A
b101001 M
b101001 4
b101010 6
b101001 2
0L
1K
1d
b101001 (
#194160
0!
0+
#194180
1!
1+
b101011 A
b101010 M
b101010 4
b101011 6
b101010 2
1L
0d
1c
b101010 (
#194200
0!
0+
#194220
1!
1+
b101100 A
b101011 M
b101011 4
b101100 6
b101011 2
0L
0K
1J
1d
b101011 (
#194240
0!
0+
#194260
1!
1+
b101101 A
b101100 M
b101100 4
b101101 6
b101100 2
1L
0d
0c
1b
b101100 (
#194280
0!
0+
#194300
1!
1+
b101110 A
b101101 M
b101101 4
b101110 6
b101101 2
0L
1K
1d
b101101 (
#194320
0!
0+
#194340
1!
1+
b101111 A
b101110 M
b101110 4
b101111 6
b101110 2
1L
0d
1c
b101110 (
#194360
0!
0+
#194380
1!
1+
b110000 A
b101111 M
b101111 4
b110000 6
b101111 2
0L
0K
0J
0I
1H
1d
b101111 (
#194400
0!
0+
#194420
1!
1+
b110001 A
b110000 M
b110000 4
b110001 6
b110000 2
1L
0d
0c
0b
0a
1`
b110000 (
#194440
0!
0+
#194460
1!
1+
b110010 A
b110001 M
b110001 4
b110010 6
b110001 2
0L
1K
1d
b110001 (
#194480
0!
0+
#194500
1!
1+
b110011 A
b110010 M
b110010 4
b110011 6
b110010 2
1L
0d
1c
b110010 (
#194520
0!
0+
#194540
1!
1+
b110100 A
b110011 M
b110011 4
b110100 6
b110011 2
0L
0K
1J
1d
b110011 (
#194560
0!
0+
#194580
1!
1+
b110101 A
b110100 M
b110100 4
b110101 6
b110100 2
1L
0d
0c
1b
b110100 (
#194600
0!
0+
#194620
1!
1+
b110110 A
b110101 M
b110101 4
b110110 6
b110101 2
0L
1K
1d
b110101 (
#194640
0!
0+
#194660
1!
1+
b110111 A
b110110 M
b110110 4
b110111 6
b110110 2
1L
0d
1c
b110110 (
#194680
0!
0+
#194700
1!
1+
b111000 A
b110111 M
b110111 4
b111000 6
b110111 2
0L
0K
0J
1I
1d
b110111 (
#194720
0!
0+
#194740
1!
1+
b111001 A
b111000 M
b111000 4
b111001 6
b111000 2
1L
0d
0c
0b
1a
b111000 (
#194760
0!
0+
#194780
1!
1+
b111010 A
b111001 M
b111001 4
b111010 6
b111001 2
0L
1K
1d
b111001 (
#194800
0!
0+
#194820
1!
1+
b111011 A
b111010 M
b111010 4
b111011 6
b111010 2
1L
0d
1c
b111010 (
#194840
0!
0+
#194860
1!
1+
b111100 A
b111011 M
b111011 4
b111100 6
b111011 2
0L
0K
1J
1d
b111011 (
#194880
0!
0+
#194900
1!
1+
b111101 A
b111100 M
b111100 4
b111101 6
b111100 2
1L
0d
0c
1b
b111100 (
#194920
0!
0+
#194940
1!
1+
b111110 A
b111101 M
b111101 4
b111110 6
b111101 2
0L
1K
1d
b111101 (
#194960
0!
0+
#194980
1!
1+
b111111 A
b111110 M
b111110 4
b111111 6
b111110 2
1L
0d
1c
b111110 (
#195000
0!
0+
#195020
1!
1+
b1000000 A
b111111 M
b111111 4
b1000000 6
b111111 2
0L
0K
0J
0I
0H
0G
1F
1d
b111111 (
#195040
0!
0+
#195060
1!
1+
b1000001 A
b1000000 M
b1000000 4
b1000001 6
b1000000 2
1L
0d
0c
0b
0a
0`
0_
1^
b1000000 (
#195080
0!
0+
#195100
1!
1+
b1000010 A
b1000001 M
b1000001 4
b1000010 6
b1000001 2
0L
1K
1d
b1000001 (
#195120
0!
0+
#195140
1!
1+
b1000011 A
b1000010 M
b1000010 4
b1000011 6
b1000010 2
1L
0d
1c
b1000010 (
#195160
0!
0+
#195180
1!
1+
b1000100 A
b1000011 M
b1000011 4
b1000100 6
b1000011 2
0L
0K
1J
1d
b1000011 (
#195200
0!
0+
#195220
1!
1+
b1000101 A
b1000100 M
b1000100 4
b1000101 6
b1000100 2
1L
0d
0c
1b
b1000100 (
#195240
0!
0+
#195260
1!
1+
b1000110 A
b1000101 M
b1000101 4
b1000110 6
b1000101 2
0L
1K
1d
b1000101 (
#195280
0!
0+
#195300
1!
1+
b1000111 A
b1000110 M
b1000110 4
b1000111 6
b1000110 2
1L
0d
1c
b1000110 (
#195320
0!
0+
#195340
1!
1+
b1001000 A
b1000111 M
b1000111 4
b1001000 6
b1000111 2
0L
0K
0J
1I
1d
b1000111 (
#195360
0!
0+
#195380
1!
1+
b1001001 A
b1001000 M
b1001000 4
b1001001 6
b1001000 2
1L
0d
0c
0b
1a
b1001000 (
#195400
0!
0+
#195420
1!
1+
b1001010 A
b1001001 M
b1001001 4
b1001010 6
b1001001 2
0L
1K
1d
b1001001 (
#195440
0!
0+
#195460
1!
1+
b1001011 A
b1001010 M
b1001010 4
b1001011 6
b1001010 2
1L
0d
1c
b1001010 (
#195480
0!
0+
#195500
1!
1+
b1001100 A
b1001011 M
b1001011 4
b1001100 6
b1001011 2
0L
0K
1J
1d
b1001011 (
#195520
0!
0+
#195540
1!
1+
b1001101 A
b1001100 M
b1001100 4
b1001101 6
b1001100 2
1L
0d
0c
1b
b1001100 (
#195560
0!
0+
#195580
1!
1+
b1001110 A
b1001101 M
b1001101 4
b1001110 6
b1001101 2
0L
1K
1d
b1001101 (
#195600
0!
0+
#195620
1!
1+
b1001111 A
b1001110 M
b1001110 4
b1001111 6
b1001110 2
1L
0d
1c
b1001110 (
#195640
0!
0+
#195660
1!
1+
b1010000 A
b1001111 M
b1001111 4
b1010000 6
b1001111 2
0L
0K
0J
0I
1H
1d
b1001111 (
#195680
0!
0+
#195700
1!
1+
b1010001 A
b1010000 M
b1010000 4
b1010001 6
b1010000 2
1L
0d
0c
0b
0a
1`
b1010000 (
#195720
0!
0+
#195740
1!
1+
b1010010 A
b1010001 M
b1010001 4
b1010010 6
b1010001 2
0L
1K
1d
b1010001 (
#195760
0!
0+
#195780
1!
1+
b1010011 A
b1010010 M
b1010010 4
b1010011 6
b1010010 2
1L
0d
1c
b1010010 (
#195800
0!
0+
#195820
1!
1+
b1010100 A
b1010011 M
b1010011 4
b1010100 6
b1010011 2
0L
0K
1J
1d
b1010011 (
#195840
0!
0+
#195860
1!
1+
b1010101 A
b1010100 M
b1010100 4
b1010101 6
b1010100 2
1L
0d
0c
1b
b1010100 (
#195880
0!
0+
#195900
1!
1+
b1010110 A
b1010101 M
b1010101 4
b1010110 6
b1010101 2
0L
1K
1d
b1010101 (
#195920
0!
0+
#195940
1!
1+
b1010111 A
b1010110 M
b1010110 4
b1010111 6
b1010110 2
1L
0d
1c
b1010110 (
#195960
0!
0+
#195980
1!
1+
b1011000 A
b1010111 M
b1010111 4
b1011000 6
b1010111 2
0L
0K
0J
1I
1d
b1010111 (
#196000
0!
0+
#196020
1!
1+
b1011001 A
b1011000 M
b1011000 4
b1011001 6
b1011000 2
1L
0d
0c
0b
1a
b1011000 (
#196040
0!
0+
#196060
1!
1+
b1011010 A
b1011001 M
b1011001 4
b1011010 6
b1011001 2
0L
1K
1d
b1011001 (
#196080
0!
0+
#196100
1!
1+
b1011011 A
b1011010 M
b1011010 4
b1011011 6
b1011010 2
1L
0d
1c
b1011010 (
#196120
0!
0+
#196140
1!
1+
b1011100 A
b1011011 M
b1011011 4
b1011100 6
b1011011 2
0L
0K
1J
1d
b1011011 (
#196160
0!
0+
#196180
1!
1+
b1011101 A
b1011100 M
b1011100 4
b1011101 6
b1011100 2
1L
0d
0c
1b
b1011100 (
#196200
0!
0+
#196220
1!
1+
b1011110 A
b1011101 M
b1011101 4
b1011110 6
b1011101 2
0L
1K
1d
b1011101 (
#196240
0!
0+
#196260
1!
1+
b1011111 A
b1011110 M
b1011110 4
b1011111 6
b1011110 2
1L
0d
1c
b1011110 (
#196280
0!
0+
#196300
1!
1+
b1100000 A
b1011111 M
b1011111 4
b1100000 6
b1011111 2
0L
0K
0J
0I
0H
1G
1d
b1011111 (
#196320
0!
0+
#196340
1!
1+
b1100001 A
b1100000 M
b1100000 4
b1100001 6
b1100000 2
1L
0d
0c
0b
0a
0`
1_
b1100000 (
#196360
0!
0+
#196380
1!
1+
b1100010 A
b1100001 M
b1100001 4
b1100010 6
b1100001 2
0L
1K
1d
b1100001 (
#196400
0!
0+
#196420
1!
1+
b1100011 A
b1100010 M
b1100010 4
b1100011 6
b1100010 2
1L
0d
1c
b1100010 (
#196440
0!
0+
#196460
1!
1+
b1100100 A
b1100011 M
b1100011 4
b1100100 6
b1100011 2
0L
0K
1J
1d
b1100011 (
#196480
0!
0+
#196500
1!
1+
b1100101 A
b1100100 M
b1100100 4
b1100101 6
b1100100 2
1L
0d
0c
1b
b1100100 (
#196520
0!
0+
#196540
1!
1+
b1100110 A
b1100101 M
b1100101 4
b1100110 6
b1100101 2
0L
1K
1d
b1100101 (
#196560
0!
0+
#196580
1!
1+
b1100111 A
b1100110 M
b1100110 4
b1100111 6
b1100110 2
1L
0d
1c
b1100110 (
#196600
0!
0+
#196620
1!
1+
b1101000 A
b1100111 M
b1100111 4
b1101000 6
b1100111 2
0L
0K
0J
1I
1d
b1100111 (
#196640
0!
0+
#196660
1!
1+
b1101001 A
b1101000 M
b1101000 4
b1101001 6
b1101000 2
1L
0d
0c
0b
1a
b1101000 (
#196680
0!
0+
#196700
1!
1+
b1101010 A
b1101001 M
b1101001 4
b1101010 6
b1101001 2
0L
1K
1d
b1101001 (
#196720
0!
0+
#196740
1!
1+
b1101011 A
b1101010 M
b1101010 4
b1101011 6
b1101010 2
1L
0d
1c
b1101010 (
#196760
0!
0+
#196780
1!
1+
b1101100 A
b1101011 M
b1101011 4
b1101100 6
b1101011 2
0L
0K
1J
1d
b1101011 (
#196800
0!
0+
#196820
1!
1+
b1101101 A
b1101100 M
b1101100 4
b1101101 6
b1101100 2
1L
0d
0c
1b
b1101100 (
#196840
0!
0+
#196860
1!
1+
b1101110 A
b1101101 M
b1101101 4
b1101110 6
b1101101 2
0L
1K
1d
b1101101 (
#196880
0!
0+
#196900
1!
1+
b1101111 A
b1101110 M
b1101110 4
b1101111 6
b1101110 2
1L
0d
1c
b1101110 (
#196920
0!
0+
#196940
1!
1+
b1110000 A
b1101111 M
b1101111 4
b1110000 6
b1101111 2
0L
0K
0J
0I
1H
1d
b1101111 (
#196960
0!
0+
#196980
1!
1+
b1110001 A
b1110000 M
b1110000 4
b1110001 6
b1110000 2
1L
0d
0c
0b
0a
1`
b1110000 (
#197000
0!
0+
#197020
1!
1+
b1110010 A
b1110001 M
b1110001 4
b1110010 6
b1110001 2
0L
1K
1d
b1110001 (
#197040
0!
0+
#197060
1!
1+
b1110011 A
b1110010 M
b1110010 4
b1110011 6
b1110010 2
1L
0d
1c
b1110010 (
#197080
0!
0+
#197100
1!
1+
b1110100 A
b1110011 M
b1110011 4
b1110100 6
b1110011 2
0L
0K
1J
1d
b1110011 (
#197120
0!
0+
#197140
1!
1+
b1110101 A
b1110100 M
b1110100 4
b1110101 6
b1110100 2
1L
0d
0c
1b
b1110100 (
#197160
0!
0+
#197180
1!
1+
b1110110 A
b1110101 M
b1110101 4
b1110110 6
b1110101 2
0L
1K
1d
b1110101 (
#197200
0!
0+
#197220
1!
1+
b1110111 A
b1110110 M
b1110110 4
b1110111 6
b1110110 2
1L
0d
1c
b1110110 (
#197240
0!
0+
#197260
1!
1+
b1111000 A
b1110111 M
b1110111 4
b1111000 6
b1110111 2
0L
0K
0J
1I
1d
b1110111 (
#197280
0!
0+
#197300
1!
1+
b1111001 A
b1111000 M
b1111000 4
b1111001 6
b1111000 2
1L
0d
0c
0b
1a
b1111000 (
#197320
0!
0+
#197340
1!
1+
b1111010 A
b1111001 M
b1111001 4
b1111010 6
b1111001 2
0L
1K
1d
b1111001 (
#197360
0!
0+
#197380
1!
1+
b1111011 A
b1111010 M
b1111010 4
b1111011 6
b1111010 2
1L
0d
1c
b1111010 (
#197400
0!
0+
#197420
1!
1+
b1111100 A
b1111011 M
b1111011 4
b1111100 6
b1111011 2
0L
0K
1J
1d
b1111011 (
#197440
0!
0+
#197460
1!
1+
b1111101 A
b1111100 M
b1111100 4
b1111101 6
b1111100 2
1L
0d
0c
1b
b1111100 (
#197480
0!
0+
#197500
1!
1+
b1111110 A
b1111101 M
b1111101 4
b1111110 6
b1111101 2
0L
1K
1d
b1111101 (
#197520
0!
0+
#197540
1!
1+
b1111111 A
b1111110 M
b1111110 4
b1111111 6
b1111110 2
1L
0d
1c
b1111110 (
#197560
0!
0+
#197580
1!
1+
b10000000 A
b1111111 M
b1111111 4
b10000000 6
b1111111 2
0L
0K
0J
0I
0H
0G
0F
1E
1d
b1111111 (
#197600
0!
0+
#197620
1!
1+
b10000001 A
b10000000 M
b10000000 4
b10000001 6
b10000000 2
1L
0d
0c
0b
0a
0`
0_
0^
1]
b10000000 (
#197640
0!
0+
#197660
1!
1+
b10000010 A
b10000001 M
b10000001 4
b10000010 6
b10000001 2
0L
1K
1d
b10000001 (
#197680
0!
0+
#197700
1!
1+
b10000011 A
b10000010 M
b10000010 4
b10000011 6
b10000010 2
1L
0d
1c
b10000010 (
#197720
0!
0+
#197740
1!
1+
b10000100 A
b10000011 M
b10000011 4
b10000100 6
b10000011 2
0L
0K
1J
1d
b10000011 (
#197760
0!
0+
#197780
1!
1+
b10000101 A
b10000100 M
b10000100 4
b10000101 6
b10000100 2
1L
0d
0c
1b
b10000100 (
#197800
0!
0+
#197820
1!
1+
b10000110 A
b10000101 M
b10000101 4
b10000110 6
b10000101 2
0L
1K
1d
b10000101 (
#197840
0!
0+
#197860
1!
1+
b10000111 A
b10000110 M
b10000110 4
b10000111 6
b10000110 2
1L
0d
1c
b10000110 (
#197880
0!
0+
#197900
1!
1+
b10001000 A
b10000111 M
b10000111 4
b10001000 6
b10000111 2
0L
0K
0J
1I
1d
b10000111 (
#197920
0!
0+
#197940
1!
1+
b10001001 A
b10001000 M
b10001000 4
b10001001 6
b10001000 2
1L
0d
0c
0b
1a
b10001000 (
#197960
0!
0+
#197980
1!
1+
b10001010 A
b10001001 M
b10001001 4
b10001010 6
b10001001 2
0L
1K
1d
b10001001 (
#198000
0!
0+
#198020
1!
1+
b10001011 A
b10001010 M
b10001010 4
b10001011 6
b10001010 2
1L
0d
1c
b10001010 (
#198040
0!
0+
#198060
1!
1+
b10001100 A
b10001011 M
b10001011 4
b10001100 6
b10001011 2
0L
0K
1J
1d
b10001011 (
#198080
0!
0+
#198100
1!
1+
b10001101 A
b10001100 M
b10001100 4
b10001101 6
b10001100 2
1L
0d
0c
1b
b10001100 (
#198120
0!
0+
#198140
1!
1+
b10001110 A
b10001101 M
b10001101 4
b10001110 6
b10001101 2
0L
1K
1d
b10001101 (
#198160
0!
0+
#198180
1!
1+
b10001111 A
b10001110 M
b10001110 4
b10001111 6
b10001110 2
1L
0d
1c
b10001110 (
#198200
0!
0+
#198220
1!
1+
b10010000 A
b10001111 M
b10001111 4
b10010000 6
b10001111 2
0L
0K
0J
0I
1H
1d
b10001111 (
#198240
0!
0+
#198260
1!
1+
b10010001 A
b10010000 M
b10010000 4
b10010001 6
b10010000 2
1L
0d
0c
0b
0a
1`
b10010000 (
#198280
0!
0+
#198300
1!
1+
b10010010 A
b10010001 M
b10010001 4
b10010010 6
b10010001 2
0L
1K
1d
b10010001 (
#198320
0!
0+
#198340
1!
1+
b10010011 A
b10010010 M
b10010010 4
b10010011 6
b10010010 2
1L
0d
1c
b10010010 (
#198360
0!
0+
#198380
1!
1+
b10010100 A
b10010011 M
b10010011 4
b10010100 6
b10010011 2
0L
0K
1J
1d
b10010011 (
#198400
0!
0+
#198420
1!
1+
b10010101 A
b10010100 M
b10010100 4
b10010101 6
b10010100 2
1L
0d
0c
1b
b10010100 (
#198440
0!
0+
#198460
1!
1+
b10010110 A
b10010101 M
b10010101 4
b10010110 6
b10010101 2
0L
1K
1d
b10010101 (
#198480
0!
0+
#198500
1!
1+
b10010111 A
b10010110 M
b10010110 4
b10010111 6
b10010110 2
1L
0d
1c
b10010110 (
#198520
0!
0+
#198540
1!
1+
b10011000 A
b10010111 M
b10010111 4
b10011000 6
b10010111 2
0L
0K
0J
1I
1d
b10010111 (
#198560
0!
0+
#198580
1!
1+
b10011001 A
b10011000 M
b10011000 4
b10011001 6
b10011000 2
1L
0d
0c
0b
1a
b10011000 (
#198600
0!
0+
#198620
1!
1+
b10011010 A
b10011001 M
b10011001 4
b10011010 6
b10011001 2
0L
1K
1d
b10011001 (
#198640
0!
0+
#198660
1!
1+
b10011011 A
b10011010 M
b10011010 4
b10011011 6
b10011010 2
1L
0d
1c
b10011010 (
#198680
0!
0+
#198700
1!
1+
b10011100 A
b10011011 M
b10011011 4
b10011100 6
b10011011 2
0L
0K
1J
1d
b10011011 (
#198720
0!
0+
#198740
1!
1+
b10011101 A
b10011100 M
b10011100 4
b10011101 6
b10011100 2
1L
0d
0c
1b
b10011100 (
#198760
0!
0+
#198780
1!
1+
b10011110 A
b10011101 M
b10011101 4
b10011110 6
b10011101 2
0L
1K
1d
b10011101 (
#198800
0!
0+
#198820
1!
1+
b10011111 A
b10011110 M
b10011110 4
b10011111 6
b10011110 2
1L
0d
1c
b10011110 (
#198840
0!
0+
#198860
1!
1+
b10100000 A
b10011111 M
b10011111 4
b10100000 6
b10011111 2
0L
0K
0J
0I
0H
1G
1d
b10011111 (
#198880
0!
0+
#198900
1!
1+
b10100001 A
b10100000 M
b10100000 4
b10100001 6
b10100000 2
1L
0d
0c
0b
0a
0`
1_
b10100000 (
#198920
0!
0+
#198940
1!
1+
b10100010 A
b10100001 M
b10100001 4
b10100010 6
b10100001 2
0L
1K
1d
b10100001 (
#198960
0!
0+
#198980
1!
1+
b10100011 A
b10100010 M
b10100010 4
b10100011 6
b10100010 2
1L
0d
1c
b10100010 (
#199000
0!
0+
#199020
1!
1+
b10100100 A
b10100011 M
b10100011 4
b10100100 6
b10100011 2
0L
0K
1J
1d
b10100011 (
#199040
0!
0+
#199060
1!
1+
b10100101 A
b10100100 M
b10100100 4
b10100101 6
b10100100 2
1L
0d
0c
1b
b10100100 (
#199080
0!
0+
#199100
1!
1+
b10100110 A
b10100101 M
b10100101 4
b10100110 6
b10100101 2
0L
1K
1d
b10100101 (
#199120
0!
0+
#199140
1!
1+
b10100111 A
b10100110 M
b10100110 4
b10100111 6
b10100110 2
1L
0d
1c
b10100110 (
#199160
0!
0+
#199180
1!
1+
b10101000 A
b10100111 M
b10100111 4
b10101000 6
b10100111 2
0L
0K
0J
1I
1d
b10100111 (
#199200
0!
0+
#199220
1!
1+
b10101001 A
b10101000 M
b10101000 4
b10101001 6
b10101000 2
1L
0d
0c
0b
1a
b10101000 (
#199240
0!
0+
#199260
1!
1+
b10101010 A
b10101001 M
b10101001 4
b10101010 6
b10101001 2
0L
1K
1d
b10101001 (
#199280
0!
0+
#199300
1!
1+
b10101011 A
b10101010 M
b10101010 4
b10101011 6
b10101010 2
1L
0d
1c
b10101010 (
#199320
0!
0+
#199340
1!
1+
b10101100 A
b10101011 M
b10101011 4
b10101100 6
b10101011 2
0L
0K
1J
1d
b10101011 (
#199360
0!
0+
#199380
1!
1+
b10101101 A
b10101100 M
b10101100 4
b10101101 6
b10101100 2
1L
0d
0c
1b
b10101100 (
#199400
0!
0+
#199420
1!
1+
b10101110 A
b10101101 M
b10101101 4
b10101110 6
b10101101 2
0L
1K
1d
b10101101 (
#199440
0!
0+
#199460
1!
1+
b10101111 A
b10101110 M
b10101110 4
b10101111 6
b10101110 2
1L
0d
1c
b10101110 (
#199480
0!
0+
#199500
1!
1+
b10110000 A
b10101111 M
b10101111 4
b10110000 6
b10101111 2
0L
0K
0J
0I
1H
1d
b10101111 (
#199520
0!
0+
#199540
1!
1+
b10110001 A
b10110000 M
b10110000 4
b10110001 6
b10110000 2
1L
0d
0c
0b
0a
1`
b10110000 (
#199560
0!
0+
#199580
1!
1+
b10110010 A
b10110001 M
b10110001 4
b10110010 6
b10110001 2
0L
1K
1d
b10110001 (
#199600
0!
0+
#199620
1!
1+
b10110011 A
b10110010 M
b10110010 4
b10110011 6
b10110010 2
1L
0d
1c
b10110010 (
#199640
0!
0+
#199660
1!
1+
b10110100 A
b10110011 M
b10110011 4
b10110100 6
b10110011 2
0L
0K
1J
1d
b10110011 (
#199680
0!
0+
#199700
1!
1+
b10110101 A
b10110100 M
b10110100 4
b10110101 6
b10110100 2
1L
0d
0c
1b
b10110100 (
#199720
0!
0+
#199740
1!
1+
b10110110 A
b10110101 M
b10110101 4
b10110110 6
b10110101 2
0L
1K
1d
b10110101 (
#199760
0!
0+
#199780
1!
1+
b10110111 A
b10110110 M
b10110110 4
b10110111 6
b10110110 2
1L
0d
1c
b10110110 (
#199800
0!
0+
#199820
1!
1+
b10111000 A
b10110111 M
b10110111 4
b10111000 6
b10110111 2
0L
0K
0J
1I
1d
b10110111 (
#199840
0!
0+
#199860
1!
1+
b10111001 A
b10111000 M
b10111000 4
b10111001 6
b10111000 2
1L
0d
0c
0b
1a
b10111000 (
#199880
0!
0+
#199900
1!
1+
b10111010 A
b10111001 M
b10111001 4
b10111010 6
b10111001 2
0L
1K
1d
b10111001 (
#199920
0!
0+
#199940
1!
1+
b10111011 A
b10111010 M
b10111010 4
b10111011 6
b10111010 2
1L
0d
1c
b10111010 (
#199960
0!
0+
#199980
1!
1+
b10111100 A
b10111011 M
b10111011 4
b10111100 6
b10111011 2
0L
0K
1J
1d
b10111011 (
#200000
0!
0+
